age_group,gender,finish_net_minutes
18-39,M,125.9
18-39,M,126.06666666666666
18-39,M,126.1
18-39,M,128.01666666666668
18-39,M,128.58333333333334
18-39,M,129.38333333333333
18-39,M,129.73333333333332
18-39,M,129.76666666666668
18-39,M,130.06666666666666
18-39,M,130.28333333333333
18-39,M,130.41666666666666
18-39,M,130.55
18-39,M,130.86666666666667
18-39,M,131.43333333333334
18-39,M,131.83333333333334
18-39,M,132.36666666666667
18-39,M,133.45
18-39,M,133.95
18-39,M,134.13333333333333
18-39,M,134.21666666666667
18-39,M,134.45
18-39,M,134.61666666666667
18-39,M,136.1
18-39,M,136.41666666666666
18-39,M,137.08333333333334
18-39,M,137.91666666666666
18-39,M,138.06666666666666
18-39,M,138.38333333333333
18-39,M,140.13333333333333
18-39,M,140.33333333333334
18-39,M,140.5
18-39,M,141.1
18-39,M,141.41666666666666
18-39,M,141.46666666666667
18-39,M,141.6
18-39,M,141.66666666666666
18-39,M,141.71666666666667
18-39,M,141.78333333333333
18-39,M,142.13333333333333
18-39,M,142.18333333333334
18-39,M,142.18333333333334
18-39,M,142.66666666666666
18-39,M,142.7
18-39,M,142.83333333333334
18-39,M,142.91666666666666
18-39,M,143.2
18-39,M,143.2
18-39,M,143.26666666666668
18-39,M,143.36666666666667
18-39,M,143.45
18-39,M,143.53333333333333
18-39,M,144.08333333333334
18-39,M,144.18333333333334
18-39,M,144.23333333333332
18-39,M,144.33333333333334
18-39,M,144.76666666666668
18-39,M,144.83333333333334
18-39,M,145.18333333333334
18-39,M,145.2
18-39,M,145.53333333333333
18-39,M,145.66666666666666
18-39,M,145.78333333333333
18-39,M,145.93333333333334
18-39,M,146.01666666666668
18-39,M,146.03333333333333
18-39,M,146.21666666666667
18-39,M,146.3
18-39,M,146.41666666666666
18-39,M,146.65
18-39,M,146.68333333333334
18-39,M,146.75
18-39,M,146.76666666666668
18-39,M,146.8
18-39,M,146.91666666666666
18-39,M,146.96666666666667
18-39,M,147.05
18-39,M,147.41666666666666
18-39,M,147.51666666666668
18-39,M,147.68333333333334
18-39,M,147.75
18-39,M,147.76666666666668
18-39,M,147.98333333333332
18-39,M,148.06666666666666
18-39,M,148.1
18-39,M,148.18333333333334
18-39,M,148.2
18-39,M,148.3
18-39,M,148.38333333333333
18-39,M,148.41666666666666
18-39,M,148.48333333333332
18-39,M,148.48333333333332
18-39,M,148.63333333333333
18-39,M,148.65
18-39,M,148.75
18-39,M,149.16666666666666
18-39,M,149.18333333333334
18-39,M,149.18333333333334
18-39,M,149.38333333333333
18-39,M,149.4
18-39,M,149.45
18-39,M,149.46666666666667
18-39,M,149.51666666666668
18-39,M,149.55
18-39,M,149.55
18-39,M,149.55
18-39,M,149.66666666666666
18-39,M,149.7
18-39,M,149.8
18-39,M,149.8
18-39,M,149.85
18-39,M,149.86666666666667
18-39,M,150.0
18-39,M,150.11666666666667
18-39,M,150.11666666666667
18-39,M,150.18333333333334
18-39,M,150.28333333333333
18-39,M,150.33333333333334
18-39,M,150.36666666666667
18-39,M,150.38333333333333
18-39,M,150.4
18-39,M,150.41666666666666
18-39,M,150.43333333333334
18-39,M,150.45
18-39,M,150.45
18-39,M,150.48333333333332
18-39,M,150.55
18-39,M,150.66666666666666
18-39,M,150.7
18-39,M,150.7
18-39,M,150.71666666666667
18-39,M,150.75
18-39,M,150.91666666666666
18-39,M,150.95
18-39,M,150.98333333333332
18-39,M,150.98333333333332
18-39,M,151.05
18-39,M,151.08333333333334
18-39,M,151.08333333333334
18-39,M,151.18333333333334
18-39,M,151.28333333333333
18-39,M,151.3
18-39,M,151.38333333333333
18-39,M,151.4
18-39,M,151.48333333333332
18-39,M,151.56666666666666
18-39,M,151.58333333333334
18-39,M,151.6
18-39,M,151.61666666666667
18-39,M,151.66666666666666
18-39,M,151.68333333333334
18-39,M,151.7
18-39,M,151.75
18-39,M,151.75
18-39,M,151.75
18-39,M,151.83333333333334
18-39,M,151.85
18-39,M,151.9
18-39,M,151.93333333333334
18-39,M,151.93333333333334
18-39,M,151.96666666666667
18-39,M,151.96666666666667
18-39,M,151.98333333333332
18-39,M,152.0
18-39,M,152.01666666666668
18-39,M,152.01666666666668
18-39,M,152.05
18-39,M,152.1
18-39,M,152.11666666666667
18-39,M,152.15
18-39,M,152.18333333333334
18-39,M,152.18333333333334
18-39,M,152.23333333333332
18-39,M,152.23333333333332
18-39,M,152.26666666666668
18-39,M,152.38333333333333
18-39,M,152.4
18-39,M,152.45
18-39,M,152.46666666666667
18-39,M,152.46666666666667
18-39,M,152.46666666666667
18-39,M,152.5
18-39,M,152.53333333333333
18-39,M,152.55
18-39,M,152.68333333333334
18-39,M,152.9
18-39,M,152.9
18-39,M,152.95
18-39,M,152.95
18-39,M,152.98333333333332
18-39,M,153.0
18-39,M,153.01666666666668
18-39,M,153.01666666666668
18-39,M,153.05
18-39,M,153.06666666666666
18-39,M,153.18333333333334
18-39,M,153.2
18-39,M,153.2
18-39,M,153.23333333333332
18-39,M,153.3
18-39,M,153.38333333333333
18-39,M,153.4
18-39,M,153.41666666666666
18-39,M,153.43333333333334
18-39,M,153.45
18-39,M,153.48333333333332
18-39,M,153.51666666666668
18-39,M,153.6
18-39,M,153.61666666666667
18-39,M,153.61666666666667
18-39,M,153.63333333333333
18-39,M,153.65
18-39,M,153.65
18-39,M,153.66666666666666
18-39,M,153.7
18-39,M,153.71666666666667
18-39,M,153.73333333333332
18-39,M,153.76666666666668
18-39,M,153.78333333333333
18-39,M,153.93333333333334
18-39,M,153.95
18-39,M,153.96666666666667
18-39,M,154.0
18-39,M,154.08333333333334
18-39,M,154.1
18-39,M,154.15
18-39,M,154.15
18-39,M,154.16666666666666
18-39,M,154.2
18-39,M,154.2
18-39,M,154.21666666666667
18-39,M,154.25
18-39,M,154.3
18-39,M,154.31666666666666
18-39,M,154.33333333333334
18-39,M,154.35
18-39,M,154.35
18-39,M,154.36666666666667
18-39,M,154.38333333333333
18-39,M,154.38333333333333
18-39,M,154.4
18-39,M,154.43333333333334
18-39,M,154.45
18-39,M,154.45
18-39,M,154.48333333333332
18-39,M,154.56666666666666
18-39,M,154.61666666666667
18-39,M,154.61666666666667
18-39,M,154.7
18-39,M,154.71666666666667
18-39,M,154.75
18-39,M,154.76666666666668
18-39,M,154.81666666666666
18-39,M,154.98333333333332
18-39,M,154.98333333333332
18-39,M,155.0
18-39,M,155.01666666666668
18-39,M,155.03333333333333
18-39,M,155.05
18-39,M,155.06666666666666
18-39,M,155.13333333333333
18-39,M,155.13333333333333
18-39,M,155.15
18-39,M,155.16666666666666
18-39,M,155.16666666666666
18-39,M,155.18333333333334
18-39,M,155.21666666666667
18-39,M,155.25
18-39,M,155.26666666666668
18-39,M,155.26666666666668
18-39,M,155.26666666666668
18-39,M,155.31666666666666
18-39,M,155.33333333333334
18-39,M,155.33333333333334
18-39,M,155.33333333333334
18-39,M,155.38333333333333
18-39,M,155.41666666666666
18-39,M,155.41666666666666
18-39,M,155.41666666666666
18-39,M,155.41666666666666
18-39,M,155.45
18-39,M,155.45
18-39,M,155.46666666666667
18-39,M,155.46666666666667
18-39,M,155.48333333333332
18-39,M,155.48333333333332
18-39,M,155.48333333333332
18-39,M,155.5
18-39,M,155.5
18-39,M,155.51666666666668
18-39,M,155.51666666666668
18-39,M,155.53333333333333
18-39,M,155.55
18-39,M,155.55
18-39,M,155.56666666666666
18-39,M,155.56666666666666
18-39,M,155.56666666666666
18-39,M,155.63333333333333
18-39,M,155.63333333333333
18-39,M,155.65
18-39,M,155.66666666666666
18-39,M,155.71666666666667
18-39,M,155.8
18-39,M,155.81666666666666
18-39,M,155.81666666666666
18-39,M,155.83333333333334
18-39,M,155.83333333333334
18-39,M,155.85
18-39,M,155.85
18-39,M,155.86666666666667
18-39,M,155.9
18-39,M,155.91666666666666
18-39,M,155.95
18-39,M,155.98333333333332
18-39,M,156.03333333333333
18-39,M,156.05
18-39,M,156.06666666666666
18-39,M,156.08333333333334
18-39,M,156.1
18-39,M,156.15
18-39,M,156.2
18-39,M,156.2
18-39,M,156.23333333333332
18-39,M,156.31666666666666
18-39,M,156.35
18-39,M,156.36666666666667
18-39,M,156.36666666666667
18-39,M,156.41666666666666
18-39,M,156.43333333333334
18-39,M,156.45
18-39,M,156.45
18-39,M,156.46666666666667
18-39,M,156.55
18-39,M,156.55
18-39,M,156.55
18-39,M,156.55
18-39,M,156.6
18-39,M,156.61666666666667
18-39,M,156.61666666666667
18-39,M,156.63333333333333
18-39,M,156.68333333333334
18-39,M,156.71666666666667
18-39,M,156.75
18-39,M,156.78333333333333
18-39,M,156.8
18-39,M,156.81666666666666
18-39,M,156.83333333333334
18-39,M,156.83333333333334
18-39,M,156.85
18-39,M,156.86666666666667
18-39,M,156.93333333333334
18-39,M,156.96666666666667
18-39,M,156.96666666666667
18-39,M,156.98333333333332
18-39,M,157.0
18-39,M,157.01666666666668
18-39,M,157.01666666666668
18-39,M,157.08333333333334
18-39,M,157.13333333333333
18-39,M,157.13333333333333
18-39,M,157.21666666666667
18-39,M,157.25
18-39,M,157.25
18-39,M,157.28333333333333
18-39,M,157.28333333333333
18-39,M,157.28333333333333
18-39,M,157.3
18-39,M,157.31666666666666
18-39,M,157.35
18-39,M,157.35
18-39,M,157.4
18-39,M,157.41666666666666
18-39,M,157.41666666666666
18-39,M,157.43333333333334
18-39,M,157.5
18-39,M,157.5
18-39,M,157.51666666666668
18-39,M,157.51666666666668
18-39,M,157.55
18-39,M,157.58333333333334
18-39,M,157.6
18-39,M,157.61666666666667
18-39,M,157.65
18-39,M,157.7
18-39,M,157.73333333333332
18-39,M,157.73333333333332
18-39,M,157.75
18-39,M,157.78333333333333
18-39,M,157.78333333333333
18-39,M,157.78333333333333
18-39,M,157.83333333333334
18-39,M,157.85
18-39,M,157.85
18-39,M,157.88333333333333
18-39,M,157.9
18-39,M,157.93333333333334
18-39,M,157.93333333333334
18-39,M,157.95
18-39,M,157.96666666666667
18-39,M,157.98333333333332
18-39,M,158.03333333333333
18-39,M,158.03333333333333
18-39,M,158.08333333333334
18-39,M,158.1
18-39,M,158.1
18-39,M,158.1
18-39,M,158.11666666666667
18-39,M,158.13333333333333
18-39,M,158.15
18-39,M,158.16666666666666
18-39,M,158.16666666666666
18-39,M,158.2
18-39,M,158.21666666666667
18-39,M,158.23333333333332
18-39,M,158.23333333333332
18-39,M,158.23333333333332
18-39,M,158.25
18-39,M,158.25
18-39,M,158.25
18-39,M,158.31666666666666
18-39,M,158.31666666666666
18-39,M,158.33333333333334
18-39,M,158.38333333333333
18-39,M,158.38333333333333
18-39,M,158.4
18-39,M,158.41666666666666
18-39,M,158.41666666666666
18-39,M,158.41666666666666
18-39,M,158.45
18-39,M,158.45
18-39,M,158.46666666666667
18-39,M,158.48333333333332
18-39,M,158.48333333333332
18-39,M,158.48333333333332
18-39,M,158.5
18-39,M,158.51666666666668
18-39,M,158.53333333333333
18-39,M,158.6
18-39,M,158.63333333333333
18-39,M,158.63333333333333
18-39,M,158.63333333333333
18-39,M,158.65
18-39,M,158.66666666666666
18-39,M,158.68333333333334
18-39,M,158.7
18-39,M,158.75
18-39,M,158.75
18-39,M,158.75
18-39,M,158.75
18-39,M,158.76666666666668
18-39,M,158.78333333333333
18-39,M,158.8
18-39,M,158.81666666666666
18-39,M,158.83333333333334
18-39,M,158.83333333333334
18-39,M,158.88333333333333
18-39,M,158.88333333333333
18-39,M,158.88333333333333
18-39,M,158.88333333333333
18-39,M,158.9
18-39,M,158.95
18-39,M,158.96666666666667
18-39,M,158.98333333333332
18-39,M,159.01666666666668
18-39,M,159.03333333333333
18-39,M,159.03333333333333
18-39,M,159.05
18-39,M,159.08333333333334
18-39,M,159.08333333333334
18-39,M,159.1
18-39,M,159.11666666666667
18-39,M,159.15
18-39,M,159.16666666666666
18-39,M,159.16666666666666
18-39,M,159.18333333333334
18-39,M,159.2
18-39,M,159.25
18-39,M,159.31666666666666
18-39,M,159.35
18-39,M,159.43333333333334
18-39,M,159.43333333333334
18-39,M,159.45
18-39,M,159.46666666666667
18-39,M,159.48333333333332
18-39,M,159.48333333333332
18-39,M,159.5
18-39,M,159.53333333333333
18-39,M,159.53333333333333
18-39,M,159.55
18-39,M,159.58333333333334
18-39,M,159.63333333333333
18-39,M,159.63333333333333
18-39,M,159.65
18-39,M,159.68333333333334
18-39,M,159.68333333333334
18-39,M,159.75
18-39,M,159.75
18-39,M,159.76666666666668
18-39,M,159.76666666666668
18-39,M,159.8
18-39,M,159.83333333333334
18-39,M,159.83333333333334
18-39,M,159.88333333333333
18-39,M,159.88333333333333
18-39,M,159.93333333333334
18-39,M,159.98333333333332
18-39,M,159.98333333333332
18-39,M,160.01666666666668
18-39,M,160.01666666666668
18-39,M,160.05
18-39,M,160.06666666666666
18-39,M,160.08333333333334
18-39,M,160.13333333333333
18-39,M,160.21666666666667
18-39,M,160.21666666666667
18-39,M,160.21666666666667
18-39,M,160.23333333333332
18-39,M,160.26666666666668
18-39,M,160.3
18-39,M,160.3
18-39,M,160.35
18-39,M,160.4
18-39,M,160.41666666666666
18-39,M,160.48333333333332
18-39,M,160.48333333333332
18-39,M,160.48333333333332
18-39,M,160.5
18-39,M,160.51666666666668
18-39,M,160.53333333333333
18-39,M,160.53333333333333
18-39,M,160.53333333333333
18-39,M,160.53333333333333
18-39,M,160.55
18-39,M,160.56666666666666
18-39,M,160.56666666666666
18-39,M,160.56666666666666
18-39,M,160.58333333333334
18-39,M,160.63333333333333
18-39,M,160.63333333333333
18-39,M,160.65
18-39,M,160.65
18-39,M,160.66666666666666
18-39,M,160.68333333333334
18-39,M,160.7
18-39,M,160.7
18-39,M,160.7
18-39,M,160.71666666666667
18-39,M,160.75
18-39,M,160.76666666666668
18-39,M,160.78333333333333
18-39,M,160.8
18-39,M,160.8
18-39,M,160.81666666666666
18-39,M,160.81666666666666
18-39,M,160.86666666666667
18-39,M,160.88333333333333
18-39,M,160.88333333333333
18-39,M,160.91666666666666
18-39,M,160.93333333333334
18-39,M,160.96666666666667
18-39,M,160.98333333333332
18-39,M,160.98333333333332
18-39,M,161.0
18-39,M,161.01666666666668
18-39,M,161.01666666666668
18-39,M,161.01666666666668
18-39,M,161.05
18-39,M,161.06666666666666
18-39,M,161.08333333333334
18-39,M,161.1
18-39,M,161.11666666666667
18-39,M,161.11666666666667
18-39,M,161.15
18-39,M,161.18333333333334
18-39,M,161.2
18-39,M,161.23333333333332
18-39,M,161.28333333333333
18-39,M,161.31666666666666
18-39,M,161.35
18-39,M,161.35
18-39,M,161.38333333333333
18-39,M,161.38333333333333
18-39,M,161.43333333333334
18-39,M,161.45
18-39,M,161.45
18-39,M,161.48333333333332
18-39,M,161.53333333333333
18-39,M,161.53333333333333
18-39,M,161.56666666666666
18-39,M,161.56666666666666
18-39,M,161.58333333333334
18-39,M,161.58333333333334
18-39,M,161.6
18-39,M,161.61666666666667
18-39,M,161.65
18-39,M,161.66666666666666
18-39,M,161.66666666666666
18-39,M,161.68333333333334
18-39,M,161.68333333333334
18-39,M,161.7
18-39,M,161.7
18-39,M,161.71666666666667
18-39,M,161.73333333333332
18-39,M,161.78333333333333
18-39,M,161.78333333333333
18-39,M,161.8
18-39,M,161.8
18-39,M,161.83333333333334
18-39,M,161.85
18-39,M,161.85
18-39,M,161.88333333333333
18-39,M,161.9
18-39,M,162.01666666666668
18-39,M,162.01666666666668
18-39,M,162.06666666666666
18-39,M,162.08333333333334
18-39,M,162.1
18-39,M,162.11666666666667
18-39,M,162.11666666666667
18-39,M,162.16666666666666
18-39,M,162.16666666666666
18-39,M,162.16666666666666
18-39,M,162.16666666666666
18-39,M,162.18333333333334
18-39,M,162.2
18-39,M,162.26666666666668
18-39,M,162.28333333333333
18-39,M,162.28333333333333
18-39,M,162.28333333333333
18-39,M,162.3
18-39,M,162.31666666666666
18-39,M,162.33333333333334
18-39,M,162.35
18-39,M,162.35
18-39,M,162.36666666666667
18-39,M,162.38333333333333
18-39,M,162.38333333333333
18-39,M,162.4
18-39,M,162.4
18-39,M,162.43333333333334
18-39,M,162.43333333333334
18-39,M,162.45
18-39,M,162.46666666666667
18-39,M,162.46666666666667
18-39,M,162.46666666666667
18-39,M,162.46666666666667
18-39,M,162.46666666666667
18-39,M,162.46666666666667
18-39,M,162.48333333333332
18-39,M,162.48333333333332
18-39,M,162.48333333333332
18-39,M,162.51666666666668
18-39,M,162.53333333333333
18-39,M,162.53333333333333
18-39,M,162.53333333333333
18-39,M,162.55
18-39,M,162.56666666666666
18-39,M,162.58333333333334
18-39,M,162.58333333333334
18-39,M,162.61666666666667
18-39,M,162.61666666666667
18-39,M,162.68333333333334
18-39,M,162.71666666666667
18-39,M,162.73333333333332
18-39,M,162.73333333333332
18-39,M,162.73333333333332
18-39,M,162.73333333333332
18-39,M,162.75
18-39,M,162.8
18-39,M,162.8
18-39,M,162.81666666666666
18-39,M,162.81666666666666
18-39,M,162.83333333333334
18-39,M,162.85
18-39,M,162.86666666666667
18-39,M,162.86666666666667
18-39,M,162.88333333333333
18-39,M,162.88333333333333
18-39,M,162.91666666666666
18-39,M,162.98333333333332
18-39,M,163.0
18-39,M,163.05
18-39,M,163.06666666666666
18-39,M,163.06666666666666
18-39,M,163.06666666666666
18-39,M,163.06666666666666
18-39,M,163.1
18-39,M,163.11666666666667
18-39,M,163.13333333333333
18-39,M,163.15
18-39,M,163.15
18-39,M,163.16666666666666
18-39,M,163.16666666666666
18-39,M,163.18333333333334
18-39,M,163.21666666666667
18-39,M,163.21666666666667
18-39,M,163.23333333333332
18-39,M,163.26666666666668
18-39,M,163.28333333333333
18-39,M,163.3
18-39,M,163.33333333333334
18-39,M,163.33333333333334
18-39,M,163.33333333333334
18-39,M,163.33333333333334
18-39,M,163.33333333333334
18-39,M,163.4
18-39,M,163.41666666666666
18-39,M,163.41666666666666
18-39,M,163.43333333333334
18-39,M,163.43333333333334
18-39,M,163.43333333333334
18-39,M,163.43333333333334
18-39,M,163.43333333333334
18-39,M,163.45
18-39,M,163.46666666666667
18-39,M,163.48333333333332
18-39,M,163.5
18-39,M,163.5
18-39,M,163.5
18-39,M,163.51666666666668
18-39,M,163.53333333333333
18-39,M,163.53333333333333
18-39,M,163.56666666666666
18-39,M,163.6
18-39,M,163.61666666666667
18-39,M,163.61666666666667
18-39,M,163.61666666666667
18-39,M,163.63333333333333
18-39,M,163.63333333333333
18-39,M,163.63333333333333
18-39,M,163.63333333333333
18-39,M,163.63333333333333
18-39,M,163.65
18-39,M,163.66666666666666
18-39,M,163.66666666666666
18-39,M,163.68333333333334
18-39,M,163.68333333333334
18-39,M,163.68333333333334
18-39,M,163.7
18-39,M,163.71666666666667
18-39,M,163.71666666666667
18-39,M,163.71666666666667
18-39,M,163.73333333333332
18-39,M,163.76666666666668
18-39,M,163.78333333333333
18-39,M,163.78333333333333
18-39,M,163.78333333333333
18-39,M,163.78333333333333
18-39,M,163.81666666666666
18-39,M,163.81666666666666
18-39,M,163.83333333333334
18-39,M,163.83333333333334
18-39,M,163.85
18-39,M,163.86666666666667
18-39,M,163.86666666666667
18-39,M,163.93333333333334
18-39,M,163.93333333333334
18-39,M,163.95
18-39,M,163.95
18-39,M,163.95
18-39,M,163.96666666666667
18-39,M,163.98333333333332
18-39,M,163.98333333333332
18-39,M,164.0
18-39,M,164.01666666666668
18-39,M,164.01666666666668
18-39,M,164.03333333333333
18-39,M,164.03333333333333
18-39,M,164.06666666666666
18-39,M,164.06666666666666
18-39,M,164.06666666666666
18-39,M,164.08333333333334
18-39,M,164.08333333333334
18-39,M,164.1
18-39,M,164.1
18-39,M,164.11666666666667
18-39,M,164.13333333333333
18-39,M,164.15
18-39,M,164.15
18-39,M,164.15
18-39,M,164.16666666666666
18-39,M,164.18333333333334
18-39,M,164.18333333333334
18-39,M,164.18333333333334
18-39,M,164.2
18-39,M,164.23333333333332
18-39,M,164.23333333333332
18-39,M,164.23333333333332
18-39,M,164.26666666666668
18-39,M,164.26666666666668
18-39,M,164.26666666666668
18-39,M,164.26666666666668
18-39,M,164.28333333333333
18-39,M,164.28333333333333
18-39,M,164.3
18-39,M,164.3
18-39,M,164.3
18-39,M,164.33333333333334
18-39,M,164.33333333333334
18-39,M,164.33333333333334
18-39,M,164.36666666666667
18-39,M,164.4
18-39,M,164.41666666666666
18-39,M,164.41666666666666
18-39,M,164.45
18-39,M,164.45
18-39,M,164.46666666666667
18-39,M,164.46666666666667
18-39,M,164.46666666666667
18-39,M,164.48333333333332
18-39,M,164.5
18-39,M,164.51666666666668
18-39,M,164.51666666666668
18-39,M,164.51666666666668
18-39,M,164.55
18-39,M,164.56666666666666
18-39,M,164.56666666666666
18-39,M,164.58333333333334
18-39,M,164.58333333333334
18-39,M,164.58333333333334
18-39,M,164.6
18-39,M,164.6
18-39,M,164.6
18-39,M,164.61666666666667
18-39,M,164.61666666666667
18-39,M,164.63333333333333
18-39,M,164.63333333333333
18-39,M,164.63333333333333
18-39,M,164.65
18-39,M,164.65
18-39,M,164.65
18-39,M,164.66666666666666
18-39,M,164.66666666666666
18-39,M,164.68333333333334
18-39,M,164.68333333333334
18-39,M,164.7
18-39,M,164.7
18-39,M,164.71666666666667
18-39,M,164.71666666666667
18-39,M,164.71666666666667
18-39,M,164.71666666666667
18-39,M,164.71666666666667
18-39,M,164.73333333333332
18-39,M,164.75
18-39,M,164.75
18-39,M,164.75
18-39,M,164.76666666666668
18-39,M,164.78333333333333
18-39,M,164.8
18-39,M,164.8
18-39,M,164.8
18-39,M,164.81666666666666
18-39,M,164.81666666666666
18-39,M,164.81666666666666
18-39,M,164.83333333333334
18-39,M,164.83333333333334
18-39,M,164.85
18-39,M,164.86666666666667
18-39,M,164.9
18-39,M,164.91666666666666
18-39,M,164.91666666666666
18-39,M,164.95
18-39,M,164.98333333333332
18-39,M,165.0
18-39,M,165.01666666666668
18-39,M,165.03333333333333
18-39,M,165.05
18-39,M,165.05
18-39,M,165.06666666666666
18-39,M,165.06666666666666
18-39,M,165.06666666666666
18-39,M,165.06666666666666
18-39,M,165.08333333333334
18-39,M,165.08333333333334
18-39,M,165.08333333333334
18-39,M,165.1
18-39,M,165.11666666666667
18-39,M,165.13333333333333
18-39,M,165.13333333333333
18-39,M,165.13333333333333
18-39,M,165.15
18-39,M,165.16666666666666
18-39,M,165.16666666666666
18-39,M,165.16666666666666
18-39,M,165.2
18-39,M,165.25
18-39,M,165.26666666666668
18-39,M,165.28333333333333
18-39,M,165.28333333333333
18-39,M,165.3
18-39,M,165.3
18-39,M,165.33333333333334
18-39,M,165.33333333333334
18-39,M,165.36666666666667
18-39,M,165.36666666666667
18-39,M,165.36666666666667
18-39,M,165.36666666666667
18-39,M,165.38333333333333
18-39,M,165.4
18-39,M,165.4
18-39,M,165.43333333333334
18-39,M,165.46666666666667
18-39,M,165.48333333333332
18-39,M,165.48333333333332
18-39,M,165.48333333333332
18-39,M,165.48333333333332
18-39,M,165.51666666666668
18-39,M,165.51666666666668
18-39,M,165.51666666666668
18-39,M,165.53333333333333
18-39,M,165.56666666666666
18-39,M,165.56666666666666
18-39,M,165.56666666666666
18-39,M,165.58333333333334
18-39,M,165.58333333333334
18-39,M,165.58333333333334
18-39,M,165.58333333333334
18-39,M,165.58333333333334
18-39,M,165.6
18-39,M,165.61666666666667
18-39,M,165.61666666666667
18-39,M,165.63333333333333
18-39,M,165.65
18-39,M,165.66666666666666
18-39,M,165.66666666666666
18-39,M,165.68333333333334
18-39,M,165.7
18-39,M,165.73333333333332
18-39,M,165.73333333333332
18-39,M,165.73333333333332
18-39,M,165.73333333333332
18-39,M,165.75
18-39,M,165.75
18-39,M,165.76666666666668
18-39,M,165.76666666666668
18-39,M,165.76666666666668
18-39,M,165.78333333333333
18-39,M,165.78333333333333
18-39,M,165.78333333333333
18-39,M,165.8
18-39,M,165.83333333333334
18-39,M,165.85
18-39,M,165.86666666666667
18-39,M,165.86666666666667
18-39,M,165.86666666666667
18-39,M,165.88333333333333
18-39,M,165.88333333333333
18-39,M,165.9
18-39,M,165.9
18-39,M,165.91666666666666
18-39,M,165.95
18-39,M,165.95
18-39,M,165.96666666666667
18-39,M,165.96666666666667
18-39,M,165.98333333333332
18-39,M,165.98333333333332
18-39,M,166.0
18-39,M,166.0
18-39,M,166.0
18-39,M,166.05
18-39,M,166.05
18-39,M,166.06666666666666
18-39,M,166.06666666666666
18-39,M,166.06666666666666
18-39,M,166.08333333333334
18-39,M,166.1
18-39,M,166.1
18-39,M,166.11666666666667
18-39,M,166.11666666666667
18-39,M,166.11666666666667
18-39,M,166.11666666666667
18-39,M,166.13333333333333
18-39,M,166.13333333333333
18-39,M,166.15
18-39,M,166.16666666666666
18-39,M,166.16666666666666
18-39,M,166.18333333333334
18-39,M,166.18333333333334
18-39,M,166.2
18-39,M,166.21666666666667
18-39,M,166.21666666666667
18-39,M,166.23333333333332
18-39,M,166.23333333333332
18-39,M,166.25
18-39,M,166.26666666666668
18-39,M,166.3
18-39,M,166.31666666666666
18-39,M,166.31666666666666
18-39,M,166.35
18-39,M,166.36666666666667
18-39,M,166.38333333333333
18-39,M,166.38333333333333
18-39,M,166.4
18-39,M,166.4
18-39,M,166.41666666666666
18-39,M,166.43333333333334
18-39,M,166.45
18-39,M,166.45
18-39,M,166.45
18-39,M,166.46666666666667
18-39,M,166.48333333333332
18-39,M,166.51666666666668
18-39,M,166.53333333333333
18-39,M,166.53333333333333
18-39,M,166.53333333333333
18-39,M,166.55
18-39,M,166.58333333333334
18-39,M,166.58333333333334
18-39,M,166.58333333333334
18-39,M,166.63333333333333
18-39,M,166.65
18-39,M,166.65
18-39,M,166.7
18-39,M,166.7
18-39,M,166.71666666666667
18-39,M,166.71666666666667
18-39,M,166.73333333333332
18-39,M,166.73333333333332
18-39,M,166.75
18-39,M,166.76666666666668
18-39,M,166.76666666666668
18-39,M,166.78333333333333
18-39,M,166.78333333333333
18-39,M,166.78333333333333
18-39,M,166.8
18-39,M,166.81666666666666
18-39,M,166.83333333333334
18-39,M,166.83333333333334
18-39,M,166.83333333333334
18-39,M,166.85
18-39,M,166.85
18-39,M,166.86666666666667
18-39,M,166.86666666666667
18-39,M,166.9
18-39,M,166.9
18-39,M,166.91666666666666
18-39,M,166.91666666666666
18-39,M,166.93333333333334
18-39,M,166.93333333333334
18-39,M,166.93333333333334
18-39,M,166.95
18-39,M,166.96666666666667
18-39,M,166.96666666666667
18-39,M,166.98333333333332
18-39,M,167.01666666666668
18-39,M,167.03333333333333
18-39,M,167.03333333333333
18-39,M,167.03333333333333
18-39,M,167.03333333333333
18-39,M,167.03333333333333
18-39,M,167.05
18-39,M,167.05
18-39,M,167.05
18-39,M,167.06666666666666
18-39,M,167.08333333333334
18-39,M,167.1
18-39,M,167.1
18-39,M,167.1
18-39,M,167.1
18-39,M,167.1
18-39,M,167.11666666666667
18-39,M,167.11666666666667
18-39,M,167.11666666666667
18-39,M,167.11666666666667
18-39,M,167.11666666666667
18-39,M,167.13333333333333
18-39,M,167.13333333333333
18-39,M,167.15
18-39,M,167.16666666666666
18-39,M,167.16666666666666
18-39,M,167.16666666666666
18-39,M,167.16666666666666
18-39,M,167.16666666666666
18-39,M,167.18333333333334
18-39,M,167.18333333333334
18-39,M,167.2
18-39,M,167.2
18-39,M,167.2
18-39,M,167.21666666666667
18-39,M,167.25
18-39,M,167.25
18-39,M,167.25
18-39,M,167.26666666666668
18-39,M,167.28333333333333
18-39,M,167.31666666666666
18-39,M,167.31666666666666
18-39,M,167.31666666666666
18-39,M,167.31666666666666
18-39,M,167.33333333333334
18-39,M,167.33333333333334
18-39,M,167.35
18-39,M,167.35
18-39,M,167.35
18-39,M,167.36666666666667
18-39,M,167.38333333333333
18-39,M,167.38333333333333
18-39,M,167.38333333333333
18-39,M,167.38333333333333
18-39,M,167.38333333333333
18-39,M,167.4
18-39,M,167.43333333333334
18-39,M,167.43333333333334
18-39,M,167.43333333333334
18-39,M,167.43333333333334
18-39,M,167.43333333333334
18-39,M,167.43333333333334
18-39,M,167.43333333333334
18-39,M,167.46666666666667
18-39,M,167.48333333333332
18-39,M,167.5
18-39,M,167.51666666666668
18-39,M,167.53333333333333
18-39,M,167.53333333333333
18-39,M,167.53333333333333
18-39,M,167.55
18-39,M,167.55
18-39,M,167.56666666666666
18-39,M,167.58333333333334
18-39,M,167.58333333333334
18-39,M,167.58333333333334
18-39,M,167.6
18-39,M,167.63333333333333
18-39,M,167.63333333333333
18-39,M,167.63333333333333
18-39,M,167.66666666666666
18-39,M,167.68333333333334
18-39,M,167.7
18-39,M,167.7
18-39,M,167.7
18-39,M,167.71666666666667
18-39,M,167.73333333333332
18-39,M,167.73333333333332
18-39,M,167.75
18-39,M,167.75
18-39,M,167.76666666666668
18-39,M,167.8
18-39,M,167.8
18-39,M,167.8
18-39,M,167.8
18-39,M,167.8
18-39,M,167.8
18-39,M,167.81666666666666
18-39,M,167.83333333333334
18-39,M,167.83333333333334
18-39,M,167.85
18-39,M,167.86666666666667
18-39,M,167.86666666666667
18-39,M,167.86666666666667
18-39,M,167.86666666666667
18-39,M,167.88333333333333
18-39,M,167.88333333333333
18-39,M,167.91666666666666
18-39,M,167.95
18-39,M,167.95
18-39,M,167.95
18-39,M,167.96666666666667
18-39,M,167.98333333333332
18-39,M,167.98333333333332
18-39,M,168.0
18-39,M,168.0
18-39,M,168.01666666666668
18-39,M,168.01666666666668
18-39,M,168.03333333333333
18-39,M,168.03333333333333
18-39,M,168.03333333333333
18-39,M,168.03333333333333
18-39,M,168.05
18-39,M,168.06666666666666
18-39,M,168.08333333333334
18-39,M,168.08333333333334
18-39,M,168.08333333333334
18-39,M,168.1
18-39,M,168.1
18-39,M,168.13333333333333
18-39,M,168.13333333333333
18-39,M,168.13333333333333
18-39,M,168.18333333333334
18-39,M,168.18333333333334
18-39,M,168.2
18-39,M,168.2
18-39,M,168.2
18-39,M,168.21666666666667
18-39,M,168.25
18-39,M,168.26666666666668
18-39,M,168.26666666666668
18-39,M,168.3
18-39,M,168.3
18-39,M,168.31666666666666
18-39,M,168.33333333333334
18-39,M,168.33333333333334
18-39,M,168.35
18-39,M,168.36666666666667
18-39,M,168.4
18-39,M,168.43333333333334
18-39,M,168.43333333333334
18-39,M,168.43333333333334
18-39,M,168.43333333333334
18-39,M,168.43333333333334
18-39,M,168.43333333333334
18-39,M,168.45
18-39,M,168.45
18-39,M,168.46666666666667
18-39,M,168.48333333333332
18-39,M,168.5
18-39,M,168.5
18-39,M,168.51666666666668
18-39,M,168.51666666666668
18-39,M,168.51666666666668
18-39,M,168.51666666666668
18-39,M,168.53333333333333
18-39,M,168.56666666666666
18-39,M,168.56666666666666
18-39,M,168.58333333333334
18-39,M,168.58333333333334
18-39,M,168.58333333333334
18-39,M,168.6
18-39,M,168.6
18-39,M,168.61666666666667
18-39,M,168.63333333333333
18-39,M,168.63333333333333
18-39,M,168.65
18-39,M,168.66666666666666
18-39,M,168.66666666666666
18-39,M,168.7
18-39,M,168.7
18-39,M,168.71666666666667
18-39,M,168.76666666666668
18-39,M,168.76666666666668
18-39,M,168.78333333333333
18-39,M,168.78333333333333
18-39,M,168.78333333333333
18-39,M,168.8
18-39,M,168.83333333333334
18-39,M,168.83333333333334
18-39,M,168.85
18-39,M,168.85
18-39,M,168.86666666666667
18-39,M,168.88333333333333
18-39,M,168.91666666666666
18-39,M,168.91666666666666
18-39,M,168.91666666666666
18-39,M,168.91666666666666
18-39,M,168.93333333333334
18-39,M,168.96666666666667
18-39,M,168.96666666666667
18-39,M,168.96666666666667
18-39,M,168.96666666666667
18-39,M,168.98333333333332
18-39,M,168.98333333333332
18-39,M,168.98333333333332
18-39,M,169.0
18-39,M,169.0
18-39,M,169.01666666666668
18-39,M,169.01666666666668
18-39,M,169.03333333333333
18-39,M,169.03333333333333
18-39,M,169.03333333333333
18-39,M,169.03333333333333
18-39,M,169.03333333333333
18-39,M,169.05
18-39,M,169.06666666666666
18-39,M,169.06666666666666
18-39,M,169.06666666666666
18-39,M,169.06666666666666
18-39,M,169.08333333333334
18-39,M,169.08333333333334
18-39,M,169.08333333333334
18-39,M,169.13333333333333
18-39,M,169.13333333333333
18-39,M,169.13333333333333
18-39,M,169.15
18-39,M,169.16666666666666
18-39,M,169.16666666666666
18-39,M,169.2
18-39,M,169.21666666666667
18-39,M,169.23333333333332
18-39,M,169.23333333333332
18-39,M,169.23333333333332
18-39,M,169.25
18-39,M,169.25
18-39,M,169.25
18-39,M,169.26666666666668
18-39,M,169.26666666666668
18-39,M,169.28333333333333
18-39,M,169.3
18-39,M,169.3
18-39,M,169.3
18-39,M,169.33333333333334
18-39,M,169.33333333333334
18-39,M,169.33333333333334
18-39,M,169.33333333333334
18-39,M,169.35
18-39,M,169.35
18-39,M,169.4
18-39,M,169.4
18-39,M,169.4
18-39,M,169.41666666666666
18-39,M,169.41666666666666
18-39,M,169.41666666666666
18-39,M,169.41666666666666
18-39,M,169.43333333333334
18-39,M,169.43333333333334
18-39,M,169.45
18-39,M,169.45
18-39,M,169.45
18-39,M,169.46666666666667
18-39,M,169.46666666666667
18-39,M,169.46666666666667
18-39,M,169.46666666666667
18-39,M,169.48333333333332
18-39,M,169.5
18-39,M,169.5
18-39,M,169.5
18-39,M,169.51666666666668
18-39,M,169.53333333333333
18-39,M,169.53333333333333
18-39,M,169.53333333333333
18-39,M,169.55
18-39,M,169.56666666666666
18-39,M,169.58333333333334
18-39,M,169.58333333333334
18-39,M,169.6
18-39,M,169.63333333333333
18-39,M,169.63333333333333
18-39,M,169.63333333333333
18-39,M,169.63333333333333
18-39,M,169.63333333333333
18-39,M,169.66666666666666
18-39,M,169.66666666666666
18-39,M,169.66666666666666
18-39,M,169.68333333333334
18-39,M,169.68333333333334
18-39,M,169.7
18-39,M,169.7
18-39,M,169.7
18-39,M,169.7
18-39,M,169.7
18-39,M,169.73333333333332
18-39,M,169.73333333333332
18-39,M,169.75
18-39,M,169.75
18-39,M,169.75
18-39,M,169.76666666666668
18-39,M,169.76666666666668
18-39,M,169.78333333333333
18-39,M,169.78333333333333
18-39,M,169.78333333333333
18-39,M,169.8
18-39,M,169.8
18-39,M,169.81666666666666
18-39,M,169.81666666666666
18-39,M,169.81666666666666
18-39,M,169.81666666666666
18-39,M,169.83333333333334
18-39,M,169.83333333333334
18-39,M,169.83333333333334
18-39,M,169.83333333333334
18-39,M,169.85
18-39,M,169.85
18-39,M,169.85
18-39,M,169.86666666666667
18-39,M,169.88333333333333
18-39,M,169.88333333333333
18-39,M,169.9
18-39,M,169.9
18-39,M,169.91666666666666
18-39,M,169.91666666666666
18-39,M,169.93333333333334
18-39,M,169.93333333333334
18-39,M,169.93333333333334
18-39,M,169.93333333333334
18-39,M,169.93333333333334
18-39,M,169.95
18-39,M,169.95
18-39,M,169.95
18-39,M,170.0
18-39,M,170.0
18-39,M,170.0
18-39,M,170.0
18-39,M,170.01666666666668
18-39,M,170.01666666666668
18-39,M,170.03333333333333
18-39,M,170.03333333333333
18-39,M,170.03333333333333
18-39,M,170.03333333333333
18-39,M,170.05
18-39,M,170.06666666666666
18-39,M,170.06666666666666
18-39,M,170.08333333333334
18-39,M,170.08333333333334
18-39,M,170.15
18-39,M,170.18333333333334
18-39,M,170.18333333333334
18-39,M,170.18333333333334
18-39,M,170.18333333333334
18-39,M,170.2
18-39,M,170.2
18-39,M,170.23333333333332
18-39,M,170.25
18-39,M,170.26666666666668
18-39,M,170.28333333333333
18-39,M,170.28333333333333
18-39,M,170.28333333333333
18-39,M,170.31666666666666
18-39,M,170.31666666666666
18-39,M,170.31666666666666
18-39,M,170.33333333333334
18-39,M,170.35
18-39,M,170.35
18-39,M,170.36666666666667
18-39,M,170.36666666666667
18-39,M,170.36666666666667
18-39,M,170.38333333333333
18-39,M,170.38333333333333
18-39,M,170.4
18-39,M,170.4
18-39,M,170.4
18-39,M,170.41666666666666
18-39,M,170.43333333333334
18-39,M,170.43333333333334
18-39,M,170.43333333333334
18-39,M,170.45
18-39,M,170.45
18-39,M,170.46666666666667
18-39,M,170.46666666666667
18-39,M,170.46666666666667
18-39,M,170.48333333333332
18-39,M,170.48333333333332
18-39,M,170.51666666666668
18-39,M,170.53333333333333
18-39,M,170.53333333333333
18-39,M,170.55
18-39,M,170.55
18-39,M,170.55
18-39,M,170.56666666666666
18-39,M,170.58333333333334
18-39,M,170.58333333333334
18-39,M,170.58333333333334
18-39,M,170.58333333333334
18-39,M,170.58333333333334
18-39,M,170.6
18-39,M,170.61666666666667
18-39,M,170.63333333333333
18-39,M,170.65
18-39,M,170.66666666666666
18-39,M,170.68333333333334
18-39,M,170.68333333333334
18-39,M,170.68333333333334
18-39,M,170.7
18-39,M,170.7
18-39,M,170.73333333333332
18-39,M,170.73333333333332
18-39,M,170.73333333333332
18-39,M,170.73333333333332
18-39,M,170.75
18-39,M,170.75
18-39,M,170.75
18-39,M,170.78333333333333
18-39,M,170.78333333333333
18-39,M,170.78333333333333
18-39,M,170.78333333333333
18-39,M,170.8
18-39,M,170.85
18-39,M,170.88333333333333
18-39,M,170.88333333333333
18-39,M,170.88333333333333
18-39,M,170.88333333333333
18-39,M,170.9
18-39,M,170.9
18-39,M,170.91666666666666
18-39,M,170.91666666666666
18-39,M,170.93333333333334
18-39,M,170.93333333333334
18-39,M,170.95
18-39,M,170.95
18-39,M,170.95
18-39,M,170.95
18-39,M,170.96666666666667
18-39,M,170.98333333333332
18-39,M,170.98333333333332
18-39,M,171.0
18-39,M,171.0
18-39,M,171.01666666666668
18-39,M,171.01666666666668
18-39,M,171.03333333333333
18-39,M,171.05
18-39,M,171.05
18-39,M,171.06666666666666
18-39,M,171.08333333333334
18-39,M,171.08333333333334
18-39,M,171.08333333333334
18-39,M,171.1
18-39,M,171.11666666666667
18-39,M,171.13333333333333
18-39,M,171.13333333333333
18-39,M,171.13333333333333
18-39,M,171.13333333333333
18-39,M,171.16666666666666
18-39,M,171.16666666666666
18-39,M,171.18333333333334
18-39,M,171.18333333333334
18-39,M,171.21666666666667
18-39,M,171.25
18-39,M,171.25
18-39,M,171.25
18-39,M,171.25
18-39,M,171.25
18-39,M,171.26666666666668
18-39,M,171.28333333333333
18-39,M,171.3
18-39,M,171.3
18-39,M,171.3
18-39,M,171.3
18-39,M,171.3
18-39,M,171.3
18-39,M,171.31666666666666
18-39,M,171.33333333333334
18-39,M,171.36666666666667
18-39,M,171.36666666666667
18-39,M,171.36666666666667
18-39,M,171.36666666666667
18-39,M,171.36666666666667
18-39,M,171.38333333333333
18-39,M,171.4
18-39,M,171.4
18-39,M,171.4
18-39,M,171.4
18-39,M,171.4
18-39,M,171.41666666666666
18-39,M,171.41666666666666
18-39,M,171.46666666666667
18-39,M,171.46666666666667
18-39,M,171.46666666666667
18-39,M,171.46666666666667
18-39,M,171.5
18-39,M,171.5
18-39,M,171.51666666666668
18-39,M,171.53333333333333
18-39,M,171.53333333333333
18-39,M,171.55
18-39,M,171.55
18-39,M,171.56666666666666
18-39,M,171.58333333333334
18-39,M,171.58333333333334
18-39,M,171.58333333333334
18-39,M,171.58333333333334
18-39,M,171.58333333333334
18-39,M,171.6
18-39,M,171.6
18-39,M,171.61666666666667
18-39,M,171.61666666666667
18-39,M,171.61666666666667
18-39,M,171.61666666666667
18-39,M,171.61666666666667
18-39,M,171.63333333333333
18-39,M,171.63333333333333
18-39,M,171.63333333333333
18-39,M,171.65
18-39,M,171.65
18-39,M,171.65
18-39,M,171.66666666666666
18-39,M,171.66666666666666
18-39,M,171.68333333333334
18-39,M,171.7
18-39,M,171.7
18-39,M,171.71666666666667
18-39,M,171.71666666666667
18-39,M,171.73333333333332
18-39,M,171.73333333333332
18-39,M,171.75
18-39,M,171.76666666666668
18-39,M,171.76666666666668
18-39,M,171.76666666666668
18-39,M,171.8
18-39,M,171.8
18-39,M,171.8
18-39,M,171.8
18-39,M,171.81666666666666
18-39,M,171.83333333333334
18-39,M,171.83333333333334
18-39,M,171.83333333333334
18-39,M,171.83333333333334
18-39,M,171.88333333333333
18-39,M,171.88333333333333
18-39,M,171.88333333333333
18-39,M,171.9
18-39,M,171.91666666666666
18-39,M,171.91666666666666
18-39,M,171.91666666666666
18-39,M,171.93333333333334
18-39,M,171.95
18-39,M,171.95
18-39,M,171.96666666666667
18-39,M,171.98333333333332
18-39,M,172.01666666666668
18-39,M,172.01666666666668
18-39,M,172.03333333333333
18-39,M,172.03333333333333
18-39,M,172.03333333333333
18-39,M,172.03333333333333
18-39,M,172.06666666666666
18-39,M,172.06666666666666
18-39,M,172.06666666666666
18-39,M,172.06666666666666
18-39,M,172.08333333333334
18-39,M,172.1
18-39,M,172.1
18-39,M,172.11666666666667
18-39,M,172.11666666666667
18-39,M,172.13333333333333
18-39,M,172.13333333333333
18-39,M,172.13333333333333
18-39,M,172.15
18-39,M,172.16666666666666
18-39,M,172.18333333333334
18-39,M,172.18333333333334
18-39,M,172.18333333333334
18-39,M,172.2
18-39,M,172.21666666666667
18-39,M,172.21666666666667
18-39,M,172.23333333333332
18-39,M,172.25
18-39,M,172.25
18-39,M,172.25
18-39,M,172.25
18-39,M,172.26666666666668
18-39,M,172.26666666666668
18-39,M,172.28333333333333
18-39,M,172.28333333333333
18-39,M,172.3
18-39,M,172.3
18-39,M,172.3
18-39,M,172.31666666666666
18-39,M,172.33333333333334
18-39,M,172.33333333333334
18-39,M,172.33333333333334
18-39,M,172.33333333333334
18-39,M,172.33333333333334
18-39,M,172.35
18-39,M,172.35
18-39,M,172.38333333333333
18-39,M,172.4
18-39,M,172.4
18-39,M,172.41666666666666
18-39,M,172.41666666666666
18-39,M,172.41666666666666
18-39,M,172.43333333333334
18-39,M,172.45
18-39,M,172.46666666666667
18-39,M,172.46666666666667
18-39,M,172.5
18-39,M,172.5
18-39,M,172.51666666666668
18-39,M,172.51666666666668
18-39,M,172.51666666666668
18-39,M,172.53333333333333
18-39,M,172.53333333333333
18-39,M,172.55
18-39,M,172.55
18-39,M,172.55
18-39,M,172.56666666666666
18-39,M,172.56666666666666
18-39,M,172.58333333333334
18-39,M,172.58333333333334
18-39,M,172.6
18-39,M,172.6
18-39,M,172.61666666666667
18-39,M,172.61666666666667
18-39,M,172.63333333333333
18-39,M,172.63333333333333
18-39,M,172.65
18-39,M,172.66666666666666
18-39,M,172.66666666666666
18-39,M,172.66666666666666
18-39,M,172.68333333333334
18-39,M,172.68333333333334
18-39,M,172.7
18-39,M,172.71666666666667
18-39,M,172.71666666666667
18-39,M,172.73333333333332
18-39,M,172.73333333333332
18-39,M,172.73333333333332
18-39,M,172.73333333333332
18-39,M,172.76666666666668
18-39,M,172.78333333333333
18-39,M,172.8
18-39,M,172.8
18-39,M,172.81666666666666
18-39,M,172.85
18-39,M,172.86666666666667
18-39,M,172.9
18-39,M,172.91666666666666
18-39,M,172.91666666666666
18-39,M,172.91666666666666
18-39,M,172.93333333333334
18-39,M,172.93333333333334
18-39,M,172.93333333333334
18-39,M,172.95
18-39,M,172.95
18-39,M,172.96666666666667
18-39,M,172.96666666666667
18-39,M,172.96666666666667
18-39,M,172.96666666666667
18-39,M,172.98333333333332
18-39,M,173.0
18-39,M,173.0
18-39,M,173.0
18-39,M,173.0
18-39,M,173.01666666666668
18-39,M,173.03333333333333
18-39,M,173.03333333333333
18-39,M,173.05
18-39,M,173.06666666666666
18-39,M,173.06666666666666
18-39,M,173.06666666666666
18-39,M,173.08333333333334
18-39,M,173.08333333333334
18-39,M,173.08333333333334
18-39,M,173.1
18-39,M,173.13333333333333
18-39,M,173.13333333333333
18-39,M,173.15
18-39,M,173.15
18-39,M,173.15
18-39,M,173.15
18-39,M,173.16666666666666
18-39,M,173.16666666666666
18-39,M,173.18333333333334
18-39,M,173.18333333333334
18-39,M,173.18333333333334
18-39,M,173.18333333333334
18-39,M,173.2
18-39,M,173.21666666666667
18-39,M,173.23333333333332
18-39,M,173.23333333333332
18-39,M,173.23333333333332
18-39,M,173.25
18-39,M,173.26666666666668
18-39,M,173.28333333333333
18-39,M,173.3
18-39,M,173.3
18-39,M,173.31666666666666
18-39,M,173.31666666666666
18-39,M,173.31666666666666
18-39,M,173.33333333333334
18-39,M,173.33333333333334
18-39,M,173.33333333333334
18-39,M,173.33333333333334
18-39,M,173.35
18-39,M,173.36666666666667
18-39,M,173.36666666666667
18-39,M,173.36666666666667
18-39,M,173.38333333333333
18-39,M,173.38333333333333
18-39,M,173.4
18-39,M,173.4
18-39,M,173.43333333333334
18-39,M,173.43333333333334
18-39,M,173.43333333333334
18-39,M,173.45
18-39,M,173.45
18-39,M,173.45
18-39,M,173.46666666666667
18-39,M,173.48333333333332
18-39,M,173.51666666666668
18-39,M,173.51666666666668
18-39,M,173.51666666666668
18-39,M,173.51666666666668
18-39,M,173.51666666666668
18-39,M,173.51666666666668
18-39,M,173.53333333333333
18-39,M,173.55
18-39,M,173.55
18-39,M,173.55
18-39,M,173.55
18-39,M,173.56666666666666
18-39,M,173.56666666666666
18-39,M,173.56666666666666
18-39,M,173.56666666666666
18-39,M,173.6
18-39,M,173.61666666666667
18-39,M,173.61666666666667
18-39,M,173.63333333333333
18-39,M,173.63333333333333
18-39,M,173.63333333333333
18-39,M,173.63333333333333
18-39,M,173.63333333333333
18-39,M,173.65
18-39,M,173.68333333333334
18-39,M,173.7
18-39,M,173.7
18-39,M,173.71666666666667
18-39,M,173.71666666666667
18-39,M,173.73333333333332
18-39,M,173.73333333333332
18-39,M,173.75
18-39,M,173.75
18-39,M,173.75
18-39,M,173.76666666666668
18-39,M,173.76666666666668
18-39,M,173.78333333333333
18-39,M,173.78333333333333
18-39,M,173.78333333333333
18-39,M,173.8
18-39,M,173.81666666666666
18-39,M,173.83333333333334
18-39,M,173.83333333333334
18-39,M,173.83333333333334
18-39,M,173.83333333333334
18-39,M,173.85
18-39,M,173.85
18-39,M,173.85
18-39,M,173.85
18-39,M,173.86666666666667
18-39,M,173.86666666666667
18-39,M,173.86666666666667
18-39,M,173.88333333333333
18-39,M,173.88333333333333
18-39,M,173.9
18-39,M,173.91666666666666
18-39,M,173.93333333333334
18-39,M,173.93333333333334
18-39,M,173.93333333333334
18-39,M,173.95
18-39,M,173.95
18-39,M,173.95
18-39,M,173.96666666666667
18-39,M,173.96666666666667
18-39,M,173.98333333333332
18-39,M,173.98333333333332
18-39,M,174.0
18-39,M,174.0
18-39,M,174.01666666666668
18-39,M,174.01666666666668
18-39,M,174.03333333333333
18-39,M,174.03333333333333
18-39,M,174.05
18-39,M,174.06666666666666
18-39,M,174.06666666666666
18-39,M,174.08333333333334
18-39,M,174.08333333333334
18-39,M,174.1
18-39,M,174.1
18-39,M,174.1
18-39,M,174.11666666666667
18-39,M,174.11666666666667
18-39,M,174.13333333333333
18-39,M,174.15
18-39,M,174.15
18-39,M,174.16666666666666
18-39,M,174.16666666666666
18-39,M,174.2
18-39,M,174.21666666666667
18-39,M,174.21666666666667
18-39,M,174.25
18-39,M,174.25
18-39,M,174.25
18-39,M,174.25
18-39,M,174.25
18-39,M,174.26666666666668
18-39,M,174.26666666666668
18-39,M,174.26666666666668
18-39,M,174.28333333333333
18-39,M,174.28333333333333
18-39,M,174.28333333333333
18-39,M,174.3
18-39,M,174.3
18-39,M,174.3
18-39,M,174.31666666666666
18-39,M,174.31666666666666
18-39,M,174.31666666666666
18-39,M,174.33333333333334
18-39,M,174.33333333333334
18-39,M,174.35
18-39,M,174.35
18-39,M,174.35
18-39,M,174.35
18-39,M,174.35
18-39,M,174.35
18-39,M,174.36666666666667
18-39,M,174.36666666666667
18-39,M,174.38333333333333
18-39,M,174.38333333333333
18-39,M,174.38333333333333
18-39,M,174.41666666666666
18-39,M,174.41666666666666
18-39,M,174.43333333333334
18-39,M,174.45
18-39,M,174.45
18-39,M,174.46666666666667
18-39,M,174.48333333333332
18-39,M,174.48333333333332
18-39,M,174.48333333333332
18-39,M,174.5
18-39,M,174.5
18-39,M,174.5
18-39,M,174.51666666666668
18-39,M,174.51666666666668
18-39,M,174.51666666666668
18-39,M,174.53333333333333
18-39,M,174.55
18-39,M,174.55
18-39,M,174.55
18-39,M,174.55
18-39,M,174.58333333333334
18-39,M,174.58333333333334
18-39,M,174.6
18-39,M,174.6
18-39,M,174.6
18-39,M,174.6
18-39,M,174.61666666666667
18-39,M,174.61666666666667
18-39,M,174.63333333333333
18-39,M,174.66666666666666
18-39,M,174.66666666666666
18-39,M,174.68333333333334
18-39,M,174.68333333333334
18-39,M,174.7
18-39,M,174.71666666666667
18-39,M,174.71666666666667
18-39,M,174.71666666666667
18-39,M,174.73333333333332
18-39,M,174.73333333333332
18-39,M,174.73333333333332
18-39,M,174.73333333333332
18-39,M,174.75
18-39,M,174.75
18-39,M,174.75
18-39,M,174.76666666666668
18-39,M,174.78333333333333
18-39,M,174.78333333333333
18-39,M,174.78333333333333
18-39,M,174.78333333333333
18-39,M,174.78333333333333
18-39,M,174.78333333333333
18-39,M,174.8
18-39,M,174.81666666666666
18-39,M,174.81666666666666
18-39,M,174.83333333333334
18-39,M,174.85
18-39,M,174.85
18-39,M,174.85
18-39,M,174.85
18-39,M,174.88333333333333
18-39,M,174.9
18-39,M,174.91666666666666
18-39,M,174.91666666666666
18-39,M,174.91666666666666
18-39,M,174.93333333333334
18-39,M,174.93333333333334
18-39,M,174.95
18-39,M,174.96666666666667
18-39,M,174.98333333333332
18-39,M,174.98333333333332
18-39,M,174.98333333333332
18-39,M,174.98333333333332
18-39,M,175.0
18-39,M,175.01666666666668
18-39,M,175.01666666666668
18-39,M,175.03333333333333
18-39,M,175.03333333333333
18-39,M,175.03333333333333
18-39,M,175.05
18-39,M,175.05
18-39,M,175.05
18-39,M,175.06666666666666
18-39,M,175.06666666666666
18-39,M,175.06666666666666
18-39,M,175.08333333333334
18-39,M,175.08333333333334
18-39,M,175.1
18-39,M,175.1
18-39,M,175.1
18-39,M,175.11666666666667
18-39,M,175.13333333333333
18-39,M,175.13333333333333
18-39,M,175.15
18-39,M,175.15
18-39,M,175.15
18-39,M,175.16666666666666
18-39,M,175.16666666666666
18-39,M,175.18333333333334
18-39,M,175.18333333333334
18-39,M,175.2
18-39,M,175.2
18-39,M,175.2
18-39,M,175.21666666666667
18-39,M,175.21666666666667
18-39,M,175.21666666666667
18-39,M,175.23333333333332
18-39,M,175.23333333333332
18-39,M,175.25
18-39,M,175.25
18-39,M,175.26666666666668
18-39,M,175.26666666666668
18-39,M,175.26666666666668
18-39,M,175.26666666666668
18-39,M,175.26666666666668
18-39,M,175.26666666666668
18-39,M,175.28333333333333
18-39,M,175.3
18-39,M,175.3
18-39,M,175.31666666666666
18-39,M,175.33333333333334
18-39,M,175.35
18-39,M,175.35
18-39,M,175.35
18-39,M,175.36666666666667
18-39,M,175.38333333333333
18-39,M,175.38333333333333
18-39,M,175.38333333333333
18-39,M,175.38333333333333
18-39,M,175.4
18-39,M,175.4
18-39,M,175.4
18-39,M,175.4
18-39,M,175.4
18-39,M,175.4
18-39,M,175.41666666666666
18-39,M,175.41666666666666
18-39,M,175.41666666666666
18-39,M,175.41666666666666
18-39,M,175.43333333333334
18-39,M,175.43333333333334
18-39,M,175.45
18-39,M,175.46666666666667
18-39,M,175.48333333333332
18-39,M,175.5
18-39,M,175.5
18-39,M,175.51666666666668
18-39,M,175.51666666666668
18-39,M,175.51666666666668
18-39,M,175.51666666666668
18-39,M,175.53333333333333
18-39,M,175.55
18-39,M,175.55
18-39,M,175.55
18-39,M,175.56666666666666
18-39,M,175.56666666666666
18-39,M,175.6
18-39,M,175.61666666666667
18-39,M,175.63333333333333
18-39,M,175.66666666666666
18-39,M,175.66666666666666
18-39,M,175.66666666666666
18-39,M,175.66666666666666
18-39,M,175.68333333333334
18-39,M,175.7
18-39,M,175.71666666666667
18-39,M,175.71666666666667
18-39,M,175.73333333333332
18-39,M,175.73333333333332
18-39,M,175.73333333333332
18-39,M,175.73333333333332
18-39,M,175.73333333333332
18-39,M,175.73333333333332
18-39,M,175.75
18-39,M,175.76666666666668
18-39,M,175.76666666666668
18-39,M,175.78333333333333
18-39,M,175.8
18-39,M,175.8
18-39,M,175.81666666666666
18-39,M,175.85
18-39,M,175.86666666666667
18-39,M,175.86666666666667
18-39,M,175.88333333333333
18-39,M,175.88333333333333
18-39,M,175.88333333333333
18-39,M,175.9
18-39,M,175.9
18-39,M,175.93333333333334
18-39,M,175.93333333333334
18-39,M,175.93333333333334
18-39,M,175.93333333333334
18-39,M,175.95
18-39,M,175.95
18-39,M,175.95
18-39,M,175.95
18-39,M,175.95
18-39,M,175.95
18-39,M,175.98333333333332
18-39,M,175.98333333333332
18-39,M,175.98333333333332
18-39,M,176.0
18-39,M,176.0
18-39,M,176.01666666666668
18-39,M,176.01666666666668
18-39,M,176.03333333333333
18-39,M,176.03333333333333
18-39,M,176.03333333333333
18-39,M,176.05
18-39,M,176.06666666666666
18-39,M,176.06666666666666
18-39,M,176.06666666666666
18-39,M,176.08333333333334
18-39,M,176.08333333333334
18-39,M,176.08333333333334
18-39,M,176.08333333333334
18-39,M,176.08333333333334
18-39,M,176.08333333333334
18-39,M,176.1
18-39,M,176.1
18-39,M,176.1
18-39,M,176.1
18-39,M,176.1
18-39,M,176.11666666666667
18-39,M,176.11666666666667
18-39,M,176.11666666666667
18-39,M,176.13333333333333
18-39,M,176.13333333333333
18-39,M,176.15
18-39,M,176.15
18-39,M,176.16666666666666
18-39,M,176.16666666666666
18-39,M,176.18333333333334
18-39,M,176.18333333333334
18-39,M,176.2
18-39,M,176.23333333333332
18-39,M,176.25
18-39,M,176.25
18-39,M,176.25
18-39,M,176.26666666666668
18-39,M,176.28333333333333
18-39,M,176.28333333333333
18-39,M,176.28333333333333
18-39,M,176.3
18-39,M,176.3
18-39,M,176.31666666666666
18-39,M,176.33333333333334
18-39,M,176.33333333333334
18-39,M,176.33333333333334
18-39,M,176.33333333333334
18-39,M,176.36666666666667
18-39,M,176.36666666666667
18-39,M,176.36666666666667
18-39,M,176.36666666666667
18-39,M,176.36666666666667
18-39,M,176.36666666666667
18-39,M,176.36666666666667
18-39,M,176.36666666666667
18-39,M,176.38333333333333
18-39,M,176.4
18-39,M,176.4
18-39,M,176.41666666666666
18-39,M,176.43333333333334
18-39,M,176.43333333333334
18-39,M,176.43333333333334
18-39,M,176.43333333333334
18-39,M,176.43333333333334
18-39,M,176.46666666666667
18-39,M,176.46666666666667
18-39,M,176.46666666666667
18-39,M,176.48333333333332
18-39,M,176.48333333333332
18-39,M,176.48333333333332
18-39,M,176.5
18-39,M,176.5
18-39,M,176.5
18-39,M,176.51666666666668
18-39,M,176.51666666666668
18-39,M,176.51666666666668
18-39,M,176.51666666666668
18-39,M,176.53333333333333
18-39,M,176.53333333333333
18-39,M,176.55
18-39,M,176.55
18-39,M,176.56666666666666
18-39,M,176.56666666666666
18-39,M,176.56666666666666
18-39,M,176.58333333333334
18-39,M,176.58333333333334
18-39,M,176.58333333333334
18-39,M,176.58333333333334
18-39,M,176.6
18-39,M,176.61666666666667
18-39,M,176.61666666666667
18-39,M,176.61666666666667
18-39,M,176.61666666666667
18-39,M,176.61666666666667
18-39,M,176.63333333333333
18-39,M,176.66666666666666
18-39,M,176.66666666666666
18-39,M,176.66666666666666
18-39,M,176.66666666666666
18-39,M,176.66666666666666
18-39,M,176.66666666666666
18-39,M,176.68333333333334
18-39,M,176.7
18-39,M,176.7
18-39,M,176.7
18-39,M,176.71666666666667
18-39,M,176.71666666666667
18-39,M,176.73333333333332
18-39,M,176.73333333333332
18-39,M,176.73333333333332
18-39,M,176.73333333333332
18-39,M,176.75
18-39,M,176.75
18-39,M,176.75
18-39,M,176.76666666666668
18-39,M,176.76666666666668
18-39,M,176.81666666666666
18-39,M,176.81666666666666
18-39,M,176.81666666666666
18-39,M,176.83333333333334
18-39,M,176.83333333333334
18-39,M,176.83333333333334
18-39,M,176.83333333333334
18-39,M,176.85
18-39,M,176.85
18-39,M,176.86666666666667
18-39,M,176.88333333333333
18-39,M,176.9
18-39,M,176.91666666666666
18-39,M,176.91666666666666
18-39,M,176.93333333333334
18-39,M,176.93333333333334
18-39,M,176.95
18-39,M,176.96666666666667
18-39,M,176.96666666666667
18-39,M,176.96666666666667
18-39,M,176.96666666666667
18-39,M,176.98333333333332
18-39,M,176.98333333333332
18-39,M,176.98333333333332
18-39,M,177.0
18-39,M,177.0
18-39,M,177.0
18-39,M,177.01666666666668
18-39,M,177.01666666666668
18-39,M,177.03333333333333
18-39,M,177.03333333333333
18-39,M,177.03333333333333
18-39,M,177.03333333333333
18-39,M,177.03333333333333
18-39,M,177.05
18-39,M,177.05
18-39,M,177.05
18-39,M,177.05
18-39,M,177.06666666666666
18-39,M,177.06666666666666
18-39,M,177.06666666666666
18-39,M,177.06666666666666
18-39,M,177.08333333333334
18-39,M,177.08333333333334
18-39,M,177.1
18-39,M,177.1
18-39,M,177.11666666666667
18-39,M,177.11666666666667
18-39,M,177.11666666666667
18-39,M,177.11666666666667
18-39,M,177.11666666666667
18-39,M,177.13333333333333
18-39,M,177.13333333333333
18-39,M,177.16666666666666
18-39,M,177.16666666666666
18-39,M,177.18333333333334
18-39,M,177.18333333333334
18-39,M,177.18333333333334
18-39,M,177.18333333333334
18-39,M,177.2
18-39,M,177.2
18-39,M,177.21666666666667
18-39,M,177.21666666666667
18-39,M,177.21666666666667
18-39,M,177.21666666666667
18-39,M,177.25
18-39,M,177.25
18-39,M,177.25
18-39,M,177.26666666666668
18-39,M,177.26666666666668
18-39,M,177.26666666666668
18-39,M,177.28333333333333
18-39,M,177.28333333333333
18-39,M,177.3
18-39,M,177.3
18-39,M,177.31666666666666
18-39,M,177.31666666666666
18-39,M,177.33333333333334
18-39,M,177.33333333333334
18-39,M,177.35
18-39,M,177.36666666666667
18-39,M,177.36666666666667
18-39,M,177.4
18-39,M,177.4
18-39,M,177.4
18-39,M,177.4
18-39,M,177.41666666666666
18-39,M,177.41666666666666
18-39,M,177.43333333333334
18-39,M,177.43333333333334
18-39,M,177.43333333333334
18-39,M,177.43333333333334
18-39,M,177.45
18-39,M,177.45
18-39,M,177.45
18-39,M,177.48333333333332
18-39,M,177.5
18-39,M,177.5
18-39,M,177.51666666666668
18-39,M,177.51666666666668
18-39,M,177.53333333333333
18-39,M,177.53333333333333
18-39,M,177.53333333333333
18-39,M,177.53333333333333
18-39,M,177.55
18-39,M,177.55
18-39,M,177.56666666666666
18-39,M,177.56666666666666
18-39,M,177.56666666666666
18-39,M,177.56666666666666
18-39,M,177.58333333333334
18-39,M,177.58333333333334
18-39,M,177.58333333333334
18-39,M,177.6
18-39,M,177.6
18-39,M,177.6
18-39,M,177.6
18-39,M,177.61666666666667
18-39,M,177.61666666666667
18-39,M,177.61666666666667
18-39,M,177.63333333333333
18-39,M,177.63333333333333
18-39,M,177.65
18-39,M,177.65
18-39,M,177.65
18-39,M,177.65
18-39,M,177.65
18-39,M,177.68333333333334
18-39,M,177.68333333333334
18-39,M,177.68333333333334
18-39,M,177.68333333333334
18-39,M,177.7
18-39,M,177.71666666666667
18-39,M,177.71666666666667
18-39,M,177.73333333333332
18-39,M,177.73333333333332
18-39,M,177.73333333333332
18-39,M,177.75
18-39,M,177.75
18-39,M,177.75
18-39,M,177.75
18-39,M,177.75
18-39,M,177.75
18-39,M,177.76666666666668
18-39,M,177.76666666666668
18-39,M,177.76666666666668
18-39,M,177.78333333333333
18-39,M,177.78333333333333
18-39,M,177.78333333333333
18-39,M,177.78333333333333
18-39,M,177.8
18-39,M,177.8
18-39,M,177.81666666666666
18-39,M,177.81666666666666
18-39,M,177.81666666666666
18-39,M,177.81666666666666
18-39,M,177.83333333333334
18-39,M,177.83333333333334
18-39,M,177.85
18-39,M,177.86666666666667
18-39,M,177.86666666666667
18-39,M,177.9
18-39,M,177.91666666666666
18-39,M,177.91666666666666
18-39,M,177.91666666666666
18-39,M,177.93333333333334
18-39,M,177.93333333333334
18-39,M,177.93333333333334
18-39,M,177.93333333333334
18-39,M,177.95
18-39,M,177.95
18-39,M,177.95
18-39,M,177.95
18-39,M,177.96666666666667
18-39,M,178.0
18-39,M,178.0
18-39,M,178.0
18-39,M,178.01666666666668
18-39,M,178.01666666666668
18-39,M,178.03333333333333
18-39,M,178.03333333333333
18-39,M,178.03333333333333
18-39,M,178.03333333333333
18-39,M,178.03333333333333
18-39,M,178.05
18-39,M,178.06666666666666
18-39,M,178.06666666666666
18-39,M,178.06666666666666
18-39,M,178.06666666666666
18-39,M,178.08333333333334
18-39,M,178.08333333333334
18-39,M,178.08333333333334
18-39,M,178.1
18-39,M,178.1
18-39,M,178.1
18-39,M,178.1
18-39,M,178.11666666666667
18-39,M,178.13333333333333
18-39,M,178.13333333333333
18-39,M,178.13333333333333
18-39,M,178.15
18-39,M,178.15
18-39,M,178.15
18-39,M,178.16666666666666
18-39,M,178.16666666666666
18-39,M,178.2
18-39,M,178.2
18-39,M,178.21666666666667
18-39,M,178.25
18-39,M,178.25
18-39,M,178.25
18-39,M,178.25
18-39,M,178.25
18-39,M,178.26666666666668
18-39,M,178.26666666666668
18-39,M,178.26666666666668
18-39,M,178.26666666666668
18-39,M,178.28333333333333
18-39,M,178.3
18-39,M,178.3
18-39,M,178.3
18-39,M,178.3
18-39,M,178.31666666666666
18-39,M,178.31666666666666
18-39,M,178.31666666666666
18-39,M,178.31666666666666
18-39,M,178.33333333333334
18-39,M,178.33333333333334
18-39,M,178.35
18-39,M,178.35
18-39,M,178.35
18-39,M,178.35
18-39,M,178.36666666666667
18-39,M,178.36666666666667
18-39,M,178.38333333333333
18-39,M,178.38333333333333
18-39,M,178.4
18-39,M,178.4
18-39,M,178.41666666666666
18-39,M,178.41666666666666
18-39,M,178.43333333333334
18-39,M,178.43333333333334
18-39,M,178.43333333333334
18-39,M,178.43333333333334
18-39,M,178.43333333333334
18-39,M,178.43333333333334
18-39,M,178.45
18-39,M,178.45
18-39,M,178.45
18-39,M,178.45
18-39,M,178.45
18-39,M,178.46666666666667
18-39,M,178.48333333333332
18-39,M,178.48333333333332
18-39,M,178.48333333333332
18-39,M,178.5
18-39,M,178.5
18-39,M,178.5
18-39,M,178.5
18-39,M,178.5
18-39,M,178.53333333333333
18-39,M,178.55
18-39,M,178.56666666666666
18-39,M,178.58333333333334
18-39,M,178.58333333333334
18-39,M,178.58333333333334
18-39,M,178.58333333333334
18-39,M,178.58333333333334
18-39,M,178.58333333333334
18-39,M,178.58333333333334
18-39,M,178.6
18-39,M,178.6
18-39,M,178.6
18-39,M,178.61666666666667
18-39,M,178.61666666666667
18-39,M,178.61666666666667
18-39,M,178.61666666666667
18-39,M,178.63333333333333
18-39,M,178.63333333333333
18-39,M,178.63333333333333
18-39,M,178.65
18-39,M,178.65
18-39,M,178.65
18-39,M,178.65
18-39,M,178.66666666666666
18-39,M,178.66666666666666
18-39,M,178.66666666666666
18-39,M,178.68333333333334
18-39,M,178.68333333333334
18-39,M,178.68333333333334
18-39,M,178.7
18-39,M,178.7
18-39,M,178.71666666666667
18-39,M,178.71666666666667
18-39,M,178.71666666666667
18-39,M,178.73333333333332
18-39,M,178.73333333333332
18-39,M,178.75
18-39,M,178.76666666666668
18-39,M,178.78333333333333
18-39,M,178.78333333333333
18-39,M,178.8
18-39,M,178.8
18-39,M,178.8
18-39,M,178.8
18-39,M,178.81666666666666
18-39,M,178.81666666666666
18-39,M,178.83333333333334
18-39,M,178.83333333333334
18-39,M,178.83333333333334
18-39,M,178.85
18-39,M,178.85
18-39,M,178.86666666666667
18-39,M,178.86666666666667
18-39,M,178.86666666666667
18-39,M,178.86666666666667
18-39,M,178.88333333333333
18-39,M,178.88333333333333
18-39,M,178.88333333333333
18-39,M,178.88333333333333
18-39,M,178.9
18-39,M,178.9
18-39,M,178.91666666666666
18-39,M,178.91666666666666
18-39,M,178.91666666666666
18-39,M,178.93333333333334
18-39,M,178.93333333333334
18-39,M,178.93333333333334
18-39,M,178.93333333333334
18-39,M,178.95
18-39,M,178.95
18-39,M,178.95
18-39,M,178.95
18-39,M,178.95
18-39,M,178.95
18-39,M,178.96666666666667
18-39,M,178.96666666666667
18-39,M,178.96666666666667
18-39,M,178.98333333333332
18-39,M,179.03333333333333
18-39,M,179.05
18-39,M,179.05
18-39,M,179.05
18-39,M,179.06666666666666
18-39,M,179.08333333333334
18-39,M,179.08333333333334
18-39,M,179.08333333333334
18-39,M,179.08333333333334
18-39,M,179.1
18-39,M,179.1
18-39,M,179.1
18-39,M,179.1
18-39,M,179.11666666666667
18-39,M,179.11666666666667
18-39,M,179.15
18-39,M,179.15
18-39,M,179.15
18-39,M,179.15
18-39,M,179.15
18-39,M,179.15
18-39,M,179.16666666666666
18-39,M,179.18333333333334
18-39,M,179.2
18-39,M,179.2
18-39,M,179.2
18-39,M,179.2
18-39,M,179.2
18-39,M,179.2
18-39,M,179.21666666666667
18-39,M,179.21666666666667
18-39,M,179.21666666666667
18-39,M,179.23333333333332
18-39,M,179.23333333333332
18-39,M,179.23333333333332
18-39,M,179.25
18-39,M,179.25
18-39,M,179.25
18-39,M,179.26666666666668
18-39,M,179.28333333333333
18-39,M,179.28333333333333
18-39,M,179.28333333333333
18-39,M,179.3
18-39,M,179.3
18-39,M,179.3
18-39,M,179.31666666666666
18-39,M,179.31666666666666
18-39,M,179.31666666666666
18-39,M,179.31666666666666
18-39,M,179.33333333333334
18-39,M,179.33333333333334
18-39,M,179.35
18-39,M,179.35
18-39,M,179.36666666666667
18-39,M,179.38333333333333
18-39,M,179.38333333333333
18-39,M,179.38333333333333
18-39,M,179.38333333333333
18-39,M,179.38333333333333
18-39,M,179.38333333333333
18-39,M,179.38333333333333
18-39,M,179.38333333333333
18-39,M,179.4
18-39,M,179.4
18-39,M,179.4
18-39,M,179.4
18-39,M,179.4
18-39,M,179.41666666666666
18-39,M,179.41666666666666
18-39,M,179.41666666666666
18-39,M,179.43333333333334
18-39,M,179.43333333333334
18-39,M,179.43333333333334
18-39,M,179.45
18-39,M,179.45
18-39,M,179.46666666666667
18-39,M,179.46666666666667
18-39,M,179.46666666666667
18-39,M,179.48333333333332
18-39,M,179.48333333333332
18-39,M,179.48333333333332
18-39,M,179.51666666666668
18-39,M,179.51666666666668
18-39,M,179.51666666666668
18-39,M,179.51666666666668
18-39,M,179.51666666666668
18-39,M,179.51666666666668
18-39,M,179.53333333333333
18-39,M,179.53333333333333
18-39,M,179.53333333333333
18-39,M,179.55
18-39,M,179.55
18-39,M,179.56666666666666
18-39,M,179.56666666666666
18-39,M,179.56666666666666
18-39,M,179.58333333333334
18-39,M,179.58333333333334
18-39,M,179.58333333333334
18-39,M,179.58333333333334
18-39,M,179.6
18-39,M,179.6
18-39,M,179.6
18-39,M,179.61666666666667
18-39,M,179.61666666666667
18-39,M,179.61666666666667
18-39,M,179.63333333333333
18-39,M,179.63333333333333
18-39,M,179.63333333333333
18-39,M,179.63333333333333
18-39,M,179.63333333333333
18-39,M,179.65
18-39,M,179.65
18-39,M,179.65
18-39,M,179.66666666666666
18-39,M,179.66666666666666
18-39,M,179.66666666666666
18-39,M,179.68333333333334
18-39,M,179.7
18-39,M,179.7
18-39,M,179.7
18-39,M,179.7
18-39,M,179.71666666666667
18-39,M,179.73333333333332
18-39,M,179.73333333333332
18-39,M,179.75
18-39,M,179.78333333333333
18-39,M,179.81666666666666
18-39,M,179.81666666666666
18-39,M,179.83333333333334
18-39,M,179.83333333333334
18-39,M,179.85
18-39,M,179.85
18-39,M,179.86666666666667
18-39,M,179.86666666666667
18-39,M,179.88333333333333
18-39,M,179.88333333333333
18-39,M,179.9
18-39,M,179.91666666666666
18-39,M,179.91666666666666
18-39,M,179.91666666666666
18-39,M,179.93333333333334
18-39,M,179.93333333333334
18-39,M,179.93333333333334
18-39,M,179.93333333333334
18-39,M,179.93333333333334
18-39,M,179.93333333333334
18-39,M,179.95
18-39,M,179.95
18-39,M,179.96666666666667
18-39,M,179.96666666666667
18-39,M,179.98333333333332
18-39,M,180.0
18-39,M,180.01666666666668
18-39,M,180.01666666666668
18-39,M,180.03333333333333
18-39,M,180.03333333333333
18-39,M,180.05
18-39,M,180.05
18-39,M,180.06666666666666
18-39,M,180.06666666666666
18-39,M,180.06666666666666
18-39,M,180.06666666666666
18-39,M,180.06666666666666
18-39,M,180.08333333333334
18-39,M,180.08333333333334
18-39,M,180.1
18-39,M,180.11666666666667
18-39,M,180.15
18-39,M,180.16666666666663
18-39,M,180.18333333333337
18-39,M,180.18333333333337
18-39,M,180.18333333333337
18-39,M,180.2
18-39,M,180.2
18-39,M,180.21666666666667
18-39,M,180.23333333333332
18-39,M,180.23333333333332
18-39,M,180.25
18-39,M,180.25
18-39,M,180.25
18-39,M,180.28333333333333
18-39,M,180.28333333333333
18-39,M,180.31666666666663
18-39,M,180.31666666666663
18-39,M,180.33333333333337
18-39,M,180.33333333333337
18-39,M,180.35
18-39,M,180.36666666666667
18-39,M,180.36666666666667
18-39,M,180.36666666666667
18-39,M,180.38333333333333
18-39,M,180.38333333333333
18-39,M,180.4
18-39,M,180.4
18-39,M,180.41666666666663
18-39,M,180.41666666666663
18-39,M,180.41666666666663
18-39,M,180.43333333333337
18-39,M,180.43333333333337
18-39,M,180.45
18-39,M,180.46666666666667
18-39,M,180.46666666666667
18-39,M,180.48333333333332
18-39,M,180.5
18-39,M,180.5
18-39,M,180.51666666666668
18-39,M,180.53333333333333
18-39,M,180.53333333333333
18-39,M,180.56666666666663
18-39,M,180.56666666666663
18-39,M,180.6
18-39,M,180.61666666666667
18-39,M,180.61666666666667
18-39,M,180.61666666666667
18-39,M,180.63333333333333
18-39,M,180.63333333333333
18-39,M,180.63333333333333
18-39,M,180.65
18-39,M,180.66666666666663
18-39,M,180.66666666666663
18-39,M,180.66666666666663
18-39,M,180.7
18-39,M,180.7
18-39,M,180.71666666666667
18-39,M,180.71666666666667
18-39,M,180.75
18-39,M,180.75
18-39,M,180.76666666666668
18-39,M,180.76666666666668
18-39,M,180.78333333333333
18-39,M,180.78333333333333
18-39,M,180.8
18-39,M,180.8
18-39,M,180.8
18-39,M,180.81666666666663
18-39,M,180.81666666666663
18-39,M,180.86666666666667
18-39,M,180.88333333333333
18-39,M,180.9
18-39,M,180.9
18-39,M,180.91666666666663
18-39,M,180.93333333333337
18-39,M,180.93333333333337
18-39,M,180.96666666666667
18-39,M,181.01666666666668
18-39,M,181.01666666666668
18-39,M,181.03333333333333
18-39,M,181.05
18-39,M,181.05
18-39,M,181.06666666666663
18-39,M,181.06666666666663
18-39,M,181.1
18-39,M,181.1
18-39,M,181.1
18-39,M,181.13333333333333
18-39,M,181.13333333333333
18-39,M,181.13333333333333
18-39,M,181.13333333333333
18-39,M,181.15
18-39,M,181.18333333333337
18-39,M,181.18333333333337
18-39,M,181.18333333333337
18-39,M,181.18333333333337
18-39,M,181.2
18-39,M,181.2
18-39,M,181.25
18-39,M,181.25
18-39,M,181.26666666666668
18-39,M,181.28333333333333
18-39,M,181.3
18-39,M,181.3
18-39,M,181.3
18-39,M,181.31666666666663
18-39,M,181.31666666666663
18-39,M,181.35
18-39,M,181.35
18-39,M,181.4
18-39,M,181.41666666666663
18-39,M,181.41666666666663
18-39,M,181.41666666666663
18-39,M,181.43333333333337
18-39,M,181.43333333333337
18-39,M,181.43333333333337
18-39,M,181.45
18-39,M,181.46666666666667
18-39,M,181.5
18-39,M,181.51666666666668
18-39,M,181.51666666666668
18-39,M,181.53333333333333
18-39,M,181.53333333333333
18-39,M,181.53333333333333
18-39,M,181.56666666666663
18-39,M,181.58333333333337
18-39,M,181.58333333333337
18-39,M,181.6
18-39,M,181.61666666666667
18-39,M,181.61666666666667
18-39,M,181.61666666666667
18-39,M,181.61666666666667
18-39,M,181.61666666666667
18-39,M,181.63333333333333
18-39,M,181.65
18-39,M,181.68333333333337
18-39,M,181.7
18-39,M,181.71666666666667
18-39,M,181.73333333333332
18-39,M,181.75
18-39,M,181.76666666666668
18-39,M,181.76666666666668
18-39,M,181.78333333333333
18-39,M,181.8
18-39,M,181.8
18-39,M,181.8
18-39,M,181.8
18-39,M,181.81666666666663
18-39,M,181.83333333333337
18-39,M,181.85
18-39,M,181.85
18-39,M,181.85
18-39,M,181.9
18-39,M,181.9
18-39,M,181.9
18-39,M,181.91666666666663
18-39,M,181.93333333333337
18-39,M,181.95
18-39,M,181.95
18-39,M,181.98333333333332
18-39,M,182.03333333333333
18-39,M,182.05
18-39,M,182.05
18-39,M,182.06666666666663
18-39,M,182.1
18-39,M,182.11666666666667
18-39,M,182.11666666666667
18-39,M,182.11666666666667
18-39,M,182.13333333333333
18-39,M,182.15
18-39,M,182.15
18-39,M,182.16666666666663
18-39,M,182.18333333333337
18-39,M,182.18333333333337
18-39,M,182.2
18-39,M,182.2
18-39,M,182.23333333333332
18-39,M,182.23333333333332
18-39,M,182.26666666666668
18-39,M,182.26666666666668
18-39,M,182.26666666666668
18-39,M,182.3
18-39,M,182.3
18-39,M,182.31666666666663
18-39,M,182.33333333333337
18-39,M,182.35
18-39,M,182.36666666666667
18-39,M,182.41666666666663
18-39,M,182.41666666666663
18-39,M,182.43333333333337
18-39,M,182.45
18-39,M,182.46666666666667
18-39,M,182.46666666666667
18-39,M,182.48333333333332
18-39,M,182.48333333333332
18-39,M,182.5
18-39,M,182.5
18-39,M,182.5
18-39,M,182.55
18-39,M,182.55
18-39,M,182.55
18-39,M,182.58333333333337
18-39,M,182.58333333333337
18-39,M,182.6
18-39,M,182.6
18-39,M,182.61666666666667
18-39,M,182.61666666666667
18-39,M,182.61666666666667
18-39,M,182.61666666666667
18-39,M,182.63333333333333
18-39,M,182.65
18-39,M,182.66666666666663
18-39,M,182.66666666666663
18-39,M,182.66666666666663
18-39,M,182.66666666666663
18-39,M,182.66666666666663
18-39,M,182.7
18-39,M,182.7
18-39,M,182.71666666666667
18-39,M,182.71666666666667
18-39,M,182.75
18-39,M,182.75
18-39,M,182.76666666666668
18-39,M,182.76666666666668
18-39,M,182.8
18-39,M,182.81666666666663
18-39,M,182.83333333333337
18-39,M,182.83333333333337
18-39,M,182.83333333333337
18-39,M,182.85
18-39,M,182.85
18-39,M,182.85
18-39,M,182.86666666666667
18-39,M,182.86666666666667
18-39,M,182.88333333333333
18-39,M,182.88333333333333
18-39,M,182.9
18-39,M,182.96666666666667
18-39,M,182.98333333333332
18-39,M,182.98333333333332
18-39,M,183.0
18-39,M,183.0
18-39,M,183.0
18-39,M,183.0
18-39,M,183.01666666666668
18-39,M,183.01666666666668
18-39,M,183.06666666666663
18-39,M,183.06666666666663
18-39,M,183.1
18-39,M,183.11666666666667
18-39,M,183.11666666666667
18-39,M,183.15
18-39,M,183.15
18-39,M,183.16666666666663
18-39,M,183.18333333333337
18-39,M,183.18333333333337
18-39,M,183.18333333333337
18-39,M,183.2
18-39,M,183.21666666666667
18-39,M,183.23333333333332
18-39,M,183.25
18-39,M,183.26666666666668
18-39,M,183.26666666666668
18-39,M,183.28333333333333
18-39,M,183.3
18-39,M,183.31666666666663
18-39,M,183.33333333333337
18-39,M,183.33333333333337
18-39,M,183.33333333333337
18-39,M,183.33333333333337
18-39,M,183.35
18-39,M,183.35
18-39,M,183.35
18-39,M,183.36666666666667
18-39,M,183.4
18-39,M,183.43333333333337
18-39,M,183.46666666666667
18-39,M,183.5
18-39,M,183.51666666666668
18-39,M,183.53333333333333
18-39,M,183.55
18-39,M,183.56666666666663
18-39,M,183.56666666666663
18-39,M,183.56666666666663
18-39,M,183.58333333333337
18-39,M,183.61666666666667
18-39,M,183.63333333333333
18-39,M,183.68333333333337
18-39,M,183.68333333333337
18-39,M,183.7
18-39,M,183.7
18-39,M,183.7
18-39,M,183.73333333333332
18-39,M,183.73333333333332
18-39,M,183.76666666666668
18-39,M,183.76666666666668
18-39,M,183.78333333333333
18-39,M,183.81666666666663
18-39,M,183.83333333333337
18-39,M,183.88333333333333
18-39,M,183.88333333333333
18-39,M,183.9
18-39,M,183.93333333333337
18-39,M,183.96666666666667
18-39,M,183.96666666666667
18-39,M,183.98333333333332
18-39,M,184.01666666666668
18-39,M,184.01666666666668
18-39,M,184.01666666666668
18-39,M,184.05
18-39,M,184.1
18-39,M,184.13333333333333
18-39,M,184.13333333333333
18-39,M,184.13333333333333
18-39,M,184.16666666666663
18-39,M,184.18333333333337
18-39,M,184.2
18-39,M,184.21666666666667
18-39,M,184.23333333333332
18-39,M,184.23333333333332
18-39,M,184.26666666666668
18-39,M,184.28333333333333
18-39,M,184.3
18-39,M,184.3
18-39,M,184.31666666666663
18-39,M,184.31666666666663
18-39,M,184.31666666666663
18-39,M,184.33333333333337
18-39,M,184.33333333333337
18-39,M,184.35
18-39,M,184.36666666666667
18-39,M,184.36666666666667
18-39,M,184.4
18-39,M,184.41666666666663
18-39,M,184.41666666666663
18-39,M,184.41666666666663
18-39,M,184.43333333333337
18-39,M,184.43333333333337
18-39,M,184.46666666666667
18-39,M,184.46666666666667
18-39,M,184.48333333333332
18-39,M,184.48333333333332
18-39,M,184.51666666666668
18-39,M,184.53333333333333
18-39,M,184.53333333333333
18-39,M,184.55
18-39,M,184.55
18-39,M,184.58333333333337
18-39,M,184.58333333333337
18-39,M,184.63333333333333
18-39,M,184.65
18-39,M,184.65
18-39,M,184.65
18-39,M,184.65
18-39,M,184.65
18-39,M,184.66666666666663
18-39,M,184.66666666666663
18-39,M,184.7
18-39,M,184.71666666666667
18-39,M,184.73333333333332
18-39,M,184.75
18-39,M,184.75
18-39,M,184.8
18-39,M,184.81666666666663
18-39,M,184.81666666666663
18-39,M,184.86666666666667
18-39,M,184.88333333333333
18-39,M,184.9
18-39,M,184.91666666666663
18-39,M,184.93333333333337
18-39,M,184.93333333333337
18-39,M,184.95
18-39,M,184.96666666666667
18-39,M,185.01666666666668
18-39,M,185.03333333333333
18-39,M,185.06666666666663
18-39,M,185.1
18-39,M,185.11666666666667
18-39,M,185.13333333333333
18-39,M,185.15
18-39,M,185.16666666666663
18-39,M,185.16666666666663
18-39,M,185.21666666666667
18-39,M,185.21666666666667
18-39,M,185.23333333333332
18-39,M,185.25
18-39,M,185.26666666666668
18-39,M,185.28333333333333
18-39,M,185.28333333333333
18-39,M,185.3
18-39,M,185.35
18-39,M,185.35
18-39,M,185.4
18-39,M,185.4
18-39,M,185.43333333333337
18-39,M,185.43333333333337
18-39,M,185.45
18-39,M,185.46666666666667
18-39,M,185.48333333333332
18-39,M,185.48333333333332
18-39,M,185.5
18-39,M,185.5
18-39,M,185.5
18-39,M,185.5
18-39,M,185.51666666666668
18-39,M,185.53333333333333
18-39,M,185.55
18-39,M,185.55
18-39,M,185.56666666666663
18-39,M,185.6
18-39,M,185.6
18-39,M,185.61666666666667
18-39,M,185.61666666666667
18-39,M,185.63333333333333
18-39,M,185.65
18-39,M,185.66666666666663
18-39,M,185.68333333333337
18-39,M,185.68333333333337
18-39,M,185.7
18-39,M,185.71666666666667
18-39,M,185.73333333333332
18-39,M,185.78333333333333
18-39,M,185.8
18-39,M,185.81666666666663
18-39,M,185.86666666666667
18-39,M,185.9
18-39,M,185.91666666666663
18-39,M,185.93333333333337
18-39,M,185.93333333333337
18-39,M,185.96666666666667
18-39,M,185.98333333333332
18-39,M,186.0
18-39,M,186.0
18-39,M,186.03333333333333
18-39,M,186.03333333333333
18-39,M,186.05
18-39,M,186.05
18-39,M,186.08333333333337
18-39,M,186.08333333333337
18-39,M,186.11666666666667
18-39,M,186.11666666666667
18-39,M,186.11666666666667
18-39,M,186.13333333333333
18-39,M,186.15
18-39,M,186.16666666666663
18-39,M,186.18333333333337
18-39,M,186.18333333333337
18-39,M,186.25
18-39,M,186.26666666666668
18-39,M,186.31666666666663
18-39,M,186.36666666666667
18-39,M,186.36666666666667
18-39,M,186.36666666666667
18-39,M,186.41666666666663
18-39,M,186.41666666666663
18-39,M,186.41666666666663
18-39,M,186.43333333333337
18-39,M,186.46666666666667
18-39,M,186.48333333333332
18-39,M,186.48333333333332
18-39,M,186.51666666666668
18-39,M,186.51666666666668
18-39,M,186.53333333333333
18-39,M,186.53333333333333
18-39,M,186.55
18-39,M,186.56666666666663
18-39,M,186.58333333333337
18-39,M,186.63333333333333
18-39,M,186.7
18-39,M,186.71666666666667
18-39,M,186.73333333333332
18-39,M,186.78333333333333
18-39,M,186.78333333333333
18-39,M,186.81666666666663
18-39,M,186.81666666666663
18-39,M,186.83333333333337
18-39,M,186.85
18-39,M,186.86666666666667
18-39,M,186.88333333333333
18-39,M,186.9
18-39,M,186.91666666666663
18-39,M,186.93333333333337
18-39,M,186.96666666666667
18-39,M,186.96666666666667
18-39,M,186.98333333333332
18-39,M,187.0
18-39,M,187.01666666666668
18-39,M,187.01666666666668
18-39,M,187.01666666666668
18-39,M,187.01666666666668
18-39,M,187.03333333333333
18-39,M,187.03333333333333
18-39,M,187.05
18-39,M,187.1
18-39,M,187.1
18-39,M,187.1
18-39,M,187.11666666666667
18-39,M,187.11666666666667
18-39,M,187.11666666666667
18-39,M,187.15
18-39,M,187.16666666666663
18-39,M,187.16666666666663
18-39,M,187.16666666666663
18-39,M,187.16666666666663
18-39,M,187.23333333333332
18-39,M,187.25
18-39,M,187.25
18-39,M,187.26666666666668
18-39,M,187.3
18-39,M,187.38333333333333
18-39,M,187.38333333333333
18-39,M,187.38333333333333
18-39,M,187.38333333333333
18-39,M,187.41666666666663
18-39,M,187.41666666666663
18-39,M,187.43333333333337
18-39,M,187.45
18-39,M,187.45
18-39,M,187.46666666666667
18-39,M,187.46666666666667
18-39,M,187.48333333333332
18-39,M,187.5
18-39,M,187.5
18-39,M,187.5
18-39,M,187.58333333333337
18-39,M,187.58333333333337
18-39,M,187.6
18-39,M,187.61666666666667
18-39,M,187.63333333333333
18-39,M,187.63333333333333
18-39,M,187.63333333333333
18-39,M,187.7
18-39,M,187.7
18-39,M,187.71666666666667
18-39,M,187.71666666666667
18-39,M,187.73333333333332
18-39,M,187.73333333333332
18-39,M,187.75
18-39,M,187.75
18-39,M,187.75
18-39,M,187.76666666666668
18-39,M,187.76666666666668
18-39,M,187.8
18-39,M,187.81666666666663
18-39,M,187.88333333333333
18-39,M,187.9
18-39,M,187.9
18-39,M,187.9
18-39,M,187.93333333333337
18-39,M,187.95
18-39,M,187.96666666666667
18-39,M,187.96666666666667
18-39,M,187.98333333333332
18-39,M,187.98333333333332
18-39,M,188.03333333333333
18-39,M,188.03333333333333
18-39,M,188.03333333333333
18-39,M,188.05
18-39,M,188.06666666666663
18-39,M,188.08333333333337
18-39,M,188.1
18-39,M,188.1
18-39,M,188.1
18-39,M,188.11666666666667
18-39,M,188.11666666666667
18-39,M,188.11666666666667
18-39,M,188.16666666666663
18-39,M,188.23333333333332
18-39,M,188.26666666666668
18-39,M,188.26666666666668
18-39,M,188.26666666666668
18-39,M,188.26666666666668
18-39,M,188.28333333333333
18-39,M,188.3
18-39,M,188.3
18-39,M,188.33333333333337
18-39,M,188.36666666666667
18-39,M,188.36666666666667
18-39,M,188.4
18-39,M,188.45
18-39,M,188.48333333333332
18-39,M,188.48333333333332
18-39,M,188.48333333333332
18-39,M,188.51666666666668
18-39,M,188.53333333333333
18-39,M,188.53333333333333
18-39,M,188.55
18-39,M,188.56666666666663
18-39,M,188.58333333333337
18-39,M,188.65
18-39,M,188.7
18-39,M,188.7
18-39,M,188.71666666666667
18-39,M,188.76666666666668
18-39,M,188.78333333333333
18-39,M,188.81666666666663
18-39,M,188.83333333333337
18-39,M,188.83333333333337
18-39,M,188.86666666666667
18-39,M,188.86666666666667
18-39,M,188.88333333333333
18-39,M,188.88333333333333
18-39,M,188.9
18-39,M,188.93333333333337
18-39,M,188.93333333333337
18-39,M,188.95
18-39,M,188.96666666666667
18-39,M,188.96666666666667
18-39,M,188.98333333333332
18-39,M,189.03333333333333
18-39,M,189.05
18-39,M,189.05
18-39,M,189.05
18-39,M,189.08333333333337
18-39,M,189.1
18-39,M,189.11666666666667
18-39,M,189.16666666666663
18-39,M,189.16666666666663
18-39,M,189.16666666666663
18-39,M,189.2
18-39,M,189.2
18-39,M,189.21666666666667
18-39,M,189.21666666666667
18-39,M,189.3
18-39,M,189.31666666666663
18-39,M,189.33333333333337
18-39,M,189.33333333333337
18-39,M,189.38333333333333
18-39,M,189.4
18-39,M,189.41666666666663
18-39,M,189.48333333333332
18-39,M,189.48333333333332
18-39,M,189.5
18-39,M,189.51666666666668
18-39,M,189.51666666666668
18-39,M,189.56666666666663
18-39,M,189.56666666666663
18-39,M,189.61666666666667
18-39,M,189.61666666666667
18-39,M,189.61666666666667
18-39,M,189.66666666666663
18-39,M,189.68333333333337
18-39,M,189.7
18-39,M,189.71666666666667
18-39,M,189.71666666666667
18-39,M,189.71666666666667
18-39,M,189.73333333333332
18-39,M,189.75
18-39,M,189.75
18-39,M,189.75
18-39,M,189.75
18-39,M,189.86666666666667
18-39,M,189.86666666666667
18-39,M,189.91666666666663
18-39,M,189.95
18-39,M,190.0
18-39,M,190.03333333333333
18-39,M,190.1
18-39,M,190.15
18-39,M,190.16666666666663
18-39,M,190.2
18-39,M,190.3
18-39,M,190.41666666666663
18-39,M,190.48333333333332
18-39,M,190.5
18-39,M,190.5
18-39,M,190.51666666666668
18-39,M,190.53333333333333
18-39,M,190.61666666666667
18-39,M,190.65
18-39,M,190.66666666666663
18-39,M,190.68333333333337
18-39,M,190.71666666666667
18-39,M,190.73333333333332
18-39,M,190.78333333333333
18-39,M,190.8
18-39,M,190.8
18-39,M,190.86666666666667
18-39,M,190.9
18-39,M,190.91666666666663
18-39,M,190.93333333333337
18-39,M,190.93333333333337
18-39,M,190.95
18-39,M,191.01666666666668
18-39,M,191.08333333333337
18-39,M,191.1
18-39,M,191.13333333333333
18-39,M,191.13333333333333
18-39,M,191.15
18-39,M,191.16666666666663
18-39,M,191.18333333333337
18-39,M,191.18333333333337
18-39,M,191.21666666666667
18-39,M,191.21666666666667
18-39,M,191.21666666666667
18-39,M,191.23333333333332
18-39,M,191.28333333333333
18-39,M,191.28333333333333
18-39,M,191.28333333333333
18-39,M,191.31666666666663
18-39,M,191.31666666666663
18-39,M,191.36666666666667
18-39,M,191.38333333333333
18-39,M,191.38333333333333
18-39,M,191.38333333333333
18-39,M,191.38333333333333
18-39,M,191.41666666666663
18-39,M,191.43333333333337
18-39,M,191.43333333333337
18-39,M,191.46666666666667
18-39,M,191.48333333333332
18-39,M,191.48333333333332
18-39,M,191.48333333333332
18-39,M,191.48333333333332
18-39,M,191.48333333333332
18-39,M,191.5
18-39,M,191.53333333333333
18-39,M,191.56666666666663
18-39,M,191.56666666666663
18-39,M,191.58333333333337
18-39,M,191.58333333333337
18-39,M,191.6
18-39,M,191.61666666666667
18-39,M,191.63333333333333
18-39,M,191.68333333333337
18-39,M,191.75
18-39,M,191.76666666666668
18-39,M,191.76666666666668
18-39,M,191.76666666666668
18-39,M,191.76666666666668
18-39,M,191.78333333333333
18-39,M,191.9
18-39,M,191.9
18-39,M,191.96666666666667
18-39,M,191.96666666666667
18-39,M,191.98333333333332
18-39,M,191.98333333333332
18-39,M,192.0
18-39,M,192.01666666666668
18-39,M,192.01666666666668
18-39,M,192.05
18-39,M,192.05
18-39,M,192.06666666666663
18-39,M,192.08333333333337
18-39,M,192.15
18-39,M,192.18333333333337
18-39,M,192.18333333333337
18-39,M,192.2
18-39,M,192.23333333333332
18-39,M,192.25
18-39,M,192.26666666666668
18-39,M,192.28333333333333
18-39,M,192.35
18-39,M,192.36666666666667
18-39,M,192.43333333333337
18-39,M,192.45
18-39,M,192.45
18-39,M,192.46666666666667
18-39,M,192.48333333333332
18-39,M,192.51666666666668
18-39,M,192.53333333333333
18-39,M,192.55
18-39,M,192.63333333333333
18-39,M,192.63333333333333
18-39,M,192.68333333333337
18-39,M,192.71666666666667
18-39,M,192.71666666666667
18-39,M,192.76666666666668
18-39,M,192.78333333333333
18-39,M,192.86666666666667
18-39,M,192.88333333333333
18-39,M,192.9
18-39,M,192.91666666666663
18-39,M,192.91666666666663
18-39,M,192.95
18-39,M,192.95
18-39,M,192.98333333333332
18-39,M,193.0
18-39,M,193.0
18-39,M,193.0
18-39,M,193.01666666666668
18-39,M,193.01666666666668
18-39,M,193.06666666666663
18-39,M,193.13333333333333
18-39,M,193.13333333333333
18-39,M,193.21666666666667
18-39,M,193.21666666666667
18-39,M,193.28333333333333
18-39,M,193.3
18-39,M,193.3
18-39,M,193.33333333333337
18-39,M,193.33333333333337
18-39,M,193.36666666666667
18-39,M,193.36666666666667
18-39,M,193.53333333333333
18-39,M,193.6
18-39,M,193.6
18-39,M,193.6
18-39,M,193.61666666666667
18-39,M,193.63333333333333
18-39,M,193.63333333333333
18-39,M,193.68333333333337
18-39,M,193.73333333333332
18-39,M,193.73333333333332
18-39,M,193.73333333333332
18-39,M,193.76666666666668
18-39,M,193.8
18-39,M,193.83333333333337
18-39,M,193.88333333333333
18-39,M,193.9
18-39,M,193.91666666666663
18-39,M,193.93333333333337
18-39,M,193.96666666666667
18-39,M,194.0
18-39,M,194.01666666666668
18-39,M,194.01666666666668
18-39,M,194.01666666666668
18-39,M,194.01666666666668
18-39,M,194.03333333333333
18-39,M,194.06666666666663
18-39,M,194.06666666666663
18-39,M,194.08333333333337
18-39,M,194.1
18-39,M,194.11666666666667
18-39,M,194.18333333333337
18-39,M,194.18333333333337
18-39,M,194.18333333333337
18-39,M,194.21666666666667
18-39,M,194.23333333333332
18-39,M,194.28333333333333
18-39,M,194.35
18-39,M,194.35
18-39,M,194.36666666666667
18-39,M,194.36666666666667
18-39,M,194.38333333333333
18-39,M,194.43333333333337
18-39,M,194.45
18-39,M,194.45
18-39,M,194.46666666666667
18-39,M,194.46666666666667
18-39,M,194.51666666666668
18-39,M,194.55
18-39,M,194.56666666666663
18-39,M,194.58333333333337
18-39,M,194.58333333333337
18-39,M,194.63333333333333
18-39,M,194.68333333333337
18-39,M,194.68333333333337
18-39,M,194.7
18-39,M,194.73333333333332
18-39,M,194.75
18-39,M,194.78333333333333
18-39,M,194.78333333333333
18-39,M,194.81666666666663
18-39,M,194.83333333333337
18-39,M,194.88333333333333
18-39,M,194.98333333333332
18-39,M,195.03333333333333
18-39,M,195.03333333333333
18-39,M,195.06666666666663
18-39,M,195.06666666666663
18-39,M,195.1
18-39,M,195.15
18-39,M,195.15
18-39,M,195.18333333333337
18-39,M,195.2
18-39,M,195.21666666666667
18-39,M,195.23333333333332
18-39,M,195.28333333333333
18-39,M,195.3
18-39,M,195.31666666666663
18-39,M,195.33333333333337
18-39,M,195.4
18-39,M,195.43333333333337
18-39,M,195.51666666666668
18-39,M,195.55
18-39,M,195.55
18-39,M,195.55
18-39,M,195.56666666666663
18-39,M,195.66666666666663
18-39,M,195.68333333333337
18-39,M,195.71666666666667
18-39,M,195.75
18-39,M,195.75
18-39,M,195.78333333333333
18-39,M,195.78333333333333
18-39,M,195.78333333333333
18-39,M,195.83333333333337
18-39,M,195.88333333333333
18-39,M,195.9
18-39,M,195.91666666666663
18-39,M,195.95
18-39,M,195.95
18-39,M,195.96666666666667
18-39,M,196.0
18-39,M,196.0
18-39,M,196.03333333333333
18-39,M,196.03333333333333
18-39,M,196.06666666666663
18-39,M,196.11666666666667
18-39,M,196.13333333333333
18-39,M,196.13333333333333
18-39,M,196.13333333333333
18-39,M,196.15
18-39,M,196.16666666666663
18-39,M,196.16666666666663
18-39,M,196.18333333333337
18-39,M,196.31666666666663
18-39,M,196.35
18-39,M,196.35
18-39,M,196.36666666666667
18-39,M,196.43333333333337
18-39,M,196.48333333333332
18-39,M,196.53333333333333
18-39,M,196.56666666666663
18-39,M,196.6
18-39,M,196.66666666666663
18-39,M,196.78333333333333
18-39,M,196.81666666666663
18-39,M,196.88333333333333
18-39,M,196.91666666666663
18-39,M,196.93333333333337
18-39,M,197.0
18-39,M,197.0
18-39,M,197.03333333333333
18-39,M,197.18333333333337
18-39,M,197.2
18-39,M,197.21666666666667
18-39,M,197.25
18-39,M,197.3
18-39,M,197.3
18-39,M,197.31666666666663
18-39,M,197.4
18-39,M,197.41666666666663
18-39,M,197.45
18-39,M,197.45
18-39,M,197.46666666666667
18-39,M,197.48333333333332
18-39,M,197.5
18-39,M,197.51666666666668
18-39,M,197.55
18-39,M,197.55
18-39,M,197.6
18-39,M,197.61666666666667
18-39,M,197.68333333333337
18-39,M,197.68333333333337
18-39,M,197.68333333333337
18-39,M,197.7
18-39,M,197.75
18-39,M,197.76666666666668
18-39,M,197.81666666666663
18-39,M,197.83333333333337
18-39,M,197.85
18-39,M,197.9
18-39,M,197.91666666666663
18-39,M,198.01666666666668
18-39,M,198.2
18-39,M,198.21666666666667
18-39,M,198.26666666666668
18-39,M,198.28333333333333
18-39,M,198.28333333333333
18-39,M,198.35
18-39,M,198.41666666666663
18-39,M,198.48333333333332
18-39,M,198.5
18-39,M,198.53333333333333
18-39,M,198.55
18-39,M,198.55
18-39,M,198.56666666666663
18-39,M,198.6
18-39,M,198.65
18-39,M,198.66666666666663
18-39,M,198.68333333333337
18-39,M,198.7
18-39,M,198.7
18-39,M,198.75
18-39,M,198.8
18-39,M,198.8
18-39,M,198.81666666666663
18-39,M,198.81666666666663
18-39,M,198.85
18-39,M,198.88333333333333
18-39,M,198.91666666666663
18-39,M,198.93333333333337
18-39,M,199.03333333333333
18-39,M,199.03333333333333
18-39,M,199.03333333333333
18-39,M,199.06666666666663
18-39,M,199.15
18-39,M,199.16666666666663
18-39,M,199.2
18-39,M,199.23333333333332
18-39,M,199.25
18-39,M,199.25
18-39,M,199.3
18-39,M,199.46666666666667
18-39,M,199.48333333333332
18-39,M,199.51666666666668
18-39,M,199.53333333333333
18-39,M,199.55
18-39,M,199.61666666666667
18-39,M,199.63333333333333
18-39,M,199.65
18-39,M,199.71666666666667
18-39,M,199.73333333333332
18-39,M,199.76666666666668
18-39,M,199.76666666666668
18-39,M,199.88333333333333
18-39,M,199.9
18-39,M,199.93333333333337
18-39,M,200.05
18-39,M,200.08333333333337
18-39,M,200.08333333333337
18-39,M,200.15
18-39,M,200.15
18-39,M,200.16666666666663
18-39,M,200.18333333333337
18-39,M,200.21666666666667
18-39,M,200.26666666666668
18-39,M,200.28333333333333
18-39,M,200.38333333333333
18-39,M,200.4
18-39,M,200.43333333333337
18-39,M,200.43333333333337
18-39,M,200.45
18-39,M,200.48333333333332
18-39,M,200.51666666666668
18-39,M,200.51666666666668
18-39,M,200.53333333333333
18-39,M,200.53333333333333
18-39,M,200.61666666666667
18-39,M,200.66666666666663
18-39,M,200.66666666666663
18-39,M,200.66666666666663
18-39,M,200.75
18-39,M,200.78333333333333
18-39,M,200.96666666666667
18-39,M,200.96666666666667
18-39,M,201.0
18-39,M,201.05
18-39,M,201.11666666666667
18-39,M,201.18333333333337
18-39,M,201.21666666666667
18-39,M,201.3
18-39,M,201.3
18-39,M,201.33333333333337
18-39,M,201.38333333333333
18-39,M,201.48333333333332
18-39,M,201.53333333333333
18-39,M,201.58333333333337
18-39,M,201.58333333333337
18-39,M,201.63333333333333
18-39,M,201.71666666666667
18-39,M,201.83333333333337
18-39,M,201.85
18-39,M,201.9
18-39,M,201.91666666666663
18-39,M,201.95
18-39,M,201.96666666666667
18-39,M,202.01666666666668
18-39,M,202.03333333333333
18-39,M,202.05
18-39,M,202.08333333333337
18-39,M,202.18333333333337
18-39,M,202.18333333333337
18-39,M,202.2
18-39,M,202.25
18-39,M,202.25
18-39,M,202.26666666666668
18-39,M,202.26666666666668
18-39,M,202.28333333333333
18-39,M,202.3
18-39,M,202.31666666666663
18-39,M,202.31666666666663
18-39,M,202.46666666666667
18-39,M,202.53333333333333
18-39,M,202.6
18-39,M,202.63333333333333
18-39,M,202.65
18-39,M,202.7
18-39,M,202.71666666666667
18-39,M,202.71666666666667
18-39,M,202.8
18-39,M,202.83333333333337
18-39,M,202.91666666666663
18-39,M,202.96666666666667
18-39,M,203.1
18-39,M,203.11666666666667
18-39,M,203.11666666666667
18-39,M,203.18333333333337
18-39,M,203.18333333333337
18-39,M,203.2
18-39,M,203.2
18-39,M,203.21666666666667
18-39,M,203.25
18-39,M,203.33333333333337
18-39,M,203.36666666666667
18-39,M,203.38333333333333
18-39,M,203.5
18-39,M,203.56666666666663
18-39,M,203.56666666666663
18-39,M,203.63333333333333
18-39,M,203.63333333333333
18-39,M,203.7
18-39,M,203.75
18-39,M,203.76666666666668
18-39,M,203.76666666666668
18-39,M,203.78333333333333
18-39,M,203.83333333333337
18-39,M,203.98333333333332
18-39,M,204.0
18-39,M,204.0
18-39,M,204.01666666666668
18-39,M,204.05
18-39,M,204.08333333333337
18-39,M,204.13333333333333
18-39,M,204.15
18-39,M,204.16666666666663
18-39,M,204.18333333333337
18-39,M,204.2
18-39,M,204.2
18-39,M,204.21666666666667
18-39,M,204.28333333333333
18-39,M,204.31666666666663
18-39,M,204.4
18-39,M,204.41666666666663
18-39,M,204.6
18-39,M,204.68333333333337
18-39,M,204.68333333333337
18-39,M,204.7
18-39,M,204.73333333333332
18-39,M,204.73333333333332
18-39,M,204.75
18-39,M,204.85
18-39,M,204.85
18-39,M,204.85
18-39,M,204.86666666666667
18-39,M,204.88333333333333
18-39,M,204.98333333333332
18-39,M,205.03333333333333
18-39,M,205.15
18-39,M,205.16666666666663
18-39,M,205.2
18-39,M,205.2
18-39,M,205.23333333333332
18-39,M,205.25
18-39,M,205.25
18-39,M,205.3
18-39,M,205.36666666666667
18-39,M,205.4
18-39,M,205.51666666666668
18-39,M,205.51666666666668
18-39,M,205.53333333333333
18-39,M,205.53333333333333
18-39,M,205.55
18-39,M,205.6
18-39,M,205.71666666666667
18-39,M,205.75
18-39,M,205.81666666666663
18-39,M,205.91666666666663
18-39,M,205.91666666666663
18-39,M,205.95
18-39,M,205.95
18-39,M,205.96666666666667
18-39,M,206.08333333333337
18-39,M,206.08333333333337
18-39,M,206.11666666666667
18-39,M,206.16666666666663
18-39,M,206.18333333333337
18-39,M,206.23333333333332
18-39,M,206.23333333333332
18-39,M,206.23333333333332
18-39,M,206.26666666666668
18-39,M,206.33333333333337
18-39,M,206.33333333333337
18-39,M,206.35
18-39,M,206.36666666666667
18-39,M,206.38333333333333
18-39,M,206.38333333333333
18-39,M,206.4
18-39,M,206.41666666666663
18-39,M,206.43333333333337
18-39,M,206.51666666666668
18-39,M,206.63333333333333
18-39,M,206.65
18-39,M,206.66666666666663
18-39,M,206.7
18-39,M,206.76666666666668
18-39,M,206.76666666666668
18-39,M,206.78333333333333
18-39,M,206.95
18-39,M,206.95
18-39,M,206.98333333333332
18-39,M,207.0
18-39,M,207.01666666666668
18-39,M,207.05
18-39,M,207.1
18-39,M,207.11666666666667
18-39,M,207.13333333333333
18-39,M,207.2
18-39,M,207.26666666666668
18-39,M,207.26666666666668
18-39,M,207.28333333333333
18-39,M,207.28333333333333
18-39,M,207.3
18-39,M,207.4
18-39,M,207.43333333333337
18-39,M,207.55
18-39,M,207.58333333333337
18-39,M,207.66666666666663
18-39,M,207.68333333333337
18-39,M,207.73333333333332
18-39,M,207.73333333333332
18-39,M,207.78333333333333
18-39,M,207.8
18-39,M,207.8
18-39,M,207.85
18-39,M,207.86666666666667
18-39,M,207.9
18-39,M,208.05
18-39,M,208.1
18-39,M,208.11666666666667
18-39,M,208.13333333333333
18-39,M,208.2
18-39,M,208.21666666666667
18-39,M,208.21666666666667
18-39,M,208.25
18-39,M,208.26666666666668
18-39,M,208.28333333333333
18-39,M,208.36666666666667
18-39,M,208.36666666666667
18-39,M,208.41666666666663
18-39,M,208.46666666666667
18-39,M,208.5
18-39,M,208.58333333333337
18-39,M,208.6
18-39,M,208.65
18-39,M,208.66666666666663
18-39,M,208.73333333333332
18-39,M,208.76666666666668
18-39,M,208.76666666666668
18-39,M,208.8
18-39,M,208.86666666666667
18-39,M,208.88333333333333
18-39,M,208.9
18-39,M,208.91666666666663
18-39,M,209.05
18-39,M,209.13333333333333
18-39,M,209.21666666666667
18-39,M,209.21666666666667
18-39,M,209.23333333333332
18-39,M,209.23333333333332
18-39,M,209.25
18-39,M,209.26666666666668
18-39,M,209.38333333333333
18-39,M,209.4
18-39,M,209.43333333333337
18-39,M,209.46666666666667
18-39,M,209.5
18-39,M,209.58333333333337
18-39,M,209.6
18-39,M,209.65
18-39,M,209.8
18-39,M,209.81666666666663
18-39,M,209.91666666666663
18-39,M,209.93333333333337
18-39,M,209.93333333333337
18-39,M,209.96666666666667
18-39,M,209.98333333333332
18-39,M,210.06666666666663
18-39,M,210.11666666666667
18-39,M,210.2
18-39,M,210.23333333333332
18-39,M,210.23333333333332
18-39,M,210.28333333333333
18-39,M,210.5
18-39,M,210.66666666666663
18-39,M,210.81666666666663
18-39,M,210.81666666666663
18-39,M,210.96666666666667
18-39,M,211.11666666666667
18-39,M,211.15
18-39,M,211.2
18-39,M,211.23333333333332
18-39,M,211.26666666666668
18-39,M,211.31666666666663
18-39,M,211.48333333333332
18-39,M,211.48333333333332
18-39,M,211.53333333333333
18-39,M,211.53333333333333
18-39,M,211.61666666666667
18-39,M,211.66666666666663
18-39,M,211.71666666666667
18-39,M,211.83333333333337
18-39,M,211.88333333333333
18-39,M,211.91666666666663
18-39,M,211.96666666666667
18-39,M,212.0
18-39,M,212.28333333333333
18-39,M,212.3
18-39,M,212.38333333333333
18-39,M,212.48333333333332
18-39,M,212.53333333333333
18-39,M,212.78333333333333
18-39,M,212.86666666666667
18-39,M,212.9
18-39,M,212.91666666666663
18-39,M,212.91666666666663
18-39,M,212.91666666666663
18-39,M,213.05
18-39,M,213.08333333333337
18-39,M,213.11666666666667
18-39,M,213.13333333333333
18-39,M,213.13333333333333
18-39,M,213.21666666666667
18-39,M,213.36666666666667
18-39,M,213.36666666666667
18-39,M,213.4
18-39,M,213.56666666666663
18-39,M,213.68333333333337
18-39,M,213.71666666666667
18-39,M,213.8
18-39,M,213.85
18-39,M,213.88333333333333
18-39,M,213.9
18-39,M,213.9
18-39,M,213.95
18-39,M,213.96666666666667
18-39,M,214.01666666666668
18-39,M,214.01666666666668
18-39,M,214.06666666666663
18-39,M,214.1
18-39,M,214.15
18-39,M,214.16666666666663
18-39,M,214.21666666666667
18-39,M,214.36666666666667
18-39,M,214.4
18-39,M,214.41666666666663
18-39,M,214.48333333333332
18-39,M,214.56666666666663
18-39,M,214.61666666666667
18-39,M,214.65
18-39,M,214.68333333333337
18-39,M,214.76666666666668
18-39,M,214.88333333333333
18-39,M,214.93333333333337
18-39,M,214.98333333333332
18-39,M,215.16666666666663
18-39,M,215.18333333333337
18-39,M,215.3
18-39,M,215.51666666666668
18-39,M,215.53333333333333
18-39,M,215.61666666666667
18-39,M,215.76666666666668
18-39,M,215.78333333333333
18-39,M,215.88333333333333
18-39,M,216.1
18-39,M,216.18333333333337
18-39,M,216.25
18-39,M,216.3
18-39,M,216.38333333333333
18-39,M,216.61666666666667
18-39,M,216.63333333333333
18-39,M,216.65
18-39,M,216.71666666666667
18-39,M,216.81666666666663
18-39,M,216.83333333333337
18-39,M,216.88333333333333
18-39,M,216.88333333333333
18-39,M,216.98333333333332
18-39,M,216.98333333333332
18-39,M,217.05
18-39,M,217.05
18-39,M,217.21666666666667
18-39,M,217.31666666666663
18-39,M,217.41666666666663
18-39,M,217.45
18-39,M,217.55
18-39,M,217.58333333333337
18-39,M,217.61666666666667
18-39,M,217.61666666666667
18-39,M,217.65
18-39,M,217.66666666666663
18-39,M,217.68333333333337
18-39,M,217.76666666666668
18-39,M,217.76666666666668
18-39,M,217.9
18-39,M,217.91666666666663
18-39,M,217.93333333333337
18-39,M,217.95
18-39,M,217.95
18-39,M,218.25
18-39,M,218.28333333333333
18-39,M,218.33333333333337
18-39,M,218.41666666666663
18-39,M,218.45
18-39,M,218.45
18-39,M,218.48333333333332
18-39,M,218.51666666666668
18-39,M,218.68333333333337
18-39,M,218.83333333333337
18-39,M,218.88333333333333
18-39,M,219.03333333333333
18-39,M,219.15
18-39,M,219.26666666666668
18-39,M,219.35
18-39,M,219.38333333333333
18-39,M,219.41666666666663
18-39,M,219.43333333333337
18-39,M,219.43333333333337
18-39,M,219.45
18-39,M,219.46666666666667
18-39,M,219.46666666666667
18-39,M,219.46666666666667
18-39,M,219.58333333333337
18-39,M,219.65
18-39,M,219.65
18-39,M,219.68333333333337
18-39,M,219.68333333333337
18-39,M,219.76666666666668
18-39,M,220.08333333333337
18-39,M,220.11666666666667
18-39,M,220.15
18-39,M,220.21666666666667
18-39,M,220.36666666666667
18-39,M,220.36666666666667
18-39,M,220.41666666666663
18-39,M,220.41666666666663
18-39,M,220.43333333333337
18-39,M,220.46666666666667
18-39,M,220.51666666666668
18-39,M,220.68333333333337
18-39,M,220.85
18-39,M,220.88333333333333
18-39,M,220.95
18-39,M,220.96666666666667
18-39,M,221.05
18-39,M,221.1
18-39,M,221.13333333333333
18-39,M,221.18333333333337
18-39,M,221.2
18-39,M,221.26666666666668
18-39,M,221.31666666666663
18-39,M,221.53333333333333
18-39,M,221.58333333333337
18-39,M,221.58333333333337
18-39,M,221.65
18-39,M,221.8
18-39,M,221.81666666666663
18-39,M,221.85
18-39,M,221.93333333333337
18-39,M,222.0
18-39,M,222.2
18-39,M,222.23333333333332
18-39,M,222.31666666666663
18-39,M,222.31666666666663
18-39,M,222.35
18-39,M,222.36666666666667
18-39,M,222.36666666666667
18-39,M,222.43333333333337
18-39,M,222.45
18-39,M,222.5
18-39,M,222.56666666666663
18-39,M,222.58333333333337
18-39,M,222.63333333333333
18-39,M,222.63333333333333
18-39,M,222.65
18-39,M,222.73333333333332
18-39,M,222.73333333333332
18-39,M,222.78333333333333
18-39,M,222.83333333333337
18-39,M,222.86666666666667
18-39,M,222.86666666666667
18-39,M,222.9
18-39,M,222.91666666666663
18-39,M,223.03333333333333
18-39,M,223.13333333333333
18-39,M,223.21666666666667
18-39,M,223.23333333333332
18-39,M,223.4
18-39,M,223.4
18-39,M,223.41666666666663
18-39,M,223.55
18-39,M,223.56666666666663
18-39,M,223.63333333333333
18-39,M,223.66666666666663
18-39,M,223.66666666666663
18-39,M,223.71666666666667
18-39,M,223.83333333333337
18-39,M,223.85
18-39,M,223.93333333333337
18-39,M,223.96666666666667
18-39,M,224.1
18-39,M,224.16666666666663
18-39,M,224.2
18-39,M,224.33333333333337
18-39,M,224.41666666666663
18-39,M,224.45
18-39,M,224.51666666666668
18-39,M,224.55
18-39,M,224.65
18-39,M,224.71666666666667
18-39,M,224.8
18-39,M,224.85
18-39,M,224.86666666666667
18-39,M,224.88333333333333
18-39,M,225.0
18-39,M,225.11666666666667
18-39,M,225.21666666666667
18-39,M,225.25
18-39,M,225.25
18-39,M,225.26666666666668
18-39,M,225.26666666666668
18-39,M,225.46666666666667
18-39,M,225.48333333333332
18-39,M,225.5
18-39,M,225.55
18-39,M,225.6
18-39,M,225.63333333333333
18-39,M,225.88333333333333
18-39,M,225.9
18-39,M,225.95
18-39,M,225.96666666666667
18-39,M,226.01666666666668
18-39,M,226.1
18-39,M,226.13333333333333
18-39,M,226.15
18-39,M,226.5
18-39,M,226.5
18-39,M,226.53333333333333
18-39,M,226.53333333333333
18-39,M,226.61666666666667
18-39,M,226.65
18-39,M,226.66666666666663
18-39,M,226.68333333333337
18-39,M,226.71666666666667
18-39,M,226.9
18-39,M,226.9
18-39,M,226.91666666666663
18-39,M,226.91666666666663
18-39,M,226.91666666666663
18-39,M,226.95
18-39,M,226.95
18-39,M,226.96666666666667
18-39,M,226.98333333333332
18-39,M,226.98333333333332
18-39,M,227.1
18-39,M,227.2
18-39,M,227.23333333333332
18-39,M,227.36666666666667
18-39,M,227.4
18-39,M,227.46666666666667
18-39,M,227.48333333333332
18-39,M,227.53333333333333
18-39,M,227.56666666666663
18-39,M,227.65
18-39,M,227.81666666666663
18-39,M,227.9
18-39,M,228.16666666666663
18-39,M,228.18333333333337
18-39,M,228.23333333333332
18-39,M,228.4
18-39,M,228.41666666666663
18-39,M,228.43333333333337
18-39,M,228.5
18-39,M,228.61666666666667
18-39,M,228.61666666666667
18-39,M,228.61666666666667
18-39,M,228.66666666666663
18-39,M,228.7
18-39,M,228.71666666666667
18-39,M,228.78333333333333
18-39,M,228.8
18-39,M,228.8
18-39,M,228.81666666666663
18-39,M,228.85
18-39,M,228.86666666666667
18-39,M,228.88333333333333
18-39,M,228.88333333333333
18-39,M,228.96666666666667
18-39,M,228.96666666666667
18-39,M,229.06666666666663
18-39,M,229.08333333333337
18-39,M,229.1
18-39,M,229.21666666666667
18-39,M,229.26666666666668
18-39,M,229.41666666666663
18-39,M,229.41666666666663
18-39,M,229.41666666666663
18-39,M,229.45
18-39,M,229.56666666666663
18-39,M,229.6
18-39,M,229.68333333333337
18-39,M,229.78333333333333
18-39,M,229.9
18-39,M,230.06666666666663
18-39,M,230.13333333333333
18-39,M,230.18333333333337
18-39,M,230.2
18-39,M,230.2
18-39,M,230.3
18-39,M,230.3
18-39,M,230.33333333333337
18-39,M,230.43333333333337
18-39,M,230.46666666666667
18-39,M,230.53333333333333
18-39,M,230.6
18-39,M,230.71666666666667
18-39,M,230.73333333333332
18-39,M,230.78333333333333
18-39,M,230.78333333333333
18-39,M,230.78333333333333
18-39,M,230.8
18-39,M,230.83333333333337
18-39,M,230.85
18-39,M,231.06666666666663
18-39,M,231.1
18-39,M,231.11666666666667
18-39,M,231.11666666666667
18-39,M,231.13333333333333
18-39,M,231.25
18-39,M,231.36666666666667
18-39,M,231.38333333333333
18-39,M,231.51666666666668
18-39,M,231.58333333333337
18-39,M,231.65
18-39,M,231.66666666666663
18-39,M,231.73333333333332
18-39,M,231.75
18-39,M,231.8
18-39,M,231.86666666666667
18-39,M,232.0
18-39,M,232.06666666666663
18-39,M,232.08333333333337
18-39,M,232.1
18-39,M,232.2
18-39,M,232.28333333333333
18-39,M,232.38333333333333
18-39,M,232.41666666666663
18-39,M,232.41666666666663
18-39,M,232.5
18-39,M,232.55
18-39,M,232.66666666666663
18-39,M,232.78333333333333
18-39,M,232.8
18-39,M,232.85
18-39,M,232.88333333333333
18-39,M,232.91666666666663
18-39,M,232.95
18-39,M,233.11666666666667
18-39,M,233.25
18-39,M,233.28333333333333
18-39,M,233.45
18-39,M,233.55
18-39,M,233.6
18-39,M,233.61666666666667
18-39,M,233.66666666666663
18-39,M,233.73333333333332
18-39,M,233.81666666666663
18-39,M,234.05
18-39,M,234.06666666666663
18-39,M,234.1
18-39,M,234.18333333333337
18-39,M,234.21666666666667
18-39,M,234.26666666666668
18-39,M,234.26666666666668
18-39,M,234.36666666666667
18-39,M,234.4
18-39,M,234.41666666666663
18-39,M,234.43333333333337
18-39,M,234.43333333333337
18-39,M,234.46666666666667
18-39,M,234.46666666666667
18-39,M,234.48333333333332
18-39,M,234.53333333333333
18-39,M,234.76666666666668
18-39,M,234.78333333333333
18-39,M,234.83333333333337
18-39,M,235.06666666666663
18-39,M,235.1
18-39,M,235.13333333333333
18-39,M,235.18333333333337
18-39,M,235.21666666666667
18-39,M,235.3
18-39,M,235.33333333333337
18-39,M,235.33333333333337
18-39,M,235.45
18-39,M,235.48333333333332
18-39,M,235.53333333333333
18-39,M,235.55
18-39,M,235.56666666666663
18-39,M,235.63333333333333
18-39,M,235.75
18-39,M,235.76666666666668
18-39,M,235.83333333333337
18-39,M,235.83333333333337
18-39,M,235.93333333333337
18-39,M,236.01666666666668
18-39,M,236.13333333333333
18-39,M,236.15
18-39,M,236.2
18-39,M,236.25
18-39,M,236.26666666666668
18-39,M,236.35
18-39,M,236.55
18-39,M,236.61666666666667
18-39,M,236.61666666666667
18-39,M,236.65
18-39,M,236.68333333333337
18-39,M,236.71666666666667
18-39,M,236.86666666666667
18-39,M,236.88333333333333
18-39,M,236.88333333333333
18-39,M,236.9
18-39,M,237.03333333333333
18-39,M,237.18333333333337
18-39,M,237.2
18-39,M,237.2
18-39,M,237.26666666666668
18-39,M,237.3
18-39,M,237.33333333333337
18-39,M,237.36666666666667
18-39,M,237.38333333333333
18-39,M,237.38333333333333
18-39,M,237.53333333333333
18-39,M,237.68333333333337
18-39,M,237.73333333333332
18-39,M,237.76666666666668
18-39,M,237.8
18-39,M,237.81666666666663
18-39,M,237.91666666666663
18-39,M,238.0
18-39,M,238.13333333333333
18-39,M,238.18333333333337
18-39,M,238.21666666666667
18-39,M,238.23333333333332
18-39,M,238.28333333333333
18-39,M,238.28333333333333
18-39,M,238.41666666666663
18-39,M,238.41666666666663
18-39,M,238.41666666666663
18-39,M,238.51666666666668
18-39,M,238.65
18-39,M,238.66666666666663
18-39,M,238.86666666666667
18-39,M,238.95
18-39,M,238.96666666666667
18-39,M,239.0
18-39,M,239.03333333333333
18-39,M,239.11666666666667
18-39,M,239.23333333333332
18-39,M,239.41666666666663
18-39,M,239.41666666666663
18-39,M,239.41666666666663
18-39,M,239.43333333333337
18-39,M,239.55
18-39,M,239.75
18-39,M,239.93333333333337
18-39,M,240.03333333333333
18-39,M,240.03333333333333
18-39,M,240.1
18-39,M,240.16666666666663
18-39,M,240.2
18-39,M,240.21666666666667
18-39,M,240.21666666666667
18-39,M,240.45
18-39,M,240.61666666666667
18-39,M,240.68333333333337
18-39,M,240.88333333333333
18-39,M,241.11666666666667
18-39,M,241.31666666666663
18-39,M,241.33333333333337
18-39,M,241.33333333333337
18-39,M,241.35
18-39,M,241.68333333333337
18-39,M,241.73333333333332
18-39,M,241.75
18-39,M,241.83333333333337
18-39,M,241.96666666666667
18-39,M,241.96666666666667
18-39,M,242.06666666666663
18-39,M,242.23333333333332
18-39,M,242.33333333333337
18-39,M,242.45
18-39,M,242.46666666666667
18-39,M,242.56666666666663
18-39,M,242.63333333333333
18-39,M,242.63333333333333
18-39,M,242.63333333333333
18-39,M,242.78333333333333
18-39,M,242.86666666666667
18-39,M,242.93333333333337
18-39,M,242.93333333333337
18-39,M,243.05
18-39,M,243.1
18-39,M,243.21666666666667
18-39,M,243.31666666666663
18-39,M,243.33333333333337
18-39,M,243.4
18-39,M,243.43333333333337
18-39,M,243.58333333333337
18-39,M,243.68333333333337
18-39,M,243.75
18-39,M,243.76666666666668
18-39,M,243.86666666666667
18-39,M,243.91666666666663
18-39,M,243.93333333333337
18-39,M,243.98333333333332
18-39,M,244.05
18-39,M,244.08333333333337
18-39,M,244.13333333333333
18-39,M,244.18333333333337
18-39,M,244.18333333333337
18-39,M,244.2
18-39,M,244.23333333333332
18-39,M,244.25
18-39,M,244.28333333333333
18-39,M,244.5
18-39,M,244.63333333333333
18-39,M,244.68333333333337
18-39,M,244.93333333333337
18-39,M,245.0
18-39,M,245.2
18-39,M,245.4
18-39,M,245.83333333333337
18-39,M,245.9
18-39,M,245.9
18-39,M,245.95
18-39,M,246.06666666666663
18-39,M,246.08333333333337
18-39,M,246.16666666666663
18-39,M,246.16666666666663
18-39,M,246.16666666666663
18-39,M,246.31666666666663
18-39,M,246.33333333333337
18-39,M,246.38333333333333
18-39,M,246.41666666666663
18-39,M,246.46666666666667
18-39,M,246.46666666666667
18-39,M,247.11666666666667
18-39,M,247.23333333333332
18-39,M,247.25
18-39,M,247.26666666666668
18-39,M,247.31666666666663
18-39,M,247.35
18-39,M,247.41666666666663
18-39,M,247.46666666666667
18-39,M,247.46666666666667
18-39,M,247.53333333333333
18-39,M,247.71666666666667
18-39,M,247.86666666666667
18-39,M,247.91666666666663
18-39,M,247.93333333333337
18-39,M,248.03333333333333
18-39,M,248.03333333333333
18-39,M,248.15
18-39,M,248.31666666666663
18-39,M,248.4
18-39,M,248.4
18-39,M,248.5
18-39,M,248.58333333333337
18-39,M,248.63333333333333
18-39,M,248.76666666666668
18-39,M,248.76666666666668
18-39,M,248.86666666666667
18-39,M,248.91666666666663
18-39,M,248.96666666666667
18-39,M,249.03333333333333
18-39,M,249.05
18-39,M,249.05
18-39,M,249.1
18-39,M,249.15
18-39,M,249.26666666666668
18-39,M,249.33333333333337
18-39,M,249.41666666666663
18-39,M,249.45
18-39,M,249.46666666666667
18-39,M,249.55
18-39,M,249.56666666666663
18-39,M,249.71666666666667
18-39,M,249.8
18-39,M,249.81666666666663
18-39,M,249.86666666666667
18-39,M,249.88333333333333
18-39,M,250.11666666666667
18-39,M,250.13333333333333
18-39,M,250.2
18-39,M,250.33333333333337
18-39,M,250.41666666666663
18-39,M,250.61666666666667
18-39,M,250.66666666666663
18-39,M,250.78333333333333
18-39,M,250.8
18-39,M,250.81666666666663
18-39,M,250.81666666666663
18-39,M,250.88333333333333
18-39,M,250.95
18-39,M,251.05
18-39,M,251.1
18-39,M,251.28333333333333
18-39,M,251.41666666666663
18-39,M,251.65
18-39,M,251.68333333333337
18-39,M,251.83333333333337
18-39,M,252.08333333333337
18-39,M,252.1
18-39,M,252.15
18-39,M,252.21666666666667
18-39,M,252.21666666666667
18-39,M,252.3
18-39,M,252.35
18-39,M,252.38333333333333
18-39,M,252.4
18-39,M,252.43333333333337
18-39,M,252.43333333333337
18-39,M,252.48333333333332
18-39,M,252.5
18-39,M,252.55
18-39,M,252.66666666666663
18-39,M,252.66666666666663
18-39,M,252.85
18-39,M,252.93333333333337
18-39,M,252.95
18-39,M,252.98333333333332
18-39,M,253.0
18-39,M,253.3
18-39,M,253.3
18-39,M,253.66666666666663
18-39,M,253.7
18-39,M,253.71666666666667
18-39,M,253.75
18-39,M,253.76666666666668
18-39,M,253.8
18-39,M,254.03333333333333
18-39,M,254.08333333333337
18-39,M,254.26666666666668
18-39,M,254.33333333333337
18-39,M,254.35
18-39,M,254.4
18-39,M,254.56666666666663
18-39,M,254.58333333333337
18-39,M,254.6
18-39,M,254.63333333333333
18-39,M,255.01666666666668
18-39,M,255.15
18-39,M,255.28333333333333
18-39,M,255.3
18-39,M,255.31666666666663
18-39,M,255.35
18-39,M,255.35
18-39,M,255.46666666666667
18-39,M,255.5
18-39,M,255.58333333333337
18-39,M,255.71666666666667
18-39,M,255.75
18-39,M,255.96666666666667
18-39,M,256.06666666666666
18-39,M,256.0833333333333
18-39,M,256.1333333333333
18-39,M,256.15
18-39,M,256.2
18-39,M,256.2
18-39,M,256.21666666666664
18-39,M,256.25
18-39,M,256.31666666666666
18-39,M,256.3333333333333
18-39,M,256.4
18-39,M,256.4
18-39,M,256.51666666666665
18-39,M,256.78333333333336
18-39,M,256.8666666666667
18-39,M,256.93333333333334
18-39,M,256.95
18-39,M,256.98333333333335
18-39,M,257.1333333333333
18-39,M,257.18333333333334
18-39,M,257.3333333333333
18-39,M,257.46666666666664
18-39,M,257.51666666666665
18-39,M,257.53333333333336
18-39,M,257.53333333333336
18-39,M,257.6666666666667
18-39,M,257.75
18-39,M,257.93333333333334
18-39,M,257.98333333333335
18-39,M,258.1
18-39,M,258.1166666666667
18-39,M,258.15
18-39,M,258.3
18-39,M,258.45
18-39,M,258.6333333333333
18-39,M,258.6666666666667
18-39,M,258.8
18-39,M,258.85
18-39,M,259.0
18-39,M,259.25
18-39,M,259.25
18-39,M,259.43333333333334
18-39,M,259.45
18-39,M,259.46666666666664
18-39,M,259.73333333333335
18-39,M,259.81666666666666
18-39,M,260.01666666666665
18-39,M,260.05
18-39,M,260.06666666666666
18-39,M,260.1666666666667
18-39,M,260.2
18-39,M,260.3333333333333
18-39,M,260.51666666666665
18-39,M,260.5833333333333
18-39,M,260.71666666666664
18-39,M,260.75
18-39,M,260.93333333333334
18-39,M,260.96666666666664
18-39,M,261.18333333333334
18-39,M,261.25
18-39,M,261.28333333333336
18-39,M,261.4
18-39,M,261.43333333333334
18-39,M,261.53333333333336
18-39,M,261.6666666666667
18-39,M,261.68333333333334
18-39,M,261.75
18-39,M,261.78333333333336
18-39,M,261.78333333333336
18-39,M,261.8
18-39,M,261.9
18-39,M,262.01666666666665
18-39,M,262.03333333333336
18-39,M,262.03333333333336
18-39,M,262.2
18-39,M,262.21666666666664
18-39,M,262.46666666666664
18-39,M,262.8833333333333
18-39,M,263.06666666666666
18-39,M,263.3333333333333
18-39,M,263.5
18-39,M,263.6666666666667
18-39,M,263.6666666666667
18-39,M,263.7
18-39,M,263.76666666666665
18-39,M,263.78333333333336
18-39,M,263.8666666666667
18-39,M,263.93333333333334
18-39,M,264.0
18-39,M,264.15
18-39,M,264.18333333333334
18-39,M,264.21666666666664
18-39,M,264.4166666666667
18-39,M,264.51666666666665
18-39,M,264.6
18-39,M,264.6333333333333
18-39,M,264.65
18-39,M,264.75
18-39,M,264.76666666666665
18-39,M,264.78333333333336
18-39,M,265.03333333333336
18-39,M,265.05
18-39,M,265.5
18-39,M,265.56666666666666
18-39,M,265.5833333333333
18-39,M,265.85
18-39,M,266.06666666666666
18-39,M,266.2
18-39,M,266.46666666666664
18-39,M,266.65
18-39,M,266.8
18-39,M,266.9166666666667
18-39,M,267.06666666666666
18-39,M,267.0833333333333
18-39,M,267.0833333333333
18-39,M,267.3
18-39,M,267.3
18-39,M,267.3333333333333
18-39,M,267.3333333333333
18-39,M,267.3666666666667
18-39,M,267.53333333333336
18-39,M,267.56666666666666
18-39,M,268.01666666666665
18-39,M,268.1166666666667
18-39,M,268.31666666666666
18-39,M,268.35
18-39,M,268.6
18-39,M,268.6166666666667
18-39,M,268.6333333333333
18-39,M,268.7
18-39,M,268.81666666666666
18-39,M,268.8333333333333
18-39,M,268.8333333333333
18-39,M,268.9
18-39,M,268.9
18-39,M,269.26666666666665
18-39,M,269.43333333333334
18-39,M,269.46666666666664
18-39,M,269.56666666666666
18-39,M,269.6
18-39,M,269.6166666666667
18-39,M,269.68333333333334
18-39,M,269.81666666666666
18-39,M,269.8333333333333
18-39,M,269.9
18-39,M,270.0833333333333
18-39,M,270.1166666666667
18-39,M,270.15
18-39,M,270.25
18-39,M,270.28333333333336
18-39,M,270.51666666666665
18-39,M,270.6666666666667
18-39,M,270.6666666666667
18-39,M,270.68333333333334
18-39,M,270.7
18-39,M,270.8
18-39,M,270.8
18-39,M,270.96666666666664
18-39,M,270.96666666666664
18-39,M,271.06666666666666
18-39,M,271.0833333333333
18-39,M,271.25
18-39,M,271.4
18-39,M,271.5833333333333
18-39,M,271.8
18-39,M,271.9
18-39,M,272.01666666666665
18-39,M,272.1166666666667
18-39,M,272.3333333333333
18-39,M,272.48333333333335
18-39,M,272.56666666666666
18-39,M,272.6666666666667
18-39,M,272.71666666666664
18-39,M,272.8333333333333
18-39,M,272.8666666666667
18-39,M,273.0833333333333
18-39,M,273.1
18-39,M,273.1333333333333
18-39,M,273.15
18-39,M,273.2
18-39,M,273.55
18-39,M,273.6166666666667
18-39,M,273.6333333333333
18-39,M,273.71666666666664
18-39,M,273.71666666666664
18-39,M,273.8
18-39,M,273.8833333333333
18-39,M,274.1666666666667
18-39,M,274.28333333333336
18-39,M,274.35
18-39,M,274.43333333333334
18-39,M,274.7
18-39,M,274.8666666666667
18-39,M,275.0
18-39,M,275.01666666666665
18-39,M,275.01666666666665
18-39,M,275.1166666666667
18-39,M,275.18333333333334
18-39,M,275.18333333333334
18-39,M,275.18333333333334
18-39,M,275.3333333333333
18-39,M,275.43333333333334
18-39,M,275.51666666666665
18-39,M,275.6166666666667
18-39,M,276.1
18-39,M,276.15
18-39,M,276.26666666666665
18-39,M,276.26666666666665
18-39,M,276.35
18-39,M,276.4
18-39,M,276.45
18-39,M,276.45
18-39,M,276.45
18-39,M,276.5
18-39,M,276.51666666666665
18-39,M,276.76666666666665
18-39,M,276.85
18-39,M,276.93333333333334
18-39,M,276.95
18-39,M,276.96666666666664
18-39,M,276.98333333333335
18-39,M,277.43333333333334
18-39,M,277.46666666666664
18-39,M,277.53333333333336
18-39,M,277.71666666666664
18-39,M,277.8666666666667
18-39,M,277.96666666666664
18-39,M,277.98333333333335
18-39,M,278.1
18-39,M,278.1
18-39,M,278.3333333333333
18-39,M,278.35
18-39,M,278.43333333333334
18-39,M,278.51666666666665
18-39,M,278.56666666666666
18-39,M,278.6166666666667
18-39,M,278.68333333333334
18-39,M,278.75
18-39,M,278.8
18-39,M,278.8333333333333
18-39,M,278.8333333333333
18-39,M,278.85
18-39,M,278.8666666666667
18-39,M,278.95
18-39,M,278.96666666666664
18-39,M,279.0833333333333
18-39,M,279.1
18-39,M,279.15
18-39,M,279.18333333333334
18-39,M,279.3
18-39,M,279.31666666666666
18-39,M,279.3333333333333
18-39,M,279.51666666666665
18-39,M,279.5833333333333
18-39,M,279.6666666666667
18-39,M,279.71666666666664
18-39,M,279.73333333333335
18-39,M,279.75
18-39,M,279.76666666666665
18-39,M,279.8666666666667
18-39,M,279.9
18-39,M,280.03333333333336
18-39,M,280.18333333333334
18-39,M,280.3333333333333
18-39,M,280.4
18-39,M,280.6666666666667
18-39,M,280.73333333333335
18-39,M,280.75
18-39,M,280.75
18-39,M,280.78333333333336
18-39,M,280.8333333333333
18-39,M,280.8833333333333
18-39,M,280.93333333333334
18-39,M,281.18333333333334
18-39,M,281.23333333333335
18-39,M,281.3
18-39,M,281.4
18-39,M,281.56666666666666
18-39,M,281.76666666666665
18-39,M,281.9
18-39,M,282.1166666666667
18-39,M,282.1666666666667
18-39,M,282.23333333333335
18-39,M,282.45
18-39,M,282.45
18-39,M,282.5
18-39,M,282.76666666666665
18-39,M,282.78333333333336
18-39,M,283.0
18-39,M,283.1
18-39,M,283.26666666666665
18-39,M,283.3
18-39,M,283.3
18-39,M,283.4166666666667
18-39,M,283.43333333333334
18-39,M,283.45
18-39,M,283.45
18-39,M,283.5
18-39,M,283.55
18-39,M,283.6666666666667
18-39,M,283.81666666666666
18-39,M,283.8333333333333
18-39,M,284.15
18-39,M,284.26666666666665
18-39,M,284.51666666666665
18-39,M,284.6166666666667
18-39,M,284.6666666666667
18-39,M,284.78333333333336
18-39,M,284.9166666666667
18-39,M,285.3666666666667
18-39,M,285.6333333333333
18-39,M,285.8333333333333
18-39,M,285.85
18-39,M,285.95
18-39,M,285.95
18-39,M,286.0
18-39,M,286.5833333333333
18-39,M,286.6
18-39,M,286.6666666666667
18-39,M,286.7
18-39,M,286.7
18-39,M,286.73333333333335
18-39,M,286.78333333333336
18-39,M,286.81666666666666
18-39,M,286.8333333333333
18-39,M,287.25
18-39,M,287.3833333333333
18-39,M,287.53333333333336
18-39,M,287.71666666666664
18-39,M,287.8
18-39,M,288.56666666666666
18-39,M,288.68333333333334
18-39,M,288.9
18-39,M,289.26666666666665
18-39,M,289.4
18-39,M,289.51666666666665
18-39,M,289.6166666666667
18-39,M,289.6333333333333
18-39,M,289.65
18-39,M,289.68333333333334
18-39,M,289.71666666666664
18-39,M,289.73333333333335
18-39,M,289.78333333333336
18-39,M,289.96666666666664
18-39,M,290.01666666666665
18-39,M,290.06666666666666
18-39,M,290.21666666666664
18-39,M,290.65
18-39,M,290.7
18-39,M,290.75
18-39,M,290.75
18-39,M,290.76666666666665
18-39,M,290.76666666666665
18-39,M,290.81666666666666
18-39,M,290.8833333333333
18-39,M,290.9
18-39,M,290.9166666666667
18-39,M,291.18333333333334
18-39,M,291.6
18-39,M,291.65
18-39,M,291.73333333333335
18-39,M,291.8333333333333
18-39,M,291.98333333333335
18-39,M,292.01666666666665
18-39,M,292.05
18-39,M,292.35
18-39,M,292.5
18-39,M,292.6
18-39,M,292.6166666666667
18-39,M,292.6166666666667
18-39,M,292.75
18-39,M,292.85
18-39,M,293.1166666666667
18-39,M,293.25
18-39,M,293.43333333333334
18-39,M,293.73333333333335
18-39,M,293.85
18-39,M,293.8666666666667
18-39,M,294.06666666666666
18-39,M,294.23333333333335
18-39,M,294.4
18-39,M,294.51666666666665
18-39,M,294.5833333333333
18-39,M,294.68333333333334
18-39,M,294.8666666666667
18-39,M,295.21666666666664
18-39,M,295.56666666666666
18-39,M,295.6
18-39,M,295.6166666666667
18-39,M,295.8666666666667
18-39,M,296.03333333333336
18-39,M,296.0833333333333
18-39,M,296.26666666666665
18-39,M,296.31666666666666
18-39,M,296.53333333333336
18-39,M,296.75
18-39,M,296.8
18-39,M,296.8666666666667
18-39,M,297.18333333333334
18-39,M,297.2
18-39,M,297.2
18-39,M,297.73333333333335
18-39,M,297.85
18-39,M,297.85
18-39,M,297.93333333333334
18-39,M,297.95
18-39,M,298.01666666666665
18-39,M,298.28333333333336
18-39,M,298.56666666666666
18-39,M,298.73333333333335
18-39,M,298.8
18-39,M,298.96666666666664
18-39,M,299.21666666666664
18-39,M,299.23333333333335
18-39,M,299.3666666666667
18-39,M,299.45
18-39,M,299.6
18-39,M,300.0
18-39,M,300.35
18-39,M,300.6333333333333
18-39,M,300.71666666666664
18-39,M,300.76666666666665
18-39,M,300.81666666666666
18-39,M,300.81666666666666
18-39,M,301.06666666666666
18-39,M,301.06666666666666
18-39,M,301.23333333333335
18-39,M,301.85
18-39,M,301.9166666666667
18-39,M,302.05
18-39,M,302.2
18-39,M,302.26666666666665
18-39,M,302.71666666666664
18-39,M,302.8
18-39,M,302.81666666666666
18-39,M,303.0833333333333
18-39,M,303.1166666666667
18-39,M,303.25
18-39,M,303.28333333333336
18-39,M,303.68333333333334
18-39,M,303.78333333333336
18-39,M,303.93333333333334
18-39,M,304.03333333333336
18-39,M,304.03333333333336
18-39,M,304.2
18-39,M,304.43333333333334
18-39,M,304.68333333333334
18-39,M,304.68333333333334
18-39,M,305.06666666666666
18-39,M,305.18333333333334
18-39,M,305.4166666666667
18-39,M,305.93333333333334
18-39,M,306.5
18-39,M,306.53333333333336
18-39,M,306.78333333333336
18-39,M,306.8666666666667
18-39,M,307.1333333333333
18-39,M,307.3333333333333
18-39,M,307.51666666666665
18-39,M,307.55
18-39,M,307.55
18-39,M,307.5833333333333
18-39,M,308.06666666666666
18-39,M,308.1666666666667
18-39,M,308.23333333333335
18-39,M,308.56666666666666
18-39,M,308.7
18-39,M,309.15
18-39,M,309.2
18-39,M,309.53333333333336
18-39,M,310.35
18-39,M,310.35
18-39,M,310.46666666666664
18-39,M,310.56666666666666
18-39,M,310.6666666666667
18-39,M,311.25
18-39,M,311.25
18-39,M,311.31666666666666
18-39,M,311.45
18-39,M,311.51666666666665
18-39,M,311.53333333333336
18-39,M,311.6
18-39,M,311.8833333333333
18-39,M,311.9
18-39,M,311.95
18-39,M,312.0833333333333
18-39,M,312.23333333333335
18-39,M,312.25
18-39,M,312.93333333333334
18-39,M,313.1333333333333
18-39,M,313.75
18-39,M,314.3
18-39,M,314.3666666666667
18-39,M,314.3833333333333
18-39,M,314.55
18-39,M,314.55
18-39,M,314.73333333333335
18-39,M,315.31666666666666
18-39,M,315.6
18-39,M,315.8
18-39,M,316.05
18-39,M,316.1
18-39,M,316.5833333333333
18-39,M,316.68333333333334
18-39,M,317.1
18-39,M,317.93333333333334
18-39,M,318.1333333333333
18-39,M,318.31666666666666
18-39,M,318.45
18-39,M,318.65
18-39,M,318.75
18-39,M,318.75
18-39,M,319.1333333333333
18-39,M,319.18333333333334
18-39,M,319.18333333333334
18-39,M,319.5
18-39,M,319.76666666666665
18-39,M,319.78333333333336
18-39,M,319.81666666666666
18-39,M,319.93333333333334
18-39,M,320.0
18-39,M,320.18333333333334
18-39,M,320.8333333333333
18-39,M,321.0833333333333
18-39,M,321.1666666666667
18-39,M,321.25
18-39,M,321.35
18-39,M,321.45
18-39,M,321.6166666666667
18-39,M,322.03333333333336
18-39,M,322.1666666666667
18-39,M,322.6166666666667
18-39,M,323.95
18-39,M,324.0833333333333
18-39,M,324.26666666666665
18-39,M,324.9166666666667
18-39,M,325.15
18-39,M,325.65
18-39,M,326.55
18-39,M,326.6333333333333
18-39,M,326.81666666666666
18-39,M,326.8666666666667
18-39,M,327.25
18-39,M,327.3333333333333
18-39,M,327.5
18-39,M,328.01666666666665
18-39,M,328.05
18-39,M,328.23333333333335
18-39,M,328.23333333333335
18-39,M,328.55
18-39,M,328.6333333333333
18-39,M,328.76666666666665
18-39,M,328.85
18-39,M,329.35
18-39,M,329.55
18-39,M,329.56666666666666
18-39,M,329.73333333333335
18-39,M,329.81666666666666
18-39,M,329.81666666666666
18-39,M,329.96666666666664
18-39,M,330.1333333333333
18-39,M,330.6166666666667
18-39,M,330.9
18-39,M,331.55
18-39,M,331.6333333333333
18-39,M,332.06666666666666
18-39,M,332.1
18-39,M,332.23333333333335
18-39,M,332.55
18-39,M,332.68333333333334
18-39,M,332.68333333333334
18-39,M,333.3333333333333
18-39,M,333.8333333333333
18-39,M,334.25
18-39,M,334.31666666666666
18-39,M,334.98333333333335
18-39,M,335.03333333333336
18-39,M,335.65
18-39,M,336.7
18-39,M,337.31666666666666
18-39,M,338.7
18-39,M,339.51666666666665
18-39,M,339.96666666666664
18-39,M,340.65
18-39,M,340.75
18-39,M,341.0
18-39,M,341.0
18-39,M,341.1666666666667
18-39,M,341.85
18-39,M,342.05
18-39,M,342.43333333333334
18-39,M,342.95
18-39,M,343.28333333333336
18-39,M,344.1166666666667
18-39,M,344.1333333333333
18-39,M,345.1
18-39,M,345.75
18-39,M,346.95
18-39,M,347.1166666666667
18-39,M,347.31666666666666
18-39,M,348.03333333333336
18-39,M,348.6666666666667
18-39,M,349.25
18-39,M,349.26666666666665
18-39,M,349.3833333333333
18-39,M,349.76666666666665
18-39,M,351.1333333333333
18-39,M,351.7
18-39,M,352.4
18-39,M,353.85
18-39,M,356.3333333333333
18-39,M,357.95
18-39,M,358.03333333333336
18-39,M,358.9166666666667
18-39,M,358.95
18-39,M,359.53333333333336
18-39,M,359.7
18-39,M,360.68333333333334
18-39,M,362.73333333333335
18-39,M,364.68333333333334
18-39,M,366.71666666666664
40-44,M,143.01666666666668
40-44,M,143.65
40-44,M,143.73333333333332
40-44,M,146.05
40-44,M,146.11666666666667
40-44,M,146.85
40-44,M,147.48333333333332
40-44,M,147.83333333333334
40-44,M,148.08333333333334
40-44,M,148.5
40-44,M,148.96666666666667
40-44,M,149.23333333333332
40-44,M,149.41666666666666
40-44,M,150.03333333333333
40-44,M,150.63333333333333
40-44,M,151.28333333333333
40-44,M,151.58333333333334
40-44,M,151.58333333333334
40-44,M,152.63333333333333
40-44,M,153.15
40-44,M,153.26666666666668
40-44,M,153.98333333333332
40-44,M,154.15
40-44,M,154.23333333333332
40-44,M,154.25
40-44,M,154.26666666666668
40-44,M,154.38333333333333
40-44,M,154.73333333333332
40-44,M,154.75
40-44,M,155.66666666666666
40-44,M,156.0
40-44,M,156.16666666666666
40-44,M,156.55
40-44,M,156.86666666666667
40-44,M,157.08333333333334
40-44,M,157.33333333333334
40-44,M,157.46666666666667
40-44,M,157.56666666666666
40-44,M,157.63333333333333
40-44,M,157.78333333333333
40-44,M,157.86666666666667
40-44,M,157.88333333333333
40-44,M,158.03333333333333
40-44,M,158.11666666666667
40-44,M,158.13333333333333
40-44,M,158.16666666666666
40-44,M,158.33333333333334
40-44,M,158.45
40-44,M,158.46666666666667
40-44,M,158.65
40-44,M,158.65
40-44,M,158.68333333333334
40-44,M,158.93333333333334
40-44,M,158.93333333333334
40-44,M,159.26666666666668
40-44,M,159.33333333333334
40-44,M,159.43333333333334
40-44,M,159.88333333333333
40-44,M,159.91666666666666
40-44,M,160.03333333333333
40-44,M,160.1
40-44,M,160.33333333333334
40-44,M,160.43333333333334
40-44,M,160.5
40-44,M,160.51666666666668
40-44,M,160.51666666666668
40-44,M,160.66666666666666
40-44,M,160.73333333333332
40-44,M,160.73333333333332
40-44,M,160.86666666666667
40-44,M,161.08333333333334
40-44,M,161.55
40-44,M,161.6
40-44,M,161.68333333333334
40-44,M,161.71666666666667
40-44,M,161.8
40-44,M,161.81666666666666
40-44,M,161.81666666666666
40-44,M,161.98333333333332
40-44,M,162.1
40-44,M,162.33333333333334
40-44,M,162.35
40-44,M,162.36666666666667
40-44,M,162.36666666666667
40-44,M,162.4
40-44,M,162.41666666666666
40-44,M,162.5
40-44,M,162.65
40-44,M,162.7
40-44,M,163.06666666666666
40-44,M,163.11666666666667
40-44,M,163.15
40-44,M,163.23333333333332
40-44,M,163.36666666666667
40-44,M,163.38333333333333
40-44,M,163.56666666666666
40-44,M,163.63333333333333
40-44,M,163.68333333333334
40-44,M,163.88333333333333
40-44,M,163.95
40-44,M,164.0
40-44,M,164.08333333333334
40-44,M,164.08333333333334
40-44,M,164.31666666666666
40-44,M,164.4
40-44,M,164.81666666666666
40-44,M,165.06666666666666
40-44,M,165.13333333333333
40-44,M,165.21666666666667
40-44,M,165.25
40-44,M,165.28333333333333
40-44,M,165.31666666666666
40-44,M,165.35
40-44,M,165.38333333333333
40-44,M,165.4
40-44,M,165.5
40-44,M,165.51666666666668
40-44,M,165.55
40-44,M,165.61666666666667
40-44,M,165.61666666666667
40-44,M,165.61666666666667
40-44,M,165.66666666666666
40-44,M,165.71666666666667
40-44,M,165.78333333333333
40-44,M,165.83333333333334
40-44,M,165.91666666666666
40-44,M,166.08333333333334
40-44,M,166.18333333333334
40-44,M,166.18333333333334
40-44,M,166.26666666666668
40-44,M,166.3
40-44,M,166.33333333333334
40-44,M,166.35
40-44,M,166.4
40-44,M,166.71666666666667
40-44,M,166.71666666666667
40-44,M,166.81666666666666
40-44,M,166.86666666666667
40-44,M,166.9
40-44,M,166.95
40-44,M,166.98333333333332
40-44,M,167.0
40-44,M,167.03333333333333
40-44,M,167.08333333333334
40-44,M,167.1
40-44,M,167.11666666666667
40-44,M,167.11666666666667
40-44,M,167.3
40-44,M,167.43333333333334
40-44,M,167.46666666666667
40-44,M,167.48333333333332
40-44,M,167.5
40-44,M,167.51666666666668
40-44,M,167.53333333333333
40-44,M,167.55
40-44,M,167.55
40-44,M,167.6
40-44,M,167.61666666666667
40-44,M,167.61666666666667
40-44,M,167.66666666666666
40-44,M,167.7
40-44,M,167.71666666666667
40-44,M,167.73333333333332
40-44,M,167.76666666666668
40-44,M,167.81666666666666
40-44,M,167.86666666666667
40-44,M,167.88333333333333
40-44,M,168.0
40-44,M,168.01666666666668
40-44,M,168.06666666666666
40-44,M,168.11666666666667
40-44,M,168.15
40-44,M,168.2
40-44,M,168.2
40-44,M,168.26666666666668
40-44,M,168.28333333333333
40-44,M,168.28333333333333
40-44,M,168.28333333333333
40-44,M,168.28333333333333
40-44,M,168.31666666666666
40-44,M,168.61666666666667
40-44,M,168.63333333333333
40-44,M,168.75
40-44,M,168.76666666666668
40-44,M,168.76666666666668
40-44,M,168.78333333333333
40-44,M,168.86666666666667
40-44,M,168.88333333333333
40-44,M,168.88333333333333
40-44,M,168.91666666666666
40-44,M,168.96666666666667
40-44,M,169.05
40-44,M,169.06666666666666
40-44,M,169.13333333333333
40-44,M,169.21666666666667
40-44,M,169.25
40-44,M,169.28333333333333
40-44,M,169.3
40-44,M,169.31666666666666
40-44,M,169.35
40-44,M,169.36666666666667
40-44,M,169.4
40-44,M,169.46666666666667
40-44,M,169.5
40-44,M,169.53333333333333
40-44,M,169.68333333333334
40-44,M,169.73333333333332
40-44,M,169.85
40-44,M,169.88333333333333
40-44,M,169.9
40-44,M,169.95
40-44,M,170.03333333333333
40-44,M,170.03333333333333
40-44,M,170.05
40-44,M,170.06666666666666
40-44,M,170.08333333333334
40-44,M,170.1
40-44,M,170.11666666666667
40-44,M,170.23333333333332
40-44,M,170.3
40-44,M,170.35
40-44,M,170.36666666666667
40-44,M,170.38333333333333
40-44,M,170.38333333333333
40-44,M,170.41666666666666
40-44,M,170.41666666666666
40-44,M,170.43333333333334
40-44,M,170.45
40-44,M,170.5
40-44,M,170.51666666666668
40-44,M,170.53333333333333
40-44,M,170.68333333333334
40-44,M,170.71666666666667
40-44,M,170.78333333333333
40-44,M,170.8
40-44,M,170.86666666666667
40-44,M,170.86666666666667
40-44,M,170.88333333333333
40-44,M,170.93333333333334
40-44,M,170.93333333333334
40-44,M,171.0
40-44,M,171.01666666666668
40-44,M,171.01666666666668
40-44,M,171.03333333333333
40-44,M,171.11666666666667
40-44,M,171.13333333333333
40-44,M,171.13333333333333
40-44,M,171.16666666666666
40-44,M,171.16666666666666
40-44,M,171.18333333333334
40-44,M,171.2
40-44,M,171.21666666666667
40-44,M,171.36666666666667
40-44,M,171.38333333333333
40-44,M,171.38333333333333
40-44,M,171.4
40-44,M,171.45
40-44,M,171.48333333333332
40-44,M,171.5
40-44,M,171.5
40-44,M,171.5
40-44,M,171.55
40-44,M,171.55
40-44,M,171.65
40-44,M,171.75
40-44,M,171.76666666666668
40-44,M,171.76666666666668
40-44,M,171.8
40-44,M,171.85
40-44,M,171.85
40-44,M,171.88333333333333
40-44,M,171.9
40-44,M,171.93333333333334
40-44,M,172.0
40-44,M,172.03333333333333
40-44,M,172.05
40-44,M,172.05
40-44,M,172.08333333333334
40-44,M,172.13333333333333
40-44,M,172.21666666666667
40-44,M,172.21666666666667
40-44,M,172.28333333333333
40-44,M,172.28333333333333
40-44,M,172.31666666666666
40-44,M,172.33333333333334
40-44,M,172.35
40-44,M,172.35
40-44,M,172.38333333333333
40-44,M,172.4
40-44,M,172.41666666666666
40-44,M,172.43333333333334
40-44,M,172.45
40-44,M,172.51666666666668
40-44,M,172.63333333333333
40-44,M,172.65
40-44,M,172.7
40-44,M,172.75
40-44,M,172.76666666666668
40-44,M,172.78333333333333
40-44,M,172.93333333333334
40-44,M,172.93333333333334
40-44,M,172.93333333333334
40-44,M,172.98333333333332
40-44,M,173.03333333333333
40-44,M,173.11666666666667
40-44,M,173.15
40-44,M,173.18333333333334
40-44,M,173.18333333333334
40-44,M,173.26666666666668
40-44,M,173.28333333333333
40-44,M,173.3
40-44,M,173.31666666666666
40-44,M,173.35
40-44,M,173.38333333333333
40-44,M,173.43333333333334
40-44,M,173.53333333333333
40-44,M,173.58333333333334
40-44,M,173.58333333333334
40-44,M,173.6
40-44,M,173.61666666666667
40-44,M,173.65
40-44,M,173.68333333333334
40-44,M,173.7
40-44,M,173.75
40-44,M,173.8
40-44,M,173.83333333333334
40-44,M,173.9
40-44,M,173.91666666666666
40-44,M,173.95
40-44,M,173.96666666666667
40-44,M,173.96666666666667
40-44,M,174.05
40-44,M,174.05
40-44,M,174.1
40-44,M,174.13333333333333
40-44,M,174.15
40-44,M,174.15
40-44,M,174.2
40-44,M,174.2
40-44,M,174.21666666666667
40-44,M,174.23333333333332
40-44,M,174.23333333333332
40-44,M,174.25
40-44,M,174.26666666666668
40-44,M,174.31666666666666
40-44,M,174.35
40-44,M,174.43333333333334
40-44,M,174.5
40-44,M,174.5
40-44,M,174.56666666666666
40-44,M,174.56666666666666
40-44,M,174.56666666666666
40-44,M,174.63333333333333
40-44,M,174.63333333333333
40-44,M,174.65
40-44,M,174.66666666666666
40-44,M,174.73333333333332
40-44,M,174.73333333333332
40-44,M,174.75
40-44,M,174.78333333333333
40-44,M,174.8
40-44,M,174.81666666666666
40-44,M,174.81666666666666
40-44,M,174.81666666666666
40-44,M,174.81666666666666
40-44,M,174.83333333333334
40-44,M,174.86666666666667
40-44,M,174.9
40-44,M,175.0
40-44,M,175.01666666666668
40-44,M,175.01666666666668
40-44,M,175.03333333333333
40-44,M,175.06666666666666
40-44,M,175.1
40-44,M,175.1
40-44,M,175.11666666666667
40-44,M,175.13333333333333
40-44,M,175.18333333333334
40-44,M,175.2
40-44,M,175.26666666666668
40-44,M,175.3
40-44,M,175.31666666666666
40-44,M,175.33333333333334
40-44,M,175.36666666666667
40-44,M,175.38333333333333
40-44,M,175.38333333333333
40-44,M,175.38333333333333
40-44,M,175.46666666666667
40-44,M,175.46666666666667
40-44,M,175.51666666666668
40-44,M,175.53333333333333
40-44,M,175.53333333333333
40-44,M,175.53333333333333
40-44,M,175.58333333333334
40-44,M,175.65
40-44,M,175.66666666666666
40-44,M,175.68333333333334
40-44,M,175.71666666666667
40-44,M,175.75
40-44,M,175.76666666666668
40-44,M,175.76666666666668
40-44,M,175.81666666666666
40-44,M,175.88333333333333
40-44,M,175.9
40-44,M,175.9
40-44,M,175.98333333333332
40-44,M,175.98333333333332
40-44,M,176.03333333333333
40-44,M,176.05
40-44,M,176.06666666666666
40-44,M,176.11666666666667
40-44,M,176.11666666666667
40-44,M,176.11666666666667
40-44,M,176.16666666666666
40-44,M,176.16666666666666
40-44,M,176.18333333333334
40-44,M,176.2
40-44,M,176.2
40-44,M,176.25
40-44,M,176.31666666666666
40-44,M,176.31666666666666
40-44,M,176.31666666666666
40-44,M,176.31666666666666
40-44,M,176.33333333333334
40-44,M,176.35
40-44,M,176.35
40-44,M,176.35
40-44,M,176.36666666666667
40-44,M,176.36666666666667
40-44,M,176.4
40-44,M,176.43333333333334
40-44,M,176.46666666666667
40-44,M,176.46666666666667
40-44,M,176.46666666666667
40-44,M,176.5
40-44,M,176.51666666666668
40-44,M,176.53333333333333
40-44,M,176.56666666666666
40-44,M,176.6
40-44,M,176.63333333333333
40-44,M,176.63333333333333
40-44,M,176.65
40-44,M,176.68333333333334
40-44,M,176.71666666666667
40-44,M,176.73333333333332
40-44,M,176.78333333333333
40-44,M,176.78333333333333
40-44,M,176.81666666666666
40-44,M,176.81666666666666
40-44,M,176.83333333333334
40-44,M,176.83333333333334
40-44,M,176.85
40-44,M,176.85
40-44,M,176.86666666666667
40-44,M,176.9
40-44,M,176.9
40-44,M,176.9
40-44,M,176.93333333333334
40-44,M,176.96666666666667
40-44,M,177.01666666666668
40-44,M,177.06666666666666
40-44,M,177.1
40-44,M,177.1
40-44,M,177.1
40-44,M,177.11666666666667
40-44,M,177.16666666666666
40-44,M,177.16666666666666
40-44,M,177.16666666666666
40-44,M,177.16666666666666
40-44,M,177.18333333333334
40-44,M,177.18333333333334
40-44,M,177.25
40-44,M,177.25
40-44,M,177.25
40-44,M,177.26666666666668
40-44,M,177.26666666666668
40-44,M,177.28333333333333
40-44,M,177.28333333333333
40-44,M,177.28333333333333
40-44,M,177.28333333333333
40-44,M,177.3
40-44,M,177.3
40-44,M,177.3
40-44,M,177.3
40-44,M,177.31666666666666
40-44,M,177.33333333333334
40-44,M,177.35
40-44,M,177.38333333333333
40-44,M,177.38333333333333
40-44,M,177.4
40-44,M,177.46666666666667
40-44,M,177.53333333333333
40-44,M,177.53333333333333
40-44,M,177.55
40-44,M,177.56666666666666
40-44,M,177.58333333333334
40-44,M,177.6
40-44,M,177.61666666666667
40-44,M,177.61666666666667
40-44,M,177.68333333333334
40-44,M,177.68333333333334
40-44,M,177.68333333333334
40-44,M,177.7
40-44,M,177.7
40-44,M,177.7
40-44,M,177.71666666666667
40-44,M,177.71666666666667
40-44,M,177.71666666666667
40-44,M,177.73333333333332
40-44,M,177.73333333333332
40-44,M,177.78333333333333
40-44,M,177.8
40-44,M,177.83333333333334
40-44,M,177.83333333333334
40-44,M,177.91666666666666
40-44,M,177.93333333333334
40-44,M,177.93333333333334
40-44,M,177.93333333333334
40-44,M,177.95
40-44,M,177.95
40-44,M,177.95
40-44,M,177.96666666666667
40-44,M,177.98333333333332
40-44,M,177.98333333333332
40-44,M,178.01666666666668
40-44,M,178.01666666666668
40-44,M,178.03333333333333
40-44,M,178.03333333333333
40-44,M,178.05
40-44,M,178.05
40-44,M,178.08333333333334
40-44,M,178.1
40-44,M,178.1
40-44,M,178.1
40-44,M,178.11666666666667
40-44,M,178.13333333333333
40-44,M,178.13333333333333
40-44,M,178.15
40-44,M,178.16666666666666
40-44,M,178.18333333333334
40-44,M,178.18333333333334
40-44,M,178.21666666666667
40-44,M,178.25
40-44,M,178.26666666666668
40-44,M,178.26666666666668
40-44,M,178.31666666666666
40-44,M,178.31666666666666
40-44,M,178.35
40-44,M,178.35
40-44,M,178.35
40-44,M,178.35
40-44,M,178.36666666666667
40-44,M,178.41666666666666
40-44,M,178.41666666666666
40-44,M,178.43333333333334
40-44,M,178.43333333333334
40-44,M,178.45
40-44,M,178.45
40-44,M,178.45
40-44,M,178.46666666666667
40-44,M,178.48333333333332
40-44,M,178.48333333333332
40-44,M,178.48333333333332
40-44,M,178.5
40-44,M,178.5
40-44,M,178.5
40-44,M,178.51666666666668
40-44,M,178.51666666666668
40-44,M,178.51666666666668
40-44,M,178.51666666666668
40-44,M,178.53333333333333
40-44,M,178.53333333333333
40-44,M,178.56666666666666
40-44,M,178.56666666666666
40-44,M,178.6
40-44,M,178.6
40-44,M,178.61666666666667
40-44,M,178.61666666666667
40-44,M,178.63333333333333
40-44,M,178.63333333333333
40-44,M,178.65
40-44,M,178.65
40-44,M,178.65
40-44,M,178.66666666666666
40-44,M,178.66666666666666
40-44,M,178.68333333333334
40-44,M,178.68333333333334
40-44,M,178.68333333333334
40-44,M,178.7
40-44,M,178.71666666666667
40-44,M,178.73333333333332
40-44,M,178.75
40-44,M,178.76666666666668
40-44,M,178.76666666666668
40-44,M,178.76666666666668
40-44,M,178.78333333333333
40-44,M,178.8
40-44,M,178.85
40-44,M,178.85
40-44,M,178.85
40-44,M,178.86666666666667
40-44,M,178.9
40-44,M,178.9
40-44,M,178.91666666666666
40-44,M,178.91666666666666
40-44,M,178.91666666666666
40-44,M,178.93333333333334
40-44,M,178.93333333333334
40-44,M,178.95
40-44,M,178.96666666666667
40-44,M,178.96666666666667
40-44,M,178.98333333333332
40-44,M,179.0
40-44,M,179.05
40-44,M,179.08333333333334
40-44,M,179.08333333333334
40-44,M,179.1
40-44,M,179.11666666666667
40-44,M,179.13333333333333
40-44,M,179.13333333333333
40-44,M,179.15
40-44,M,179.15
40-44,M,179.15
40-44,M,179.16666666666666
40-44,M,179.16666666666666
40-44,M,179.2
40-44,M,179.2
40-44,M,179.25
40-44,M,179.25
40-44,M,179.3
40-44,M,179.31666666666666
40-44,M,179.31666666666666
40-44,M,179.33333333333334
40-44,M,179.33333333333334
40-44,M,179.35
40-44,M,179.36666666666667
40-44,M,179.36666666666667
40-44,M,179.4
40-44,M,179.41666666666666
40-44,M,179.43333333333334
40-44,M,179.45
40-44,M,179.46666666666667
40-44,M,179.46666666666667
40-44,M,179.46666666666667
40-44,M,179.46666666666667
40-44,M,179.48333333333332
40-44,M,179.48333333333332
40-44,M,179.48333333333332
40-44,M,179.5
40-44,M,179.5
40-44,M,179.5
40-44,M,179.51666666666668
40-44,M,179.51666666666668
40-44,M,179.55
40-44,M,179.56666666666666
40-44,M,179.58333333333334
40-44,M,179.58333333333334
40-44,M,179.58333333333334
40-44,M,179.6
40-44,M,179.6
40-44,M,179.61666666666667
40-44,M,179.65
40-44,M,179.65
40-44,M,179.66666666666666
40-44,M,179.68333333333334
40-44,M,179.7
40-44,M,179.7
40-44,M,179.7
40-44,M,179.71666666666667
40-44,M,179.73333333333332
40-44,M,179.73333333333332
40-44,M,179.73333333333332
40-44,M,179.73333333333332
40-44,M,179.75
40-44,M,179.75
40-44,M,179.78333333333333
40-44,M,179.8
40-44,M,179.81666666666666
40-44,M,179.81666666666666
40-44,M,179.83333333333334
40-44,M,179.85
40-44,M,179.86666666666667
40-44,M,179.86666666666667
40-44,M,179.88333333333333
40-44,M,179.93333333333334
40-44,M,179.95
40-44,M,179.96666666666667
40-44,M,180.0
40-44,M,180.01666666666668
40-44,M,180.08333333333334
40-44,M,180.1
40-44,M,180.11666666666667
40-44,M,180.13333333333333
40-44,M,180.18333333333337
40-44,M,180.2
40-44,M,180.21666666666667
40-44,M,180.23333333333332
40-44,M,180.26666666666668
40-44,M,180.3
40-44,M,180.31666666666663
40-44,M,180.31666666666663
40-44,M,180.45
40-44,M,180.45
40-44,M,180.48333333333332
40-44,M,180.5
40-44,M,180.5
40-44,M,180.51666666666668
40-44,M,180.53333333333333
40-44,M,180.53333333333333
40-44,M,180.56666666666663
40-44,M,180.58333333333337
40-44,M,180.6
40-44,M,180.6
40-44,M,180.61666666666667
40-44,M,180.63333333333333
40-44,M,180.65
40-44,M,180.66666666666663
40-44,M,180.66666666666663
40-44,M,180.66666666666663
40-44,M,180.68333333333337
40-44,M,180.71666666666667
40-44,M,180.75
40-44,M,180.76666666666668
40-44,M,180.8
40-44,M,180.81666666666663
40-44,M,180.83333333333337
40-44,M,180.86666666666667
40-44,M,180.86666666666667
40-44,M,180.86666666666667
40-44,M,180.95
40-44,M,180.98333333333332
40-44,M,181.03333333333333
40-44,M,181.03333333333333
40-44,M,181.03333333333333
40-44,M,181.05
40-44,M,181.08333333333337
40-44,M,181.1
40-44,M,181.11666666666667
40-44,M,181.11666666666667
40-44,M,181.15
40-44,M,181.16666666666663
40-44,M,181.21666666666667
40-44,M,181.23333333333332
40-44,M,181.28333333333333
40-44,M,181.31666666666663
40-44,M,181.33333333333337
40-44,M,181.45
40-44,M,181.45
40-44,M,181.45
40-44,M,181.48333333333332
40-44,M,181.53333333333333
40-44,M,181.56666666666663
40-44,M,181.63333333333333
40-44,M,181.63333333333333
40-44,M,181.65
40-44,M,181.68333333333337
40-44,M,181.68333333333337
40-44,M,181.68333333333337
40-44,M,181.7
40-44,M,181.73333333333332
40-44,M,181.78333333333333
40-44,M,181.8
40-44,M,181.8
40-44,M,181.81666666666663
40-44,M,181.83333333333337
40-44,M,181.83333333333337
40-44,M,181.86666666666667
40-44,M,181.88333333333333
40-44,M,181.88333333333333
40-44,M,181.9
40-44,M,181.91666666666663
40-44,M,181.96666666666667
40-44,M,181.98333333333332
40-44,M,182.06666666666663
40-44,M,182.11666666666667
40-44,M,182.13333333333333
40-44,M,182.13333333333333
40-44,M,182.15
40-44,M,182.15
40-44,M,182.15
40-44,M,182.15
40-44,M,182.16666666666663
40-44,M,182.18333333333337
40-44,M,182.18333333333337
40-44,M,182.2
40-44,M,182.2
40-44,M,182.21666666666667
40-44,M,182.25
40-44,M,182.28333333333333
40-44,M,182.3
40-44,M,182.31666666666663
40-44,M,182.33333333333337
40-44,M,182.35
40-44,M,182.38333333333333
40-44,M,182.48333333333332
40-44,M,182.5
40-44,M,182.61666666666667
40-44,M,182.61666666666667
40-44,M,182.63333333333333
40-44,M,182.65
40-44,M,182.66666666666663
40-44,M,182.68333333333337
40-44,M,182.68333333333337
40-44,M,182.7
40-44,M,182.7
40-44,M,182.73333333333332
40-44,M,182.73333333333332
40-44,M,182.73333333333332
40-44,M,182.75
40-44,M,182.76666666666668
40-44,M,182.83333333333337
40-44,M,182.85
40-44,M,182.9
40-44,M,182.91666666666663
40-44,M,182.91666666666663
40-44,M,182.93333333333337
40-44,M,182.93333333333337
40-44,M,182.93333333333337
40-44,M,182.95
40-44,M,183.01666666666668
40-44,M,183.01666666666668
40-44,M,183.03333333333333
40-44,M,183.05
40-44,M,183.08333333333337
40-44,M,183.1
40-44,M,183.1
40-44,M,183.11666666666667
40-44,M,183.11666666666667
40-44,M,183.15
40-44,M,183.16666666666663
40-44,M,183.16666666666663
40-44,M,183.2
40-44,M,183.21666666666667
40-44,M,183.21666666666667
40-44,M,183.25
40-44,M,183.3
40-44,M,183.3
40-44,M,183.35
40-44,M,183.35
40-44,M,183.36666666666667
40-44,M,183.36666666666667
40-44,M,183.36666666666667
40-44,M,183.4
40-44,M,183.46666666666667
40-44,M,183.51666666666668
40-44,M,183.55
40-44,M,183.55
40-44,M,183.55
40-44,M,183.55
40-44,M,183.56666666666663
40-44,M,183.56666666666663
40-44,M,183.58333333333337
40-44,M,183.58333333333337
40-44,M,183.61666666666667
40-44,M,183.61666666666667
40-44,M,183.61666666666667
40-44,M,183.61666666666667
40-44,M,183.63333333333333
40-44,M,183.63333333333333
40-44,M,183.68333333333337
40-44,M,183.7
40-44,M,183.71666666666667
40-44,M,183.73333333333332
40-44,M,183.73333333333332
40-44,M,183.73333333333332
40-44,M,183.73333333333332
40-44,M,183.75
40-44,M,183.83333333333337
40-44,M,183.83333333333337
40-44,M,183.85
40-44,M,183.88333333333333
40-44,M,183.88333333333333
40-44,M,183.88333333333333
40-44,M,183.9
40-44,M,183.91666666666663
40-44,M,183.95
40-44,M,183.95
40-44,M,183.98333333333332
40-44,M,184.0
40-44,M,184.01666666666668
40-44,M,184.03333333333333
40-44,M,184.06666666666663
40-44,M,184.06666666666663
40-44,M,184.11666666666667
40-44,M,184.13333333333333
40-44,M,184.18333333333337
40-44,M,184.18333333333337
40-44,M,184.18333333333337
40-44,M,184.2
40-44,M,184.21666666666667
40-44,M,184.23333333333332
40-44,M,184.28333333333333
40-44,M,184.28333333333333
40-44,M,184.3
40-44,M,184.3
40-44,M,184.3
40-44,M,184.3
40-44,M,184.33333333333337
40-44,M,184.33333333333337
40-44,M,184.35
40-44,M,184.35
40-44,M,184.36666666666667
40-44,M,184.4
40-44,M,184.46666666666667
40-44,M,184.48333333333332
40-44,M,184.53333333333333
40-44,M,184.56666666666663
40-44,M,184.63333333333333
40-44,M,184.68333333333337
40-44,M,184.68333333333337
40-44,M,184.73333333333332
40-44,M,184.73333333333332
40-44,M,184.8
40-44,M,184.81666666666663
40-44,M,184.85
40-44,M,184.91666666666663
40-44,M,184.91666666666663
40-44,M,184.95
40-44,M,184.96666666666667
40-44,M,184.96666666666667
40-44,M,184.98333333333332
40-44,M,185.0
40-44,M,185.0
40-44,M,185.0
40-44,M,185.0
40-44,M,185.01666666666668
40-44,M,185.05
40-44,M,185.06666666666663
40-44,M,185.1
40-44,M,185.11666666666667
40-44,M,185.11666666666667
40-44,M,185.13333333333333
40-44,M,185.13333333333333
40-44,M,185.15
40-44,M,185.16666666666663
40-44,M,185.16666666666663
40-44,M,185.18333333333337
40-44,M,185.21666666666667
40-44,M,185.21666666666667
40-44,M,185.23333333333332
40-44,M,185.25
40-44,M,185.26666666666668
40-44,M,185.28333333333333
40-44,M,185.36666666666667
40-44,M,185.41666666666663
40-44,M,185.41666666666663
40-44,M,185.43333333333337
40-44,M,185.48333333333332
40-44,M,185.55
40-44,M,185.58333333333337
40-44,M,185.6
40-44,M,185.61666666666667
40-44,M,185.61666666666667
40-44,M,185.65
40-44,M,185.71666666666667
40-44,M,185.71666666666667
40-44,M,185.75
40-44,M,185.76666666666668
40-44,M,185.78333333333333
40-44,M,185.8
40-44,M,185.83333333333337
40-44,M,185.85
40-44,M,185.91666666666663
40-44,M,185.91666666666663
40-44,M,185.93333333333337
40-44,M,185.93333333333337
40-44,M,185.96666666666667
40-44,M,185.96666666666667
40-44,M,185.96666666666667
40-44,M,185.98333333333332
40-44,M,186.01666666666668
40-44,M,186.06666666666663
40-44,M,186.1
40-44,M,186.11666666666667
40-44,M,186.13333333333333
40-44,M,186.13333333333333
40-44,M,186.13333333333333
40-44,M,186.16666666666663
40-44,M,186.21666666666667
40-44,M,186.25
40-44,M,186.28333333333333
40-44,M,186.28333333333333
40-44,M,186.4
40-44,M,186.41666666666663
40-44,M,186.43333333333337
40-44,M,186.5
40-44,M,186.5
40-44,M,186.55
40-44,M,186.55
40-44,M,186.58333333333337
40-44,M,186.6
40-44,M,186.63333333333333
40-44,M,186.66666666666663
40-44,M,186.66666666666663
40-44,M,186.68333333333337
40-44,M,186.71666666666667
40-44,M,186.73333333333332
40-44,M,186.75
40-44,M,186.75
40-44,M,186.78333333333333
40-44,M,186.8
40-44,M,186.81666666666663
40-44,M,186.83333333333337
40-44,M,186.83333333333337
40-44,M,186.93333333333337
40-44,M,186.93333333333337
40-44,M,186.95
40-44,M,186.95
40-44,M,186.96666666666667
40-44,M,186.98333333333332
40-44,M,187.08333333333337
40-44,M,187.08333333333337
40-44,M,187.1
40-44,M,187.13333333333333
40-44,M,187.16666666666663
40-44,M,187.18333333333337
40-44,M,187.18333333333337
40-44,M,187.18333333333337
40-44,M,187.21666666666667
40-44,M,187.25
40-44,M,187.25
40-44,M,187.25
40-44,M,187.28333333333333
40-44,M,187.3
40-44,M,187.35
40-44,M,187.36666666666667
40-44,M,187.38333333333333
40-44,M,187.41666666666663
40-44,M,187.41666666666663
40-44,M,187.45
40-44,M,187.45
40-44,M,187.48333333333332
40-44,M,187.48333333333332
40-44,M,187.48333333333332
40-44,M,187.51666666666668
40-44,M,187.51666666666668
40-44,M,187.53333333333333
40-44,M,187.55
40-44,M,187.58333333333337
40-44,M,187.58333333333337
40-44,M,187.65
40-44,M,187.66666666666663
40-44,M,187.68333333333337
40-44,M,187.68333333333337
40-44,M,187.7
40-44,M,187.71666666666667
40-44,M,187.75
40-44,M,187.78333333333333
40-44,M,187.83333333333337
40-44,M,187.83333333333337
40-44,M,187.85
40-44,M,187.85
40-44,M,187.85
40-44,M,187.86666666666667
40-44,M,187.86666666666667
40-44,M,187.86666666666667
40-44,M,187.93333333333337
40-44,M,187.95
40-44,M,188.0
40-44,M,188.03333333333333
40-44,M,188.03333333333333
40-44,M,188.05
40-44,M,188.08333333333337
40-44,M,188.08333333333337
40-44,M,188.08333333333337
40-44,M,188.1
40-44,M,188.13333333333333
40-44,M,188.15
40-44,M,188.18333333333337
40-44,M,188.2
40-44,M,188.21666666666667
40-44,M,188.25
40-44,M,188.26666666666668
40-44,M,188.26666666666668
40-44,M,188.26666666666668
40-44,M,188.33333333333337
40-44,M,188.33333333333337
40-44,M,188.35
40-44,M,188.38333333333333
40-44,M,188.55
40-44,M,188.55
40-44,M,188.58333333333337
40-44,M,188.58333333333337
40-44,M,188.58333333333337
40-44,M,188.6
40-44,M,188.63333333333333
40-44,M,188.65
40-44,M,188.66666666666663
40-44,M,188.68333333333337
40-44,M,188.71666666666667
40-44,M,188.71666666666667
40-44,M,188.73333333333332
40-44,M,188.78333333333333
40-44,M,188.81666666666663
40-44,M,188.85
40-44,M,188.85
40-44,M,188.88333333333333
40-44,M,188.88333333333333
40-44,M,188.9
40-44,M,188.91666666666663
40-44,M,188.93333333333337
40-44,M,188.93333333333337
40-44,M,188.98333333333332
40-44,M,189.0
40-44,M,189.01666666666668
40-44,M,189.03333333333333
40-44,M,189.05
40-44,M,189.08333333333337
40-44,M,189.1
40-44,M,189.11666666666667
40-44,M,189.11666666666667
40-44,M,189.13333333333333
40-44,M,189.13333333333333
40-44,M,189.15
40-44,M,189.2
40-44,M,189.2
40-44,M,189.2
40-44,M,189.23333333333332
40-44,M,189.25
40-44,M,189.26666666666668
40-44,M,189.28333333333333
40-44,M,189.3
40-44,M,189.31666666666663
40-44,M,189.33333333333337
40-44,M,189.35
40-44,M,189.36666666666667
40-44,M,189.38333333333333
40-44,M,189.38333333333333
40-44,M,189.4
40-44,M,189.4
40-44,M,189.41666666666663
40-44,M,189.41666666666663
40-44,M,189.45
40-44,M,189.46666666666667
40-44,M,189.53333333333333
40-44,M,189.53333333333333
40-44,M,189.55
40-44,M,189.6
40-44,M,189.6
40-44,M,189.61666666666667
40-44,M,189.65
40-44,M,189.65
40-44,M,189.65
40-44,M,189.66666666666663
40-44,M,189.68333333333337
40-44,M,189.75
40-44,M,189.81666666666663
40-44,M,189.83333333333337
40-44,M,189.83333333333337
40-44,M,189.83333333333337
40-44,M,189.86666666666667
40-44,M,189.9
40-44,M,189.91666666666663
40-44,M,189.91666666666663
40-44,M,189.93333333333337
40-44,M,189.96666666666667
40-44,M,190.06666666666663
40-44,M,190.15
40-44,M,190.15
40-44,M,190.2
40-44,M,190.2
40-44,M,190.28333333333333
40-44,M,190.35
40-44,M,190.35
40-44,M,190.36666666666667
40-44,M,190.4
40-44,M,190.43333333333337
40-44,M,190.48333333333332
40-44,M,190.5
40-44,M,190.5
40-44,M,190.51666666666668
40-44,M,190.53333333333333
40-44,M,190.55
40-44,M,190.65
40-44,M,190.65
40-44,M,190.65
40-44,M,190.7
40-44,M,190.75
40-44,M,190.78333333333333
40-44,M,190.86666666666667
40-44,M,190.9
40-44,M,190.9
40-44,M,190.93333333333337
40-44,M,191.0
40-44,M,191.06666666666663
40-44,M,191.06666666666663
40-44,M,191.08333333333337
40-44,M,191.11666666666667
40-44,M,191.18333333333337
40-44,M,191.21666666666667
40-44,M,191.23333333333332
40-44,M,191.26666666666668
40-44,M,191.3
40-44,M,191.33333333333337
40-44,M,191.33333333333337
40-44,M,191.36666666666667
40-44,M,191.38333333333333
40-44,M,191.41666666666663
40-44,M,191.41666666666663
40-44,M,191.45
40-44,M,191.5
40-44,M,191.51666666666668
40-44,M,191.53333333333333
40-44,M,191.53333333333333
40-44,M,191.56666666666663
40-44,M,191.58333333333337
40-44,M,191.58333333333337
40-44,M,191.63333333333333
40-44,M,191.71666666666667
40-44,M,191.78333333333333
40-44,M,191.93333333333337
40-44,M,191.98333333333332
40-44,M,191.98333333333332
40-44,M,192.01666666666668
40-44,M,192.01666666666668
40-44,M,192.05
40-44,M,192.11666666666667
40-44,M,192.18333333333337
40-44,M,192.2
40-44,M,192.21666666666667
40-44,M,192.25
40-44,M,192.25
40-44,M,192.25
40-44,M,192.28333333333333
40-44,M,192.28333333333333
40-44,M,192.3
40-44,M,192.33333333333337
40-44,M,192.4
40-44,M,192.41666666666663
40-44,M,192.43333333333337
40-44,M,192.43333333333337
40-44,M,192.46666666666667
40-44,M,192.5
40-44,M,192.5
40-44,M,192.61666666666667
40-44,M,192.66666666666663
40-44,M,192.68333333333337
40-44,M,192.68333333333337
40-44,M,192.7
40-44,M,192.78333333333333
40-44,M,192.8
40-44,M,192.8
40-44,M,192.81666666666663
40-44,M,192.83333333333337
40-44,M,192.83333333333337
40-44,M,192.88333333333333
40-44,M,192.88333333333333
40-44,M,192.91666666666663
40-44,M,192.91666666666663
40-44,M,192.91666666666663
40-44,M,192.93333333333337
40-44,M,192.95
40-44,M,192.98333333333332
40-44,M,193.03333333333333
40-44,M,193.05
40-44,M,193.06666666666663
40-44,M,193.1
40-44,M,193.1
40-44,M,193.11666666666667
40-44,M,193.13333333333333
40-44,M,193.15
40-44,M,193.15
40-44,M,193.16666666666663
40-44,M,193.18333333333337
40-44,M,193.23333333333332
40-44,M,193.23333333333332
40-44,M,193.26666666666668
40-44,M,193.26666666666668
40-44,M,193.28333333333333
40-44,M,193.3
40-44,M,193.33333333333337
40-44,M,193.33333333333337
40-44,M,193.38333333333333
40-44,M,193.45
40-44,M,193.45
40-44,M,193.45
40-44,M,193.45
40-44,M,193.46666666666667
40-44,M,193.46666666666667
40-44,M,193.48333333333332
40-44,M,193.53333333333333
40-44,M,193.55
40-44,M,193.56666666666663
40-44,M,193.58333333333337
40-44,M,193.61666666666667
40-44,M,193.66666666666663
40-44,M,193.68333333333337
40-44,M,193.7
40-44,M,193.75
40-44,M,193.78333333333333
40-44,M,193.83333333333337
40-44,M,193.83333333333337
40-44,M,193.85
40-44,M,193.86666666666667
40-44,M,193.88333333333333
40-44,M,193.9
40-44,M,194.01666666666668
40-44,M,194.01666666666668
40-44,M,194.01666666666668
40-44,M,194.01666666666668
40-44,M,194.01666666666668
40-44,M,194.03333333333333
40-44,M,194.08333333333337
40-44,M,194.08333333333337
40-44,M,194.13333333333333
40-44,M,194.13333333333333
40-44,M,194.15
40-44,M,194.15
40-44,M,194.18333333333337
40-44,M,194.18333333333337
40-44,M,194.25
40-44,M,194.25
40-44,M,194.26666666666668
40-44,M,194.28333333333333
40-44,M,194.3
40-44,M,194.33333333333337
40-44,M,194.35
40-44,M,194.4
40-44,M,194.4
40-44,M,194.48333333333332
40-44,M,194.53333333333333
40-44,M,194.53333333333333
40-44,M,194.6
40-44,M,194.65
40-44,M,194.66666666666663
40-44,M,194.68333333333337
40-44,M,194.73333333333332
40-44,M,194.73333333333332
40-44,M,194.73333333333332
40-44,M,194.78333333333333
40-44,M,194.78333333333333
40-44,M,194.8
40-44,M,194.81666666666663
40-44,M,194.83333333333337
40-44,M,195.0
40-44,M,195.0
40-44,M,195.0
40-44,M,195.01666666666668
40-44,M,195.05
40-44,M,195.05
40-44,M,195.13333333333333
40-44,M,195.13333333333333
40-44,M,195.2
40-44,M,195.21666666666667
40-44,M,195.3
40-44,M,195.35
40-44,M,195.35
40-44,M,195.4
40-44,M,195.41666666666663
40-44,M,195.43333333333337
40-44,M,195.43333333333337
40-44,M,195.45
40-44,M,195.51666666666668
40-44,M,195.53333333333333
40-44,M,195.56666666666663
40-44,M,195.56666666666663
40-44,M,195.65
40-44,M,195.68333333333337
40-44,M,195.7
40-44,M,195.8
40-44,M,195.81666666666663
40-44,M,195.85
40-44,M,195.88333333333333
40-44,M,195.9
40-44,M,195.95
40-44,M,196.08333333333337
40-44,M,196.1
40-44,M,196.11666666666667
40-44,M,196.15
40-44,M,196.18333333333337
40-44,M,196.18333333333337
40-44,M,196.23333333333332
40-44,M,196.23333333333332
40-44,M,196.23333333333332
40-44,M,196.28333333333333
40-44,M,196.3
40-44,M,196.3
40-44,M,196.31666666666663
40-44,M,196.33333333333337
40-44,M,196.33333333333337
40-44,M,196.35
40-44,M,196.35
40-44,M,196.4
40-44,M,196.45
40-44,M,196.65
40-44,M,196.7
40-44,M,196.73333333333332
40-44,M,196.81666666666663
40-44,M,196.85
40-44,M,196.85
40-44,M,196.85
40-44,M,196.88333333333333
40-44,M,196.96666666666667
40-44,M,197.06666666666663
40-44,M,197.06666666666663
40-44,M,197.08333333333337
40-44,M,197.16666666666663
40-44,M,197.18333333333337
40-44,M,197.18333333333337
40-44,M,197.23333333333332
40-44,M,197.25
40-44,M,197.25
40-44,M,197.26666666666668
40-44,M,197.28333333333333
40-44,M,197.28333333333333
40-44,M,197.31666666666663
40-44,M,197.31666666666663
40-44,M,197.33333333333337
40-44,M,197.38333333333333
40-44,M,197.41666666666663
40-44,M,197.43333333333337
40-44,M,197.46666666666667
40-44,M,197.5
40-44,M,197.5
40-44,M,197.55
40-44,M,197.6
40-44,M,197.63333333333333
40-44,M,197.63333333333333
40-44,M,197.65
40-44,M,197.78333333333333
40-44,M,197.78333333333333
40-44,M,197.81666666666663
40-44,M,197.83333333333337
40-44,M,197.83333333333337
40-44,M,197.83333333333337
40-44,M,197.9
40-44,M,197.93333333333337
40-44,M,197.98333333333332
40-44,M,198.06666666666663
40-44,M,198.1
40-44,M,198.18333333333337
40-44,M,198.21666666666667
40-44,M,198.33333333333337
40-44,M,198.36666666666667
40-44,M,198.38333333333333
40-44,M,198.45
40-44,M,198.46666666666667
40-44,M,198.46666666666667
40-44,M,198.53333333333333
40-44,M,198.55
40-44,M,198.56666666666663
40-44,M,198.63333333333333
40-44,M,198.65
40-44,M,198.71666666666667
40-44,M,198.76666666666668
40-44,M,198.81666666666663
40-44,M,198.86666666666667
40-44,M,198.96666666666667
40-44,M,199.0
40-44,M,199.01666666666668
40-44,M,199.1
40-44,M,199.13333333333333
40-44,M,199.15
40-44,M,199.18333333333337
40-44,M,199.2
40-44,M,199.28333333333333
40-44,M,199.31666666666663
40-44,M,199.33333333333337
40-44,M,199.35
40-44,M,199.45
40-44,M,199.53333333333333
40-44,M,199.6
40-44,M,199.63333333333333
40-44,M,199.65
40-44,M,199.68333333333337
40-44,M,199.85
40-44,M,199.86666666666667
40-44,M,199.88333333333333
40-44,M,199.9
40-44,M,199.93333333333337
40-44,M,200.0
40-44,M,200.03333333333333
40-44,M,200.08333333333337
40-44,M,200.1
40-44,M,200.16666666666663
40-44,M,200.25
40-44,M,200.3
40-44,M,200.36666666666667
40-44,M,200.36666666666667
40-44,M,200.61666666666667
40-44,M,200.61666666666667
40-44,M,200.63333333333333
40-44,M,200.63333333333333
40-44,M,200.65
40-44,M,200.68333333333337
40-44,M,200.76666666666668
40-44,M,200.81666666666663
40-44,M,200.81666666666663
40-44,M,200.86666666666667
40-44,M,200.86666666666667
40-44,M,200.9
40-44,M,200.9
40-44,M,200.91666666666663
40-44,M,200.93333333333337
40-44,M,200.96666666666667
40-44,M,201.03333333333333
40-44,M,201.18333333333337
40-44,M,201.21666666666667
40-44,M,201.28333333333333
40-44,M,201.36666666666667
40-44,M,201.36666666666667
40-44,M,201.41666666666663
40-44,M,201.48333333333332
40-44,M,201.58333333333337
40-44,M,201.66666666666663
40-44,M,201.7
40-44,M,201.88333333333333
40-44,M,201.95
40-44,M,201.95
40-44,M,201.95
40-44,M,201.96666666666667
40-44,M,202.0
40-44,M,202.0
40-44,M,202.03333333333333
40-44,M,202.11666666666667
40-44,M,202.11666666666667
40-44,M,202.13333333333333
40-44,M,202.15
40-44,M,202.21666666666667
40-44,M,202.4
40-44,M,202.46666666666667
40-44,M,202.48333333333332
40-44,M,202.53333333333333
40-44,M,202.55
40-44,M,202.61666666666667
40-44,M,202.65
40-44,M,202.68333333333337
40-44,M,202.7
40-44,M,202.71666666666667
40-44,M,202.78333333333333
40-44,M,202.8
40-44,M,202.88333333333333
40-44,M,202.88333333333333
40-44,M,202.9
40-44,M,202.91666666666663
40-44,M,203.05
40-44,M,203.06666666666663
40-44,M,203.06666666666663
40-44,M,203.1
40-44,M,203.21666666666667
40-44,M,203.21666666666667
40-44,M,203.23333333333332
40-44,M,203.38333333333333
40-44,M,203.46666666666667
40-44,M,203.48333333333332
40-44,M,203.48333333333332
40-44,M,203.51666666666668
40-44,M,203.53333333333333
40-44,M,203.56666666666663
40-44,M,203.58333333333337
40-44,M,203.65
40-44,M,203.7
40-44,M,203.78333333333333
40-44,M,204.11666666666667
40-44,M,204.18333333333337
40-44,M,204.18333333333337
40-44,M,204.26666666666668
40-44,M,204.3
40-44,M,204.38333333333333
40-44,M,204.41666666666663
40-44,M,204.45
40-44,M,204.46666666666667
40-44,M,204.55
40-44,M,204.68333333333337
40-44,M,204.7
40-44,M,204.75
40-44,M,204.85
40-44,M,204.96666666666667
40-44,M,205.1
40-44,M,205.1
40-44,M,205.26666666666668
40-44,M,205.3
40-44,M,205.36666666666667
40-44,M,205.4
40-44,M,205.41666666666663
40-44,M,205.43333333333337
40-44,M,205.43333333333337
40-44,M,205.48333333333332
40-44,M,205.48333333333332
40-44,M,205.5
40-44,M,205.6
40-44,M,205.66666666666663
40-44,M,205.7
40-44,M,205.71666666666667
40-44,M,205.75
40-44,M,205.75
40-44,M,205.76666666666668
40-44,M,205.83333333333337
40-44,M,205.85
40-44,M,205.91666666666663
40-44,M,206.08333333333337
40-44,M,206.08333333333337
40-44,M,206.25
40-44,M,206.33333333333337
40-44,M,206.35
40-44,M,206.35
40-44,M,206.51666666666668
40-44,M,206.53333333333333
40-44,M,206.63333333333333
40-44,M,206.65
40-44,M,206.68333333333337
40-44,M,206.93333333333337
40-44,M,206.95
40-44,M,206.96666666666667
40-44,M,206.96666666666667
40-44,M,207.01666666666668
40-44,M,207.05
40-44,M,207.11666666666667
40-44,M,207.15
40-44,M,207.25
40-44,M,207.25
40-44,M,207.43333333333337
40-44,M,207.51666666666668
40-44,M,207.55
40-44,M,207.56666666666663
40-44,M,207.63333333333333
40-44,M,207.81666666666663
40-44,M,207.86666666666667
40-44,M,207.9
40-44,M,207.93333333333337
40-44,M,207.98333333333332
40-44,M,208.03333333333333
40-44,M,208.11666666666667
40-44,M,208.15
40-44,M,208.21666666666667
40-44,M,208.26666666666668
40-44,M,208.3
40-44,M,208.31666666666663
40-44,M,208.33333333333337
40-44,M,208.33333333333337
40-44,M,208.46666666666667
40-44,M,208.46666666666667
40-44,M,208.48333333333332
40-44,M,208.6
40-44,M,208.63333333333333
40-44,M,208.66666666666663
40-44,M,208.68333333333337
40-44,M,208.73333333333332
40-44,M,208.76666666666668
40-44,M,208.8
40-44,M,208.9
40-44,M,208.93333333333337
40-44,M,208.95
40-44,M,209.13333333333333
40-44,M,209.15
40-44,M,209.23333333333332
40-44,M,209.3
40-44,M,209.3
40-44,M,209.33333333333337
40-44,M,209.35
40-44,M,209.4
40-44,M,209.41666666666663
40-44,M,209.51666666666668
40-44,M,209.65
40-44,M,209.83333333333337
40-44,M,209.85
40-44,M,209.86666666666667
40-44,M,209.88333333333333
40-44,M,209.98333333333332
40-44,M,210.01666666666668
40-44,M,210.05
40-44,M,210.06666666666663
40-44,M,210.16666666666663
40-44,M,210.2
40-44,M,210.28333333333333
40-44,M,210.3
40-44,M,210.46666666666667
40-44,M,210.7
40-44,M,210.83333333333337
40-44,M,210.88333333333333
40-44,M,210.91666666666663
40-44,M,210.96666666666667
40-44,M,211.11666666666667
40-44,M,211.16666666666663
40-44,M,211.2
40-44,M,211.3
40-44,M,211.3
40-44,M,211.43333333333337
40-44,M,211.46666666666667
40-44,M,211.96666666666667
40-44,M,212.05
40-44,M,212.1
40-44,M,212.15
40-44,M,212.4
40-44,M,212.65
40-44,M,212.75
40-44,M,212.86666666666667
40-44,M,212.91666666666663
40-44,M,213.03333333333333
40-44,M,213.08333333333337
40-44,M,213.18333333333337
40-44,M,213.2
40-44,M,213.33333333333337
40-44,M,213.46666666666667
40-44,M,213.55
40-44,M,213.83333333333337
40-44,M,213.96666666666667
40-44,M,214.13333333333333
40-44,M,214.15
40-44,M,214.3
40-44,M,214.38333333333333
40-44,M,214.4
40-44,M,214.45
40-44,M,214.6
40-44,M,214.6
40-44,M,214.98333333333332
40-44,M,214.98333333333332
40-44,M,215.2
40-44,M,215.51666666666668
40-44,M,215.55
40-44,M,215.81666666666663
40-44,M,215.81666666666663
40-44,M,215.93333333333337
40-44,M,215.96666666666667
40-44,M,216.4
40-44,M,216.71666666666667
40-44,M,216.76666666666668
40-44,M,216.8
40-44,M,216.81666666666663
40-44,M,216.83333333333337
40-44,M,216.9
40-44,M,217.35
40-44,M,217.36666666666667
40-44,M,217.53333333333333
40-44,M,217.75
40-44,M,217.91666666666663
40-44,M,218.31666666666663
40-44,M,218.4
40-44,M,218.51666666666668
40-44,M,218.6
40-44,M,218.85
40-44,M,218.85
40-44,M,218.86666666666667
40-44,M,218.88333333333333
40-44,M,218.91666666666663
40-44,M,219.31666666666663
40-44,M,219.38333333333333
40-44,M,219.48333333333332
40-44,M,219.7
40-44,M,219.75
40-44,M,219.88333333333333
40-44,M,219.88333333333333
40-44,M,219.91666666666663
40-44,M,219.98333333333332
40-44,M,219.98333333333332
40-44,M,220.05
40-44,M,220.4
40-44,M,220.58333333333337
40-44,M,220.73333333333332
40-44,M,221.1
40-44,M,221.16666666666663
40-44,M,221.18333333333337
40-44,M,221.21666666666667
40-44,M,221.43333333333337
40-44,M,221.48333333333332
40-44,M,221.55
40-44,M,221.75
40-44,M,221.78333333333333
40-44,M,221.9
40-44,M,221.91666666666663
40-44,M,222.2
40-44,M,222.28333333333333
40-44,M,222.63333333333333
40-44,M,222.65
40-44,M,222.8
40-44,M,222.8
40-44,M,222.85
40-44,M,223.56666666666663
40-44,M,223.58333333333337
40-44,M,223.65
40-44,M,223.65
40-44,M,223.7
40-44,M,223.73333333333332
40-44,M,223.76666666666668
40-44,M,223.78333333333333
40-44,M,223.91666666666663
40-44,M,224.13333333333333
40-44,M,224.15
40-44,M,224.18333333333337
40-44,M,224.41666666666663
40-44,M,224.48333333333332
40-44,M,224.53333333333333
40-44,M,224.58333333333337
40-44,M,224.58333333333337
40-44,M,224.76666666666668
40-44,M,224.98333333333332
40-44,M,225.63333333333333
40-44,M,225.85
40-44,M,225.93333333333337
40-44,M,226.06666666666663
40-44,M,226.18333333333337
40-44,M,226.5
40-44,M,226.55
40-44,M,226.55
40-44,M,226.76666666666668
40-44,M,226.83333333333337
40-44,M,227.08333333333337
40-44,M,227.15
40-44,M,227.2
40-44,M,227.36666666666667
40-44,M,227.38333333333333
40-44,M,227.5
40-44,M,227.53333333333333
40-44,M,227.55
40-44,M,227.63333333333333
40-44,M,227.7
40-44,M,227.91666666666663
40-44,M,228.11666666666667
40-44,M,228.4
40-44,M,228.4
40-44,M,228.4
40-44,M,228.55
40-44,M,228.58333333333337
40-44,M,228.65
40-44,M,228.88333333333333
40-44,M,228.96666666666667
40-44,M,229.4
40-44,M,229.45
40-44,M,229.8
40-44,M,229.88333333333333
40-44,M,230.21666666666667
40-44,M,230.31666666666663
40-44,M,230.78333333333333
40-44,M,230.91666666666663
40-44,M,231.11666666666667
40-44,M,231.25
40-44,M,231.31666666666663
40-44,M,231.5
40-44,M,231.56666666666663
40-44,M,231.61666666666667
40-44,M,231.76666666666668
40-44,M,231.78333333333333
40-44,M,231.96666666666667
40-44,M,232.08333333333337
40-44,M,232.13333333333333
40-44,M,232.23333333333332
40-44,M,232.38333333333333
40-44,M,232.43333333333337
40-44,M,232.45
40-44,M,232.98333333333332
40-44,M,233.0
40-44,M,233.06666666666663
40-44,M,233.08333333333337
40-44,M,233.13333333333333
40-44,M,233.16666666666663
40-44,M,233.23333333333332
40-44,M,233.36666666666667
40-44,M,233.45
40-44,M,233.83333333333337
40-44,M,234.08333333333337
40-44,M,234.35
40-44,M,234.36666666666667
40-44,M,234.41666666666663
40-44,M,234.45
40-44,M,234.63333333333333
40-44,M,234.66666666666663
40-44,M,234.8
40-44,M,234.83333333333337
40-44,M,234.93333333333337
40-44,M,235.08333333333337
40-44,M,235.25
40-44,M,235.31666666666663
40-44,M,235.33333333333337
40-44,M,235.4
40-44,M,235.98333333333332
40-44,M,236.01666666666668
40-44,M,236.26666666666668
40-44,M,236.76666666666668
40-44,M,236.83333333333337
40-44,M,236.86666666666667
40-44,M,236.91666666666663
40-44,M,237.05
40-44,M,237.06666666666663
40-44,M,237.13333333333333
40-44,M,237.23333333333332
40-44,M,237.46666666666667
40-44,M,237.6
40-44,M,237.75
40-44,M,237.98333333333332
40-44,M,238.13333333333333
40-44,M,238.13333333333333
40-44,M,238.48333333333332
40-44,M,238.51666666666668
40-44,M,238.65
40-44,M,238.68333333333337
40-44,M,238.71666666666667
40-44,M,238.73333333333332
40-44,M,238.78333333333333
40-44,M,238.86666666666667
40-44,M,239.2
40-44,M,239.26666666666668
40-44,M,239.45
40-44,M,239.65
40-44,M,239.68333333333337
40-44,M,239.71666666666667
40-44,M,239.71666666666667
40-44,M,239.73333333333332
40-44,M,239.88333333333333
40-44,M,240.01666666666668
40-44,M,240.21666666666667
40-44,M,240.26666666666668
40-44,M,240.5
40-44,M,240.73333333333332
40-44,M,240.78333333333333
40-44,M,240.93333333333337
40-44,M,241.0
40-44,M,241.06666666666663
40-44,M,241.08333333333337
40-44,M,241.38333333333333
40-44,M,241.91666666666663
40-44,M,241.96666666666667
40-44,M,242.23333333333332
40-44,M,242.35
40-44,M,242.56666666666663
40-44,M,242.58333333333337
40-44,M,242.66666666666663
40-44,M,242.78333333333333
40-44,M,242.81666666666663
40-44,M,242.85
40-44,M,243.46666666666667
40-44,M,243.71666666666667
40-44,M,243.76666666666668
40-44,M,243.9
40-44,M,244.08333333333337
40-44,M,244.5
40-44,M,245.26666666666668
40-44,M,245.55
40-44,M,245.7
40-44,M,245.93333333333337
40-44,M,246.05
40-44,M,246.26666666666668
40-44,M,246.35
40-44,M,246.61666666666667
40-44,M,246.65
40-44,M,246.85
40-44,M,246.96666666666667
40-44,M,247.11666666666667
40-44,M,247.33333333333337
40-44,M,247.36666666666667
40-44,M,247.4
40-44,M,247.43333333333337
40-44,M,248.2
40-44,M,248.51666666666668
40-44,M,248.53333333333333
40-44,M,248.61666666666667
40-44,M,248.76666666666668
40-44,M,249.08333333333337
40-44,M,249.78333333333333
40-44,M,249.93333333333337
40-44,M,249.96666666666667
40-44,M,250.18333333333337
40-44,M,250.56666666666663
40-44,M,250.81666666666663
40-44,M,251.16666666666663
40-44,M,251.21666666666667
40-44,M,251.3
40-44,M,251.35
40-44,M,251.66666666666663
40-44,M,251.93333333333337
40-44,M,252.05
40-44,M,252.06666666666663
40-44,M,252.13333333333333
40-44,M,252.15
40-44,M,252.31666666666663
40-44,M,252.98333333333332
40-44,M,253.0
40-44,M,253.06666666666663
40-44,M,253.08333333333337
40-44,M,253.18333333333337
40-44,M,253.2
40-44,M,253.41666666666663
40-44,M,253.46666666666667
40-44,M,253.53333333333333
40-44,M,254.16666666666663
40-44,M,254.2
40-44,M,254.23333333333332
40-44,M,254.25
40-44,M,254.33333333333337
40-44,M,254.8
40-44,M,255.16666666666663
40-44,M,255.21666666666667
40-44,M,255.33333333333337
40-44,M,255.61666666666667
40-44,M,255.83333333333337
40-44,M,255.85
40-44,M,256.23333333333335
40-44,M,256.5
40-44,M,256.8833333333333
40-44,M,257.1
40-44,M,257.15
40-44,M,257.6166666666667
40-44,M,257.95
40-44,M,258.23333333333335
40-44,M,258.31666666666666
40-44,M,258.55
40-44,M,258.6333333333333
40-44,M,258.81666666666666
40-44,M,258.93333333333334
40-44,M,259.1166666666667
40-44,M,259.15
40-44,M,259.31666666666666
40-44,M,259.31666666666666
40-44,M,259.4
40-44,M,259.65
40-44,M,259.7
40-44,M,260.23333333333335
40-44,M,260.8333333333333
40-44,M,260.9166666666667
40-44,M,260.95
40-44,M,261.1166666666667
40-44,M,262.31666666666666
40-44,M,262.31666666666666
40-44,M,262.81666666666666
40-44,M,263.1333333333333
40-44,M,263.15
40-44,M,263.45
40-44,M,263.6333333333333
40-44,M,263.81666666666666
40-44,M,263.8666666666667
40-44,M,264.26666666666665
40-44,M,264.3833333333333
40-44,M,265.0
40-44,M,265.1333333333333
40-44,M,265.3333333333333
40-44,M,266.05
40-44,M,266.1
40-44,M,266.1166666666667
40-44,M,266.35
40-44,M,266.45
40-44,M,266.56666666666666
40-44,M,266.81666666666666
40-44,M,267.15
40-44,M,267.4
40-44,M,267.6
40-44,M,268.3333333333333
40-44,M,268.43333333333334
40-44,M,268.48333333333335
40-44,M,268.6166666666667
40-44,M,268.6666666666667
40-44,M,268.76666666666665
40-44,M,268.98333333333335
40-44,M,269.15
40-44,M,269.2
40-44,M,269.43333333333334
40-44,M,269.48333333333335
40-44,M,269.9166666666667
40-44,M,269.98333333333335
40-44,M,270.4
40-44,M,270.5833333333333
40-44,M,270.65
40-44,M,270.6666666666667
40-44,M,270.8833333333333
40-44,M,270.9166666666667
40-44,M,271.3
40-44,M,271.3666666666667
40-44,M,271.6
40-44,M,271.73333333333335
40-44,M,272.0833333333333
40-44,M,272.31666666666666
40-44,M,272.56666666666666
40-44,M,272.8666666666667
40-44,M,273.0
40-44,M,273.06666666666666
40-44,M,273.26666666666665
40-44,M,273.35
40-44,M,273.6333333333333
40-44,M,273.8
40-44,M,273.9166666666667
40-44,M,274.0833333333333
40-44,M,274.8666666666667
40-44,M,274.8833333333333
40-44,M,275.0833333333333
40-44,M,275.0833333333333
40-44,M,275.31666666666666
40-44,M,275.6166666666667
40-44,M,275.78333333333336
40-44,M,275.96666666666664
40-44,M,276.1
40-44,M,276.3333333333333
40-44,M,277.0
40-44,M,277.3666666666667
40-44,M,277.51666666666665
40-44,M,277.55
40-44,M,277.6
40-44,M,277.65
40-44,M,277.96666666666664
40-44,M,278.4166666666667
40-44,M,279.05
40-44,M,279.3666666666667
40-44,M,279.45
40-44,M,279.65
40-44,M,279.71666666666664
40-44,M,279.98333333333335
40-44,M,280.48333333333335
40-44,M,280.7
40-44,M,280.8
40-44,M,281.06666666666666
40-44,M,281.26666666666665
40-44,M,281.45
40-44,M,281.8833333333333
40-44,M,282.23333333333335
40-44,M,282.31666666666666
40-44,M,282.46666666666664
40-44,M,282.76666666666665
40-44,M,282.8333333333333
40-44,M,282.98333333333335
40-44,M,283.48333333333335
40-44,M,284.8
40-44,M,285.31666666666666
40-44,M,285.76666666666665
40-44,M,286.46666666666664
40-44,M,286.56666666666666
40-44,M,288.06666666666666
40-44,M,288.1333333333333
40-44,M,288.3666666666667
40-44,M,288.4
40-44,M,288.95
40-44,M,289.05
40-44,M,289.4166666666667
40-44,M,289.45
40-44,M,289.51666666666665
40-44,M,289.6
40-44,M,289.8333333333333
40-44,M,290.1666666666667
40-44,M,290.18333333333334
40-44,M,290.45
40-44,M,290.81666666666666
40-44,M,290.81666666666666
40-44,M,291.2
40-44,M,292.06666666666666
40-44,M,292.28333333333336
40-44,M,292.31666666666666
40-44,M,293.3
40-44,M,294.0833333333333
40-44,M,294.3666666666667
40-44,M,294.5
40-44,M,295.2
40-44,M,295.3833333333333
40-44,M,295.7
40-44,M,296.0
40-44,M,296.05
40-44,M,296.43333333333334
40-44,M,296.46666666666664
40-44,M,296.46666666666664
40-44,M,296.5
40-44,M,296.53333333333336
40-44,M,296.8666666666667
40-44,M,297.21666666666664
40-44,M,297.3666666666667
40-44,M,297.4
40-44,M,298.03333333333336
40-44,M,298.06666666666666
40-44,M,298.15
40-44,M,298.6333333333333
40-44,M,298.81666666666666
40-44,M,299.15
40-44,M,299.8
40-44,M,300.01666666666665
40-44,M,300.3
40-44,M,300.3666666666667
40-44,M,301.0833333333333
40-44,M,301.1166666666667
40-44,M,301.95
40-44,M,301.96666666666664
40-44,M,302.0833333333333
40-44,M,302.0833333333333
40-44,M,302.6666666666667
40-44,M,302.6666666666667
40-44,M,303.6333333333333
40-44,M,304.3833333333333
40-44,M,304.73333333333335
40-44,M,304.8833333333333
40-44,M,305.53333333333336
40-44,M,305.56666666666666
40-44,M,307.28333333333336
40-44,M,307.65
40-44,M,307.78333333333336
40-44,M,308.28333333333336
40-44,M,311.0
40-44,M,311.23333333333335
40-44,M,311.25
40-44,M,311.5
40-44,M,312.6
40-44,M,312.8666666666667
40-44,M,312.96666666666664
40-44,M,313.46666666666664
40-44,M,315.05
40-44,M,316.3666666666667
40-44,M,316.4
40-44,M,316.48333333333335
40-44,M,318.55
40-44,M,319.1166666666667
40-44,M,319.1666666666667
40-44,M,319.95
40-44,M,320.3333333333333
40-44,M,320.68333333333334
40-44,M,321.1333333333333
40-44,M,321.71666666666664
40-44,M,323.3833333333333
40-44,M,324.1
40-44,M,325.03333333333336
40-44,M,325.18333333333334
40-44,M,326.26666666666665
40-44,M,326.3333333333333
40-44,M,328.21666666666664
40-44,M,328.5833333333333
40-44,M,328.75
40-44,M,328.8833333333333
40-44,M,329.6166666666667
40-44,M,329.6666666666667
40-44,M,330.23333333333335
40-44,M,330.51666666666665
40-44,M,330.9
40-44,M,333.0833333333333
40-44,M,334.7
40-44,M,334.76666666666665
40-44,M,335.46666666666664
40-44,M,337.0
40-44,M,337.25
40-44,M,337.26666666666665
40-44,M,337.45
40-44,M,339.65
40-44,M,340.95
40-44,M,341.68333333333334
40-44,M,341.71666666666664
40-44,M,342.3833333333333
40-44,M,344.1
40-44,M,345.1166666666667
40-44,M,346.0
40-44,M,346.03333333333336
40-44,M,347.73333333333335
40-44,M,348.1666666666667
40-44,M,348.6333333333333
40-44,M,351.6666666666667
40-44,M,353.76666666666665
40-44,M,353.96666666666664
40-44,M,353.98333333333335
40-44,M,355.48333333333335
40-44,M,358.21666666666664
40-44,M,361.75
40-44,M,403.1333333333333
45-49,M,148.66666666666666
45-49,M,150.61666666666667
45-49,M,151.25
45-49,M,152.98333333333332
45-49,M,154.5
45-49,M,155.63333333333333
45-49,M,156.65
45-49,M,157.3
45-49,M,157.31666666666666
45-49,M,157.86666666666667
45-49,M,158.16666666666666
45-49,M,158.21666666666667
45-49,M,158.96666666666667
45-49,M,158.98333333333332
45-49,M,159.01666666666668
45-49,M,159.08333333333334
45-49,M,159.4
45-49,M,160.05
45-49,M,160.15
45-49,M,160.41666666666666
45-49,M,161.06666666666666
45-49,M,161.23333333333332
45-49,M,161.91666666666666
45-49,M,162.01666666666668
45-49,M,162.86666666666667
45-49,M,162.91666666666666
45-49,M,163.08333333333334
45-49,M,163.11666666666667
45-49,M,163.28333333333333
45-49,M,163.5
45-49,M,163.85
45-49,M,163.93333333333334
45-49,M,164.0
45-49,M,164.05
45-49,M,164.06666666666666
45-49,M,164.41666666666666
45-49,M,164.6
45-49,M,164.63333333333333
45-49,M,164.8
45-49,M,164.85
45-49,M,164.93333333333334
45-49,M,164.95
45-49,M,165.18333333333334
45-49,M,165.21666666666667
45-49,M,165.48333333333332
45-49,M,165.86666666666667
45-49,M,165.91666666666666
45-49,M,166.03333333333333
45-49,M,166.25
45-49,M,166.28333333333333
45-49,M,166.3
45-49,M,166.66666666666666
45-49,M,166.73333333333332
45-49,M,167.43333333333334
45-49,M,168.1
45-49,M,168.11666666666667
45-49,M,168.2
45-49,M,168.3
45-49,M,168.35
45-49,M,168.41666666666666
45-49,M,168.51666666666668
45-49,M,168.51666666666668
45-49,M,168.76666666666668
45-49,M,168.93333333333334
45-49,M,169.08333333333334
45-49,M,169.1
45-49,M,169.11666666666667
45-49,M,169.23333333333332
45-49,M,169.25
45-49,M,169.25
45-49,M,169.48333333333332
45-49,M,169.48333333333332
45-49,M,169.68333333333334
45-49,M,169.7
45-49,M,169.76666666666668
45-49,M,169.98333333333332
45-49,M,170.05
45-49,M,170.11666666666667
45-49,M,170.25
45-49,M,170.36666666666667
45-49,M,170.4
45-49,M,170.46666666666667
45-49,M,170.48333333333332
45-49,M,170.5
45-49,M,170.53333333333333
45-49,M,170.68333333333334
45-49,M,170.75
45-49,M,170.83333333333334
45-49,M,170.88333333333333
45-49,M,171.06666666666666
45-49,M,171.33333333333334
45-49,M,171.43333333333334
45-49,M,171.46666666666667
45-49,M,171.55
45-49,M,171.61666666666667
45-49,M,171.61666666666667
45-49,M,171.68333333333334
45-49,M,171.78333333333333
45-49,M,171.85
45-49,M,171.86666666666667
45-49,M,171.91666666666666
45-49,M,172.01666666666668
45-49,M,172.05
45-49,M,172.06666666666666
45-49,M,172.21666666666667
45-49,M,172.4
45-49,M,172.43333333333334
45-49,M,172.43333333333334
45-49,M,172.68333333333334
45-49,M,172.71666666666667
45-49,M,172.86666666666667
45-49,M,172.91666666666666
45-49,M,172.91666666666666
45-49,M,172.98333333333332
45-49,M,173.06666666666666
45-49,M,173.18333333333334
45-49,M,173.43333333333334
45-49,M,173.5
45-49,M,173.61666666666667
45-49,M,173.65
45-49,M,173.68333333333334
45-49,M,173.71666666666667
45-49,M,173.73333333333332
45-49,M,173.73333333333332
45-49,M,173.8
45-49,M,173.8
45-49,M,173.86666666666667
45-49,M,173.9
45-49,M,173.96666666666667
45-49,M,173.98333333333332
45-49,M,174.0
45-49,M,174.01666666666668
45-49,M,174.01666666666668
45-49,M,174.08333333333334
45-49,M,174.11666666666667
45-49,M,174.18333333333334
45-49,M,174.2
45-49,M,174.25
45-49,M,174.4
45-49,M,174.4
45-49,M,174.4
45-49,M,174.48333333333332
45-49,M,174.5
45-49,M,174.55
45-49,M,174.6
45-49,M,174.61666666666667
45-49,M,174.63333333333333
45-49,M,174.66666666666666
45-49,M,174.68333333333334
45-49,M,174.68333333333334
45-49,M,174.75
45-49,M,174.76666666666668
45-49,M,174.81666666666666
45-49,M,174.86666666666667
45-49,M,174.9
45-49,M,174.9
45-49,M,175.08333333333334
45-49,M,175.1
45-49,M,175.13333333333333
45-49,M,175.15
45-49,M,175.2
45-49,M,175.23333333333332
45-49,M,175.31666666666666
45-49,M,175.36666666666667
45-49,M,175.38333333333333
45-49,M,175.4
45-49,M,175.46666666666667
45-49,M,175.55
45-49,M,175.58333333333334
45-49,M,175.6
45-49,M,175.63333333333333
45-49,M,175.65
45-49,M,175.78333333333333
45-49,M,175.8
45-49,M,175.8
45-49,M,175.83333333333334
45-49,M,175.85
45-49,M,175.86666666666667
45-49,M,175.88333333333333
45-49,M,175.9
45-49,M,175.93333333333334
45-49,M,175.95
45-49,M,176.13333333333333
45-49,M,176.15
45-49,M,176.2
45-49,M,176.26666666666668
45-49,M,176.26666666666668
45-49,M,176.28333333333333
45-49,M,176.28333333333333
45-49,M,176.31666666666666
45-49,M,176.31666666666666
45-49,M,176.35
45-49,M,176.36666666666667
45-49,M,176.5
45-49,M,176.51666666666668
45-49,M,176.51666666666668
45-49,M,176.65
45-49,M,176.65
45-49,M,176.66666666666666
45-49,M,176.68333333333334
45-49,M,176.7
45-49,M,176.7
45-49,M,176.71666666666667
45-49,M,176.76666666666668
45-49,M,176.78333333333333
45-49,M,176.86666666666667
45-49,M,176.91666666666666
45-49,M,176.93333333333334
45-49,M,176.95
45-49,M,177.0
45-49,M,177.01666666666668
45-49,M,177.01666666666668
45-49,M,177.06666666666666
45-49,M,177.15
45-49,M,177.15
45-49,M,177.2
45-49,M,177.23333333333332
45-49,M,177.25
45-49,M,177.3
45-49,M,177.31666666666666
45-49,M,177.35
45-49,M,177.45
45-49,M,177.46666666666667
45-49,M,177.48333333333332
45-49,M,177.5
45-49,M,177.55
45-49,M,177.61666666666667
45-49,M,177.65
45-49,M,177.65
45-49,M,177.73333333333332
45-49,M,177.73333333333332
45-49,M,177.73333333333332
45-49,M,177.75
45-49,M,177.75
45-49,M,177.75
45-49,M,177.76666666666668
45-49,M,177.78333333333333
45-49,M,177.86666666666667
45-49,M,177.86666666666667
45-49,M,177.86666666666667
45-49,M,177.88333333333333
45-49,M,177.88333333333333
45-49,M,177.9
45-49,M,177.93333333333334
45-49,M,177.93333333333334
45-49,M,177.95
45-49,M,178.01666666666668
45-49,M,178.08333333333334
45-49,M,178.11666666666667
45-49,M,178.13333333333333
45-49,M,178.15
45-49,M,178.15
45-49,M,178.15
45-49,M,178.16666666666666
45-49,M,178.18333333333334
45-49,M,178.26666666666668
45-49,M,178.26666666666668
45-49,M,178.28333333333333
45-49,M,178.4
45-49,M,178.43333333333334
45-49,M,178.43333333333334
45-49,M,178.46666666666667
45-49,M,178.5
45-49,M,178.53333333333333
45-49,M,178.63333333333333
45-49,M,178.65
45-49,M,178.68333333333334
45-49,M,178.71666666666667
45-49,M,178.71666666666667
45-49,M,178.71666666666667
45-49,M,178.73333333333332
45-49,M,178.73333333333332
45-49,M,178.75
45-49,M,178.78333333333333
45-49,M,178.78333333333333
45-49,M,178.78333333333333
45-49,M,178.8
45-49,M,178.8
45-49,M,178.81666666666666
45-49,M,178.85
45-49,M,178.88333333333333
45-49,M,178.88333333333333
45-49,M,178.88333333333333
45-49,M,178.88333333333333
45-49,M,178.9
45-49,M,178.9
45-49,M,178.91666666666666
45-49,M,178.91666666666666
45-49,M,178.95
45-49,M,178.96666666666667
45-49,M,178.96666666666667
45-49,M,179.05
45-49,M,179.05
45-49,M,179.08333333333334
45-49,M,179.08333333333334
45-49,M,179.1
45-49,M,179.1
45-49,M,179.13333333333333
45-49,M,179.2
45-49,M,179.2
45-49,M,179.21666666666667
45-49,M,179.25
45-49,M,179.25
45-49,M,179.3
45-49,M,179.35
45-49,M,179.38333333333333
45-49,M,179.4
45-49,M,179.41666666666666
45-49,M,179.41666666666666
45-49,M,179.45
45-49,M,179.5
45-49,M,179.53333333333333
45-49,M,179.55
45-49,M,179.58333333333334
45-49,M,179.6
45-49,M,179.63333333333333
45-49,M,179.63333333333333
45-49,M,179.65
45-49,M,179.66666666666666
45-49,M,179.66666666666666
45-49,M,179.68333333333334
45-49,M,179.68333333333334
45-49,M,179.7
45-49,M,179.71666666666667
45-49,M,179.73333333333332
45-49,M,179.76666666666668
45-49,M,179.85
45-49,M,179.85
45-49,M,179.85
45-49,M,179.9
45-49,M,179.96666666666667
45-49,M,179.98333333333332
45-49,M,180.01666666666668
45-49,M,180.03333333333333
45-49,M,180.03333333333333
45-49,M,180.1
45-49,M,180.11666666666667
45-49,M,180.11666666666667
45-49,M,180.11666666666667
45-49,M,180.15
45-49,M,180.15
45-49,M,180.25
45-49,M,180.3
45-49,M,180.38333333333333
45-49,M,180.43333333333337
45-49,M,180.43333333333337
45-49,M,180.45
45-49,M,180.48333333333332
45-49,M,180.53333333333333
45-49,M,180.53333333333333
45-49,M,180.58333333333337
45-49,M,180.6
45-49,M,180.61666666666667
45-49,M,180.63333333333333
45-49,M,180.65
45-49,M,180.65
45-49,M,180.66666666666663
45-49,M,180.68333333333337
45-49,M,180.7
45-49,M,180.75
45-49,M,180.76666666666668
45-49,M,180.81666666666663
45-49,M,180.85
45-49,M,180.85
45-49,M,180.86666666666667
45-49,M,180.86666666666667
45-49,M,180.88333333333333
45-49,M,180.91666666666663
45-49,M,180.93333333333337
45-49,M,180.98333333333332
45-49,M,181.03333333333333
45-49,M,181.05
45-49,M,181.08333333333337
45-49,M,181.08333333333337
45-49,M,181.08333333333337
45-49,M,181.13333333333333
45-49,M,181.15
45-49,M,181.3
45-49,M,181.3
45-49,M,181.31666666666663
45-49,M,181.48333333333332
45-49,M,181.51666666666668
45-49,M,181.73333333333332
45-49,M,181.75
45-49,M,181.78333333333333
45-49,M,181.81666666666663
45-49,M,181.81666666666663
45-49,M,181.88333333333333
45-49,M,181.93333333333337
45-49,M,181.96666666666667
45-49,M,182.03333333333333
45-49,M,182.03333333333333
45-49,M,182.18333333333337
45-49,M,182.18333333333337
45-49,M,182.21666666666667
45-49,M,182.26666666666668
45-49,M,182.31666666666663
45-49,M,182.36666666666667
45-49,M,182.41666666666663
45-49,M,182.41666666666663
45-49,M,182.43333333333337
45-49,M,182.45
45-49,M,182.48333333333332
45-49,M,182.51666666666668
45-49,M,182.51666666666668
45-49,M,182.55
45-49,M,182.65
45-49,M,182.75
45-49,M,182.75
45-49,M,182.83333333333337
45-49,M,182.83333333333337
45-49,M,182.86666666666667
45-49,M,182.93333333333337
45-49,M,182.95
45-49,M,183.0
45-49,M,183.08333333333337
45-49,M,183.13333333333333
45-49,M,183.16666666666663
45-49,M,183.18333333333337
45-49,M,183.18333333333337
45-49,M,183.21666666666667
45-49,M,183.21666666666667
45-49,M,183.21666666666667
45-49,M,183.21666666666667
45-49,M,183.33333333333337
45-49,M,183.38333333333333
45-49,M,183.41666666666663
45-49,M,183.46666666666667
45-49,M,183.46666666666667
45-49,M,183.46666666666667
45-49,M,183.48333333333332
45-49,M,183.5
45-49,M,183.5
45-49,M,183.51666666666668
45-49,M,183.58333333333337
45-49,M,183.58333333333337
45-49,M,183.65
45-49,M,183.65
45-49,M,183.7
45-49,M,183.7
45-49,M,183.78333333333333
45-49,M,183.8
45-49,M,183.81666666666663
45-49,M,183.86666666666667
45-49,M,183.9
45-49,M,184.05
45-49,M,184.06666666666663
45-49,M,184.08333333333337
45-49,M,184.1
45-49,M,184.13333333333333
45-49,M,184.28333333333333
45-49,M,184.3
45-49,M,184.3
45-49,M,184.33333333333337
45-49,M,184.33333333333337
45-49,M,184.41666666666663
45-49,M,184.53333333333333
45-49,M,184.6
45-49,M,184.6
45-49,M,184.6
45-49,M,184.66666666666663
45-49,M,184.75
45-49,M,184.76666666666668
45-49,M,184.78333333333333
45-49,M,184.81666666666663
45-49,M,184.85
45-49,M,184.86666666666667
45-49,M,184.86666666666667
45-49,M,184.9
45-49,M,184.91666666666663
45-49,M,184.91666666666663
45-49,M,184.96666666666667
45-49,M,184.96666666666667
45-49,M,185.01666666666668
45-49,M,185.08333333333337
45-49,M,185.08333333333337
45-49,M,185.08333333333337
45-49,M,185.16666666666663
45-49,M,185.2
45-49,M,185.23333333333332
45-49,M,185.23333333333332
45-49,M,185.26666666666668
45-49,M,185.3
45-49,M,185.33333333333337
45-49,M,185.33333333333337
45-49,M,185.35
45-49,M,185.38333333333333
45-49,M,185.4
45-49,M,185.4
45-49,M,185.4
45-49,M,185.46666666666667
45-49,M,185.48333333333332
45-49,M,185.51666666666668
45-49,M,185.51666666666668
45-49,M,185.51666666666668
45-49,M,185.58333333333337
45-49,M,185.6
45-49,M,185.65
45-49,M,185.65
45-49,M,185.65
45-49,M,185.68333333333337
45-49,M,185.7
45-49,M,185.73333333333332
45-49,M,185.78333333333333
45-49,M,185.78333333333333
45-49,M,185.8
45-49,M,185.81666666666663
45-49,M,185.83333333333337
45-49,M,185.85
45-49,M,185.9
45-49,M,185.91666666666663
45-49,M,185.93333333333337
45-49,M,185.93333333333337
45-49,M,185.95
45-49,M,186.0
45-49,M,186.05
45-49,M,186.05
45-49,M,186.08333333333337
45-49,M,186.15
45-49,M,186.16666666666663
45-49,M,186.23333333333332
45-49,M,186.26666666666668
45-49,M,186.28333333333333
45-49,M,186.28333333333333
45-49,M,186.33333333333337
45-49,M,186.33333333333337
45-49,M,186.33333333333337
45-49,M,186.33333333333337
45-49,M,186.35
45-49,M,186.36666666666667
45-49,M,186.4
45-49,M,186.41666666666663
45-49,M,186.45
45-49,M,186.5
45-49,M,186.51666666666668
45-49,M,186.53333333333333
45-49,M,186.58333333333337
45-49,M,186.61666666666667
45-49,M,186.61666666666667
45-49,M,186.61666666666667
45-49,M,186.63333333333333
45-49,M,186.66666666666663
45-49,M,186.66666666666663
45-49,M,186.68333333333337
45-49,M,186.68333333333337
45-49,M,186.73333333333332
45-49,M,186.73333333333332
45-49,M,186.75
45-49,M,186.81666666666663
45-49,M,186.81666666666663
45-49,M,186.85
45-49,M,186.91666666666663
45-49,M,186.93333333333337
45-49,M,186.93333333333337
45-49,M,186.93333333333337
45-49,M,186.95
45-49,M,186.98333333333332
45-49,M,187.05
45-49,M,187.16666666666663
45-49,M,187.18333333333337
45-49,M,187.21666666666667
45-49,M,187.21666666666667
45-49,M,187.23333333333332
45-49,M,187.25
45-49,M,187.28333333333333
45-49,M,187.28333333333333
45-49,M,187.3
45-49,M,187.41666666666663
45-49,M,187.41666666666663
45-49,M,187.43333333333337
45-49,M,187.45
45-49,M,187.48333333333332
45-49,M,187.53333333333333
45-49,M,187.53333333333333
45-49,M,187.53333333333333
45-49,M,187.55
45-49,M,187.58333333333337
45-49,M,187.58333333333337
45-49,M,187.6
45-49,M,187.6
45-49,M,187.65
45-49,M,187.66666666666663
45-49,M,187.66666666666663
45-49,M,187.7
45-49,M,187.73333333333332
45-49,M,187.8
45-49,M,187.83333333333337
45-49,M,187.88333333333333
45-49,M,187.93333333333337
45-49,M,187.93333333333337
45-49,M,187.96666666666667
45-49,M,188.0
45-49,M,188.01666666666668
45-49,M,188.05
45-49,M,188.06666666666663
45-49,M,188.08333333333337
45-49,M,188.16666666666663
45-49,M,188.18333333333337
45-49,M,188.2
45-49,M,188.21666666666667
45-49,M,188.26666666666668
45-49,M,188.33333333333337
45-49,M,188.36666666666667
45-49,M,188.41666666666663
45-49,M,188.41666666666663
45-49,M,188.46666666666667
45-49,M,188.46666666666667
45-49,M,188.5
45-49,M,188.5
45-49,M,188.5
45-49,M,188.56666666666663
45-49,M,188.56666666666663
45-49,M,188.56666666666663
45-49,M,188.56666666666663
45-49,M,188.58333333333337
45-49,M,188.58333333333337
45-49,M,188.6
45-49,M,188.6
45-49,M,188.63333333333333
45-49,M,188.65
45-49,M,188.65
45-49,M,188.65
45-49,M,188.7
45-49,M,188.73333333333332
45-49,M,188.76666666666668
45-49,M,188.8
45-49,M,188.8
45-49,M,188.8
45-49,M,188.8
45-49,M,188.83333333333337
45-49,M,188.86666666666667
45-49,M,188.88333333333333
45-49,M,188.88333333333333
45-49,M,188.91666666666663
45-49,M,188.96666666666667
45-49,M,188.98333333333332
45-49,M,189.0
45-49,M,189.01666666666668
45-49,M,189.08333333333337
45-49,M,189.1
45-49,M,189.13333333333333
45-49,M,189.13333333333333
45-49,M,189.15
45-49,M,189.16666666666663
45-49,M,189.2
45-49,M,189.25
45-49,M,189.28333333333333
45-49,M,189.28333333333333
45-49,M,189.31666666666663
45-49,M,189.4
45-49,M,189.41666666666663
45-49,M,189.45
45-49,M,189.48333333333332
45-49,M,189.48333333333332
45-49,M,189.48333333333332
45-49,M,189.48333333333332
45-49,M,189.5
45-49,M,189.51666666666668
45-49,M,189.55
45-49,M,189.55
45-49,M,189.58333333333337
45-49,M,189.7
45-49,M,189.75
45-49,M,189.76666666666668
45-49,M,189.76666666666668
45-49,M,189.78333333333333
45-49,M,189.8
45-49,M,189.8
45-49,M,189.8
45-49,M,189.8
45-49,M,189.81666666666663
45-49,M,189.88333333333333
45-49,M,189.95
45-49,M,190.0
45-49,M,190.01666666666668
45-49,M,190.06666666666663
45-49,M,190.08333333333337
45-49,M,190.11666666666667
45-49,M,190.13333333333333
45-49,M,190.15
45-49,M,190.18333333333337
45-49,M,190.21666666666667
45-49,M,190.25
45-49,M,190.25
45-49,M,190.26666666666668
45-49,M,190.26666666666668
45-49,M,190.28333333333333
45-49,M,190.3
45-49,M,190.31666666666663
45-49,M,190.31666666666663
45-49,M,190.31666666666663
45-49,M,190.33333333333337
45-49,M,190.36666666666667
45-49,M,190.41666666666663
45-49,M,190.41666666666663
45-49,M,190.43333333333337
45-49,M,190.48333333333332
45-49,M,190.51666666666668
45-49,M,190.53333333333333
45-49,M,190.65
45-49,M,190.65
45-49,M,190.66666666666663
45-49,M,190.66666666666663
45-49,M,190.68333333333337
45-49,M,190.68333333333337
45-49,M,190.71666666666667
45-49,M,190.73333333333332
45-49,M,190.83333333333337
45-49,M,190.83333333333337
45-49,M,190.86666666666667
45-49,M,190.86666666666667
45-49,M,190.88333333333333
45-49,M,190.88333333333333
45-49,M,190.91666666666663
45-49,M,190.91666666666663
45-49,M,190.93333333333337
45-49,M,190.93333333333337
45-49,M,190.95
45-49,M,190.95
45-49,M,190.98333333333332
45-49,M,191.0
45-49,M,191.0
45-49,M,191.03333333333333
45-49,M,191.08333333333337
45-49,M,191.13333333333333
45-49,M,191.23333333333332
45-49,M,191.26666666666668
45-49,M,191.26666666666668
45-49,M,191.28333333333333
45-49,M,191.3
45-49,M,191.31666666666663
45-49,M,191.31666666666663
45-49,M,191.31666666666663
45-49,M,191.33333333333337
45-49,M,191.33333333333337
45-49,M,191.35
45-49,M,191.36666666666667
45-49,M,191.38333333333333
45-49,M,191.38333333333333
45-49,M,191.4
45-49,M,191.4
45-49,M,191.41666666666663
45-49,M,191.41666666666663
45-49,M,191.43333333333337
45-49,M,191.46666666666667
45-49,M,191.53333333333333
45-49,M,191.55
45-49,M,191.55
45-49,M,191.56666666666663
45-49,M,191.58333333333337
45-49,M,191.58333333333337
45-49,M,191.61666666666667
45-49,M,191.61666666666667
45-49,M,191.65
45-49,M,191.66666666666663
45-49,M,191.7
45-49,M,191.75
45-49,M,191.86666666666667
45-49,M,191.88333333333333
45-49,M,191.91666666666663
45-49,M,191.91666666666663
45-49,M,191.98333333333332
45-49,M,192.0
45-49,M,192.0
45-49,M,192.01666666666668
45-49,M,192.01666666666668
45-49,M,192.03333333333333
45-49,M,192.05
45-49,M,192.06666666666663
45-49,M,192.06666666666663
45-49,M,192.06666666666663
45-49,M,192.08333333333337
45-49,M,192.08333333333337
45-49,M,192.1
45-49,M,192.1
45-49,M,192.15
45-49,M,192.15
45-49,M,192.18333333333337
45-49,M,192.25
45-49,M,192.28333333333333
45-49,M,192.31666666666663
45-49,M,192.38333333333333
45-49,M,192.4
45-49,M,192.41666666666663
45-49,M,192.43333333333337
45-49,M,192.45
45-49,M,192.46666666666667
45-49,M,192.46666666666667
45-49,M,192.5
45-49,M,192.5
45-49,M,192.51666666666668
45-49,M,192.53333333333333
45-49,M,192.53333333333333
45-49,M,192.56666666666663
45-49,M,192.6
45-49,M,192.61666666666667
45-49,M,192.63333333333333
45-49,M,192.7
45-49,M,192.71666666666667
45-49,M,192.71666666666667
45-49,M,192.76666666666668
45-49,M,192.76666666666668
45-49,M,192.78333333333333
45-49,M,192.83333333333337
45-49,M,192.83333333333337
45-49,M,192.83333333333337
45-49,M,192.86666666666667
45-49,M,192.86666666666667
45-49,M,192.86666666666667
45-49,M,192.95
45-49,M,192.96666666666667
45-49,M,192.98333333333332
45-49,M,193.01666666666668
45-49,M,193.01666666666668
45-49,M,193.05
45-49,M,193.06666666666663
45-49,M,193.1
45-49,M,193.1
45-49,M,193.13333333333333
45-49,M,193.13333333333333
45-49,M,193.15
45-49,M,193.2
45-49,M,193.23333333333332
45-49,M,193.23333333333332
45-49,M,193.23333333333332
45-49,M,193.25
45-49,M,193.25
45-49,M,193.26666666666668
45-49,M,193.3
45-49,M,193.3
45-49,M,193.31666666666663
45-49,M,193.36666666666667
45-49,M,193.36666666666667
45-49,M,193.36666666666667
45-49,M,193.38333333333333
45-49,M,193.46666666666667
45-49,M,193.5
45-49,M,193.51666666666668
45-49,M,193.51666666666668
45-49,M,193.55
45-49,M,193.58333333333337
45-49,M,193.58333333333337
45-49,M,193.6
45-49,M,193.65
45-49,M,193.66666666666663
45-49,M,193.66666666666663
45-49,M,193.68333333333337
45-49,M,193.68333333333337
45-49,M,193.7
45-49,M,193.7
45-49,M,193.73333333333332
45-49,M,193.75
45-49,M,193.76666666666668
45-49,M,193.78333333333333
45-49,M,193.81666666666663
45-49,M,193.83333333333337
45-49,M,193.83333333333337
45-49,M,193.85
45-49,M,193.88333333333333
45-49,M,193.88333333333333
45-49,M,193.9
45-49,M,193.91666666666663
45-49,M,193.93333333333337
45-49,M,193.95
45-49,M,193.95
45-49,M,193.95
45-49,M,193.98333333333332
45-49,M,193.98333333333332
45-49,M,194.0
45-49,M,194.01666666666668
45-49,M,194.01666666666668
45-49,M,194.03333333333333
45-49,M,194.05
45-49,M,194.06666666666663
45-49,M,194.08333333333337
45-49,M,194.1
45-49,M,194.13333333333333
45-49,M,194.16666666666663
45-49,M,194.18333333333337
45-49,M,194.2
45-49,M,194.25
45-49,M,194.26666666666668
45-49,M,194.31666666666663
45-49,M,194.35
45-49,M,194.36666666666667
45-49,M,194.4
45-49,M,194.4
45-49,M,194.48333333333332
45-49,M,194.56666666666663
45-49,M,194.56666666666663
45-49,M,194.56666666666663
45-49,M,194.58333333333337
45-49,M,194.6
45-49,M,194.61666666666667
45-49,M,194.66666666666663
45-49,M,194.68333333333337
45-49,M,194.7
45-49,M,194.7
45-49,M,194.73333333333332
45-49,M,194.75
45-49,M,194.76666666666668
45-49,M,194.78333333333333
45-49,M,194.78333333333333
45-49,M,194.8
45-49,M,194.8
45-49,M,194.88333333333333
45-49,M,194.95
45-49,M,194.96666666666667
45-49,M,194.98333333333332
45-49,M,195.0
45-49,M,195.0
45-49,M,195.03333333333333
45-49,M,195.05
45-49,M,195.05
45-49,M,195.08333333333337
45-49,M,195.08333333333337
45-49,M,195.1
45-49,M,195.11666666666667
45-49,M,195.13333333333333
45-49,M,195.13333333333333
45-49,M,195.15
45-49,M,195.18333333333337
45-49,M,195.18333333333337
45-49,M,195.21666666666667
45-49,M,195.21666666666667
45-49,M,195.28333333333333
45-49,M,195.28333333333333
45-49,M,195.28333333333333
45-49,M,195.31666666666663
45-49,M,195.35
45-49,M,195.38333333333333
45-49,M,195.38333333333333
45-49,M,195.41666666666663
45-49,M,195.41666666666663
45-49,M,195.41666666666663
45-49,M,195.45
45-49,M,195.5
45-49,M,195.51666666666668
45-49,M,195.55
45-49,M,195.6
45-49,M,195.6
45-49,M,195.61666666666667
45-49,M,195.65
45-49,M,195.66666666666663
45-49,M,195.68333333333337
45-49,M,195.68333333333337
45-49,M,195.73333333333332
45-49,M,195.75
45-49,M,195.75
45-49,M,195.78333333333333
45-49,M,195.83333333333337
45-49,M,195.83333333333337
45-49,M,195.83333333333337
45-49,M,195.83333333333337
45-49,M,195.86666666666667
45-49,M,195.86666666666667
45-49,M,195.9
45-49,M,195.9
45-49,M,195.91666666666663
45-49,M,195.93333333333337
45-49,M,195.98333333333332
45-49,M,195.98333333333332
45-49,M,196.01666666666668
45-49,M,196.01666666666668
45-49,M,196.03333333333333
45-49,M,196.03333333333333
45-49,M,196.08333333333337
45-49,M,196.1
45-49,M,196.1
45-49,M,196.11666666666667
45-49,M,196.11666666666667
45-49,M,196.15
45-49,M,196.2
45-49,M,196.2
45-49,M,196.2
45-49,M,196.23333333333332
45-49,M,196.25
45-49,M,196.26666666666668
45-49,M,196.28333333333333
45-49,M,196.35
45-49,M,196.36666666666667
45-49,M,196.4
45-49,M,196.41666666666663
45-49,M,196.41666666666663
45-49,M,196.41666666666663
45-49,M,196.48333333333332
45-49,M,196.48333333333332
45-49,M,196.56666666666663
45-49,M,196.56666666666663
45-49,M,196.58333333333337
45-49,M,196.61666666666667
45-49,M,196.65
45-49,M,196.68333333333337
45-49,M,196.7
45-49,M,196.73333333333332
45-49,M,196.75
45-49,M,196.78333333333333
45-49,M,196.8
45-49,M,196.81666666666663
45-49,M,196.83333333333337
45-49,M,196.83333333333337
45-49,M,196.85
45-49,M,196.85
45-49,M,196.86666666666667
45-49,M,196.88333333333333
45-49,M,196.88333333333333
45-49,M,196.9
45-49,M,196.91666666666663
45-49,M,196.93333333333337
45-49,M,196.95
45-49,M,196.95
45-49,M,196.96666666666667
45-49,M,196.98333333333332
45-49,M,197.01666666666668
45-49,M,197.01666666666668
45-49,M,197.05
45-49,M,197.08333333333337
45-49,M,197.08333333333337
45-49,M,197.1
45-49,M,197.13333333333333
45-49,M,197.13333333333333
45-49,M,197.15
45-49,M,197.15
45-49,M,197.15
45-49,M,197.16666666666663
45-49,M,197.2
45-49,M,197.2
45-49,M,197.21666666666667
45-49,M,197.23333333333332
45-49,M,197.25
45-49,M,197.26666666666668
45-49,M,197.26666666666668
45-49,M,197.26666666666668
45-49,M,197.28333333333333
45-49,M,197.3
45-49,M,197.33333333333337
45-49,M,197.35
45-49,M,197.35
45-49,M,197.36666666666667
45-49,M,197.36666666666667
45-49,M,197.4
45-49,M,197.4
45-49,M,197.4
45-49,M,197.4
45-49,M,197.43333333333337
45-49,M,197.43333333333337
45-49,M,197.46666666666667
45-49,M,197.48333333333332
45-49,M,197.5
45-49,M,197.53333333333333
45-49,M,197.55
45-49,M,197.55
45-49,M,197.56666666666663
45-49,M,197.58333333333337
45-49,M,197.58333333333337
45-49,M,197.61666666666667
45-49,M,197.63333333333333
45-49,M,197.65
45-49,M,197.68333333333337
45-49,M,197.7
45-49,M,197.73333333333332
45-49,M,197.73333333333332
45-49,M,197.8
45-49,M,197.8
45-49,M,197.81666666666663
45-49,M,197.83333333333337
45-49,M,197.83333333333337
45-49,M,197.83333333333337
45-49,M,197.85
45-49,M,197.86666666666667
45-49,M,197.9
45-49,M,197.9
45-49,M,197.91666666666663
45-49,M,197.93333333333337
45-49,M,197.93333333333337
45-49,M,197.96666666666667
45-49,M,197.96666666666667
45-49,M,198.0
45-49,M,198.0
45-49,M,198.01666666666668
45-49,M,198.05
45-49,M,198.05
45-49,M,198.1
45-49,M,198.13333333333333
45-49,M,198.15
45-49,M,198.18333333333337
45-49,M,198.21666666666667
45-49,M,198.23333333333332
45-49,M,198.25
45-49,M,198.28333333333333
45-49,M,198.31666666666663
45-49,M,198.33333333333337
45-49,M,198.33333333333337
45-49,M,198.35
45-49,M,198.35
45-49,M,198.36666666666667
45-49,M,198.43333333333337
45-49,M,198.43333333333337
45-49,M,198.48333333333332
45-49,M,198.5
45-49,M,198.53333333333333
45-49,M,198.56666666666663
45-49,M,198.56666666666663
45-49,M,198.56666666666663
45-49,M,198.58333333333337
45-49,M,198.61666666666667
45-49,M,198.61666666666667
45-49,M,198.63333333333333
45-49,M,198.65
45-49,M,198.68333333333337
45-49,M,198.71666666666667
45-49,M,198.75
45-49,M,198.75
45-49,M,198.76666666666668
45-49,M,198.78333333333333
45-49,M,198.78333333333333
45-49,M,198.8
45-49,M,198.81666666666663
45-49,M,198.83333333333337
45-49,M,198.86666666666667
45-49,M,198.88333333333333
45-49,M,198.88333333333333
45-49,M,198.9
45-49,M,198.91666666666663
45-49,M,198.93333333333337
45-49,M,198.93333333333337
45-49,M,199.0
45-49,M,199.03333333333333
45-49,M,199.03333333333333
45-49,M,199.05
45-49,M,199.05
45-49,M,199.05
45-49,M,199.06666666666663
45-49,M,199.08333333333337
45-49,M,199.08333333333337
45-49,M,199.1
45-49,M,199.11666666666667
45-49,M,199.15
45-49,M,199.16666666666663
45-49,M,199.23333333333332
45-49,M,199.26666666666668
45-49,M,199.26666666666668
45-49,M,199.26666666666668
45-49,M,199.28333333333333
45-49,M,199.28333333333333
45-49,M,199.3
45-49,M,199.31666666666663
45-49,M,199.33333333333337
45-49,M,199.35
45-49,M,199.4
45-49,M,199.4
45-49,M,199.45
45-49,M,199.48333333333332
45-49,M,199.51666666666668
45-49,M,199.53333333333333
45-49,M,199.55
45-49,M,199.55
45-49,M,199.56666666666663
45-49,M,199.6
45-49,M,199.65
45-49,M,199.68333333333337
45-49,M,199.7
45-49,M,199.73333333333332
45-49,M,199.73333333333332
45-49,M,199.75
45-49,M,199.78333333333333
45-49,M,199.8
45-49,M,199.83333333333337
45-49,M,199.83333333333337
45-49,M,199.83333333333337
45-49,M,199.85
45-49,M,199.88333333333333
45-49,M,199.88333333333333
45-49,M,199.88333333333333
45-49,M,199.9
45-49,M,199.91666666666663
45-49,M,199.96666666666667
45-49,M,199.98333333333332
45-49,M,199.98333333333332
45-49,M,200.01666666666668
45-49,M,200.01666666666668
45-49,M,200.05
45-49,M,200.1
45-49,M,200.11666666666667
45-49,M,200.15
45-49,M,200.16666666666663
45-49,M,200.21666666666667
45-49,M,200.21666666666667
45-49,M,200.25
45-49,M,200.3
45-49,M,200.31666666666663
45-49,M,200.38333333333333
45-49,M,200.41666666666663
45-49,M,200.6
45-49,M,200.6
45-49,M,200.63333333333333
45-49,M,200.63333333333333
45-49,M,200.65
45-49,M,200.68333333333337
45-49,M,200.7
45-49,M,200.73333333333332
45-49,M,200.8
45-49,M,200.83333333333337
45-49,M,200.88333333333333
45-49,M,200.98333333333332
45-49,M,201.01666666666668
45-49,M,201.03333333333333
45-49,M,201.1
45-49,M,201.11666666666667
45-49,M,201.11666666666667
45-49,M,201.11666666666667
45-49,M,201.21666666666667
45-49,M,201.23333333333332
45-49,M,201.23333333333332
45-49,M,201.31666666666663
45-49,M,201.33333333333337
45-49,M,201.41666666666663
45-49,M,201.43333333333337
45-49,M,201.46666666666667
45-49,M,201.55
45-49,M,201.55
45-49,M,201.6
45-49,M,201.61666666666667
45-49,M,201.61666666666667
45-49,M,201.63333333333333
45-49,M,201.7
45-49,M,201.71666666666667
45-49,M,201.73333333333332
45-49,M,201.76666666666668
45-49,M,201.85
45-49,M,201.85
45-49,M,201.88333333333333
45-49,M,201.88333333333333
45-49,M,201.9
45-49,M,202.0
45-49,M,202.01666666666668
45-49,M,202.05
45-49,M,202.08333333333337
45-49,M,202.08333333333337
45-49,M,202.08333333333337
45-49,M,202.15
45-49,M,202.15
45-49,M,202.2
45-49,M,202.2
45-49,M,202.21666666666667
45-49,M,202.23333333333332
45-49,M,202.25
45-49,M,202.3
45-49,M,202.31666666666663
45-49,M,202.36666666666667
45-49,M,202.36666666666667
45-49,M,202.4
45-49,M,202.43333333333337
45-49,M,202.43333333333337
45-49,M,202.45
45-49,M,202.46666666666667
45-49,M,202.5
45-49,M,202.56666666666663
45-49,M,202.58333333333337
45-49,M,202.6
45-49,M,202.6
45-49,M,202.6
45-49,M,202.6
45-49,M,202.63333333333333
45-49,M,202.65
45-49,M,202.65
45-49,M,202.66666666666663
45-49,M,202.75
45-49,M,202.76666666666668
45-49,M,202.76666666666668
45-49,M,202.78333333333333
45-49,M,202.8
45-49,M,202.81666666666663
45-49,M,202.9
45-49,M,202.91666666666663
45-49,M,202.93333333333337
45-49,M,202.93333333333337
45-49,M,202.95
45-49,M,203.05
45-49,M,203.05
45-49,M,203.15
45-49,M,203.16666666666663
45-49,M,203.2
45-49,M,203.21666666666667
45-49,M,203.21666666666667
45-49,M,203.25
45-49,M,203.26666666666668
45-49,M,203.28333333333333
45-49,M,203.33333333333337
45-49,M,203.33333333333337
45-49,M,203.36666666666667
45-49,M,203.41666666666663
45-49,M,203.48333333333332
45-49,M,203.48333333333332
45-49,M,203.5
45-49,M,203.5
45-49,M,203.58333333333337
45-49,M,203.61666666666667
45-49,M,203.63333333333333
45-49,M,203.65
45-49,M,203.66666666666663
45-49,M,203.68333333333337
45-49,M,203.75
45-49,M,203.83333333333337
45-49,M,203.86666666666667
45-49,M,203.93333333333337
45-49,M,203.95
45-49,M,203.95
45-49,M,203.96666666666667
45-49,M,203.96666666666667
45-49,M,204.01666666666668
45-49,M,204.05
45-49,M,204.05
45-49,M,204.08333333333337
45-49,M,204.11666666666667
45-49,M,204.13333333333333
45-49,M,204.13333333333333
45-49,M,204.16666666666663
45-49,M,204.18333333333337
45-49,M,204.2
45-49,M,204.21666666666667
45-49,M,204.23333333333332
45-49,M,204.25
45-49,M,204.31666666666663
45-49,M,204.33333333333337
45-49,M,204.33333333333337
45-49,M,204.36666666666667
45-49,M,204.41666666666663
45-49,M,204.43333333333337
45-49,M,204.45
45-49,M,204.45
45-49,M,204.48333333333332
45-49,M,204.48333333333332
45-49,M,204.56666666666663
45-49,M,204.58333333333337
45-49,M,204.61666666666667
45-49,M,204.63333333333333
45-49,M,204.66666666666663
45-49,M,204.75
45-49,M,204.76666666666668
45-49,M,204.76666666666668
45-49,M,204.78333333333333
45-49,M,204.78333333333333
45-49,M,204.8
45-49,M,204.86666666666667
45-49,M,204.88333333333333
45-49,M,204.95
45-49,M,204.95
45-49,M,204.98333333333332
45-49,M,205.0
45-49,M,205.01666666666668
45-49,M,205.01666666666668
45-49,M,205.03333333333333
45-49,M,205.06666666666663
45-49,M,205.11666666666667
45-49,M,205.18333333333337
45-49,M,205.18333333333337
45-49,M,205.21666666666667
45-49,M,205.21666666666667
45-49,M,205.21666666666667
45-49,M,205.23333333333332
45-49,M,205.23333333333332
45-49,M,205.26666666666668
45-49,M,205.3
45-49,M,205.31666666666663
45-49,M,205.31666666666663
45-49,M,205.33333333333337
45-49,M,205.38333333333333
45-49,M,205.4
45-49,M,205.43333333333337
45-49,M,205.46666666666667
45-49,M,205.46666666666667
45-49,M,205.55
45-49,M,205.61666666666667
45-49,M,205.61666666666667
45-49,M,205.65
45-49,M,205.71666666666667
45-49,M,205.78333333333333
45-49,M,205.78333333333333
45-49,M,205.8
45-49,M,205.85
45-49,M,205.9
45-49,M,205.91666666666663
45-49,M,205.95
45-49,M,205.95
45-49,M,206.0
45-49,M,206.05
45-49,M,206.11666666666667
45-49,M,206.2
45-49,M,206.21666666666667
45-49,M,206.25
45-49,M,206.31666666666663
45-49,M,206.33333333333337
45-49,M,206.35
45-49,M,206.35
45-49,M,206.35
45-49,M,206.4
45-49,M,206.4
45-49,M,206.46666666666667
45-49,M,206.46666666666667
45-49,M,206.51666666666668
45-49,M,206.55
45-49,M,206.63333333333333
45-49,M,206.63333333333333
45-49,M,206.65
45-49,M,206.65
45-49,M,206.73333333333332
45-49,M,206.76666666666668
45-49,M,206.8
45-49,M,206.81666666666663
45-49,M,206.85
45-49,M,206.88333333333333
45-49,M,206.95
45-49,M,207.0
45-49,M,207.05
45-49,M,207.05
45-49,M,207.1
45-49,M,207.13333333333333
45-49,M,207.18333333333337
45-49,M,207.2
45-49,M,207.21666666666667
45-49,M,207.25
45-49,M,207.26666666666668
45-49,M,207.31666666666663
45-49,M,207.36666666666667
45-49,M,207.4
45-49,M,207.43333333333337
45-49,M,207.43333333333337
45-49,M,207.53333333333333
45-49,M,207.53333333333333
45-49,M,207.55
45-49,M,207.6
45-49,M,207.63333333333333
45-49,M,207.66666666666663
45-49,M,207.73333333333332
45-49,M,207.73333333333332
45-49,M,207.78333333333333
45-49,M,207.8
45-49,M,207.86666666666667
45-49,M,207.86666666666667
45-49,M,207.91666666666663
45-49,M,207.95
45-49,M,207.96666666666667
45-49,M,207.96666666666667
45-49,M,208.0
45-49,M,208.03333333333333
45-49,M,208.03333333333333
45-49,M,208.06666666666663
45-49,M,208.1
45-49,M,208.11666666666667
45-49,M,208.11666666666667
45-49,M,208.13333333333333
45-49,M,208.13333333333333
45-49,M,208.13333333333333
45-49,M,208.13333333333333
45-49,M,208.16666666666663
45-49,M,208.23333333333332
45-49,M,208.28333333333333
45-49,M,208.3
45-49,M,208.35
45-49,M,208.45
45-49,M,208.46666666666667
45-49,M,208.48333333333332
45-49,M,208.51666666666668
45-49,M,208.55
45-49,M,208.56666666666663
45-49,M,208.58333333333337
45-49,M,208.58333333333337
45-49,M,208.63333333333333
45-49,M,208.66666666666663
45-49,M,208.68333333333337
45-49,M,208.76666666666668
45-49,M,208.8
45-49,M,208.81666666666663
45-49,M,208.85
45-49,M,208.85
45-49,M,208.86666666666667
45-49,M,208.93333333333337
45-49,M,209.0
45-49,M,209.01666666666668
45-49,M,209.08333333333337
45-49,M,209.16666666666663
45-49,M,209.25
45-49,M,209.25
45-49,M,209.36666666666667
45-49,M,209.48333333333332
45-49,M,209.55
45-49,M,209.61666666666667
45-49,M,209.61666666666667
45-49,M,209.63333333333333
45-49,M,209.63333333333333
45-49,M,209.65
45-49,M,209.66666666666663
45-49,M,209.7
45-49,M,209.75
45-49,M,209.78333333333333
45-49,M,209.8
45-49,M,209.83333333333337
45-49,M,209.85
45-49,M,209.93333333333337
45-49,M,209.95
45-49,M,209.96666666666667
45-49,M,209.98333333333332
45-49,M,209.98333333333332
45-49,M,210.03333333333333
45-49,M,210.06666666666663
45-49,M,210.08333333333337
45-49,M,210.08333333333337
45-49,M,210.1
45-49,M,210.2
45-49,M,210.23333333333332
45-49,M,210.25
45-49,M,210.26666666666668
45-49,M,210.3
45-49,M,210.38333333333333
45-49,M,210.43333333333337
45-49,M,210.45
45-49,M,210.48333333333332
45-49,M,210.5
45-49,M,210.53333333333333
45-49,M,210.56666666666663
45-49,M,210.68333333333337
45-49,M,210.71666666666667
45-49,M,210.8
45-49,M,210.8
45-49,M,210.88333333333333
45-49,M,210.93333333333337
45-49,M,211.03333333333333
45-49,M,211.05
45-49,M,211.13333333333333
45-49,M,211.18333333333337
45-49,M,211.2
45-49,M,211.2
45-49,M,211.25
45-49,M,211.26666666666668
45-49,M,211.4
45-49,M,211.41666666666663
45-49,M,211.43333333333337
45-49,M,211.43333333333337
45-49,M,211.5
45-49,M,211.51666666666668
45-49,M,211.53333333333333
45-49,M,211.53333333333333
45-49,M,211.55
45-49,M,211.58333333333337
45-49,M,211.7
45-49,M,211.75
45-49,M,211.91666666666663
45-49,M,212.03333333333333
45-49,M,212.05
45-49,M,212.1
45-49,M,212.21666666666667
45-49,M,212.23333333333332
45-49,M,212.25
45-49,M,212.36666666666667
45-49,M,212.41666666666663
45-49,M,212.45
45-49,M,212.48333333333332
45-49,M,212.58333333333337
45-49,M,212.8
45-49,M,212.81666666666663
45-49,M,212.81666666666663
45-49,M,212.91666666666663
45-49,M,212.93333333333337
45-49,M,213.13333333333333
45-49,M,213.15
45-49,M,213.2
45-49,M,213.23333333333332
45-49,M,213.4
45-49,M,213.43333333333337
45-49,M,213.46666666666667
45-49,M,213.51666666666668
45-49,M,213.63333333333333
45-49,M,213.66666666666663
45-49,M,213.78333333333333
45-49,M,213.83333333333337
45-49,M,213.83333333333337
45-49,M,213.83333333333337
45-49,M,213.95
45-49,M,213.96666666666667
45-49,M,214.0
45-49,M,214.06666666666663
45-49,M,214.08333333333337
45-49,M,214.13333333333333
45-49,M,214.2
45-49,M,214.23333333333332
45-49,M,214.28333333333333
45-49,M,214.3
45-49,M,214.33333333333337
45-49,M,214.36666666666667
45-49,M,214.4
45-49,M,214.4
45-49,M,214.41666666666663
45-49,M,214.46666666666667
45-49,M,214.5
45-49,M,214.5
45-49,M,214.51666666666668
45-49,M,214.6
45-49,M,214.7
45-49,M,214.73333333333332
45-49,M,214.86666666666667
45-49,M,214.86666666666667
45-49,M,214.88333333333333
45-49,M,214.93333333333337
45-49,M,215.0
45-49,M,215.13333333333333
45-49,M,215.16666666666663
45-49,M,215.2
45-49,M,215.25
45-49,M,215.26666666666668
45-49,M,215.35
45-49,M,215.35
45-49,M,215.45
45-49,M,215.51666666666668
45-49,M,215.51666666666668
45-49,M,215.51666666666668
45-49,M,215.6
45-49,M,215.63333333333333
45-49,M,215.63333333333333
45-49,M,215.65
45-49,M,215.68333333333337
45-49,M,215.8
45-49,M,215.9
45-49,M,215.96666666666667
45-49,M,215.96666666666667
45-49,M,215.98333333333332
45-49,M,216.08333333333337
45-49,M,216.11666666666667
45-49,M,216.2
45-49,M,216.21666666666667
45-49,M,216.23333333333332
45-49,M,216.3
45-49,M,216.3
45-49,M,216.35
45-49,M,216.43333333333337
45-49,M,216.58333333333337
45-49,M,216.58333333333337
45-49,M,216.66666666666663
45-49,M,216.73333333333332
45-49,M,216.75
45-49,M,216.9
45-49,M,216.98333333333332
45-49,M,217.05
45-49,M,217.05
45-49,M,217.13333333333333
45-49,M,217.15
45-49,M,217.15
45-49,M,217.15
45-49,M,217.25
45-49,M,217.26666666666668
45-49,M,217.28333333333333
45-49,M,217.28333333333333
45-49,M,217.35
45-49,M,217.35
45-49,M,217.38333333333333
45-49,M,217.5
45-49,M,217.63333333333333
45-49,M,217.66666666666663
45-49,M,217.75
45-49,M,217.83333333333337
45-49,M,217.85
45-49,M,217.93333333333337
45-49,M,218.0
45-49,M,218.05
45-49,M,218.06666666666663
45-49,M,218.11666666666667
45-49,M,218.15
45-49,M,218.23333333333332
45-49,M,218.28333333333333
45-49,M,218.28333333333333
45-49,M,218.33333333333337
45-49,M,218.38333333333333
45-49,M,218.38333333333333
45-49,M,218.43333333333337
45-49,M,218.53333333333333
45-49,M,218.53333333333333
45-49,M,218.56666666666663
45-49,M,218.58333333333337
45-49,M,218.81666666666663
45-49,M,218.86666666666667
45-49,M,218.91666666666663
45-49,M,218.98333333333332
45-49,M,219.1
45-49,M,219.15
45-49,M,219.25
45-49,M,219.28333333333333
45-49,M,219.6
45-49,M,219.65
45-49,M,219.68333333333337
45-49,M,219.8
45-49,M,219.83333333333337
45-49,M,219.93333333333337
45-49,M,219.93333333333337
45-49,M,219.95
45-49,M,219.98333333333332
45-49,M,220.15
45-49,M,220.25
45-49,M,220.41666666666663
45-49,M,220.48333333333332
45-49,M,220.5
45-49,M,220.5
45-49,M,220.55
45-49,M,220.68333333333337
45-49,M,220.7
45-49,M,220.8
45-49,M,220.93333333333337
45-49,M,221.25
45-49,M,221.3
45-49,M,221.4
45-49,M,221.51666666666668
45-49,M,221.6
45-49,M,221.65
45-49,M,221.65
45-49,M,221.7
45-49,M,221.86666666666667
45-49,M,221.91666666666663
45-49,M,222.08333333333337
45-49,M,222.31666666666663
45-49,M,222.35
45-49,M,222.35
45-49,M,222.43333333333337
45-49,M,222.48333333333332
45-49,M,222.5
45-49,M,222.5
45-49,M,222.58333333333337
45-49,M,222.61666666666667
45-49,M,222.63333333333333
45-49,M,222.75
45-49,M,222.8
45-49,M,222.83333333333337
45-49,M,222.85
45-49,M,222.88333333333333
45-49,M,223.13333333333333
45-49,M,223.2
45-49,M,223.23333333333332
45-49,M,223.26666666666668
45-49,M,223.28333333333333
45-49,M,223.28333333333333
45-49,M,223.55
45-49,M,223.56666666666663
45-49,M,223.65
45-49,M,224.13333333333333
45-49,M,224.13333333333333
45-49,M,224.15
45-49,M,224.18333333333337
45-49,M,224.18333333333337
45-49,M,224.21666666666667
45-49,M,224.21666666666667
45-49,M,224.26666666666668
45-49,M,224.36666666666667
45-49,M,224.38333333333333
45-49,M,224.4
45-49,M,224.41666666666663
45-49,M,224.53333333333333
45-49,M,224.56666666666663
45-49,M,224.68333333333337
45-49,M,224.73333333333332
45-49,M,224.83333333333337
45-49,M,224.88333333333333
45-49,M,224.91666666666663
45-49,M,224.96666666666667
45-49,M,225.05
45-49,M,225.05
45-49,M,225.08333333333337
45-49,M,225.18333333333337
45-49,M,225.33333333333337
45-49,M,225.38333333333333
45-49,M,225.41666666666663
45-49,M,225.53333333333333
45-49,M,225.53333333333333
45-49,M,225.71666666666667
45-49,M,225.75
45-49,M,225.91666666666663
45-49,M,226.01666666666668
45-49,M,226.26666666666668
45-49,M,226.53333333333333
45-49,M,226.61666666666667
45-49,M,226.7
45-49,M,226.76666666666668
45-49,M,226.83333333333337
45-49,M,226.9
45-49,M,226.98333333333332
45-49,M,227.51666666666668
45-49,M,227.6
45-49,M,227.63333333333333
45-49,M,227.71666666666667
45-49,M,227.73333333333332
45-49,M,227.88333333333333
45-49,M,227.93333333333337
45-49,M,227.96666666666667
45-49,M,228.13333333333333
45-49,M,228.15
45-49,M,228.21666666666667
45-49,M,228.23333333333332
45-49,M,228.23333333333332
45-49,M,228.3
45-49,M,228.55
45-49,M,228.7
45-49,M,228.71666666666667
45-49,M,228.73333333333332
45-49,M,228.86666666666667
45-49,M,228.98333333333332
45-49,M,229.06666666666663
45-49,M,229.11666666666667
45-49,M,229.2
45-49,M,229.2
45-49,M,229.31666666666663
45-49,M,229.31666666666663
45-49,M,229.33333333333337
45-49,M,229.38333333333333
45-49,M,229.51666666666668
45-49,M,229.53333333333333
45-49,M,229.63333333333333
45-49,M,229.65
45-49,M,229.75
45-49,M,229.76666666666668
45-49,M,229.9
45-49,M,230.0
45-49,M,230.1
45-49,M,230.28333333333333
45-49,M,230.33333333333337
45-49,M,230.43333333333337
45-49,M,230.58333333333337
45-49,M,230.73333333333332
45-49,M,230.88333333333333
45-49,M,231.1
45-49,M,231.3
45-49,M,231.41666666666663
45-49,M,231.5
45-49,M,231.55
45-49,M,231.68333333333337
45-49,M,231.73333333333332
45-49,M,231.78333333333333
45-49,M,232.06666666666663
45-49,M,232.23333333333332
45-49,M,232.28333333333333
45-49,M,232.3
45-49,M,232.4
45-49,M,232.43333333333337
45-49,M,232.45
45-49,M,232.66666666666663
45-49,M,233.05
45-49,M,233.05
45-49,M,233.33333333333337
45-49,M,233.41666666666663
45-49,M,233.41666666666663
45-49,M,233.48333333333332
45-49,M,233.51666666666668
45-49,M,233.53333333333333
45-49,M,233.53333333333333
45-49,M,233.68333333333337
45-49,M,233.7
45-49,M,233.93333333333337
45-49,M,233.95
45-49,M,234.16666666666663
45-49,M,234.16666666666663
45-49,M,234.38333333333333
45-49,M,234.81666666666663
45-49,M,235.01666666666668
45-49,M,235.28333333333333
45-49,M,235.35
45-49,M,235.38333333333333
45-49,M,235.53333333333333
45-49,M,235.55
45-49,M,235.73333333333332
45-49,M,236.2
45-49,M,236.28333333333333
45-49,M,236.33333333333337
45-49,M,236.58333333333337
45-49,M,236.66666666666663
45-49,M,236.73333333333332
45-49,M,236.76666666666668
45-49,M,236.91666666666663
45-49,M,237.56666666666663
45-49,M,237.68333333333337
45-49,M,237.71666666666667
45-49,M,237.88333333333333
45-49,M,237.96666666666667
45-49,M,238.28333333333333
45-49,M,238.33333333333337
45-49,M,238.38333333333333
45-49,M,238.48333333333332
45-49,M,238.71666666666667
45-49,M,238.75
45-49,M,238.93333333333337
45-49,M,238.95
45-49,M,239.05
45-49,M,239.08333333333337
45-49,M,239.11666666666667
45-49,M,239.13333333333333
45-49,M,239.2
45-49,M,239.48333333333332
45-49,M,239.5
45-49,M,239.51666666666668
45-49,M,239.58333333333337
45-49,M,239.96666666666667
45-49,M,240.0
45-49,M,240.0
45-49,M,240.1
45-49,M,240.16666666666663
45-49,M,240.16666666666663
45-49,M,240.28333333333333
45-49,M,240.68333333333337
45-49,M,240.7
45-49,M,240.75
45-49,M,240.9
45-49,M,241.58333333333337
45-49,M,241.58333333333337
45-49,M,241.9
45-49,M,241.93333333333337
45-49,M,242.1
45-49,M,242.13333333333333
45-49,M,242.28333333333333
45-49,M,242.78333333333333
45-49,M,242.9
45-49,M,243.85
45-49,M,243.85
45-49,M,243.95
45-49,M,244.18333333333337
45-49,M,244.35
45-49,M,244.4
45-49,M,244.51666666666668
45-49,M,244.6
45-49,M,244.61666666666667
45-49,M,244.83333333333337
45-49,M,244.88333333333333
45-49,M,244.88333333333333
45-49,M,245.0
45-49,M,245.06666666666663
45-49,M,245.1
45-49,M,245.51666666666668
45-49,M,246.01666666666668
45-49,M,246.13333333333333
45-49,M,246.31666666666663
45-49,M,246.58333333333337
45-49,M,246.58333333333337
45-49,M,246.61666666666667
45-49,M,246.75
45-49,M,247.01666666666668
45-49,M,247.11666666666667
45-49,M,247.16666666666663
45-49,M,247.78333333333333
45-49,M,247.88333333333333
45-49,M,247.88333333333333
45-49,M,248.21666666666667
45-49,M,248.23333333333332
45-49,M,248.23333333333332
45-49,M,248.28333333333333
45-49,M,248.48333333333332
45-49,M,248.66666666666663
45-49,M,248.78333333333333
45-49,M,248.81666666666663
45-49,M,248.83333333333337
45-49,M,248.85
45-49,M,248.93333333333337
45-49,M,249.06666666666663
45-49,M,249.3
45-49,M,249.41666666666663
45-49,M,249.46666666666667
45-49,M,249.61666666666667
45-49,M,249.95
45-49,M,250.86666666666667
45-49,M,251.06666666666663
45-49,M,251.43333333333337
45-49,M,251.66666666666663
45-49,M,251.78333333333333
45-49,M,252.31666666666663
45-49,M,252.36666666666667
45-49,M,252.41666666666663
45-49,M,252.45
45-49,M,252.88333333333333
45-49,M,253.21666666666667
45-49,M,253.21666666666667
45-49,M,253.75
45-49,M,253.78333333333333
45-49,M,253.8
45-49,M,253.81666666666663
45-49,M,253.88333333333333
45-49,M,254.0
45-49,M,254.35
45-49,M,254.35
45-49,M,254.65
45-49,M,254.66666666666663
45-49,M,254.7
45-49,M,254.81666666666663
45-49,M,254.86666666666667
45-49,M,255.0
45-49,M,255.03333333333333
45-49,M,255.15
45-49,M,255.65
45-49,M,255.75
45-49,M,255.96666666666667
45-49,M,256.1333333333333
45-49,M,256.23333333333335
45-49,M,256.25
45-49,M,256.3
45-49,M,256.3333333333333
45-49,M,256.3833333333333
45-49,M,256.5
45-49,M,256.55
45-49,M,257.3333333333333
45-49,M,257.3666666666667
45-49,M,257.3666666666667
45-49,M,257.71666666666664
45-49,M,258.3333333333333
45-49,M,258.48333333333335
45-49,M,258.76666666666665
45-49,M,258.8833333333333
45-49,M,258.93333333333334
45-49,M,259.05
45-49,M,259.15
45-49,M,259.2
45-49,M,259.21666666666664
45-49,M,259.25
45-49,M,259.31666666666666
45-49,M,259.3833333333333
45-49,M,259.6666666666667
45-49,M,260.15
45-49,M,260.28333333333336
45-49,M,260.35
45-49,M,260.45
45-49,M,260.46666666666664
45-49,M,260.5833333333333
45-49,M,260.6166666666667
45-49,M,260.6166666666667
45-49,M,260.76666666666665
45-49,M,260.76666666666665
45-49,M,261.0
45-49,M,261.25
45-49,M,261.4
45-49,M,261.76666666666665
45-49,M,262.1666666666667
45-49,M,262.6
45-49,M,262.73333333333335
45-49,M,262.78333333333336
45-49,M,262.9
45-49,M,263.15
45-49,M,263.15
45-49,M,263.5833333333333
45-49,M,263.5833333333333
45-49,M,263.6333333333333
45-49,M,263.7
45-49,M,263.8333333333333
45-49,M,264.3666666666667
45-49,M,265.56666666666666
45-49,M,265.6333333333333
45-49,M,266.31666666666666
45-49,M,266.3333333333333
45-49,M,266.55
45-49,M,266.6166666666667
45-49,M,266.8666666666667
45-49,M,266.8666666666667
45-49,M,267.1
45-49,M,267.8666666666667
45-49,M,267.8666666666667
45-49,M,267.8833333333333
45-49,M,267.9166666666667
45-49,M,268.31666666666666
45-49,M,268.3333333333333
45-49,M,268.6666666666667
45-49,M,269.15
45-49,M,269.3333333333333
45-49,M,270.4
45-49,M,270.71666666666664
45-49,M,270.78333333333336
45-49,M,270.8833333333333
45-49,M,271.95
45-49,M,272.5833333333333
45-49,M,272.81666666666666
45-49,M,273.1
45-49,M,273.6333333333333
45-49,M,273.65
45-49,M,273.9166666666667
45-49,M,274.0833333333333
45-49,M,274.1333333333333
45-49,M,274.28333333333336
45-49,M,274.4
45-49,M,274.6166666666667
45-49,M,275.06666666666666
45-49,M,275.18333333333334
45-49,M,275.35
45-49,M,275.55
45-49,M,275.93333333333334
45-49,M,276.1
45-49,M,276.6
45-49,M,277.43333333333334
45-49,M,277.8
45-49,M,278.3
45-49,M,278.51666666666665
45-49,M,278.8666666666667
45-49,M,278.9
45-49,M,279.0833333333333
45-49,M,279.28333333333336
45-49,M,279.85
45-49,M,280.4
45-49,M,280.51666666666665
45-49,M,280.76666666666665
45-49,M,280.96666666666664
45-49,M,282.05
45-49,M,282.18333333333334
45-49,M,282.45
45-49,M,282.78333333333336
45-49,M,284.0
45-49,M,284.4
45-49,M,284.45
45-49,M,284.46666666666664
45-49,M,284.55
45-49,M,284.75
45-49,M,285.1666666666667
45-49,M,285.28333333333336
45-49,M,286.0
45-49,M,286.1
45-49,M,286.53333333333336
45-49,M,287.03333333333336
45-49,M,287.31666666666666
45-49,M,287.6
45-49,M,287.7
45-49,M,287.75
45-49,M,287.8666666666667
45-49,M,288.3666666666667
45-49,M,288.4166666666667
45-49,M,289.1333333333333
45-49,M,289.1666666666667
45-49,M,289.3
45-49,M,289.65
45-49,M,289.75
45-49,M,290.21666666666664
45-49,M,290.3666666666667
45-49,M,290.4
45-49,M,290.65
45-49,M,290.6666666666667
45-49,M,290.78333333333336
45-49,M,290.8333333333333
45-49,M,290.8666666666667
45-49,M,291.53333333333336
45-49,M,291.8833333333333
45-49,M,292.1
45-49,M,292.3833333333333
45-49,M,292.93333333333334
45-49,M,293.28333333333336
45-49,M,293.45
45-49,M,293.8
45-49,M,294.53333333333336
45-49,M,294.75
45-49,M,294.93333333333334
45-49,M,295.0
45-49,M,295.46666666666664
45-49,M,295.53333333333336
45-49,M,295.6666666666667
45-49,M,295.93333333333334
45-49,M,296.56666666666666
45-49,M,297.1166666666667
45-49,M,297.75
45-49,M,298.3333333333333
45-49,M,299.0
45-49,M,299.26666666666665
45-49,M,301.03333333333336
45-49,M,301.18333333333334
45-49,M,301.3666666666667
45-49,M,302.1333333333333
45-49,M,302.35
45-49,M,303.1333333333333
45-49,M,304.05
45-49,M,304.4166666666667
45-49,M,304.6
45-49,M,305.1333333333333
45-49,M,305.3333333333333
45-49,M,305.8
45-49,M,306.68333333333334
45-49,M,307.9
45-49,M,307.95
45-49,M,307.96666666666664
45-49,M,309.28333333333336
45-49,M,309.46666666666664
45-49,M,310.28333333333336
45-49,M,310.46666666666664
45-49,M,310.9
45-49,M,310.96666666666664
45-49,M,311.0833333333333
45-49,M,311.31666666666666
45-49,M,311.55
45-49,M,311.73333333333335
45-49,M,311.8
45-49,M,311.93333333333334
45-49,M,312.6666666666667
45-49,M,312.76666666666665
45-49,M,312.96666666666664
45-49,M,313.26666666666665
45-49,M,313.35
45-49,M,313.55
45-49,M,314.18333333333334
45-49,M,314.26666666666665
45-49,M,314.3333333333333
45-49,M,315.75
45-49,M,316.78333333333336
45-49,M,317.55
45-49,M,317.76666666666665
45-49,M,318.28333333333336
45-49,M,319.06666666666666
45-49,M,319.18333333333334
45-49,M,319.48333333333335
45-49,M,321.3
45-49,M,321.73333333333335
45-49,M,321.81666666666666
45-49,M,321.9166666666667
45-49,M,322.43333333333334
45-49,M,323.05
45-49,M,323.85
45-49,M,325.26666666666665
45-49,M,325.45
45-49,M,325.6666666666667
45-49,M,326.3833333333333
45-49,M,327.53333333333336
45-49,M,330.23333333333335
45-49,M,330.35
45-49,M,330.43333333333334
45-49,M,331.1333333333333
45-49,M,331.85
45-49,M,334.18333333333334
45-49,M,335.06666666666666
45-49,M,335.4166666666667
45-49,M,335.6166666666667
45-49,M,337.6
45-49,M,337.76666666666665
45-49,M,339.35
45-49,M,341.15
45-49,M,342.73333333333335
45-49,M,343.31666666666666
45-49,M,343.35
45-49,M,345.46666666666664
45-49,M,346.81666666666666
45-49,M,346.8666666666667
45-49,M,346.8833333333333
45-49,M,348.6
45-49,M,350.26666666666665
45-49,M,352.68333333333334
45-49,M,353.5
45-49,M,354.8333333333333
45-49,M,355.23333333333335
45-49,M,355.81666666666666
45-49,M,356.05
45-49,M,356.43333333333334
45-49,M,356.55
45-49,M,358.3666666666667
45-49,M,358.4
45-49,M,358.55
45-49,M,360.0833333333333
45-49,M,360.3
45-49,M,364.81666666666666
45-49,M,368.48333333333335
45-49,M,369.1
45-49,M,376.93333333333334
50-54,M,153.5
50-54,M,154.11666666666667
50-54,M,154.28333333333333
50-54,M,158.83333333333334
50-54,M,158.95
50-54,M,159.18333333333334
50-54,M,159.83333333333334
50-54,M,160.55
50-54,M,161.76666666666668
50-54,M,161.88333333333333
50-54,M,162.66666666666666
50-54,M,162.71666666666667
50-54,M,163.05
50-54,M,163.25
50-54,M,164.73333333333332
50-54,M,166.23333333333332
50-54,M,166.45
50-54,M,166.83333333333334
50-54,M,167.11666666666667
50-54,M,167.21666666666667
50-54,M,167.45
50-54,M,167.93333333333334
50-54,M,167.96666666666667
50-54,M,168.25
50-54,M,168.25
50-54,M,168.31666666666666
50-54,M,168.41666666666666
50-54,M,169.33333333333334
50-54,M,169.66666666666666
50-54,M,169.95
50-54,M,170.53333333333333
50-54,M,170.6
50-54,M,170.61666666666667
50-54,M,170.78333333333333
50-54,M,171.01666666666668
50-54,M,171.4
50-54,M,171.56666666666666
50-54,M,171.78333333333333
50-54,M,171.95
50-54,M,172.23333333333332
50-54,M,172.23333333333332
50-54,M,172.25
50-54,M,172.4
50-54,M,172.81666666666666
50-54,M,172.95
50-54,M,172.98333333333332
50-54,M,173.1
50-54,M,173.11666666666667
50-54,M,173.15
50-54,M,173.25
50-54,M,173.4
50-54,M,173.48333333333332
50-54,M,173.83333333333334
50-54,M,173.93333333333334
50-54,M,174.0
50-54,M,174.06666666666666
50-54,M,174.11666666666667
50-54,M,174.18333333333334
50-54,M,174.26666666666668
50-54,M,174.41666666666666
50-54,M,174.43333333333334
50-54,M,174.43333333333334
50-54,M,174.45
50-54,M,174.51666666666668
50-54,M,174.66666666666666
50-54,M,175.01666666666668
50-54,M,175.1
50-54,M,175.25
50-54,M,175.25
50-54,M,175.36666666666667
50-54,M,175.45
50-54,M,175.51666666666668
50-54,M,175.53333333333333
50-54,M,175.58333333333334
50-54,M,175.6
50-54,M,175.65
50-54,M,176.2
50-54,M,176.2
50-54,M,176.23333333333332
50-54,M,176.31666666666666
50-54,M,176.4
50-54,M,176.41666666666666
50-54,M,176.45
50-54,M,176.48333333333332
50-54,M,176.53333333333333
50-54,M,176.56666666666666
50-54,M,176.6
50-54,M,176.71666666666667
50-54,M,176.73333333333332
50-54,M,176.86666666666667
50-54,M,176.88333333333333
50-54,M,176.91666666666666
50-54,M,177.13333333333333
50-54,M,177.2
50-54,M,177.2
50-54,M,177.36666666666667
50-54,M,177.38333333333333
50-54,M,177.45
50-54,M,177.53333333333333
50-54,M,177.68333333333334
50-54,M,177.75
50-54,M,177.88333333333333
50-54,M,177.95
50-54,M,177.95
50-54,M,177.95
50-54,M,178.03333333333333
50-54,M,178.15
50-54,M,178.15
50-54,M,178.23333333333332
50-54,M,178.25
50-54,M,178.26666666666668
50-54,M,178.28333333333333
50-54,M,178.31666666666666
50-54,M,178.38333333333333
50-54,M,178.43333333333334
50-54,M,178.51666666666668
50-54,M,178.51666666666668
50-54,M,178.51666666666668
50-54,M,178.53333333333333
50-54,M,178.58333333333334
50-54,M,178.6
50-54,M,178.6
50-54,M,178.65
50-54,M,178.65
50-54,M,178.65
50-54,M,178.71666666666667
50-54,M,178.76666666666668
50-54,M,178.78333333333333
50-54,M,178.83333333333334
50-54,M,178.85
50-54,M,178.9
50-54,M,178.9
50-54,M,178.9
50-54,M,179.0
50-54,M,179.05
50-54,M,179.13333333333333
50-54,M,179.28333333333333
50-54,M,179.28333333333333
50-54,M,179.3
50-54,M,179.31666666666666
50-54,M,179.36666666666667
50-54,M,179.38333333333333
50-54,M,179.46666666666667
50-54,M,179.48333333333332
50-54,M,179.5
50-54,M,179.5
50-54,M,179.65
50-54,M,179.68333333333334
50-54,M,179.7
50-54,M,179.73333333333332
50-54,M,179.76666666666668
50-54,M,179.85
50-54,M,179.9
50-54,M,179.9
50-54,M,180.01666666666668
50-54,M,180.01666666666668
50-54,M,180.03333333333333
50-54,M,180.23333333333332
50-54,M,180.23333333333332
50-54,M,180.25
50-54,M,180.25
50-54,M,180.35
50-54,M,180.38333333333333
50-54,M,180.38333333333333
50-54,M,180.46666666666667
50-54,M,180.5
50-54,M,180.73333333333332
50-54,M,180.76666666666668
50-54,M,180.85
50-54,M,180.86666666666667
50-54,M,180.98333333333332
50-54,M,181.03333333333333
50-54,M,181.05
50-54,M,181.08333333333337
50-54,M,181.13333333333333
50-54,M,181.2
50-54,M,181.23333333333332
50-54,M,181.36666666666667
50-54,M,181.41666666666663
50-54,M,181.46666666666667
50-54,M,181.48333333333332
50-54,M,181.55
50-54,M,181.56666666666663
50-54,M,181.61666666666667
50-54,M,181.68333333333337
50-54,M,181.8
50-54,M,181.81666666666663
50-54,M,181.86666666666667
50-54,M,181.88333333333333
50-54,M,182.11666666666667
50-54,M,182.4
50-54,M,182.5
50-54,M,182.53333333333333
50-54,M,182.6
50-54,M,182.63333333333333
50-54,M,182.63333333333333
50-54,M,182.71666666666667
50-54,M,182.73333333333332
50-54,M,182.8
50-54,M,182.8
50-54,M,182.83333333333337
50-54,M,182.88333333333333
50-54,M,182.88333333333333
50-54,M,182.91666666666663
50-54,M,182.96666666666667
50-54,M,182.96666666666667
50-54,M,182.98333333333332
50-54,M,183.18333333333337
50-54,M,183.18333333333337
50-54,M,183.25
50-54,M,183.25
50-54,M,183.35
50-54,M,183.38333333333333
50-54,M,183.41666666666663
50-54,M,183.5
50-54,M,183.56666666666663
50-54,M,183.61666666666667
50-54,M,183.63333333333333
50-54,M,183.65
50-54,M,183.68333333333337
50-54,M,183.7
50-54,M,183.75
50-54,M,183.81666666666663
50-54,M,183.9
50-54,M,184.11666666666667
50-54,M,184.23333333333332
50-54,M,184.25
50-54,M,184.28333333333333
50-54,M,184.33333333333337
50-54,M,184.35
50-54,M,184.4
50-54,M,184.4
50-54,M,184.43333333333337
50-54,M,184.45
50-54,M,184.45
50-54,M,184.56666666666663
50-54,M,184.66666666666663
50-54,M,184.68333333333337
50-54,M,184.68333333333337
50-54,M,184.71666666666667
50-54,M,184.75
50-54,M,184.78333333333333
50-54,M,184.78333333333333
50-54,M,184.83333333333337
50-54,M,184.83333333333337
50-54,M,184.83333333333337
50-54,M,184.86666666666667
50-54,M,184.86666666666667
50-54,M,184.88333333333333
50-54,M,185.0
50-54,M,185.06666666666663
50-54,M,185.21666666666667
50-54,M,185.36666666666667
50-54,M,185.38333333333333
50-54,M,185.4
50-54,M,185.48333333333332
50-54,M,185.6
50-54,M,185.61666666666667
50-54,M,185.73333333333332
50-54,M,185.76666666666668
50-54,M,185.78333333333333
50-54,M,185.8
50-54,M,185.85
50-54,M,185.9
50-54,M,185.93333333333337
50-54,M,185.95
50-54,M,186.01666666666668
50-54,M,186.06666666666663
50-54,M,186.1
50-54,M,186.1
50-54,M,186.2
50-54,M,186.31666666666663
50-54,M,186.35
50-54,M,186.55
50-54,M,186.56666666666663
50-54,M,186.61666666666667
50-54,M,186.73333333333332
50-54,M,186.85
50-54,M,186.86666666666667
50-54,M,186.88333333333333
50-54,M,186.93333333333337
50-54,M,186.95
50-54,M,186.98333333333332
50-54,M,187.08333333333337
50-54,M,187.1
50-54,M,187.13333333333333
50-54,M,187.15
50-54,M,187.16666666666663
50-54,M,187.16666666666663
50-54,M,187.2
50-54,M,187.25
50-54,M,187.35
50-54,M,187.38333333333333
50-54,M,187.4
50-54,M,187.41666666666663
50-54,M,187.53333333333333
50-54,M,187.56666666666663
50-54,M,187.65
50-54,M,187.73333333333332
50-54,M,187.88333333333333
50-54,M,187.9
50-54,M,187.91666666666663
50-54,M,187.96666666666667
50-54,M,188.0
50-54,M,188.05
50-54,M,188.06666666666663
50-54,M,188.08333333333337
50-54,M,188.13333333333333
50-54,M,188.2
50-54,M,188.23333333333332
50-54,M,188.23333333333332
50-54,M,188.25
50-54,M,188.31666666666663
50-54,M,188.41666666666663
50-54,M,188.45
50-54,M,188.46666666666667
50-54,M,188.48333333333332
50-54,M,188.51666666666668
50-54,M,188.56666666666663
50-54,M,188.56666666666663
50-54,M,188.56666666666663
50-54,M,188.58333333333337
50-54,M,188.63333333333333
50-54,M,188.66666666666663
50-54,M,188.7
50-54,M,188.71666666666667
50-54,M,188.75
50-54,M,188.86666666666667
50-54,M,188.93333333333337
50-54,M,188.96666666666667
50-54,M,188.98333333333332
50-54,M,189.01666666666668
50-54,M,189.03333333333333
50-54,M,189.06666666666663
50-54,M,189.08333333333337
50-54,M,189.08333333333337
50-54,M,189.18333333333337
50-54,M,189.25
50-54,M,189.28333333333333
50-54,M,189.4
50-54,M,189.46666666666667
50-54,M,189.46666666666667
50-54,M,189.48333333333332
50-54,M,189.51666666666668
50-54,M,189.51666666666668
50-54,M,189.55
50-54,M,189.58333333333337
50-54,M,189.58333333333337
50-54,M,189.6
50-54,M,189.63333333333333
50-54,M,189.65
50-54,M,189.66666666666663
50-54,M,189.66666666666663
50-54,M,189.68333333333337
50-54,M,189.7
50-54,M,189.75
50-54,M,189.76666666666668
50-54,M,189.81666666666663
50-54,M,189.83333333333337
50-54,M,189.83333333333337
50-54,M,189.9
50-54,M,189.9
50-54,M,189.95
50-54,M,190.0
50-54,M,190.0
50-54,M,190.06666666666663
50-54,M,190.08333333333337
50-54,M,190.11666666666667
50-54,M,190.11666666666667
50-54,M,190.15
50-54,M,190.21666666666667
50-54,M,190.26666666666668
50-54,M,190.28333333333333
50-54,M,190.33333333333337
50-54,M,190.35
50-54,M,190.5
50-54,M,190.53333333333333
50-54,M,190.58333333333337
50-54,M,190.58333333333337
50-54,M,190.6
50-54,M,190.63333333333333
50-54,M,190.63333333333333
50-54,M,190.7
50-54,M,190.71666666666667
50-54,M,190.75
50-54,M,190.8
50-54,M,190.8
50-54,M,190.81666666666663
50-54,M,190.83333333333337
50-54,M,190.88333333333333
50-54,M,190.9
50-54,M,190.91666666666663
50-54,M,190.91666666666663
50-54,M,190.93333333333337
50-54,M,191.0
50-54,M,191.0
50-54,M,191.0
50-54,M,191.05
50-54,M,191.08333333333337
50-54,M,191.15
50-54,M,191.25
50-54,M,191.28333333333333
50-54,M,191.3
50-54,M,191.31666666666663
50-54,M,191.45
50-54,M,191.46666666666667
50-54,M,191.48333333333332
50-54,M,191.5
50-54,M,191.53333333333333
50-54,M,191.58333333333337
50-54,M,191.71666666666667
50-54,M,191.75
50-54,M,191.76666666666668
50-54,M,191.76666666666668
50-54,M,191.81666666666663
50-54,M,191.83333333333337
50-54,M,191.85
50-54,M,191.86666666666667
50-54,M,191.9
50-54,M,191.9
50-54,M,191.93333333333337
50-54,M,191.98333333333332
50-54,M,191.98333333333332
50-54,M,192.1
50-54,M,192.18333333333337
50-54,M,192.2
50-54,M,192.21666666666667
50-54,M,192.26666666666668
50-54,M,192.31666666666663
50-54,M,192.41666666666663
50-54,M,192.43333333333337
50-54,M,192.45
50-54,M,192.48333333333332
50-54,M,192.56666666666663
50-54,M,192.6
50-54,M,192.61666666666667
50-54,M,192.61666666666667
50-54,M,192.65
50-54,M,192.66666666666663
50-54,M,192.71666666666667
50-54,M,192.73333333333332
50-54,M,192.73333333333332
50-54,M,192.75
50-54,M,192.76666666666668
50-54,M,192.78333333333333
50-54,M,192.83333333333337
50-54,M,192.85
50-54,M,192.9
50-54,M,192.9
50-54,M,192.93333333333337
50-54,M,192.93333333333337
50-54,M,192.96666666666667
50-54,M,193.0
50-54,M,193.03333333333333
50-54,M,193.18333333333337
50-54,M,193.21666666666667
50-54,M,193.25
50-54,M,193.3
50-54,M,193.3
50-54,M,193.3
50-54,M,193.3
50-54,M,193.31666666666663
50-54,M,193.31666666666663
50-54,M,193.33333333333337
50-54,M,193.35
50-54,M,193.4
50-54,M,193.46666666666667
50-54,M,193.46666666666667
50-54,M,193.5
50-54,M,193.5
50-54,M,193.5
50-54,M,193.5
50-54,M,193.53333333333333
50-54,M,193.53333333333333
50-54,M,193.56666666666663
50-54,M,193.61666666666667
50-54,M,193.61666666666667
50-54,M,193.65
50-54,M,193.65
50-54,M,193.68333333333337
50-54,M,193.75
50-54,M,193.75
50-54,M,193.76666666666668
50-54,M,193.8
50-54,M,193.85
50-54,M,193.85
50-54,M,193.9
50-54,M,193.93333333333337
50-54,M,193.96666666666667
50-54,M,194.01666666666668
50-54,M,194.01666666666668
50-54,M,194.01666666666668
50-54,M,194.1
50-54,M,194.11666666666667
50-54,M,194.16666666666663
50-54,M,194.35
50-54,M,194.35
50-54,M,194.35
50-54,M,194.36666666666667
50-54,M,194.36666666666667
50-54,M,194.38333333333333
50-54,M,194.43333333333337
50-54,M,194.45
50-54,M,194.46666666666667
50-54,M,194.46666666666667
50-54,M,194.51666666666668
50-54,M,194.53333333333333
50-54,M,194.53333333333333
50-54,M,194.58333333333337
50-54,M,194.63333333333333
50-54,M,194.65
50-54,M,194.65
50-54,M,194.68333333333337
50-54,M,194.68333333333337
50-54,M,194.7
50-54,M,194.75
50-54,M,194.76666666666668
50-54,M,194.81666666666663
50-54,M,194.83333333333337
50-54,M,194.85
50-54,M,194.85
50-54,M,194.85
50-54,M,194.9
50-54,M,194.95
50-54,M,194.95
50-54,M,194.98333333333332
50-54,M,195.0
50-54,M,195.0
50-54,M,195.01666666666668
50-54,M,195.13333333333333
50-54,M,195.16666666666663
50-54,M,195.16666666666663
50-54,M,195.18333333333337
50-54,M,195.3
50-54,M,195.35
50-54,M,195.43333333333337
50-54,M,195.46666666666667
50-54,M,195.46666666666667
50-54,M,195.5
50-54,M,195.56666666666663
50-54,M,195.58333333333337
50-54,M,195.58333333333337
50-54,M,195.6
50-54,M,195.63333333333333
50-54,M,195.63333333333333
50-54,M,195.65
50-54,M,195.65
50-54,M,195.73333333333332
50-54,M,195.75
50-54,M,195.78333333333333
50-54,M,195.78333333333333
50-54,M,195.81666666666663
50-54,M,195.83333333333337
50-54,M,195.85
50-54,M,195.86666666666667
50-54,M,195.9
50-54,M,195.9
50-54,M,195.9
50-54,M,195.9
50-54,M,195.95
50-54,M,195.96666666666667
50-54,M,196.01666666666668
50-54,M,196.01666666666668
50-54,M,196.01666666666668
50-54,M,196.03333333333333
50-54,M,196.05
50-54,M,196.08333333333337
50-54,M,196.11666666666667
50-54,M,196.15
50-54,M,196.26666666666668
50-54,M,196.3
50-54,M,196.33333333333337
50-54,M,196.35
50-54,M,196.35
50-54,M,196.36666666666667
50-54,M,196.38333333333333
50-54,M,196.48333333333332
50-54,M,196.48333333333332
50-54,M,196.5
50-54,M,196.55
50-54,M,196.58333333333337
50-54,M,196.61666666666667
50-54,M,196.61666666666667
50-54,M,196.71666666666667
50-54,M,196.73333333333332
50-54,M,196.76666666666668
50-54,M,196.86666666666667
50-54,M,196.88333333333333
50-54,M,196.93333333333337
50-54,M,196.93333333333337
50-54,M,196.93333333333337
50-54,M,196.93333333333337
50-54,M,196.98333333333332
50-54,M,197.0
50-54,M,197.01666666666668
50-54,M,197.01666666666668
50-54,M,197.05
50-54,M,197.06666666666663
50-54,M,197.11666666666667
50-54,M,197.11666666666667
50-54,M,197.15
50-54,M,197.15
50-54,M,197.15
50-54,M,197.16666666666663
50-54,M,197.18333333333337
50-54,M,197.18333333333337
50-54,M,197.26666666666668
50-54,M,197.28333333333333
50-54,M,197.28333333333333
50-54,M,197.33333333333337
50-54,M,197.33333333333337
50-54,M,197.35
50-54,M,197.41666666666663
50-54,M,197.45
50-54,M,197.45
50-54,M,197.46666666666667
50-54,M,197.46666666666667
50-54,M,197.46666666666667
50-54,M,197.48333333333332
50-54,M,197.48333333333332
50-54,M,197.48333333333332
50-54,M,197.55
50-54,M,197.58333333333337
50-54,M,197.6
50-54,M,197.65
50-54,M,197.68333333333337
50-54,M,197.7
50-54,M,197.73333333333332
50-54,M,197.85
50-54,M,197.86666666666667
50-54,M,197.86666666666667
50-54,M,197.9
50-54,M,197.9
50-54,M,197.95
50-54,M,198.01666666666668
50-54,M,198.1
50-54,M,198.16666666666663
50-54,M,198.2
50-54,M,198.23333333333332
50-54,M,198.28333333333333
50-54,M,198.28333333333333
50-54,M,198.28333333333333
50-54,M,198.3
50-54,M,198.3
50-54,M,198.31666666666663
50-54,M,198.45
50-54,M,198.46666666666667
50-54,M,198.5
50-54,M,198.56666666666663
50-54,M,198.58333333333337
50-54,M,198.58333333333337
50-54,M,198.58333333333337
50-54,M,198.61666666666667
50-54,M,198.63333333333333
50-54,M,198.63333333333333
50-54,M,198.65
50-54,M,198.66666666666663
50-54,M,198.68333333333337
50-54,M,198.68333333333337
50-54,M,198.7
50-54,M,198.71666666666667
50-54,M,198.81666666666663
50-54,M,198.83333333333337
50-54,M,198.85
50-54,M,198.86666666666667
50-54,M,198.96666666666667
50-54,M,198.96666666666667
50-54,M,198.98333333333332
50-54,M,199.01666666666668
50-54,M,199.03333333333333
50-54,M,199.03333333333333
50-54,M,199.05
50-54,M,199.05
50-54,M,199.08333333333337
50-54,M,199.16666666666663
50-54,M,199.16666666666663
50-54,M,199.18333333333337
50-54,M,199.28333333333333
50-54,M,199.28333333333333
50-54,M,199.31666666666663
50-54,M,199.36666666666667
50-54,M,199.38333333333333
50-54,M,199.38333333333333
50-54,M,199.38333333333333
50-54,M,199.4
50-54,M,199.4
50-54,M,199.41666666666663
50-54,M,199.41666666666663
50-54,M,199.41666666666663
50-54,M,199.41666666666663
50-54,M,199.41666666666663
50-54,M,199.45
50-54,M,199.45
50-54,M,199.45
50-54,M,199.45
50-54,M,199.46666666666667
50-54,M,199.5
50-54,M,199.51666666666668
50-54,M,199.51666666666668
50-54,M,199.55
50-54,M,199.61666666666667
50-54,M,199.63333333333333
50-54,M,199.63333333333333
50-54,M,199.63333333333333
50-54,M,199.63333333333333
50-54,M,199.65
50-54,M,199.65
50-54,M,199.65
50-54,M,199.66666666666663
50-54,M,199.66666666666663
50-54,M,199.7
50-54,M,199.73333333333332
50-54,M,199.76666666666668
50-54,M,199.76666666666668
50-54,M,199.8
50-54,M,199.81666666666663
50-54,M,199.93333333333337
50-54,M,199.96666666666667
50-54,M,199.96666666666667
50-54,M,200.0
50-54,M,200.1
50-54,M,200.11666666666667
50-54,M,200.13333333333333
50-54,M,200.13333333333333
50-54,M,200.13333333333333
50-54,M,200.15
50-54,M,200.15
50-54,M,200.15
50-54,M,200.18333333333337
50-54,M,200.2
50-54,M,200.21666666666667
50-54,M,200.21666666666667
50-54,M,200.25
50-54,M,200.26666666666668
50-54,M,200.26666666666668
50-54,M,200.26666666666668
50-54,M,200.26666666666668
50-54,M,200.28333333333333
50-54,M,200.38333333333333
50-54,M,200.4
50-54,M,200.45
50-54,M,200.46666666666667
50-54,M,200.48333333333332
50-54,M,200.5
50-54,M,200.51666666666668
50-54,M,200.55
50-54,M,200.6
50-54,M,200.61666666666667
50-54,M,200.63333333333333
50-54,M,200.66666666666663
50-54,M,200.7
50-54,M,200.76666666666668
50-54,M,200.83333333333337
50-54,M,200.83333333333337
50-54,M,200.86666666666667
50-54,M,200.86666666666667
50-54,M,200.9
50-54,M,200.93333333333337
50-54,M,201.08333333333337
50-54,M,201.11666666666667
50-54,M,201.13333333333333
50-54,M,201.18333333333337
50-54,M,201.2
50-54,M,201.23333333333332
50-54,M,201.3
50-54,M,201.33333333333337
50-54,M,201.35
50-54,M,201.4
50-54,M,201.4
50-54,M,201.41666666666663
50-54,M,201.43333333333337
50-54,M,201.43333333333337
50-54,M,201.45
50-54,M,201.48333333333332
50-54,M,201.5
50-54,M,201.53333333333333
50-54,M,201.53333333333333
50-54,M,201.53333333333333
50-54,M,201.55
50-54,M,201.56666666666663
50-54,M,201.58333333333337
50-54,M,201.58333333333337
50-54,M,201.58333333333337
50-54,M,201.6
50-54,M,201.63333333333333
50-54,M,201.65
50-54,M,201.7
50-54,M,201.7
50-54,M,201.73333333333332
50-54,M,201.78333333333333
50-54,M,201.85
50-54,M,201.85
50-54,M,201.86666666666667
50-54,M,201.88333333333333
50-54,M,201.9
50-54,M,201.93333333333337
50-54,M,201.98333333333332
50-54,M,201.98333333333332
50-54,M,201.98333333333332
50-54,M,201.98333333333332
50-54,M,202.0
50-54,M,202.01666666666668
50-54,M,202.05
50-54,M,202.06666666666663
50-54,M,202.08333333333337
50-54,M,202.1
50-54,M,202.11666666666667
50-54,M,202.16666666666663
50-54,M,202.16666666666663
50-54,M,202.21666666666667
50-54,M,202.21666666666667
50-54,M,202.25
50-54,M,202.26666666666668
50-54,M,202.28333333333333
50-54,M,202.28333333333333
50-54,M,202.31666666666663
50-54,M,202.31666666666663
50-54,M,202.35
50-54,M,202.35
50-54,M,202.35
50-54,M,202.38333333333333
50-54,M,202.38333333333333
50-54,M,202.38333333333333
50-54,M,202.4
50-54,M,202.45
50-54,M,202.48333333333332
50-54,M,202.53333333333333
50-54,M,202.53333333333333
50-54,M,202.53333333333333
50-54,M,202.56666666666663
50-54,M,202.58333333333337
50-54,M,202.66666666666663
50-54,M,202.68333333333337
50-54,M,202.71666666666667
50-54,M,202.71666666666667
50-54,M,202.71666666666667
50-54,M,202.73333333333332
50-54,M,202.73333333333332
50-54,M,202.73333333333332
50-54,M,202.75
50-54,M,202.8
50-54,M,202.85
50-54,M,202.85
50-54,M,202.86666666666667
50-54,M,202.91666666666663
50-54,M,202.93333333333337
50-54,M,202.95
50-54,M,202.95
50-54,M,202.98333333333332
50-54,M,203.05
50-54,M,203.05
50-54,M,203.06666666666663
50-54,M,203.13333333333333
50-54,M,203.2
50-54,M,203.2
50-54,M,203.2
50-54,M,203.21666666666667
50-54,M,203.25
50-54,M,203.25
50-54,M,203.26666666666668
50-54,M,203.3
50-54,M,203.31666666666663
50-54,M,203.35
50-54,M,203.36666666666667
50-54,M,203.4
50-54,M,203.45
50-54,M,203.46666666666667
50-54,M,203.5
50-54,M,203.51666666666668
50-54,M,203.53333333333333
50-54,M,203.58333333333337
50-54,M,203.61666666666667
50-54,M,203.63333333333333
50-54,M,203.65
50-54,M,203.66666666666663
50-54,M,203.66666666666663
50-54,M,203.68333333333337
50-54,M,203.71666666666667
50-54,M,203.71666666666667
50-54,M,203.75
50-54,M,203.76666666666668
50-54,M,203.76666666666668
50-54,M,203.78333333333333
50-54,M,203.78333333333333
50-54,M,203.83333333333337
50-54,M,203.83333333333337
50-54,M,203.86666666666667
50-54,M,203.86666666666667
50-54,M,203.98333333333332
50-54,M,204.01666666666668
50-54,M,204.03333333333333
50-54,M,204.05
50-54,M,204.06666666666663
50-54,M,204.06666666666663
50-54,M,204.08333333333337
50-54,M,204.1
50-54,M,204.1
50-54,M,204.1
50-54,M,204.23333333333332
50-54,M,204.25
50-54,M,204.28333333333333
50-54,M,204.31666666666663
50-54,M,204.33333333333337
50-54,M,204.36666666666667
50-54,M,204.41666666666663
50-54,M,204.45
50-54,M,204.45
50-54,M,204.51666666666668
50-54,M,204.53333333333333
50-54,M,204.61666666666667
50-54,M,204.65
50-54,M,204.65
50-54,M,204.68333333333337
50-54,M,204.7
50-54,M,204.73333333333332
50-54,M,204.75
50-54,M,204.76666666666668
50-54,M,204.83333333333337
50-54,M,204.83333333333337
50-54,M,204.85
50-54,M,204.88333333333333
50-54,M,204.88333333333333
50-54,M,204.9
50-54,M,204.9
50-54,M,204.9
50-54,M,205.0
50-54,M,205.01666666666668
50-54,M,205.01666666666668
50-54,M,205.03333333333333
50-54,M,205.03333333333333
50-54,M,205.1
50-54,M,205.15
50-54,M,205.16666666666663
50-54,M,205.18333333333337
50-54,M,205.23333333333332
50-54,M,205.28333333333333
50-54,M,205.31666666666663
50-54,M,205.31666666666663
50-54,M,205.41666666666663
50-54,M,205.41666666666663
50-54,M,205.48333333333332
50-54,M,205.5
50-54,M,205.53333333333333
50-54,M,205.55
50-54,M,205.56666666666663
50-54,M,205.56666666666663
50-54,M,205.6
50-54,M,205.61666666666667
50-54,M,205.65
50-54,M,205.66666666666663
50-54,M,205.66666666666663
50-54,M,205.68333333333337
50-54,M,205.71666666666667
50-54,M,205.75
50-54,M,205.76666666666668
50-54,M,205.76666666666668
50-54,M,205.78333333333333
50-54,M,205.78333333333333
50-54,M,205.78333333333333
50-54,M,205.81666666666663
50-54,M,205.86666666666667
50-54,M,205.88333333333333
50-54,M,205.9
50-54,M,205.9
50-54,M,205.93333333333337
50-54,M,205.95
50-54,M,205.96666666666667
50-54,M,205.98333333333332
50-54,M,205.98333333333332
50-54,M,206.01666666666668
50-54,M,206.03333333333333
50-54,M,206.03333333333333
50-54,M,206.03333333333333
50-54,M,206.08333333333337
50-54,M,206.13333333333333
50-54,M,206.15
50-54,M,206.16666666666663
50-54,M,206.18333333333337
50-54,M,206.2
50-54,M,206.2
50-54,M,206.23333333333332
50-54,M,206.26666666666668
50-54,M,206.33333333333337
50-54,M,206.35
50-54,M,206.35
50-54,M,206.35
50-54,M,206.38333333333333
50-54,M,206.38333333333333
50-54,M,206.45
50-54,M,206.46666666666667
50-54,M,206.46666666666667
50-54,M,206.46666666666667
50-54,M,206.53333333333333
50-54,M,206.56666666666663
50-54,M,206.58333333333337
50-54,M,206.65
50-54,M,206.66666666666663
50-54,M,206.7
50-54,M,206.7
50-54,M,206.71666666666667
50-54,M,206.76666666666668
50-54,M,206.78333333333333
50-54,M,206.8
50-54,M,206.83333333333337
50-54,M,206.86666666666667
50-54,M,206.91666666666663
50-54,M,206.93333333333337
50-54,M,206.98333333333332
50-54,M,207.01666666666668
50-54,M,207.05
50-54,M,207.15
50-54,M,207.16666666666663
50-54,M,207.16666666666663
50-54,M,207.16666666666663
50-54,M,207.2
50-54,M,207.2
50-54,M,207.23333333333332
50-54,M,207.23333333333332
50-54,M,207.25
50-54,M,207.28333333333333
50-54,M,207.31666666666663
50-54,M,207.31666666666663
50-54,M,207.33333333333337
50-54,M,207.35
50-54,M,207.35
50-54,M,207.38333333333333
50-54,M,207.4
50-54,M,207.41666666666663
50-54,M,207.53333333333333
50-54,M,207.56666666666663
50-54,M,207.63333333333333
50-54,M,207.73333333333332
50-54,M,207.76666666666668
50-54,M,207.85
50-54,M,207.88333333333333
50-54,M,207.9
50-54,M,207.95
50-54,M,208.03333333333333
50-54,M,208.1
50-54,M,208.13333333333333
50-54,M,208.21666666666667
50-54,M,208.25
50-54,M,208.26666666666668
50-54,M,208.28333333333333
50-54,M,208.33333333333337
50-54,M,208.35
50-54,M,208.36666666666667
50-54,M,208.38333333333333
50-54,M,208.43333333333337
50-54,M,208.45
50-54,M,208.46666666666667
50-54,M,208.51666666666668
50-54,M,208.53333333333333
50-54,M,208.53333333333333
50-54,M,208.56666666666663
50-54,M,208.61666666666667
50-54,M,208.65
50-54,M,208.66666666666663
50-54,M,208.7
50-54,M,208.71666666666667
50-54,M,208.75
50-54,M,208.83333333333337
50-54,M,208.83333333333337
50-54,M,208.83333333333337
50-54,M,208.91666666666663
50-54,M,209.01666666666668
50-54,M,209.01666666666668
50-54,M,209.1
50-54,M,209.11666666666667
50-54,M,209.11666666666667
50-54,M,209.16666666666663
50-54,M,209.2
50-54,M,209.21666666666667
50-54,M,209.28333333333333
50-54,M,209.3
50-54,M,209.35
50-54,M,209.38333333333333
50-54,M,209.4
50-54,M,209.45
50-54,M,209.48333333333332
50-54,M,209.48333333333332
50-54,M,209.51666666666668
50-54,M,209.56666666666663
50-54,M,209.56666666666663
50-54,M,209.63333333333333
50-54,M,209.66666666666663
50-54,M,209.66666666666663
50-54,M,209.7
50-54,M,209.7
50-54,M,209.7
50-54,M,209.75
50-54,M,209.75
50-54,M,209.75
50-54,M,209.75
50-54,M,209.76666666666668
50-54,M,209.8
50-54,M,209.81666666666663
50-54,M,209.85
50-54,M,209.85
50-54,M,209.88333333333333
50-54,M,209.95
50-54,M,209.98333333333332
50-54,M,210.01666666666668
50-54,M,210.05
50-54,M,210.05
50-54,M,210.08333333333337
50-54,M,210.11666666666667
50-54,M,210.13333333333333
50-54,M,210.23333333333332
50-54,M,210.26666666666668
50-54,M,210.36666666666667
50-54,M,210.4
50-54,M,210.48333333333332
50-54,M,210.51666666666668
50-54,M,210.53333333333333
50-54,M,210.61666666666667
50-54,M,210.7
50-54,M,210.7
50-54,M,210.75
50-54,M,210.78333333333333
50-54,M,210.85
50-54,M,210.9
50-54,M,210.91666666666663
50-54,M,210.93333333333337
50-54,M,211.0
50-54,M,211.05
50-54,M,211.06666666666663
50-54,M,211.06666666666663
50-54,M,211.06666666666663
50-54,M,211.08333333333337
50-54,M,211.1
50-54,M,211.11666666666667
50-54,M,211.16666666666663
50-54,M,211.18333333333337
50-54,M,211.33333333333337
50-54,M,211.43333333333337
50-54,M,211.46666666666667
50-54,M,211.55
50-54,M,211.58333333333337
50-54,M,211.6
50-54,M,211.65
50-54,M,211.66666666666663
50-54,M,211.68333333333337
50-54,M,211.71666666666667
50-54,M,211.86666666666667
50-54,M,211.9
50-54,M,211.95
50-54,M,211.95
50-54,M,211.96666666666667
50-54,M,212.13333333333333
50-54,M,212.16666666666663
50-54,M,212.21666666666667
50-54,M,212.28333333333333
50-54,M,212.35
50-54,M,212.35
50-54,M,212.36666666666667
50-54,M,212.43333333333337
50-54,M,212.51666666666668
50-54,M,212.55
50-54,M,212.56666666666663
50-54,M,212.56666666666663
50-54,M,212.63333333333333
50-54,M,212.65
50-54,M,212.65
50-54,M,212.7
50-54,M,212.73333333333332
50-54,M,212.76666666666668
50-54,M,212.86666666666667
50-54,M,212.86666666666667
50-54,M,212.88333333333333
50-54,M,212.88333333333333
50-54,M,212.9
50-54,M,213.01666666666668
50-54,M,213.06666666666663
50-54,M,213.08333333333337
50-54,M,213.13333333333333
50-54,M,213.15
50-54,M,213.15
50-54,M,213.15
50-54,M,213.16666666666663
50-54,M,213.26666666666668
50-54,M,213.28333333333333
50-54,M,213.3
50-54,M,213.33333333333337
50-54,M,213.38333333333333
50-54,M,213.4
50-54,M,213.43333333333337
50-54,M,213.53333333333333
50-54,M,213.53333333333333
50-54,M,213.55
50-54,M,213.66666666666663
50-54,M,213.68333333333337
50-54,M,213.68333333333337
50-54,M,213.71666666666667
50-54,M,213.76666666666668
50-54,M,213.76666666666668
50-54,M,213.8
50-54,M,213.81666666666663
50-54,M,213.83333333333337
50-54,M,213.85
50-54,M,213.85
50-54,M,213.86666666666667
50-54,M,213.88333333333333
50-54,M,213.9
50-54,M,213.96666666666667
50-54,M,214.05
50-54,M,214.1
50-54,M,214.13333333333333
50-54,M,214.2
50-54,M,214.31666666666663
50-54,M,214.43333333333337
50-54,M,214.46666666666667
50-54,M,214.48333333333332
50-54,M,214.5
50-54,M,214.53333333333333
50-54,M,214.56666666666663
50-54,M,214.63333333333333
50-54,M,214.66666666666663
50-54,M,214.68333333333337
50-54,M,214.73333333333332
50-54,M,214.75
50-54,M,214.76666666666668
50-54,M,214.93333333333337
50-54,M,215.08333333333337
50-54,M,215.1
50-54,M,215.13333333333333
50-54,M,215.15
50-54,M,215.2
50-54,M,215.21666666666667
50-54,M,215.23333333333332
50-54,M,215.33333333333337
50-54,M,215.36666666666667
50-54,M,215.38333333333333
50-54,M,215.4
50-54,M,215.41666666666663
50-54,M,215.56666666666663
50-54,M,215.56666666666663
50-54,M,215.65
50-54,M,215.7
50-54,M,215.81666666666663
50-54,M,215.83333333333337
50-54,M,215.98333333333332
50-54,M,215.98333333333332
50-54,M,216.05
50-54,M,216.13333333333333
50-54,M,216.16666666666663
50-54,M,216.21666666666667
50-54,M,216.21666666666667
50-54,M,216.23333333333332
50-54,M,216.28333333333333
50-54,M,216.41666666666663
50-54,M,216.41666666666663
50-54,M,216.46666666666667
50-54,M,216.68333333333337
50-54,M,216.68333333333337
50-54,M,216.81666666666663
50-54,M,216.9
50-54,M,216.95
50-54,M,217.01666666666668
50-54,M,217.05
50-54,M,217.13333333333333
50-54,M,217.18333333333337
50-54,M,217.23333333333332
50-54,M,217.3
50-54,M,217.31666666666663
50-54,M,217.33333333333337
50-54,M,217.35
50-54,M,217.41666666666663
50-54,M,217.45
50-54,M,217.55
50-54,M,217.68333333333337
50-54,M,217.68333333333337
50-54,M,217.78333333333333
50-54,M,217.83333333333337
50-54,M,217.83333333333337
50-54,M,217.9
50-54,M,218.15
50-54,M,218.2
50-54,M,218.2
50-54,M,218.21666666666667
50-54,M,218.21666666666667
50-54,M,218.28333333333333
50-54,M,218.3
50-54,M,218.33333333333337
50-54,M,218.35
50-54,M,218.36666666666667
50-54,M,218.46666666666667
50-54,M,218.55
50-54,M,218.61666666666667
50-54,M,218.68333333333337
50-54,M,218.76666666666668
50-54,M,218.76666666666668
50-54,M,218.98333333333332
50-54,M,219.06666666666663
50-54,M,219.06666666666663
50-54,M,219.21666666666667
50-54,M,219.28333333333333
50-54,M,219.28333333333333
50-54,M,219.4
50-54,M,219.46666666666667
50-54,M,219.48333333333332
50-54,M,219.55
50-54,M,219.55
50-54,M,219.63333333333333
50-54,M,219.68333333333337
50-54,M,219.78333333333333
50-54,M,219.83333333333337
50-54,M,219.83333333333337
50-54,M,220.05
50-54,M,220.15
50-54,M,220.31666666666663
50-54,M,220.38333333333333
50-54,M,220.46666666666667
50-54,M,220.53333333333333
50-54,M,220.66666666666663
50-54,M,220.66666666666663
50-54,M,220.73333333333332
50-54,M,220.76666666666668
50-54,M,220.78333333333333
50-54,M,220.83333333333337
50-54,M,220.91666666666663
50-54,M,220.95
50-54,M,220.96666666666667
50-54,M,221.01666666666668
50-54,M,221.01666666666668
50-54,M,221.06666666666663
50-54,M,221.06666666666663
50-54,M,221.1
50-54,M,221.38333333333333
50-54,M,221.41666666666663
50-54,M,221.5
50-54,M,221.55
50-54,M,221.66666666666663
50-54,M,221.71666666666667
50-54,M,221.81666666666663
50-54,M,221.9
50-54,M,221.91666666666663
50-54,M,221.91666666666663
50-54,M,221.93333333333337
50-54,M,221.96666666666667
50-54,M,221.98333333333332
50-54,M,222.01666666666668
50-54,M,222.16666666666663
50-54,M,222.16666666666663
50-54,M,222.33333333333337
50-54,M,222.36666666666667
50-54,M,222.51666666666668
50-54,M,222.53333333333333
50-54,M,222.55
50-54,M,222.58333333333337
50-54,M,222.61666666666667
50-54,M,222.68333333333337
50-54,M,222.8
50-54,M,222.83333333333337
50-54,M,222.85
50-54,M,222.95
50-54,M,223.0
50-54,M,223.23333333333332
50-54,M,223.28333333333333
50-54,M,223.3
50-54,M,223.5
50-54,M,223.68333333333337
50-54,M,223.73333333333332
50-54,M,223.73333333333332
50-54,M,223.83333333333337
50-54,M,223.85
50-54,M,223.86666666666667
50-54,M,223.88333333333333
50-54,M,223.93333333333337
50-54,M,224.03333333333333
50-54,M,224.06666666666663
50-54,M,224.08333333333337
50-54,M,224.15
50-54,M,224.15
50-54,M,224.23333333333332
50-54,M,224.75
50-54,M,224.83333333333337
50-54,M,224.9
50-54,M,225.0
50-54,M,225.01666666666668
50-54,M,225.18333333333337
50-54,M,225.23333333333332
50-54,M,225.26666666666668
50-54,M,225.35
50-54,M,225.43333333333337
50-54,M,225.5
50-54,M,225.6
50-54,M,225.65
50-54,M,225.66666666666663
50-54,M,225.68333333333337
50-54,M,225.71666666666667
50-54,M,225.8
50-54,M,225.85
50-54,M,225.9
50-54,M,225.93333333333337
50-54,M,225.96666666666667
50-54,M,225.98333333333332
50-54,M,226.03333333333333
50-54,M,226.15
50-54,M,226.16666666666663
50-54,M,226.18333333333337
50-54,M,226.21666666666667
50-54,M,226.3
50-54,M,226.33333333333337
50-54,M,226.36666666666667
50-54,M,226.43333333333337
50-54,M,226.43333333333337
50-54,M,226.51666666666668
50-54,M,226.65
50-54,M,226.66666666666663
50-54,M,226.66666666666663
50-54,M,226.8
50-54,M,227.15
50-54,M,227.16666666666663
50-54,M,227.2
50-54,M,227.26666666666668
50-54,M,227.3
50-54,M,227.35
50-54,M,227.48333333333332
50-54,M,227.51666666666668
50-54,M,227.56666666666663
50-54,M,227.6
50-54,M,227.61666666666667
50-54,M,227.71666666666667
50-54,M,227.73333333333332
50-54,M,227.78333333333333
50-54,M,227.81666666666663
50-54,M,227.93333333333337
50-54,M,228.01666666666668
50-54,M,228.1
50-54,M,228.28333333333333
50-54,M,228.45
50-54,M,228.53333333333333
50-54,M,228.56666666666663
50-54,M,228.6
50-54,M,228.61666666666667
50-54,M,228.71666666666667
50-54,M,228.75
50-54,M,228.95
50-54,M,229.0
50-54,M,229.08333333333337
50-54,M,229.08333333333337
50-54,M,229.08333333333337
50-54,M,229.18333333333337
50-54,M,229.18333333333337
50-54,M,229.18333333333337
50-54,M,229.26666666666668
50-54,M,229.28333333333333
50-54,M,229.35
50-54,M,229.4
50-54,M,229.41666666666663
50-54,M,229.43333333333337
50-54,M,229.46666666666667
50-54,M,229.58333333333337
50-54,M,229.63333333333333
50-54,M,229.71666666666667
50-54,M,229.86666666666667
50-54,M,229.88333333333333
50-54,M,229.91666666666663
50-54,M,230.08333333333337
50-54,M,230.11666666666667
50-54,M,230.31666666666663
50-54,M,230.36666666666667
50-54,M,230.41666666666663
50-54,M,230.43333333333337
50-54,M,230.56666666666663
50-54,M,230.61666666666667
50-54,M,230.76666666666668
50-54,M,230.83333333333337
50-54,M,230.86666666666667
50-54,M,231.05
50-54,M,231.05
50-54,M,231.13333333333333
50-54,M,231.13333333333333
50-54,M,231.23333333333332
50-54,M,231.25
50-54,M,231.33333333333337
50-54,M,231.35
50-54,M,231.36666666666667
50-54,M,231.36666666666667
50-54,M,231.53333333333333
50-54,M,231.66666666666663
50-54,M,231.76666666666668
50-54,M,231.86666666666667
50-54,M,232.01666666666668
50-54,M,232.08333333333337
50-54,M,232.21666666666667
50-54,M,232.28333333333333
50-54,M,232.38333333333333
50-54,M,232.38333333333333
50-54,M,232.46666666666667
50-54,M,232.66666666666663
50-54,M,232.75
50-54,M,232.78333333333333
50-54,M,232.96666666666667
50-54,M,233.05
50-54,M,233.06666666666663
50-54,M,233.11666666666667
50-54,M,233.18333333333337
50-54,M,233.21666666666667
50-54,M,233.26666666666668
50-54,M,233.51666666666668
50-54,M,233.8
50-54,M,233.81666666666663
50-54,M,233.88333333333333
50-54,M,234.03333333333333
50-54,M,234.11666666666667
50-54,M,234.21666666666667
50-54,M,234.3
50-54,M,234.46666666666667
50-54,M,234.58333333333337
50-54,M,234.61666666666667
50-54,M,234.7
50-54,M,234.71666666666667
50-54,M,235.0
50-54,M,235.3
50-54,M,235.31666666666663
50-54,M,235.38333333333333
50-54,M,235.45
50-54,M,235.48333333333332
50-54,M,235.55
50-54,M,235.65
50-54,M,235.7
50-54,M,235.73333333333332
50-54,M,235.81666666666663
50-54,M,235.95
50-54,M,236.01666666666668
50-54,M,236.03333333333333
50-54,M,236.08333333333337
50-54,M,236.2
50-54,M,236.2
50-54,M,236.31666666666663
50-54,M,236.46666666666667
50-54,M,236.58333333333337
50-54,M,236.61666666666667
50-54,M,236.63333333333333
50-54,M,236.95
50-54,M,237.0
50-54,M,237.01666666666668
50-54,M,237.01666666666668
50-54,M,237.05
50-54,M,237.3
50-54,M,237.31666666666663
50-54,M,237.41666666666663
50-54,M,237.73333333333332
50-54,M,237.83333333333337
50-54,M,237.91666666666663
50-54,M,237.95
50-54,M,238.0
50-54,M,238.05
50-54,M,238.05
50-54,M,238.1
50-54,M,238.18333333333337
50-54,M,238.2
50-54,M,238.33333333333337
50-54,M,238.48333333333332
50-54,M,238.5
50-54,M,238.51666666666668
50-54,M,238.55
50-54,M,238.58333333333337
50-54,M,238.63333333333333
50-54,M,238.83333333333337
50-54,M,238.85
50-54,M,238.93333333333337
50-54,M,238.96666666666667
50-54,M,239.25
50-54,M,239.38333333333333
50-54,M,239.41666666666663
50-54,M,239.5
50-54,M,239.63333333333333
50-54,M,239.75
50-54,M,239.83333333333337
50-54,M,239.9
50-54,M,240.0
50-54,M,240.08333333333337
50-54,M,240.25
50-54,M,240.38333333333333
50-54,M,240.45
50-54,M,240.86666666666667
50-54,M,241.61666666666667
50-54,M,241.7
50-54,M,241.78333333333333
50-54,M,241.86666666666667
50-54,M,241.93333333333337
50-54,M,242.13333333333333
50-54,M,242.15
50-54,M,242.26666666666668
50-54,M,242.4
50-54,M,242.4
50-54,M,242.4
50-54,M,242.51666666666668
50-54,M,242.65
50-54,M,242.65
50-54,M,242.71666666666667
50-54,M,242.86666666666667
50-54,M,243.01666666666668
50-54,M,243.01666666666668
50-54,M,243.06666666666663
50-54,M,243.11666666666667
50-54,M,243.73333333333332
50-54,M,244.0
50-54,M,244.41666666666663
50-54,M,244.61666666666667
50-54,M,244.71666666666667
50-54,M,244.73333333333332
50-54,M,245.15
50-54,M,245.26666666666668
50-54,M,245.28333333333333
50-54,M,245.38333333333333
50-54,M,245.4
50-54,M,245.48333333333332
50-54,M,245.88333333333333
50-54,M,245.9
50-54,M,245.93333333333337
50-54,M,245.95
50-54,M,246.06666666666663
50-54,M,246.15
50-54,M,246.16666666666663
50-54,M,246.23333333333332
50-54,M,246.36666666666667
50-54,M,246.45
50-54,M,246.46666666666667
50-54,M,246.96666666666667
50-54,M,247.08333333333337
50-54,M,247.28333333333333
50-54,M,247.8
50-54,M,247.81666666666663
50-54,M,248.08333333333337
50-54,M,248.28333333333333
50-54,M,248.51666666666668
50-54,M,248.6
50-54,M,248.85
50-54,M,248.96666666666667
50-54,M,249.0
50-54,M,249.0
50-54,M,249.0
50-54,M,249.41666666666663
50-54,M,249.45
50-54,M,249.85
50-54,M,249.95
50-54,M,250.06666666666663
50-54,M,250.06666666666663
50-54,M,250.33333333333337
50-54,M,250.36666666666667
50-54,M,250.5
50-54,M,250.91666666666663
50-54,M,251.01666666666668
50-54,M,251.43333333333337
50-54,M,251.6
50-54,M,251.66666666666663
50-54,M,252.11666666666667
50-54,M,252.13333333333333
50-54,M,252.21666666666667
50-54,M,252.38333333333333
50-54,M,252.51666666666668
50-54,M,252.55
50-54,M,252.65
50-54,M,252.78333333333333
50-54,M,252.9
50-54,M,253.03333333333333
50-54,M,253.18333333333337
50-54,M,253.26666666666668
50-54,M,253.46666666666667
50-54,M,253.46666666666667
50-54,M,253.51666666666668
50-54,M,253.78333333333333
50-54,M,253.78333333333333
50-54,M,253.91666666666663
50-54,M,254.13333333333333
50-54,M,254.25
50-54,M,254.43333333333337
50-54,M,254.58333333333337
50-54,M,254.71666666666667
50-54,M,254.8
50-54,M,255.03333333333333
50-54,M,255.16666666666663
50-54,M,255.23333333333332
50-54,M,255.3
50-54,M,255.3
50-54,M,255.5
50-54,M,255.7
50-54,M,255.7
50-54,M,255.81666666666663
50-54,M,256.21666666666664
50-54,M,256.23333333333335
50-54,M,256.35
50-54,M,256.43333333333334
50-54,M,256.48333333333335
50-54,M,256.51666666666665
50-54,M,256.6333333333333
50-54,M,256.7
50-54,M,256.81666666666666
50-54,M,256.85
50-54,M,256.8666666666667
50-54,M,256.95
50-54,M,256.98333333333335
50-54,M,257.3
50-54,M,257.4166666666667
50-54,M,257.45
50-54,M,257.55
50-54,M,257.6166666666667
50-54,M,257.68333333333334
50-54,M,257.9
50-54,M,257.96666666666664
50-54,M,258.06666666666666
50-54,M,258.15
50-54,M,258.53333333333336
50-54,M,258.6166666666667
50-54,M,258.73333333333335
50-54,M,258.78333333333336
50-54,M,259.03333333333336
50-54,M,259.06666666666666
50-54,M,259.15
50-54,M,259.3
50-54,M,259.6
50-54,M,259.81666666666666
50-54,M,259.8833333333333
50-54,M,260.76666666666665
50-54,M,260.76666666666665
50-54,M,261.26666666666665
50-54,M,261.46666666666664
50-54,M,262.0
50-54,M,262.06666666666666
50-54,M,262.2
50-54,M,262.25
50-54,M,262.3833333333333
50-54,M,262.95
50-54,M,262.98333333333335
50-54,M,263.05
50-54,M,263.0833333333333
50-54,M,263.0833333333333
50-54,M,263.2
50-54,M,263.28333333333336
50-54,M,263.65
50-54,M,263.7
50-54,M,264.0
50-54,M,264.15
50-54,M,264.1666666666667
50-54,M,264.1666666666667
50-54,M,264.5
50-54,M,264.5
50-54,M,264.51666666666665
50-54,M,264.6666666666667
50-54,M,264.8666666666667
50-54,M,264.96666666666664
50-54,M,265.1
50-54,M,265.1166666666667
50-54,M,265.1166666666667
50-54,M,265.4166666666667
50-54,M,265.48333333333335
50-54,M,265.51666666666665
50-54,M,265.7
50-54,M,265.7
50-54,M,266.1333333333333
50-54,M,266.43333333333334
50-54,M,266.43333333333334
50-54,M,266.73333333333335
50-54,M,266.73333333333335
50-54,M,266.8833333333333
50-54,M,267.05
50-54,M,267.15
50-54,M,267.23333333333335
50-54,M,267.8333333333333
50-54,M,267.8666666666667
50-54,M,268.01666666666665
50-54,M,268.26666666666665
50-54,M,268.43333333333334
50-54,M,268.46666666666664
50-54,M,268.76666666666665
50-54,M,268.9166666666667
50-54,M,268.96666666666664
50-54,M,269.23333333333335
50-54,M,269.51666666666665
50-54,M,269.55
50-54,M,269.6
50-54,M,269.8666666666667
50-54,M,270.25
50-54,M,270.3833333333333
50-54,M,270.73333333333335
50-54,M,271.28333333333336
50-54,M,271.28333333333336
50-54,M,271.31666666666666
50-54,M,271.8
50-54,M,272.1333333333333
50-54,M,272.28333333333336
50-54,M,272.28333333333336
50-54,M,272.48333333333335
50-54,M,272.48333333333335
50-54,M,272.48333333333335
50-54,M,272.68333333333334
50-54,M,273.05
50-54,M,273.48333333333335
50-54,M,273.48333333333335
50-54,M,273.6333333333333
50-54,M,273.68333333333334
50-54,M,273.81666666666666
50-54,M,274.25
50-54,M,274.43333333333334
50-54,M,274.5833333333333
50-54,M,274.6
50-54,M,274.65
50-54,M,274.95
50-54,M,275.0833333333333
50-54,M,275.1
50-54,M,275.48333333333335
50-54,M,275.81666666666666
50-54,M,275.95
50-54,M,276.4
50-54,M,276.4166666666667
50-54,M,277.0833333333333
50-54,M,277.1166666666667
50-54,M,277.1333333333333
50-54,M,277.18333333333334
50-54,M,277.28333333333336
50-54,M,277.6166666666667
50-54,M,277.81666666666666
50-54,M,278.0833333333333
50-54,M,278.1
50-54,M,278.3666666666667
50-54,M,278.46666666666664
50-54,M,278.5833333333333
50-54,M,278.6333333333333
50-54,M,278.7
50-54,M,278.75
50-54,M,278.96666666666664
50-54,M,278.96666666666664
50-54,M,279.0
50-54,M,279.1666666666667
50-54,M,279.3666666666667
50-54,M,279.43333333333334
50-54,M,279.46666666666664
50-54,M,279.5833333333333
50-54,M,279.95
50-54,M,280.1
50-54,M,280.2
50-54,M,280.21666666666664
50-54,M,280.75
50-54,M,280.81666666666666
50-54,M,280.81666666666666
50-54,M,281.1333333333333
50-54,M,281.15
50-54,M,281.1666666666667
50-54,M,281.48333333333335
50-54,M,281.65
50-54,M,281.76666666666665
50-54,M,281.93333333333334
50-54,M,282.03333333333336
50-54,M,282.8333333333333
50-54,M,283.2
50-54,M,283.56666666666666
50-54,M,284.1166666666667
50-54,M,284.48333333333335
50-54,M,284.6166666666667
50-54,M,284.7
50-54,M,284.8
50-54,M,285.4
50-54,M,285.53333333333336
50-54,M,285.6
50-54,M,285.8333333333333
50-54,M,286.4166666666667
50-54,M,286.6166666666667
50-54,M,286.96666666666664
50-54,M,287.06666666666666
50-54,M,287.21666666666664
50-54,M,287.8
50-54,M,287.81666666666666
50-54,M,288.15
50-54,M,288.6666666666667
50-54,M,288.73333333333335
50-54,M,289.43333333333334
50-54,M,289.9
50-54,M,289.95
50-54,M,290.0833333333333
50-54,M,290.1333333333333
50-54,M,290.2
50-54,M,290.31666666666666
50-54,M,290.46666666666664
50-54,M,290.53333333333336
50-54,M,290.53333333333336
50-54,M,291.18333333333334
50-54,M,291.7
50-54,M,291.8
50-54,M,291.81666666666666
50-54,M,292.1
50-54,M,292.3333333333333
50-54,M,292.8
50-54,M,292.85
50-54,M,293.03333333333336
50-54,M,293.4
50-54,M,293.4
50-54,M,293.73333333333335
50-54,M,293.98333333333335
50-54,M,294.0833333333333
50-54,M,294.1666666666667
50-54,M,294.23333333333335
50-54,M,294.3666666666667
50-54,M,294.65
50-54,M,294.9166666666667
50-54,M,295.05
50-54,M,295.3833333333333
50-54,M,295.4
50-54,M,295.4
50-54,M,295.4166666666667
50-54,M,295.6333333333333
50-54,M,295.93333333333334
50-54,M,296.15
50-54,M,296.1666666666667
50-54,M,296.23333333333335
50-54,M,296.3
50-54,M,296.31666666666666
50-54,M,296.35
50-54,M,296.53333333333336
50-54,M,296.65
50-54,M,296.9166666666667
50-54,M,297.1166666666667
50-54,M,297.31666666666666
50-54,M,297.3333333333333
50-54,M,297.3833333333333
50-54,M,297.75
50-54,M,297.98333333333335
50-54,M,298.0833333333333
50-54,M,298.7
50-54,M,298.73333333333335
50-54,M,299.05
50-54,M,299.1
50-54,M,299.5833333333333
50-54,M,300.2
50-54,M,300.43333333333334
50-54,M,300.46666666666664
50-54,M,300.81666666666666
50-54,M,300.95
50-54,M,301.23333333333335
50-54,M,301.25
50-54,M,301.6
50-54,M,301.9166666666667
50-54,M,302.28333333333336
50-54,M,302.65
50-54,M,302.8833333333333
50-54,M,302.8833333333333
50-54,M,303.46666666666664
50-54,M,303.48333333333335
50-54,M,303.71666666666664
50-54,M,303.85
50-54,M,303.98333333333335
50-54,M,304.03333333333336
50-54,M,304.4
50-54,M,304.6333333333333
50-54,M,305.8
50-54,M,306.01666666666665
50-54,M,306.6
50-54,M,306.98333333333335
50-54,M,307.56666666666666
50-54,M,307.7
50-54,M,307.8
50-54,M,308.15
50-54,M,308.1666666666667
50-54,M,308.25
50-54,M,308.31666666666666
50-54,M,309.1333333333333
50-54,M,309.26666666666665
50-54,M,309.5833333333333
50-54,M,310.23333333333335
50-54,M,310.3833333333333
50-54,M,311.1166666666667
50-54,M,311.9
50-54,M,311.93333333333334
50-54,M,312.3333333333333
50-54,M,313.1333333333333
50-54,M,313.15
50-54,M,313.35
50-54,M,313.4
50-54,M,314.5833333333333
50-54,M,314.8
50-54,M,316.28333333333336
50-54,M,316.35
50-54,M,316.4166666666667
50-54,M,316.48333333333335
50-54,M,316.9
50-54,M,317.21666666666664
50-54,M,317.6666666666667
50-54,M,318.4
50-54,M,318.4
50-54,M,318.9
50-54,M,319.3333333333333
50-54,M,319.6333333333333
50-54,M,319.75
50-54,M,319.8833333333333
50-54,M,320.1666666666667
50-54,M,320.6
50-54,M,321.4166666666667
50-54,M,321.5
50-54,M,321.53333333333336
50-54,M,323.45
50-54,M,324.01666666666665
50-54,M,324.23333333333335
50-54,M,324.8333333333333
50-54,M,325.28333333333336
50-54,M,325.5833333333333
50-54,M,326.55
50-54,M,326.5833333333333
50-54,M,327.55
50-54,M,328.68333333333334
50-54,M,328.81666666666666
50-54,M,329.03333333333336
50-54,M,329.28333333333336
50-54,M,330.03333333333336
50-54,M,330.78333333333336
50-54,M,331.23333333333335
50-54,M,331.53333333333336
50-54,M,332.1333333333333
50-54,M,332.1333333333333
50-54,M,333.4
50-54,M,333.5
50-54,M,334.15
50-54,M,337.31666666666666
50-54,M,337.3333333333333
50-54,M,337.98333333333335
50-54,M,338.23333333333335
50-54,M,339.25
50-54,M,339.75
50-54,M,341.76666666666665
50-54,M,341.78333333333336
50-54,M,341.78333333333336
50-54,M,345.45
50-54,M,346.06666666666666
50-54,M,347.06666666666666
50-54,M,347.68333333333334
50-54,M,347.96666666666664
50-54,M,348.4166666666667
50-54,M,348.6166666666667
50-54,M,348.6333333333333
50-54,M,349.53333333333336
50-54,M,350.05
50-54,M,350.18333333333334
50-54,M,350.35
50-54,M,351.25
50-54,M,352.3666666666667
50-54,M,352.53333333333336
50-54,M,353.1666666666667
50-54,M,354.3333333333333
50-54,M,354.48333333333335
50-54,M,354.8
50-54,M,355.53333333333336
50-54,M,359.51666666666665
50-54,M,362.5833333333333
50-54,M,363.35
50-54,M,363.78333333333336
50-54,M,365.05
50-54,M,384.15
50-54,M,400.93333333333334
50-54,M,424.3333333333333
50-54,M,433.65
55-59,M,163.15
55-59,M,163.88333333333333
55-59,M,166.66666666666666
55-59,M,168.6
55-59,M,169.43333333333334
55-59,M,169.56666666666666
55-59,M,169.98333333333332
55-59,M,171.4
55-59,M,171.83333333333334
55-59,M,173.76666666666668
55-59,M,174.81666666666666
55-59,M,174.96666666666667
55-59,M,175.0
55-59,M,175.05
55-59,M,175.13333333333333
55-59,M,175.45
55-59,M,175.68333333333334
55-59,M,175.71666666666667
55-59,M,176.25
55-59,M,176.28333333333333
55-59,M,176.65
55-59,M,176.85
55-59,M,177.38333333333333
55-59,M,177.46666666666667
55-59,M,177.61666666666667
55-59,M,177.8
55-59,M,177.88333333333333
55-59,M,177.91666666666666
55-59,M,178.25
55-59,M,178.3
55-59,M,178.33333333333334
55-59,M,178.45
55-59,M,178.51666666666668
55-59,M,178.66666666666666
55-59,M,178.78333333333333
55-59,M,178.85
55-59,M,179.36666666666667
55-59,M,179.45
55-59,M,179.63333333333333
55-59,M,180.08333333333334
55-59,M,180.33333333333337
55-59,M,180.38333333333333
55-59,M,180.96666666666667
55-59,M,181.03333333333333
55-59,M,181.46666666666667
55-59,M,181.58333333333337
55-59,M,182.05
55-59,M,182.21666666666667
55-59,M,182.3
55-59,M,183.06666666666663
55-59,M,183.3
55-59,M,183.86666666666667
55-59,M,183.91666666666663
55-59,M,184.01666666666668
55-59,M,184.73333333333332
55-59,M,184.85
55-59,M,184.86666666666667
55-59,M,185.2
55-59,M,185.26666666666668
55-59,M,185.3
55-59,M,185.36666666666667
55-59,M,185.61666666666667
55-59,M,185.65
55-59,M,185.66666666666663
55-59,M,185.68333333333337
55-59,M,185.76666666666668
55-59,M,185.81666666666663
55-59,M,186.05
55-59,M,186.1
55-59,M,186.1
55-59,M,186.23333333333332
55-59,M,186.33333333333337
55-59,M,186.36666666666667
55-59,M,186.38333333333333
55-59,M,186.48333333333332
55-59,M,186.55
55-59,M,186.58333333333337
55-59,M,186.98333333333332
55-59,M,187.05
55-59,M,187.31666666666663
55-59,M,187.46666666666667
55-59,M,187.48333333333332
55-59,M,187.53333333333333
55-59,M,187.71666666666667
55-59,M,187.85
55-59,M,188.06666666666663
55-59,M,188.1
55-59,M,188.18333333333337
55-59,M,188.2
55-59,M,188.43333333333337
55-59,M,188.45
55-59,M,188.7
55-59,M,188.81666666666663
55-59,M,188.83333333333337
55-59,M,189.03333333333333
55-59,M,189.13333333333333
55-59,M,189.31666666666663
55-59,M,189.41666666666663
55-59,M,189.45
55-59,M,189.45
55-59,M,189.63333333333333
55-59,M,190.08333333333337
55-59,M,190.16666666666663
55-59,M,190.16666666666663
55-59,M,190.18333333333337
55-59,M,190.18333333333337
55-59,M,190.3
55-59,M,190.41666666666663
55-59,M,190.5
55-59,M,190.6
55-59,M,190.66666666666663
55-59,M,191.3
55-59,M,191.4
55-59,M,191.46666666666667
55-59,M,191.5
55-59,M,191.56666666666663
55-59,M,191.63333333333333
55-59,M,191.73333333333332
55-59,M,191.93333333333337
55-59,M,191.95
55-59,M,192.0
55-59,M,192.1
55-59,M,192.23333333333332
55-59,M,192.33333333333337
55-59,M,192.55
55-59,M,192.61666666666667
55-59,M,192.7
55-59,M,192.71666666666667
55-59,M,192.83333333333337
55-59,M,192.86666666666667
55-59,M,193.08333333333337
55-59,M,193.2
55-59,M,193.3
55-59,M,193.33333333333337
55-59,M,193.36666666666667
55-59,M,193.41666666666663
55-59,M,193.51666666666668
55-59,M,193.58333333333337
55-59,M,193.65
55-59,M,193.65
55-59,M,193.68333333333337
55-59,M,193.68333333333337
55-59,M,193.76666666666668
55-59,M,193.78333333333333
55-59,M,194.0
55-59,M,194.01666666666668
55-59,M,194.05
55-59,M,194.08333333333337
55-59,M,194.11666666666667
55-59,M,194.11666666666667
55-59,M,194.21666666666667
55-59,M,194.4
55-59,M,194.4
55-59,M,194.41666666666663
55-59,M,194.46666666666667
55-59,M,194.51666666666668
55-59,M,194.53333333333333
55-59,M,194.53333333333333
55-59,M,194.55
55-59,M,194.58333333333337
55-59,M,194.66666666666663
55-59,M,194.73333333333332
55-59,M,194.76666666666668
55-59,M,194.78333333333333
55-59,M,194.78333333333333
55-59,M,194.86666666666667
55-59,M,195.0
55-59,M,195.03333333333333
55-59,M,195.08333333333337
55-59,M,195.08333333333337
55-59,M,195.1
55-59,M,195.15
55-59,M,195.18333333333337
55-59,M,195.18333333333337
55-59,M,195.2
55-59,M,195.2
55-59,M,195.2
55-59,M,195.25
55-59,M,195.25
55-59,M,195.26666666666668
55-59,M,195.28333333333333
55-59,M,195.51666666666668
55-59,M,195.66666666666663
55-59,M,195.7
55-59,M,195.81666666666663
55-59,M,195.86666666666667
55-59,M,195.93333333333337
55-59,M,195.98333333333332
55-59,M,196.05
55-59,M,196.06666666666663
55-59,M,196.13333333333333
55-59,M,196.13333333333333
55-59,M,196.26666666666668
55-59,M,196.28333333333333
55-59,M,196.3
55-59,M,196.4
55-59,M,196.43333333333337
55-59,M,196.45
55-59,M,196.61666666666667
55-59,M,196.66666666666663
55-59,M,196.7
55-59,M,196.7
55-59,M,196.71666666666667
55-59,M,196.76666666666668
55-59,M,196.83333333333337
55-59,M,196.85
55-59,M,196.86666666666667
55-59,M,196.93333333333337
55-59,M,197.0
55-59,M,197.01666666666668
55-59,M,197.05
55-59,M,197.08333333333337
55-59,M,197.1
55-59,M,197.2
55-59,M,197.23333333333332
55-59,M,197.33333333333337
55-59,M,197.38333333333333
55-59,M,197.41666666666663
55-59,M,197.48333333333332
55-59,M,197.48333333333332
55-59,M,197.48333333333332
55-59,M,197.55
55-59,M,197.61666666666667
55-59,M,197.66666666666663
55-59,M,197.86666666666667
55-59,M,197.88333333333333
55-59,M,197.91666666666663
55-59,M,198.03333333333333
55-59,M,198.03333333333333
55-59,M,198.05
55-59,M,198.1
55-59,M,198.18333333333337
55-59,M,198.2
55-59,M,198.25
55-59,M,198.26666666666668
55-59,M,198.31666666666663
55-59,M,198.31666666666663
55-59,M,198.33333333333337
55-59,M,198.36666666666667
55-59,M,198.45
55-59,M,198.48333333333332
55-59,M,198.6
55-59,M,198.61666666666667
55-59,M,198.61666666666667
55-59,M,198.68333333333337
55-59,M,198.68333333333337
55-59,M,198.81666666666663
55-59,M,198.85
55-59,M,198.86666666666667
55-59,M,198.86666666666667
55-59,M,199.0
55-59,M,199.03333333333333
55-59,M,199.15
55-59,M,199.15
55-59,M,199.21666666666667
55-59,M,199.3
55-59,M,199.35
55-59,M,199.41666666666663
55-59,M,199.55
55-59,M,199.55
55-59,M,199.63333333333333
55-59,M,199.66666666666663
55-59,M,199.75
55-59,M,199.83333333333337
55-59,M,200.1
55-59,M,200.11666666666667
55-59,M,200.13333333333333
55-59,M,200.2
55-59,M,200.26666666666668
55-59,M,200.28333333333333
55-59,M,200.28333333333333
55-59,M,200.3
55-59,M,200.3
55-59,M,200.33333333333337
55-59,M,200.41666666666663
55-59,M,200.43333333333337
55-59,M,200.45
55-59,M,200.53333333333333
55-59,M,200.63333333333333
55-59,M,200.78333333333333
55-59,M,200.81666666666663
55-59,M,200.81666666666663
55-59,M,200.83333333333337
55-59,M,200.83333333333337
55-59,M,200.91666666666663
55-59,M,200.93333333333337
55-59,M,200.95
55-59,M,200.96666666666667
55-59,M,201.06666666666663
55-59,M,201.11666666666667
55-59,M,201.13333333333333
55-59,M,201.16666666666663
55-59,M,201.18333333333337
55-59,M,201.23333333333332
55-59,M,201.23333333333332
55-59,M,201.23333333333332
55-59,M,201.23333333333332
55-59,M,201.26666666666668
55-59,M,201.3
55-59,M,201.4
55-59,M,201.58333333333337
55-59,M,201.7
55-59,M,201.78333333333333
55-59,M,201.8
55-59,M,201.85
55-59,M,201.88333333333333
55-59,M,202.0
55-59,M,202.01666666666668
55-59,M,202.03333333333333
55-59,M,202.06666666666663
55-59,M,202.1
55-59,M,202.1
55-59,M,202.25
55-59,M,202.26666666666668
55-59,M,202.31666666666663
55-59,M,202.33333333333337
55-59,M,202.43333333333337
55-59,M,202.45
55-59,M,202.46666666666667
55-59,M,202.48333333333332
55-59,M,202.5
55-59,M,202.53333333333333
55-59,M,202.53333333333333
55-59,M,202.55
55-59,M,202.58333333333337
55-59,M,202.58333333333337
55-59,M,202.61666666666667
55-59,M,202.65
55-59,M,202.66666666666663
55-59,M,202.73333333333332
55-59,M,202.76666666666668
55-59,M,202.76666666666668
55-59,M,202.83333333333337
55-59,M,202.85
55-59,M,202.86666666666667
55-59,M,202.88333333333333
55-59,M,203.0
55-59,M,203.2
55-59,M,203.21666666666667
55-59,M,203.23333333333332
55-59,M,203.3
55-59,M,203.38333333333333
55-59,M,203.41666666666663
55-59,M,203.41666666666663
55-59,M,203.45
55-59,M,203.48333333333332
55-59,M,203.5
55-59,M,203.51666666666668
55-59,M,203.53333333333333
55-59,M,203.53333333333333
55-59,M,203.63333333333333
55-59,M,203.66666666666663
55-59,M,203.76666666666668
55-59,M,203.86666666666667
55-59,M,203.93333333333337
55-59,M,203.95
55-59,M,203.96666666666667
55-59,M,203.96666666666667
55-59,M,203.96666666666667
55-59,M,203.98333333333332
55-59,M,204.06666666666663
55-59,M,204.08333333333337
55-59,M,204.15
55-59,M,204.28333333333333
55-59,M,204.31666666666663
55-59,M,204.33333333333337
55-59,M,204.35
55-59,M,204.43333333333337
55-59,M,204.45
55-59,M,204.45
55-59,M,204.5
55-59,M,204.61666666666667
55-59,M,204.63333333333333
55-59,M,204.71666666666667
55-59,M,204.76666666666668
55-59,M,204.78333333333333
55-59,M,204.88333333333333
55-59,M,204.88333333333333
55-59,M,204.9
55-59,M,204.91666666666663
55-59,M,205.01666666666668
55-59,M,205.03333333333333
55-59,M,205.06666666666663
55-59,M,205.11666666666667
55-59,M,205.18333333333337
55-59,M,205.2
55-59,M,205.2
55-59,M,205.31666666666663
55-59,M,205.33333333333337
55-59,M,205.35
55-59,M,205.4
55-59,M,205.43333333333337
55-59,M,205.45
55-59,M,205.48333333333332
55-59,M,205.5
55-59,M,205.5
55-59,M,205.51666666666668
55-59,M,205.51666666666668
55-59,M,205.68333333333337
55-59,M,205.71666666666667
55-59,M,205.71666666666667
55-59,M,205.85
55-59,M,205.86666666666667
55-59,M,205.93333333333337
55-59,M,205.95
55-59,M,206.03333333333333
55-59,M,206.05
55-59,M,206.05
55-59,M,206.13333333333333
55-59,M,206.15
55-59,M,206.18333333333337
55-59,M,206.21666666666667
55-59,M,206.26666666666668
55-59,M,206.33333333333337
55-59,M,206.33333333333337
55-59,M,206.45
55-59,M,206.48333333333332
55-59,M,206.5
55-59,M,206.53333333333333
55-59,M,206.53333333333333
55-59,M,206.56666666666663
55-59,M,206.58333333333337
55-59,M,206.58333333333337
55-59,M,206.6
55-59,M,206.61666666666667
55-59,M,206.61666666666667
55-59,M,206.63333333333333
55-59,M,206.68333333333337
55-59,M,206.81666666666663
55-59,M,206.81666666666663
55-59,M,206.83333333333337
55-59,M,206.85
55-59,M,206.86666666666667
55-59,M,206.9
55-59,M,206.91666666666663
55-59,M,206.93333333333337
55-59,M,206.95
55-59,M,206.95
55-59,M,206.95
55-59,M,207.0
55-59,M,207.0
55-59,M,207.01666666666668
55-59,M,207.03333333333333
55-59,M,207.05
55-59,M,207.05
55-59,M,207.08333333333337
55-59,M,207.21666666666667
55-59,M,207.33333333333337
55-59,M,207.35
55-59,M,207.41666666666663
55-59,M,207.53333333333333
55-59,M,207.56666666666663
55-59,M,207.65
55-59,M,207.68333333333337
55-59,M,207.68333333333337
55-59,M,207.7
55-59,M,207.78333333333333
55-59,M,207.8
55-59,M,207.83333333333337
55-59,M,207.86666666666667
55-59,M,207.88333333333333
55-59,M,207.88333333333333
55-59,M,207.95
55-59,M,207.98333333333332
55-59,M,208.03333333333333
55-59,M,208.03333333333333
55-59,M,208.05
55-59,M,208.06666666666663
55-59,M,208.1
55-59,M,208.11666666666667
55-59,M,208.18333333333337
55-59,M,208.23333333333332
55-59,M,208.26666666666668
55-59,M,208.33333333333337
55-59,M,208.35
55-59,M,208.35
55-59,M,208.35
55-59,M,208.36666666666667
55-59,M,208.38333333333333
55-59,M,208.38333333333333
55-59,M,208.41666666666663
55-59,M,208.46666666666667
55-59,M,208.58333333333337
55-59,M,208.65
55-59,M,208.66666666666663
55-59,M,208.7
55-59,M,208.8
55-59,M,208.81666666666663
55-59,M,208.86666666666667
55-59,M,208.88333333333333
55-59,M,209.0
55-59,M,209.08333333333337
55-59,M,209.1
55-59,M,209.1
55-59,M,209.2
55-59,M,209.28333333333333
55-59,M,209.33333333333337
55-59,M,209.41666666666663
55-59,M,209.45
55-59,M,209.48333333333332
55-59,M,209.51666666666668
55-59,M,209.51666666666668
55-59,M,209.51666666666668
55-59,M,209.55
55-59,M,209.65
55-59,M,209.66666666666663
55-59,M,209.68333333333337
55-59,M,209.86666666666667
55-59,M,209.95
55-59,M,210.01666666666668
55-59,M,210.06666666666663
55-59,M,210.13333333333333
55-59,M,210.18333333333337
55-59,M,210.18333333333337
55-59,M,210.28333333333333
55-59,M,210.3
55-59,M,210.31666666666663
55-59,M,210.35
55-59,M,210.36666666666667
55-59,M,210.36666666666667
55-59,M,210.38333333333333
55-59,M,210.38333333333333
55-59,M,210.4
55-59,M,210.48333333333332
55-59,M,210.5
55-59,M,210.51666666666668
55-59,M,210.53333333333333
55-59,M,210.58333333333337
55-59,M,210.68333333333337
55-59,M,210.81666666666663
55-59,M,210.83333333333337
55-59,M,210.86666666666667
55-59,M,210.86666666666667
55-59,M,210.88333333333333
55-59,M,210.93333333333337
55-59,M,210.95
55-59,M,210.98333333333332
55-59,M,211.01666666666668
55-59,M,211.01666666666668
55-59,M,211.03333333333333
55-59,M,211.05
55-59,M,211.06666666666663
55-59,M,211.11666666666667
55-59,M,211.13333333333333
55-59,M,211.16666666666663
55-59,M,211.18333333333337
55-59,M,211.2
55-59,M,211.25
55-59,M,211.25
55-59,M,211.26666666666668
55-59,M,211.26666666666668
55-59,M,211.35
55-59,M,211.45
55-59,M,211.46666666666667
55-59,M,211.48333333333332
55-59,M,211.5
55-59,M,211.55
55-59,M,211.58333333333337
55-59,M,211.6
55-59,M,211.61666666666667
55-59,M,211.65
55-59,M,211.68333333333337
55-59,M,211.68333333333337
55-59,M,211.7
55-59,M,211.75
55-59,M,211.76666666666668
55-59,M,211.93333333333337
55-59,M,211.95
55-59,M,212.0
55-59,M,212.0
55-59,M,212.0
55-59,M,212.03333333333333
55-59,M,212.03333333333333
55-59,M,212.05
55-59,M,212.06666666666663
55-59,M,212.1
55-59,M,212.15
55-59,M,212.15
55-59,M,212.16666666666663
55-59,M,212.21666666666667
55-59,M,212.21666666666667
55-59,M,212.25
55-59,M,212.28333333333333
55-59,M,212.3
55-59,M,212.3
55-59,M,212.38333333333333
55-59,M,212.41666666666663
55-59,M,212.43333333333337
55-59,M,212.46666666666667
55-59,M,212.5
55-59,M,212.53333333333333
55-59,M,212.56666666666663
55-59,M,212.6
55-59,M,212.65
55-59,M,212.68333333333337
55-59,M,212.75
55-59,M,212.83333333333337
55-59,M,212.85
55-59,M,212.86666666666667
55-59,M,212.96666666666667
55-59,M,212.98333333333332
55-59,M,212.98333333333332
55-59,M,213.01666666666668
55-59,M,213.05
55-59,M,213.08333333333337
55-59,M,213.08333333333337
55-59,M,213.2
55-59,M,213.23333333333332
55-59,M,213.26666666666668
55-59,M,213.28333333333333
55-59,M,213.28333333333333
55-59,M,213.33333333333337
55-59,M,213.33333333333337
55-59,M,213.33333333333337
55-59,M,213.4
55-59,M,213.43333333333337
55-59,M,213.45
55-59,M,213.5
55-59,M,213.55
55-59,M,213.56666666666663
55-59,M,213.63333333333333
55-59,M,213.7
55-59,M,213.73333333333332
55-59,M,213.8
55-59,M,213.83333333333337
55-59,M,213.85
55-59,M,213.86666666666667
55-59,M,213.86666666666667
55-59,M,213.86666666666667
55-59,M,213.93333333333337
55-59,M,213.95
55-59,M,213.98333333333332
55-59,M,214.06666666666663
55-59,M,214.18333333333337
55-59,M,214.18333333333337
55-59,M,214.21666666666667
55-59,M,214.25
55-59,M,214.25
55-59,M,214.3
55-59,M,214.3
55-59,M,214.31666666666663
55-59,M,214.35
55-59,M,214.38333333333333
55-59,M,214.38333333333333
55-59,M,214.38333333333333
55-59,M,214.4
55-59,M,214.46666666666667
55-59,M,214.48333333333332
55-59,M,214.58333333333337
55-59,M,214.65
55-59,M,214.65
55-59,M,214.68333333333337
55-59,M,214.76666666666668
55-59,M,214.78333333333333
55-59,M,214.78333333333333
55-59,M,214.8
55-59,M,214.88333333333333
55-59,M,214.9
55-59,M,214.96666666666667
55-59,M,215.05
55-59,M,215.08333333333337
55-59,M,215.11666666666667
55-59,M,215.16666666666663
55-59,M,215.16666666666663
55-59,M,215.21666666666667
55-59,M,215.23333333333332
55-59,M,215.31666666666663
55-59,M,215.35
55-59,M,215.35
55-59,M,215.35
55-59,M,215.36666666666667
55-59,M,215.36666666666667
55-59,M,215.4
55-59,M,215.4
55-59,M,215.41666666666663
55-59,M,215.46666666666667
55-59,M,215.51666666666668
55-59,M,215.55
55-59,M,215.63333333333333
55-59,M,215.68333333333337
55-59,M,215.73333333333332
55-59,M,215.86666666666667
55-59,M,215.91666666666663
55-59,M,215.93333333333337
55-59,M,215.95
55-59,M,216.03333333333333
55-59,M,216.06666666666663
55-59,M,216.15
55-59,M,216.16666666666663
55-59,M,216.18333333333337
55-59,M,216.25
55-59,M,216.28333333333333
55-59,M,216.3
55-59,M,216.31666666666663
55-59,M,216.45
55-59,M,216.46666666666667
55-59,M,216.5
55-59,M,216.56666666666663
55-59,M,216.58333333333337
55-59,M,216.58333333333337
55-59,M,216.6
55-59,M,216.65
55-59,M,216.68333333333337
55-59,M,216.86666666666667
55-59,M,216.86666666666667
55-59,M,216.91666666666663
55-59,M,216.96666666666667
55-59,M,217.21666666666667
55-59,M,217.25
55-59,M,217.26666666666668
55-59,M,217.3
55-59,M,217.41666666666663
55-59,M,217.5
55-59,M,217.63333333333333
55-59,M,217.8
55-59,M,217.8
55-59,M,217.85
55-59,M,217.93333333333337
55-59,M,217.93333333333337
55-59,M,217.98333333333332
55-59,M,218.08333333333337
55-59,M,218.11666666666667
55-59,M,218.16666666666663
55-59,M,218.16666666666663
55-59,M,218.18333333333337
55-59,M,218.25
55-59,M,218.35
55-59,M,218.38333333333333
55-59,M,218.38333333333333
55-59,M,218.46666666666667
55-59,M,218.56666666666663
55-59,M,218.58333333333337
55-59,M,218.7
55-59,M,218.71666666666667
55-59,M,218.73333333333332
55-59,M,218.75
55-59,M,218.81666666666663
55-59,M,218.9
55-59,M,218.93333333333337
55-59,M,219.13333333333333
55-59,M,219.2
55-59,M,219.23333333333332
55-59,M,219.25
55-59,M,219.3
55-59,M,219.35
55-59,M,219.38333333333333
55-59,M,219.4
55-59,M,219.5
55-59,M,219.66666666666663
55-59,M,219.68333333333337
55-59,M,219.7
55-59,M,219.7
55-59,M,219.83333333333337
55-59,M,219.88333333333333
55-59,M,219.91666666666663
55-59,M,219.91666666666663
55-59,M,219.98333333333332
55-59,M,220.0
55-59,M,220.01666666666668
55-59,M,220.06666666666663
55-59,M,220.1
55-59,M,220.13333333333333
55-59,M,220.15
55-59,M,220.15
55-59,M,220.2
55-59,M,220.21666666666667
55-59,M,220.26666666666668
55-59,M,220.26666666666668
55-59,M,220.33333333333337
55-59,M,220.46666666666667
55-59,M,220.46666666666667
55-59,M,220.51666666666668
55-59,M,220.63333333333333
55-59,M,220.63333333333333
55-59,M,220.66666666666663
55-59,M,220.73333333333332
55-59,M,220.75
55-59,M,220.86666666666667
55-59,M,220.93333333333337
55-59,M,220.96666666666667
55-59,M,220.96666666666667
55-59,M,221.0
55-59,M,221.0
55-59,M,221.06666666666663
55-59,M,221.06666666666663
55-59,M,221.06666666666663
55-59,M,221.2
55-59,M,221.2
55-59,M,221.23333333333332
55-59,M,221.25
55-59,M,221.28333333333333
55-59,M,221.3
55-59,M,221.48333333333332
55-59,M,221.5
55-59,M,221.68333333333337
55-59,M,221.7
55-59,M,221.73333333333332
55-59,M,221.73333333333332
55-59,M,221.75
55-59,M,221.86666666666667
55-59,M,221.95
55-59,M,221.95
55-59,M,221.96666666666667
55-59,M,222.06666666666663
55-59,M,222.06666666666663
55-59,M,222.08333333333337
55-59,M,222.18333333333337
55-59,M,222.18333333333337
55-59,M,222.23333333333332
55-59,M,222.26666666666668
55-59,M,222.31666666666663
55-59,M,222.31666666666663
55-59,M,222.31666666666663
55-59,M,222.33333333333337
55-59,M,222.48333333333332
55-59,M,222.53333333333333
55-59,M,222.55
55-59,M,222.55
55-59,M,222.6
55-59,M,222.61666666666667
55-59,M,222.63333333333333
55-59,M,222.66666666666663
55-59,M,222.7
55-59,M,222.75
55-59,M,222.8
55-59,M,222.91666666666663
55-59,M,222.95
55-59,M,223.25
55-59,M,223.43333333333337
55-59,M,223.46666666666667
55-59,M,223.53333333333333
55-59,M,223.58333333333337
55-59,M,223.7
55-59,M,223.71666666666667
55-59,M,223.73333333333332
55-59,M,223.73333333333332
55-59,M,223.73333333333332
55-59,M,223.78333333333333
55-59,M,223.81666666666663
55-59,M,223.85
55-59,M,223.93333333333337
55-59,M,223.96666666666667
55-59,M,224.2
55-59,M,224.3
55-59,M,224.38333333333333
55-59,M,224.41666666666663
55-59,M,224.43333333333337
55-59,M,224.48333333333332
55-59,M,224.51666666666668
55-59,M,224.56666666666663
55-59,M,224.56666666666663
55-59,M,224.66666666666663
55-59,M,224.68333333333337
55-59,M,224.76666666666668
55-59,M,224.88333333333333
55-59,M,224.96666666666667
55-59,M,225.0
55-59,M,225.05
55-59,M,225.06666666666663
55-59,M,225.06666666666663
55-59,M,225.08333333333337
55-59,M,225.1
55-59,M,225.11666666666667
55-59,M,225.2
55-59,M,225.41666666666663
55-59,M,225.43333333333337
55-59,M,225.45
55-59,M,225.58333333333337
55-59,M,225.73333333333332
55-59,M,225.76666666666668
55-59,M,225.81666666666663
55-59,M,226.03333333333333
55-59,M,226.03333333333333
55-59,M,226.05
55-59,M,226.2
55-59,M,226.23333333333332
55-59,M,226.25
55-59,M,226.25
55-59,M,226.33333333333337
55-59,M,226.35
55-59,M,226.36666666666667
55-59,M,226.4
55-59,M,226.41666666666663
55-59,M,226.45
55-59,M,226.55
55-59,M,226.58333333333337
55-59,M,226.6
55-59,M,226.65
55-59,M,226.83333333333337
55-59,M,226.93333333333337
55-59,M,227.01666666666668
55-59,M,227.03333333333333
55-59,M,227.11666666666667
55-59,M,227.16666666666663
55-59,M,227.2
55-59,M,227.38333333333333
55-59,M,227.41666666666663
55-59,M,227.5
55-59,M,227.63333333333333
55-59,M,227.78333333333333
55-59,M,227.8
55-59,M,227.81666666666663
55-59,M,227.83333333333337
55-59,M,227.96666666666667
55-59,M,228.03333333333333
55-59,M,228.03333333333333
55-59,M,228.05
55-59,M,228.11666666666667
55-59,M,228.13333333333333
55-59,M,228.15
55-59,M,228.15
55-59,M,228.23333333333332
55-59,M,228.25
55-59,M,228.26666666666668
55-59,M,228.31666666666663
55-59,M,228.38333333333333
55-59,M,228.4
55-59,M,228.41666666666663
55-59,M,228.41666666666663
55-59,M,228.53333333333333
55-59,M,228.55
55-59,M,228.6
55-59,M,228.7
55-59,M,228.7
55-59,M,228.71666666666667
55-59,M,228.73333333333332
55-59,M,228.8
55-59,M,228.8
55-59,M,228.81666666666663
55-59,M,228.86666666666667
55-59,M,229.03333333333333
55-59,M,229.16666666666663
55-59,M,229.18333333333337
55-59,M,229.18333333333337
55-59,M,229.2
55-59,M,229.21666666666667
55-59,M,229.25
55-59,M,229.61666666666667
55-59,M,229.7
55-59,M,229.76666666666668
55-59,M,229.98333333333332
55-59,M,230.05
55-59,M,230.26666666666668
55-59,M,230.26666666666668
55-59,M,230.28333333333333
55-59,M,230.3
55-59,M,230.5
55-59,M,230.51666666666668
55-59,M,230.53333333333333
55-59,M,230.6
55-59,M,230.61666666666667
55-59,M,230.66666666666663
55-59,M,230.66666666666663
55-59,M,230.66666666666663
55-59,M,230.68333333333337
55-59,M,230.68333333333337
55-59,M,230.71666666666667
55-59,M,230.71666666666667
55-59,M,230.75
55-59,M,230.83333333333337
55-59,M,230.88333333333333
55-59,M,230.9
55-59,M,230.98333333333332
55-59,M,231.11666666666667
55-59,M,231.13333333333333
55-59,M,231.28333333333333
55-59,M,231.4
55-59,M,231.41666666666663
55-59,M,231.5
55-59,M,231.6
55-59,M,231.81666666666663
55-59,M,232.1
55-59,M,232.11666666666667
55-59,M,232.4
55-59,M,232.41666666666663
55-59,M,232.46666666666667
55-59,M,232.66666666666663
55-59,M,232.85
55-59,M,232.9
55-59,M,233.13333333333333
55-59,M,233.23333333333332
55-59,M,233.31666666666663
55-59,M,233.33333333333337
55-59,M,233.33333333333337
55-59,M,233.35
55-59,M,233.41666666666663
55-59,M,233.48333333333332
55-59,M,233.48333333333332
55-59,M,233.9
55-59,M,234.03333333333333
55-59,M,234.03333333333333
55-59,M,234.06666666666663
55-59,M,234.1
55-59,M,234.21666666666667
55-59,M,234.26666666666668
55-59,M,234.36666666666667
55-59,M,234.45
55-59,M,234.48333333333332
55-59,M,234.48333333333332
55-59,M,234.51666666666668
55-59,M,234.56666666666663
55-59,M,234.61666666666667
55-59,M,234.68333333333337
55-59,M,234.68333333333337
55-59,M,235.36666666666667
55-59,M,235.4
55-59,M,235.45
55-59,M,235.91666666666663
55-59,M,236.0
55-59,M,236.08333333333337
55-59,M,236.15
55-59,M,236.18333333333337
55-59,M,236.33333333333337
55-59,M,236.38333333333333
55-59,M,236.46666666666667
55-59,M,236.48333333333332
55-59,M,236.58333333333337
55-59,M,236.61666666666667
55-59,M,236.63333333333333
55-59,M,236.65
55-59,M,236.66666666666663
55-59,M,236.7
55-59,M,236.73333333333332
55-59,M,236.83333333333337
55-59,M,237.05
55-59,M,237.13333333333333
55-59,M,237.2
55-59,M,237.28333333333333
55-59,M,237.3
55-59,M,237.31666666666663
55-59,M,237.35
55-59,M,237.4
55-59,M,237.41666666666663
55-59,M,237.45
55-59,M,237.56666666666663
55-59,M,237.73333333333332
55-59,M,237.83333333333337
55-59,M,237.91666666666663
55-59,M,238.0
55-59,M,238.01666666666668
55-59,M,238.16666666666663
55-59,M,238.18333333333337
55-59,M,238.41666666666663
55-59,M,238.51666666666668
55-59,M,238.6
55-59,M,238.71666666666667
55-59,M,238.75
55-59,M,238.93333333333337
55-59,M,238.95
55-59,M,239.0
55-59,M,239.05
55-59,M,239.08333333333337
55-59,M,239.16666666666663
55-59,M,239.43333333333337
55-59,M,239.66666666666663
55-59,M,239.76666666666668
55-59,M,239.78333333333333
55-59,M,239.85
55-59,M,239.9
55-59,M,239.96666666666667
55-59,M,240.11666666666667
55-59,M,240.16666666666663
55-59,M,240.28333333333333
55-59,M,240.35
55-59,M,240.36666666666667
55-59,M,240.75
55-59,M,240.93333333333337
55-59,M,241.03333333333333
55-59,M,241.43333333333337
55-59,M,241.66666666666663
55-59,M,241.98333333333332
55-59,M,242.0
55-59,M,242.11666666666667
55-59,M,242.13333333333333
55-59,M,242.26666666666668
55-59,M,242.41666666666663
55-59,M,242.51666666666668
55-59,M,243.03333333333333
55-59,M,243.06666666666663
55-59,M,243.13333333333333
55-59,M,243.21666666666667
55-59,M,243.45
55-59,M,243.53333333333333
55-59,M,243.53333333333333
55-59,M,243.75
55-59,M,243.8
55-59,M,244.25
55-59,M,244.86666666666667
55-59,M,245.68333333333337
55-59,M,245.8
55-59,M,245.88333333333333
55-59,M,245.91666666666663
55-59,M,246.18333333333337
55-59,M,246.18333333333337
55-59,M,246.6
55-59,M,246.6
55-59,M,246.61666666666667
55-59,M,246.65
55-59,M,246.9
55-59,M,246.9
55-59,M,247.25
55-59,M,247.3
55-59,M,247.33333333333337
55-59,M,247.35
55-59,M,247.36666666666667
55-59,M,247.4
55-59,M,247.55
55-59,M,247.7
55-59,M,247.91666666666663
55-59,M,247.93333333333337
55-59,M,248.03333333333333
55-59,M,248.06666666666663
55-59,M,248.58333333333337
55-59,M,248.71666666666667
55-59,M,248.96666666666667
55-59,M,249.0
55-59,M,249.73333333333332
55-59,M,249.85
55-59,M,250.15
55-59,M,250.5
55-59,M,250.55
55-59,M,250.96666666666667
55-59,M,251.1
55-59,M,251.36666666666667
55-59,M,251.41666666666663
55-59,M,251.53333333333333
55-59,M,251.81666666666663
55-59,M,252.11666666666667
55-59,M,252.46666666666667
55-59,M,252.53333333333333
55-59,M,252.66666666666663
55-59,M,252.68333333333337
55-59,M,252.9
55-59,M,252.98333333333332
55-59,M,253.01666666666668
55-59,M,253.4
55-59,M,253.85
55-59,M,254.0
55-59,M,254.03333333333333
55-59,M,254.06666666666663
55-59,M,254.28333333333333
55-59,M,254.43333333333337
55-59,M,254.48333333333332
55-59,M,254.56666666666663
55-59,M,254.75
55-59,M,255.2
55-59,M,255.28333333333333
55-59,M,256.23333333333335
55-59,M,256.25
55-59,M,256.3666666666667
55-59,M,256.43333333333334
55-59,M,256.46666666666664
55-59,M,256.5833333333333
55-59,M,256.8
55-59,M,257.01666666666665
55-59,M,257.15
55-59,M,257.2
55-59,M,257.6166666666667
55-59,M,257.76666666666665
55-59,M,258.1166666666667
55-59,M,258.1333333333333
55-59,M,258.15
55-59,M,258.31666666666666
55-59,M,258.48333333333335
55-59,M,258.53333333333336
55-59,M,258.55
55-59,M,258.71666666666664
55-59,M,258.8666666666667
55-59,M,258.9
55-59,M,259.01666666666665
55-59,M,259.05
55-59,M,259.4
55-59,M,259.55
55-59,M,260.18333333333334
55-59,M,260.5833333333333
55-59,M,260.6666666666667
55-59,M,260.8
55-59,M,260.95
55-59,M,261.0
55-59,M,261.0
55-59,M,261.15
55-59,M,261.4166666666667
55-59,M,261.6333333333333
55-59,M,261.71666666666664
55-59,M,261.8
55-59,M,262.03333333333336
55-59,M,262.0833333333333
55-59,M,262.1666666666667
55-59,M,262.2
55-59,M,262.6666666666667
55-59,M,262.93333333333334
55-59,M,263.1
55-59,M,263.3
55-59,M,263.31666666666666
55-59,M,263.3833333333333
55-59,M,263.6
55-59,M,263.78333333333336
55-59,M,263.8666666666667
55-59,M,263.8833333333333
55-59,M,264.0
55-59,M,264.05
55-59,M,264.1166666666667
55-59,M,264.35
55-59,M,264.6333333333333
55-59,M,265.03333333333336
55-59,M,265.51666666666665
55-59,M,265.6333333333333
55-59,M,265.81666666666666
55-59,M,265.8666666666667
55-59,M,266.56666666666666
55-59,M,266.8666666666667
55-59,M,267.1166666666667
55-59,M,267.18333333333334
55-59,M,267.56666666666666
55-59,M,267.9166666666667
55-59,M,268.43333333333334
55-59,M,268.43333333333334
55-59,M,268.45
55-59,M,268.53333333333336
55-59,M,268.5833333333333
55-59,M,268.7
55-59,M,268.93333333333334
55-59,M,268.95
55-59,M,269.3333333333333
55-59,M,269.35
55-59,M,269.3666666666667
55-59,M,269.6
55-59,M,269.71666666666664
55-59,M,269.73333333333335
55-59,M,269.78333333333336
55-59,M,270.05
55-59,M,270.06666666666666
55-59,M,270.1166666666667
55-59,M,270.48333333333335
55-59,M,271.3333333333333
55-59,M,272.06666666666666
55-59,M,272.26666666666665
55-59,M,272.3833333333333
55-59,M,272.48333333333335
55-59,M,272.9166666666667
55-59,M,273.01666666666665
55-59,M,273.1166666666667
55-59,M,273.45
55-59,M,273.75
55-59,M,273.81666666666666
55-59,M,274.25
55-59,M,274.35
55-59,M,274.55
55-59,M,274.6333333333333
55-59,M,274.9166666666667
55-59,M,275.06666666666666
55-59,M,275.21666666666664
55-59,M,275.46666666666664
55-59,M,275.78333333333336
55-59,M,275.81666666666666
55-59,M,275.85
55-59,M,276.15
55-59,M,276.25
55-59,M,276.4166666666667
55-59,M,276.4166666666667
55-59,M,276.6166666666667
55-59,M,276.81666666666666
55-59,M,277.06666666666666
55-59,M,277.56666666666666
55-59,M,277.76666666666665
55-59,M,278.05
55-59,M,278.1166666666667
55-59,M,278.45
55-59,M,278.45
55-59,M,278.75
55-59,M,278.98333333333335
55-59,M,279.5
55-59,M,280.05
55-59,M,280.0833333333333
55-59,M,280.1666666666667
55-59,M,280.43333333333334
55-59,M,280.75
55-59,M,281.0
55-59,M,281.53333333333336
55-59,M,281.6333333333333
55-59,M,282.21666666666664
55-59,M,282.31666666666666
55-59,M,282.6
55-59,M,282.71666666666664
55-59,M,282.85
55-59,M,282.8666666666667
55-59,M,282.98333333333335
55-59,M,283.46666666666664
55-59,M,283.48333333333335
55-59,M,283.6
55-59,M,283.9166666666667
55-59,M,283.96666666666664
55-59,M,284.05
55-59,M,284.25
55-59,M,284.28333333333336
55-59,M,284.4166666666667
55-59,M,284.45
55-59,M,285.3
55-59,M,285.48333333333335
55-59,M,285.8833333333333
55-59,M,286.18333333333334
55-59,M,286.51666666666665
55-59,M,286.6666666666667
55-59,M,286.68333333333334
55-59,M,288.2
55-59,M,288.85
55-59,M,289.1666666666667
55-59,M,289.68333333333334
55-59,M,289.85
55-59,M,290.1666666666667
55-59,M,290.81666666666666
55-59,M,290.93333333333334
55-59,M,291.2
55-59,M,292.2
55-59,M,292.8
55-59,M,292.8833333333333
55-59,M,293.0
55-59,M,293.0
55-59,M,293.23333333333335
55-59,M,293.43333333333334
55-59,M,294.96666666666664
55-59,M,295.1333333333333
55-59,M,295.73333333333335
55-59,M,295.96666666666664
55-59,M,296.0833333333333
55-59,M,297.03333333333336
55-59,M,297.51666666666665
55-59,M,297.5833333333333
55-59,M,297.96666666666664
55-59,M,298.5
55-59,M,298.55
55-59,M,298.65
55-59,M,298.9
55-59,M,299.81666666666666
55-59,M,300.46666666666664
55-59,M,301.75
55-59,M,301.9
55-59,M,301.9166666666667
55-59,M,302.6
55-59,M,302.68333333333334
55-59,M,302.75
55-59,M,303.31666666666666
55-59,M,303.5833333333333
55-59,M,305.1666666666667
55-59,M,305.6166666666667
55-59,M,305.71666666666664
55-59,M,306.48333333333335
55-59,M,306.6666666666667
55-59,M,306.68333333333334
55-59,M,306.73333333333335
55-59,M,308.01666666666665
55-59,M,308.5
55-59,M,309.0
55-59,M,309.2
55-59,M,309.26666666666665
55-59,M,309.6333333333333
55-59,M,310.01666666666665
55-59,M,310.3833333333333
55-59,M,310.73333333333335
55-59,M,311.21666666666664
55-59,M,313.48333333333335
55-59,M,314.1666666666667
55-59,M,315.28333333333336
55-59,M,315.53333333333336
55-59,M,315.9166666666667
55-59,M,316.43333333333334
55-59,M,317.23333333333335
55-59,M,318.8333333333333
55-59,M,320.4
55-59,M,320.78333333333336
55-59,M,321.1666666666667
55-59,M,321.3
55-59,M,321.68333333333334
55-59,M,322.51666666666665
55-59,M,322.6
55-59,M,322.6166666666667
55-59,M,323.4
55-59,M,326.3333333333333
55-59,M,326.3666666666667
55-59,M,327.3333333333333
55-59,M,327.65
55-59,M,327.71666666666664
55-59,M,330.0833333333333
55-59,M,331.8333333333333
55-59,M,332.15
55-59,M,335.3833333333333
55-59,M,335.78333333333336
55-59,M,336.21666666666664
55-59,M,337.98333333333335
55-59,M,338.01666666666665
55-59,M,338.05
55-59,M,338.3333333333333
55-59,M,338.98333333333335
55-59,M,339.3333333333333
55-59,M,339.3666666666667
55-59,M,340.6
55-59,M,340.9166666666667
55-59,M,341.1166666666667
55-59,M,341.8666666666667
55-59,M,342.8666666666667
55-59,M,345.45
55-59,M,345.68333333333334
55-59,M,346.35
55-59,M,349.8333333333333
55-59,M,350.06666666666666
55-59,M,350.26666666666665
55-59,M,350.3833333333333
55-59,M,350.9
55-59,M,352.23333333333335
55-59,M,353.06666666666666
55-59,M,354.5
55-59,M,354.85
55-59,M,356.2
55-59,M,356.98333333333335
55-59,M,359.7
55-59,M,360.4166666666667
55-59,M,360.8
55-59,M,362.53333333333336
55-59,M,363.3833333333333
55-59,M,364.1666666666667
55-59,M,365.6
55-59,M,397.75
60-64,M,166.6
60-64,M,169.01666666666668
60-64,M,172.83333333333334
60-64,M,173.46666666666667
60-64,M,176.4
60-64,M,176.53333333333333
60-64,M,178.53333333333333
60-64,M,178.61666666666667
60-64,M,178.91666666666666
60-64,M,178.93333333333334
60-64,M,179.21666666666667
60-64,M,180.45
60-64,M,181.15
60-64,M,181.36666666666667
60-64,M,181.75
60-64,M,182.11666666666667
60-64,M,182.5
60-64,M,182.86666666666667
60-64,M,183.98333333333332
60-64,M,184.11666666666667
60-64,M,184.76666666666668
60-64,M,184.9
60-64,M,185.58333333333337
60-64,M,185.96666666666667
60-64,M,186.46666666666667
60-64,M,186.55
60-64,M,186.86666666666667
60-64,M,187.11666666666667
60-64,M,187.68333333333337
60-64,M,188.86666666666667
60-64,M,188.93333333333337
60-64,M,188.96666666666667
60-64,M,189.76666666666668
60-64,M,189.98333333333332
60-64,M,190.76666666666668
60-64,M,190.8
60-64,M,190.81666666666663
60-64,M,191.43333333333337
60-64,M,191.66666666666663
60-64,M,191.91666666666663
60-64,M,192.78333333333333
60-64,M,192.83333333333337
60-64,M,193.21666666666667
60-64,M,193.91666666666663
60-64,M,193.91666666666663
60-64,M,194.05
60-64,M,194.28333333333333
60-64,M,194.46666666666667
60-64,M,194.51666666666668
60-64,M,195.03333333333333
60-64,M,195.06666666666663
60-64,M,195.26666666666668
60-64,M,195.46666666666667
60-64,M,195.55
60-64,M,195.6
60-64,M,195.81666666666663
60-64,M,196.08333333333337
60-64,M,196.58333333333337
60-64,M,196.6
60-64,M,196.61666666666667
60-64,M,196.7
60-64,M,196.71666666666667
60-64,M,197.05
60-64,M,197.06666666666663
60-64,M,197.08333333333337
60-64,M,197.36666666666667
60-64,M,197.43333333333337
60-64,M,197.73333333333332
60-64,M,197.76666666666668
60-64,M,197.93333333333337
60-64,M,198.08333333333337
60-64,M,198.5
60-64,M,198.75
60-64,M,198.93333333333337
60-64,M,199.06666666666663
60-64,M,199.13333333333333
60-64,M,199.43333333333337
60-64,M,199.83333333333337
60-64,M,200.03333333333333
60-64,M,200.15
60-64,M,200.38333333333333
60-64,M,200.43333333333337
60-64,M,200.53333333333333
60-64,M,200.68333333333337
60-64,M,200.71666666666667
60-64,M,200.75
60-64,M,200.78333333333333
60-64,M,200.88333333333333
60-64,M,201.11666666666667
60-64,M,201.15
60-64,M,201.18333333333337
60-64,M,201.21666666666667
60-64,M,201.56666666666663
60-64,M,201.61666666666667
60-64,M,201.66666666666663
60-64,M,201.9
60-64,M,202.15
60-64,M,202.16666666666663
60-64,M,202.25
60-64,M,202.48333333333332
60-64,M,202.68333333333337
60-64,M,202.78333333333333
60-64,M,202.93333333333337
60-64,M,203.0
60-64,M,203.3
60-64,M,203.56666666666663
60-64,M,203.71666666666667
60-64,M,203.91666666666663
60-64,M,204.05
60-64,M,204.16666666666663
60-64,M,204.23333333333332
60-64,M,204.43333333333337
60-64,M,204.53333333333333
60-64,M,204.65
60-64,M,204.75
60-64,M,204.78333333333333
60-64,M,204.93333333333337
60-64,M,204.95
60-64,M,204.98333333333332
60-64,M,204.98333333333332
60-64,M,205.2
60-64,M,205.25
60-64,M,205.51666666666668
60-64,M,205.6
60-64,M,205.63333333333333
60-64,M,205.65
60-64,M,206.01666666666668
60-64,M,206.45
60-64,M,206.51666666666668
60-64,M,206.53333333333333
60-64,M,206.68333333333337
60-64,M,206.68333333333337
60-64,M,206.9
60-64,M,206.91666666666663
60-64,M,206.96666666666667
60-64,M,206.96666666666667
60-64,M,207.06666666666663
60-64,M,207.13333333333333
60-64,M,207.23333333333332
60-64,M,207.25
60-64,M,207.33333333333337
60-64,M,207.45
60-64,M,207.46666666666667
60-64,M,207.63333333333333
60-64,M,207.63333333333333
60-64,M,207.75
60-64,M,207.83333333333337
60-64,M,207.85
60-64,M,207.95
60-64,M,207.98333333333332
60-64,M,208.0
60-64,M,208.0
60-64,M,208.01666666666668
60-64,M,208.06666666666663
60-64,M,208.13333333333333
60-64,M,208.13333333333333
60-64,M,208.3
60-64,M,208.4
60-64,M,208.43333333333337
60-64,M,208.46666666666667
60-64,M,208.53333333333333
60-64,M,208.58333333333337
60-64,M,208.7
60-64,M,208.73333333333332
60-64,M,208.76666666666668
60-64,M,208.78333333333333
60-64,M,208.86666666666667
60-64,M,208.96666666666667
60-64,M,208.98333333333332
60-64,M,208.98333333333332
60-64,M,209.01666666666668
60-64,M,209.21666666666667
60-64,M,209.28333333333333
60-64,M,209.31666666666663
60-64,M,209.4
60-64,M,209.63333333333333
60-64,M,209.63333333333333
60-64,M,209.71666666666667
60-64,M,209.83333333333337
60-64,M,209.83333333333337
60-64,M,209.95
60-64,M,210.2
60-64,M,210.21666666666667
60-64,M,210.28333333333333
60-64,M,210.46666666666667
60-64,M,210.5
60-64,M,210.53333333333333
60-64,M,210.53333333333333
60-64,M,210.63333333333333
60-64,M,210.66666666666663
60-64,M,210.68333333333337
60-64,M,210.78333333333333
60-64,M,210.85
60-64,M,210.93333333333337
60-64,M,211.08333333333337
60-64,M,211.13333333333333
60-64,M,211.36666666666667
60-64,M,211.4
60-64,M,211.56666666666663
60-64,M,211.73333333333332
60-64,M,211.88333333333333
60-64,M,212.1
60-64,M,212.15
60-64,M,212.2
60-64,M,212.3
60-64,M,212.36666666666667
60-64,M,212.46666666666667
60-64,M,212.56666666666663
60-64,M,212.56666666666663
60-64,M,212.61666666666667
60-64,M,212.7
60-64,M,212.75
60-64,M,212.85
60-64,M,213.03333333333333
60-64,M,213.18333333333337
60-64,M,213.4
60-64,M,213.55
60-64,M,213.55
60-64,M,213.58333333333337
60-64,M,213.6
60-64,M,213.65
60-64,M,213.68333333333337
60-64,M,213.75
60-64,M,213.88333333333333
60-64,M,214.01666666666668
60-64,M,214.06666666666663
60-64,M,214.15
60-64,M,214.41666666666663
60-64,M,214.48333333333332
60-64,M,214.58333333333337
60-64,M,214.58333333333337
60-64,M,214.6
60-64,M,214.65
60-64,M,214.66666666666663
60-64,M,214.71666666666667
60-64,M,214.73333333333332
60-64,M,214.78333333333333
60-64,M,214.9
60-64,M,214.9
60-64,M,215.0
60-64,M,215.05
60-64,M,215.1
60-64,M,215.28333333333333
60-64,M,215.3
60-64,M,215.33333333333337
60-64,M,215.4
60-64,M,215.51666666666668
60-64,M,215.51666666666668
60-64,M,215.58333333333337
60-64,M,215.61666666666667
60-64,M,215.65
60-64,M,215.71666666666667
60-64,M,215.71666666666667
60-64,M,215.73333333333332
60-64,M,215.78333333333333
60-64,M,215.86666666666667
60-64,M,215.88333333333333
60-64,M,215.93333333333337
60-64,M,215.98333333333332
60-64,M,216.05
60-64,M,216.06666666666663
60-64,M,216.06666666666663
60-64,M,216.08333333333337
60-64,M,216.1
60-64,M,216.13333333333333
60-64,M,216.15
60-64,M,216.18333333333337
60-64,M,216.21666666666667
60-64,M,216.28333333333333
60-64,M,216.46666666666667
60-64,M,216.48333333333332
60-64,M,216.5
60-64,M,216.53333333333333
60-64,M,216.58333333333337
60-64,M,216.63333333333333
60-64,M,216.68333333333337
60-64,M,216.75
60-64,M,216.78333333333333
60-64,M,216.86666666666667
60-64,M,216.86666666666667
60-64,M,216.96666666666667
60-64,M,217.01666666666668
60-64,M,217.26666666666668
60-64,M,217.31666666666663
60-64,M,217.33333333333337
60-64,M,217.33333333333337
60-64,M,217.35
60-64,M,217.4
60-64,M,217.45
60-64,M,217.55
60-64,M,217.56666666666663
60-64,M,217.65
60-64,M,217.78333333333333
60-64,M,217.85
60-64,M,217.95
60-64,M,217.95
60-64,M,218.05
60-64,M,218.06666666666663
60-64,M,218.1
60-64,M,218.11666666666667
60-64,M,218.16666666666663
60-64,M,218.23333333333332
60-64,M,218.3
60-64,M,218.41666666666663
60-64,M,218.43333333333337
60-64,M,218.58333333333337
60-64,M,218.58333333333337
60-64,M,218.6
60-64,M,218.6
60-64,M,218.81666666666663
60-64,M,218.86666666666667
60-64,M,218.9
60-64,M,218.91666666666663
60-64,M,218.91666666666663
60-64,M,218.96666666666667
60-64,M,218.98333333333332
60-64,M,219.25
60-64,M,219.26666666666668
60-64,M,219.33333333333337
60-64,M,219.35
60-64,M,219.4
60-64,M,219.45
60-64,M,219.45
60-64,M,219.46666666666667
60-64,M,219.55
60-64,M,219.63333333333333
60-64,M,219.76666666666668
60-64,M,219.76666666666668
60-64,M,219.8
60-64,M,219.85
60-64,M,219.9
60-64,M,219.93333333333337
60-64,M,219.95
60-64,M,220.0
60-64,M,220.08333333333337
60-64,M,220.13333333333333
60-64,M,220.23333333333332
60-64,M,220.25
60-64,M,220.41666666666663
60-64,M,220.53333333333333
60-64,M,220.66666666666663
60-64,M,220.66666666666663
60-64,M,220.68333333333337
60-64,M,220.75
60-64,M,220.78333333333333
60-64,M,220.81666666666663
60-64,M,220.86666666666667
60-64,M,221.01666666666668
60-64,M,221.01666666666668
60-64,M,221.03333333333333
60-64,M,221.05
60-64,M,221.08333333333337
60-64,M,221.13333333333333
60-64,M,221.13333333333333
60-64,M,221.15
60-64,M,221.28333333333333
60-64,M,221.31666666666663
60-64,M,221.31666666666663
60-64,M,221.4
60-64,M,221.41666666666663
60-64,M,221.45
60-64,M,221.46666666666667
60-64,M,221.55
60-64,M,221.56666666666663
60-64,M,221.6
60-64,M,221.6
60-64,M,221.63333333333333
60-64,M,221.65
60-64,M,221.66666666666663
60-64,M,221.66666666666663
60-64,M,221.76666666666668
60-64,M,221.78333333333333
60-64,M,221.85
60-64,M,221.98333333333332
60-64,M,222.0
60-64,M,222.08333333333337
60-64,M,222.08333333333337
60-64,M,222.1
60-64,M,222.23333333333332
60-64,M,222.3
60-64,M,222.3
60-64,M,222.48333333333332
60-64,M,222.5
60-64,M,222.61666666666667
60-64,M,222.63333333333333
60-64,M,222.65
60-64,M,222.65
60-64,M,222.66666666666663
60-64,M,222.71666666666667
60-64,M,222.75
60-64,M,222.83333333333337
60-64,M,222.85
60-64,M,222.98333333333332
60-64,M,223.03333333333333
60-64,M,223.03333333333333
60-64,M,223.08333333333337
60-64,M,223.08333333333337
60-64,M,223.1
60-64,M,223.1
60-64,M,223.13333333333333
60-64,M,223.16666666666663
60-64,M,223.25
60-64,M,223.26666666666668
60-64,M,223.31666666666663
60-64,M,223.31666666666663
60-64,M,223.36666666666667
60-64,M,223.45
60-64,M,223.46666666666667
60-64,M,223.48333333333332
60-64,M,223.5
60-64,M,223.55
60-64,M,223.56666666666663
60-64,M,223.63333333333333
60-64,M,223.66666666666663
60-64,M,223.71666666666667
60-64,M,223.73333333333332
60-64,M,223.78333333333333
60-64,M,223.8
60-64,M,223.81666666666663
60-64,M,223.81666666666663
60-64,M,223.85
60-64,M,223.91666666666663
60-64,M,224.0
60-64,M,224.03333333333333
60-64,M,224.06666666666663
60-64,M,224.15
60-64,M,224.16666666666663
60-64,M,224.18333333333337
60-64,M,224.2
60-64,M,224.3
60-64,M,224.33333333333337
60-64,M,224.36666666666667
60-64,M,224.46666666666667
60-64,M,224.51666666666668
60-64,M,224.65
60-64,M,224.73333333333332
60-64,M,224.75
60-64,M,224.76666666666668
60-64,M,224.9
60-64,M,224.93333333333337
60-64,M,224.95
60-64,M,224.95
60-64,M,224.96666666666667
60-64,M,225.01666666666668
60-64,M,225.1
60-64,M,225.13333333333333
60-64,M,225.16666666666663
60-64,M,225.16666666666663
60-64,M,225.25
60-64,M,225.28333333333333
60-64,M,225.36666666666667
60-64,M,225.36666666666667
60-64,M,225.4
60-64,M,225.45
60-64,M,225.51666666666668
60-64,M,225.51666666666668
60-64,M,225.53333333333333
60-64,M,225.6
60-64,M,225.75
60-64,M,225.76666666666668
60-64,M,225.93333333333337
60-64,M,225.96666666666667
60-64,M,225.98333333333332
60-64,M,226.01666666666668
60-64,M,226.16666666666663
60-64,M,226.18333333333337
60-64,M,226.26666666666668
60-64,M,226.3
60-64,M,226.35
60-64,M,226.36666666666667
60-64,M,226.38333333333333
60-64,M,226.41666666666663
60-64,M,226.43333333333337
60-64,M,226.53333333333333
60-64,M,226.61666666666667
60-64,M,226.66666666666663
60-64,M,226.66666666666663
60-64,M,226.68333333333337
60-64,M,226.71666666666667
60-64,M,226.76666666666668
60-64,M,226.85
60-64,M,226.91666666666663
60-64,M,226.93333333333337
60-64,M,226.98333333333332
60-64,M,227.03333333333333
60-64,M,227.03333333333333
60-64,M,227.16666666666663
60-64,M,227.18333333333337
60-64,M,227.2
60-64,M,227.21666666666667
60-64,M,227.23333333333332
60-64,M,227.25
60-64,M,227.3
60-64,M,227.36666666666667
60-64,M,227.41666666666663
60-64,M,227.41666666666663
60-64,M,227.45
60-64,M,227.6
60-64,M,227.65
60-64,M,227.65
60-64,M,227.66666666666663
60-64,M,227.76666666666668
60-64,M,227.76666666666668
60-64,M,227.8
60-64,M,227.96666666666667
60-64,M,227.96666666666667
60-64,M,228.0
60-64,M,228.0
60-64,M,228.03333333333333
60-64,M,228.08333333333337
60-64,M,228.13333333333333
60-64,M,228.2
60-64,M,228.28333333333333
60-64,M,228.31666666666663
60-64,M,228.33333333333337
60-64,M,228.35
60-64,M,228.38333333333333
60-64,M,228.45
60-64,M,228.51666666666668
60-64,M,228.61666666666667
60-64,M,228.65
60-64,M,228.73333333333332
60-64,M,228.75
60-64,M,228.8
60-64,M,228.85
60-64,M,228.86666666666667
60-64,M,228.91666666666663
60-64,M,228.98333333333332
60-64,M,229.03333333333333
60-64,M,229.03333333333333
60-64,M,229.11666666666667
60-64,M,229.13333333333333
60-64,M,229.15
60-64,M,229.16666666666663
60-64,M,229.18333333333337
60-64,M,229.26666666666668
60-64,M,229.28333333333333
60-64,M,229.28333333333333
60-64,M,229.36666666666667
60-64,M,229.45
60-64,M,229.48333333333332
60-64,M,229.51666666666668
60-64,M,229.58333333333337
60-64,M,229.58333333333337
60-64,M,229.63333333333333
60-64,M,229.63333333333333
60-64,M,229.68333333333337
60-64,M,229.71666666666667
60-64,M,229.73333333333332
60-64,M,229.8
60-64,M,229.85
60-64,M,229.85
60-64,M,229.88333333333333
60-64,M,229.88333333333333
60-64,M,229.9
60-64,M,230.0
60-64,M,230.03333333333333
60-64,M,230.08333333333337
60-64,M,230.11666666666667
60-64,M,230.16666666666663
60-64,M,230.23333333333332
60-64,M,230.23333333333332
60-64,M,230.31666666666663
60-64,M,230.31666666666663
60-64,M,230.41666666666663
60-64,M,230.45
60-64,M,230.46666666666667
60-64,M,230.8
60-64,M,230.86666666666667
60-64,M,230.9
60-64,M,230.9
60-64,M,230.91666666666663
60-64,M,230.98333333333332
60-64,M,231.0
60-64,M,231.0
60-64,M,231.01666666666668
60-64,M,231.01666666666668
60-64,M,231.1
60-64,M,231.11666666666667
60-64,M,231.25
60-64,M,231.25
60-64,M,231.25
60-64,M,231.25
60-64,M,231.61666666666667
60-64,M,231.66666666666663
60-64,M,231.68333333333337
60-64,M,231.68333333333337
60-64,M,231.76666666666668
60-64,M,231.78333333333333
60-64,M,231.9
60-64,M,232.0
60-64,M,232.1
60-64,M,232.15
60-64,M,232.23333333333332
60-64,M,232.26666666666668
60-64,M,232.28333333333333
60-64,M,232.38333333333333
60-64,M,232.46666666666667
60-64,M,232.46666666666667
60-64,M,232.48333333333332
60-64,M,232.55
60-64,M,232.58333333333337
60-64,M,232.75
60-64,M,232.78333333333333
60-64,M,232.86666666666667
60-64,M,233.03333333333333
60-64,M,233.06666666666663
60-64,M,233.08333333333337
60-64,M,233.15
60-64,M,233.15
60-64,M,233.18333333333337
60-64,M,233.28333333333333
60-64,M,233.3
60-64,M,233.31666666666663
60-64,M,233.35
60-64,M,233.38333333333333
60-64,M,233.43333333333337
60-64,M,233.46666666666667
60-64,M,233.48333333333332
60-64,M,233.53333333333333
60-64,M,233.58333333333337
60-64,M,233.6
60-64,M,233.7
60-64,M,233.8
60-64,M,233.86666666666667
60-64,M,233.9
60-64,M,234.06666666666663
60-64,M,234.15
60-64,M,234.25
60-64,M,234.26666666666668
60-64,M,234.38333333333333
60-64,M,234.51666666666668
60-64,M,234.53333333333333
60-64,M,234.56666666666663
60-64,M,234.63333333333333
60-64,M,234.68333333333337
60-64,M,234.7
60-64,M,234.78333333333333
60-64,M,234.88333333333333
60-64,M,234.88333333333333
60-64,M,234.9
60-64,M,235.05
60-64,M,235.11666666666667
60-64,M,235.15
60-64,M,235.16666666666663
60-64,M,235.21666666666667
60-64,M,235.23333333333332
60-64,M,235.25
60-64,M,235.25
60-64,M,235.25
60-64,M,235.48333333333332
60-64,M,235.55
60-64,M,235.58333333333337
60-64,M,235.61666666666667
60-64,M,235.61666666666667
60-64,M,235.66666666666663
60-64,M,235.7
60-64,M,235.8
60-64,M,235.81666666666663
60-64,M,235.83333333333337
60-64,M,235.83333333333337
60-64,M,235.88333333333333
60-64,M,235.93333333333337
60-64,M,236.11666666666667
60-64,M,236.13333333333333
60-64,M,236.13333333333333
60-64,M,236.16666666666663
60-64,M,236.18333333333337
60-64,M,236.21666666666667
60-64,M,236.21666666666667
60-64,M,236.25
60-64,M,236.26666666666668
60-64,M,236.26666666666668
60-64,M,236.38333333333333
60-64,M,236.51666666666668
60-64,M,236.55
60-64,M,236.65
60-64,M,236.73333333333332
60-64,M,236.81666666666663
60-64,M,236.83333333333337
60-64,M,237.0
60-64,M,237.03333333333333
60-64,M,237.06666666666663
60-64,M,237.18333333333337
60-64,M,237.2
60-64,M,237.3
60-64,M,237.31666666666663
60-64,M,237.41666666666663
60-64,M,237.48333333333332
60-64,M,237.55
60-64,M,237.73333333333332
60-64,M,237.78333333333333
60-64,M,237.8
60-64,M,237.86666666666667
60-64,M,238.05
60-64,M,238.1
60-64,M,238.18333333333337
60-64,M,238.2
60-64,M,238.26666666666668
60-64,M,238.3
60-64,M,238.35
60-64,M,238.66666666666663
60-64,M,238.71666666666667
60-64,M,238.86666666666667
60-64,M,238.88333333333333
60-64,M,238.93333333333337
60-64,M,239.18333333333337
60-64,M,239.21666666666667
60-64,M,239.43333333333337
60-64,M,239.55
60-64,M,239.56666666666663
60-64,M,239.56666666666663
60-64,M,239.61666666666667
60-64,M,239.76666666666668
60-64,M,239.9
60-64,M,239.93333333333337
60-64,M,239.98333333333332
60-64,M,240.03333333333333
60-64,M,240.23333333333332
60-64,M,240.25
60-64,M,240.25
60-64,M,240.28333333333333
60-64,M,240.6
60-64,M,240.73333333333332
60-64,M,240.75
60-64,M,240.81666666666663
60-64,M,240.81666666666663
60-64,M,240.81666666666663
60-64,M,240.96666666666667
60-64,M,240.98333333333332
60-64,M,241.06666666666663
60-64,M,241.11666666666667
60-64,M,241.15
60-64,M,241.2
60-64,M,241.25
60-64,M,241.25
60-64,M,241.36666666666667
60-64,M,241.45
60-64,M,241.45
60-64,M,241.46666666666667
60-64,M,241.76666666666668
60-64,M,241.81666666666663
60-64,M,241.88333333333333
60-64,M,242.01666666666668
60-64,M,242.05
60-64,M,242.08333333333337
60-64,M,242.25
60-64,M,242.35
60-64,M,242.55
60-64,M,242.98333333333332
60-64,M,243.05
60-64,M,243.15
60-64,M,243.23333333333332
60-64,M,243.26666666666668
60-64,M,243.28333333333333
60-64,M,243.31666666666663
60-64,M,243.41666666666663
60-64,M,243.45
60-64,M,243.48333333333332
60-64,M,243.56666666666663
60-64,M,243.61666666666667
60-64,M,243.68333333333337
60-64,M,244.05
60-64,M,244.06666666666663
60-64,M,244.08333333333337
60-64,M,244.2
60-64,M,244.23333333333332
60-64,M,244.25
60-64,M,244.48333333333332
60-64,M,244.53333333333333
60-64,M,244.66666666666663
60-64,M,244.75
60-64,M,244.9
60-64,M,244.93333333333337
60-64,M,245.18333333333337
60-64,M,245.38333333333333
60-64,M,245.38333333333333
60-64,M,245.45
60-64,M,245.51666666666668
60-64,M,245.6
60-64,M,245.73333333333332
60-64,M,245.8
60-64,M,245.81666666666663
60-64,M,246.4
60-64,M,246.65
60-64,M,246.76666666666668
60-64,M,246.9
60-64,M,247.0
60-64,M,247.4
60-64,M,247.58333333333337
60-64,M,247.63333333333333
60-64,M,248.01666666666668
60-64,M,248.03333333333333
60-64,M,248.13333333333333
60-64,M,248.23333333333332
60-64,M,248.31666666666663
60-64,M,248.75
60-64,M,248.78333333333333
60-64,M,248.8
60-64,M,248.86666666666667
60-64,M,248.96666666666667
60-64,M,248.96666666666667
60-64,M,249.11666666666667
60-64,M,249.26666666666668
60-64,M,249.3
60-64,M,249.68333333333337
60-64,M,249.73333333333332
60-64,M,249.93333333333337
60-64,M,250.15
60-64,M,250.2
60-64,M,250.21666666666667
60-64,M,250.28333333333333
60-64,M,250.48333333333332
60-64,M,250.56666666666663
60-64,M,250.71666666666667
60-64,M,250.9
60-64,M,250.93333333333337
60-64,M,251.05
60-64,M,251.13333333333333
60-64,M,251.18333333333337
60-64,M,251.18333333333337
60-64,M,251.25
60-64,M,251.65
60-64,M,252.08333333333337
60-64,M,252.21666666666667
60-64,M,252.48333333333332
60-64,M,252.51666666666668
60-64,M,252.66666666666663
60-64,M,252.7
60-64,M,252.7
60-64,M,252.8
60-64,M,252.93333333333337
60-64,M,253.0
60-64,M,253.01666666666668
60-64,M,253.11666666666667
60-64,M,253.16666666666663
60-64,M,253.18333333333337
60-64,M,253.6
60-64,M,253.78333333333333
60-64,M,254.0
60-64,M,254.05
60-64,M,254.18333333333337
60-64,M,254.25
60-64,M,254.38333333333333
60-64,M,254.45
60-64,M,254.75
60-64,M,254.76666666666668
60-64,M,254.76666666666668
60-64,M,254.83333333333337
60-64,M,255.0
60-64,M,255.06666666666663
60-64,M,255.33333333333337
60-64,M,255.4
60-64,M,255.41666666666663
60-64,M,255.46666666666667
60-64,M,255.51666666666668
60-64,M,255.85
60-64,M,255.88333333333333
60-64,M,255.9
60-64,M,255.98333333333332
60-64,M,256.01666666666665
60-64,M,256.26666666666665
60-64,M,256.45
60-64,M,256.5
60-64,M,256.7
60-64,M,256.78333333333336
60-64,M,256.78333333333336
60-64,M,256.9166666666667
60-64,M,257.15
60-64,M,257.26666666666665
60-64,M,257.93333333333334
60-64,M,258.18333333333334
60-64,M,258.31666666666666
60-64,M,258.4
60-64,M,258.76666666666665
60-64,M,258.9
60-64,M,259.26666666666665
60-64,M,259.3666666666667
60-64,M,259.85
60-64,M,260.31666666666666
60-64,M,260.31666666666666
60-64,M,260.46666666666664
60-64,M,260.6166666666667
60-64,M,260.6333333333333
60-64,M,260.7
60-64,M,261.46666666666664
60-64,M,261.46666666666664
60-64,M,261.6
60-64,M,261.8666666666667
60-64,M,261.95
60-64,M,262.0
60-64,M,262.3333333333333
60-64,M,262.98333333333335
60-64,M,263.18333333333334
60-64,M,263.21666666666664
60-64,M,263.3833333333333
60-64,M,263.85
60-64,M,263.9
60-64,M,263.98333333333335
60-64,M,264.03333333333336
60-64,M,264.05
60-64,M,264.2
60-64,M,265.28333333333336
60-64,M,265.5833333333333
60-64,M,265.8833333333333
60-64,M,265.8833333333333
60-64,M,266.05
60-64,M,266.45
60-64,M,267.3333333333333
60-64,M,267.8666666666667
60-64,M,268.05
60-64,M,268.3333333333333
60-64,M,268.51666666666665
60-64,M,268.73333333333335
60-64,M,269.1
60-64,M,269.1333333333333
60-64,M,269.45
60-64,M,269.56666666666666
60-64,M,270.2
60-64,M,270.26666666666665
60-64,M,270.45
60-64,M,270.8333333333333
60-64,M,271.0833333333333
60-64,M,271.6333333333333
60-64,M,271.75
60-64,M,271.85
60-64,M,272.05
60-64,M,272.28333333333336
60-64,M,272.4166666666667
60-64,M,272.81666666666666
60-64,M,273.06666666666666
60-64,M,273.2
60-64,M,273.3833333333333
60-64,M,273.53333333333336
60-64,M,273.75
60-64,M,273.8333333333333
60-64,M,273.95
60-64,M,275.56666666666666
60-64,M,276.1
60-64,M,276.1666666666667
60-64,M,276.85
60-64,M,276.98333333333335
60-64,M,276.98333333333335
60-64,M,277.1166666666667
60-64,M,277.26666666666665
60-64,M,277.46666666666664
60-64,M,277.7
60-64,M,277.73333333333335
60-64,M,278.55
60-64,M,278.9166666666667
60-64,M,279.15
60-64,M,280.23333333333335
60-64,M,280.4
60-64,M,280.6166666666667
60-64,M,280.7
60-64,M,280.8333333333333
60-64,M,281.0
60-64,M,281.55
60-64,M,281.75
60-64,M,282.6166666666667
60-64,M,282.6333333333333
60-64,M,282.75
60-64,M,282.93333333333334
60-64,M,283.46666666666664
60-64,M,283.81666666666666
60-64,M,284.1
60-64,M,284.28333333333336
60-64,M,285.31666666666666
60-64,M,285.4166666666667
60-64,M,285.5
60-64,M,285.51666666666665
60-64,M,285.8833333333333
60-64,M,286.31666666666666
60-64,M,286.85
60-64,M,286.8666666666667
60-64,M,286.8666666666667
60-64,M,287.1666666666667
60-64,M,287.65
60-64,M,288.6
60-64,M,289.35
60-64,M,289.73333333333335
60-64,M,290.0833333333333
60-64,M,290.15
60-64,M,290.28333333333336
60-64,M,290.55
60-64,M,291.71666666666664
60-64,M,291.85
60-64,M,292.55
60-64,M,292.65
60-64,M,292.7
60-64,M,293.06666666666666
60-64,M,293.3333333333333
60-64,M,294.35
60-64,M,295.0833333333333
60-64,M,295.18333333333334
60-64,M,295.2
60-64,M,295.21666666666664
60-64,M,295.3833333333333
60-64,M,295.75
60-64,M,296.15
60-64,M,296.75
60-64,M,297.1333333333333
60-64,M,297.25
60-64,M,297.26666666666665
60-64,M,297.43333333333334
60-64,M,297.45
60-64,M,297.75
60-64,M,297.76666666666665
60-64,M,298.28333333333336
60-64,M,298.3833333333333
60-64,M,298.9166666666667
60-64,M,299.06666666666666
60-64,M,299.1666666666667
60-64,M,299.21666666666664
60-64,M,299.8
60-64,M,300.5833333333333
60-64,M,300.7
60-64,M,301.6333333333333
60-64,M,302.3666666666667
60-64,M,302.8833333333333
60-64,M,304.03333333333336
60-64,M,304.28333333333336
60-64,M,304.3833333333333
60-64,M,305.56666666666666
60-64,M,306.05
60-64,M,306.06666666666666
60-64,M,306.15
60-64,M,306.73333333333335
60-64,M,306.76666666666665
60-64,M,306.8
60-64,M,307.01666666666665
60-64,M,307.06666666666666
60-64,M,307.9
60-64,M,308.15
60-64,M,308.45
60-64,M,308.46666666666664
60-64,M,308.71666666666664
60-64,M,309.9166666666667
60-64,M,311.1166666666667
60-64,M,311.2
60-64,M,312.95
60-64,M,313.28333333333336
60-64,M,314.8333333333333
60-64,M,314.96666666666664
60-64,M,315.23333333333335
60-64,M,315.4166666666667
60-64,M,315.53333333333336
60-64,M,315.6
60-64,M,315.6333333333333
60-64,M,315.6666666666667
60-64,M,316.56666666666666
60-64,M,317.75
60-64,M,318.1166666666667
60-64,M,319.05
60-64,M,319.1
60-64,M,319.48333333333335
60-64,M,320.21666666666664
60-64,M,320.28333333333336
60-64,M,321.3333333333333
60-64,M,321.45
60-64,M,321.76666666666665
60-64,M,322.8666666666667
60-64,M,323.31666666666666
60-64,M,323.96666666666664
60-64,M,324.98333333333335
60-64,M,325.4166666666667
60-64,M,326.1
60-64,M,326.5
60-64,M,326.6333333333333
60-64,M,328.56666666666666
60-64,M,328.6
60-64,M,328.78333333333336
60-64,M,329.1666666666667
60-64,M,329.3666666666667
60-64,M,330.75
60-64,M,330.76666666666665
60-64,M,332.06666666666666
60-64,M,332.4166666666667
60-64,M,334.0833333333333
60-64,M,335.8
60-64,M,335.95
60-64,M,337.26666666666665
60-64,M,340.25
60-64,M,341.1333333333333
60-64,M,341.8333333333333
60-64,M,342.4166666666667
60-64,M,345.81666666666666
60-64,M,346.5
60-64,M,346.93333333333334
60-64,M,347.03333333333336
60-64,M,347.1166666666667
60-64,M,349.9
60-64,M,350.25
60-64,M,350.53333333333336
60-64,M,351.3666666666667
60-64,M,352.6166666666667
60-64,M,354.8333333333333
60-64,M,355.23333333333335
60-64,M,356.0833333333333
60-64,M,359.6166666666667
60-64,M,359.73333333333335
60-64,M,360.01666666666665
60-64,M,361.23333333333335
60-64,M,361.81666666666666
60-64,M,362.06666666666666
60-64,M,362.53333333333336
60-64,M,368.8333333333333
60-64,M,378.3666666666667
60-64,M,381.18333333333334
60-64,M,398.98333333333335
65-69,M,181.36666666666667
65-69,M,186.65
65-69,M,187.03333333333333
65-69,M,188.01666666666668
65-69,M,188.51666666666668
65-69,M,188.75
65-69,M,189.4
65-69,M,193.35
65-69,M,193.91666666666663
65-69,M,194.35
65-69,M,194.56666666666663
65-69,M,196.21666666666667
65-69,M,196.5
65-69,M,196.75
65-69,M,197.4
65-69,M,199.35
65-69,M,200.45
65-69,M,200.95
65-69,M,201.21666666666667
65-69,M,201.58333333333337
65-69,M,203.05
65-69,M,203.76666666666668
65-69,M,203.78333333333333
65-69,M,204.55
65-69,M,204.78333333333333
65-69,M,204.96666666666667
65-69,M,205.08333333333337
65-69,M,205.41666666666663
65-69,M,205.66666666666663
65-69,M,205.91666666666663
65-69,M,206.18333333333337
65-69,M,206.25
65-69,M,206.78333333333333
65-69,M,207.66666666666663
65-69,M,208.96666666666667
65-69,M,209.1
65-69,M,209.36666666666667
65-69,M,209.78333333333333
65-69,M,209.88333333333333
65-69,M,210.18333333333337
65-69,M,210.31666666666663
65-69,M,210.91666666666663
65-69,M,212.73333333333332
65-69,M,213.61666666666667
65-69,M,214.06666666666663
65-69,M,214.15
65-69,M,214.23333333333332
65-69,M,214.25
65-69,M,214.25
65-69,M,214.33333333333337
65-69,M,214.46666666666667
65-69,M,214.8
65-69,M,215.11666666666667
65-69,M,215.31666666666663
65-69,M,215.6
65-69,M,215.61666666666667
65-69,M,216.31666666666663
65-69,M,216.4
65-69,M,216.46666666666667
65-69,M,217.03333333333333
65-69,M,217.31666666666663
65-69,M,217.55
65-69,M,217.58333333333337
65-69,M,217.71666666666667
65-69,M,218.53333333333333
65-69,M,218.73333333333332
65-69,M,218.91666666666663
65-69,M,218.95
65-69,M,219.33333333333337
65-69,M,219.66666666666663
65-69,M,219.71666666666667
65-69,M,219.76666666666668
65-69,M,220.06666666666663
65-69,M,220.16666666666663
65-69,M,220.4
65-69,M,220.41666666666663
65-69,M,220.43333333333337
65-69,M,220.6
65-69,M,220.85
65-69,M,221.05
65-69,M,221.16666666666663
65-69,M,221.31666666666663
65-69,M,221.35
65-69,M,221.73333333333332
65-69,M,221.95
65-69,M,222.11666666666667
65-69,M,222.13333333333333
65-69,M,222.56666666666663
65-69,M,223.15
65-69,M,223.3
65-69,M,223.3
65-69,M,223.36666666666667
65-69,M,223.66666666666663
65-69,M,223.93333333333337
65-69,M,223.96666666666667
65-69,M,224.15
65-69,M,224.45
65-69,M,224.45
65-69,M,224.46666666666667
65-69,M,224.51666666666668
65-69,M,224.58333333333337
65-69,M,224.6
65-69,M,224.61666666666667
65-69,M,224.68333333333337
65-69,M,224.73333333333332
65-69,M,225.0
65-69,M,225.13333333333333
65-69,M,225.73333333333332
65-69,M,225.93333333333337
65-69,M,225.95
65-69,M,225.96666666666667
65-69,M,226.16666666666663
65-69,M,226.65
65-69,M,226.76666666666668
65-69,M,227.11666666666667
65-69,M,227.2
65-69,M,227.21666666666667
65-69,M,227.26666666666668
65-69,M,227.36666666666667
65-69,M,227.76666666666668
65-69,M,227.96666666666667
65-69,M,228.21666666666667
65-69,M,228.51666666666668
65-69,M,228.65
65-69,M,228.8
65-69,M,228.88333333333333
65-69,M,228.88333333333333
65-69,M,228.91666666666663
65-69,M,229.03333333333333
65-69,M,229.21666666666667
65-69,M,229.25
65-69,M,229.61666666666667
65-69,M,229.63333333333333
65-69,M,229.65
65-69,M,229.88333333333333
65-69,M,230.25
65-69,M,230.28333333333333
65-69,M,230.45
65-69,M,230.48333333333332
65-69,M,230.53333333333333
65-69,M,230.61666666666667
65-69,M,230.61666666666667
65-69,M,230.76666666666668
65-69,M,230.78333333333333
65-69,M,230.8
65-69,M,230.81666666666663
65-69,M,230.91666666666663
65-69,M,231.33333333333337
65-69,M,231.4
65-69,M,231.45
65-69,M,231.56666666666663
65-69,M,231.58333333333337
65-69,M,231.6
65-69,M,231.66666666666663
65-69,M,231.71666666666667
65-69,M,231.71666666666667
65-69,M,231.71666666666667
65-69,M,231.76666666666668
65-69,M,231.8
65-69,M,231.81666666666663
65-69,M,231.85
65-69,M,232.0
65-69,M,232.05
65-69,M,232.2
65-69,M,232.2
65-69,M,232.3
65-69,M,232.43333333333337
65-69,M,232.61666666666667
65-69,M,232.68333333333337
65-69,M,232.83333333333337
65-69,M,232.98333333333332
65-69,M,232.98333333333332
65-69,M,232.98333333333332
65-69,M,233.08333333333337
65-69,M,233.25
65-69,M,233.33333333333337
65-69,M,233.38333333333333
65-69,M,233.45
65-69,M,233.63333333333333
65-69,M,233.65
65-69,M,233.81666666666663
65-69,M,233.91666666666663
65-69,M,234.08333333333337
65-69,M,234.35
65-69,M,234.35
65-69,M,234.43333333333337
65-69,M,234.48333333333332
65-69,M,234.58333333333337
65-69,M,234.63333333333333
65-69,M,234.66666666666663
65-69,M,234.86666666666667
65-69,M,234.88333333333333
65-69,M,234.88333333333333
65-69,M,234.95
65-69,M,234.98333333333332
65-69,M,235.08333333333337
65-69,M,235.25
65-69,M,235.28333333333333
65-69,M,235.6
65-69,M,235.6
65-69,M,236.0
65-69,M,236.03333333333333
65-69,M,236.05
65-69,M,236.35
65-69,M,236.36666666666667
65-69,M,236.38333333333333
65-69,M,236.38333333333333
65-69,M,236.38333333333333
65-69,M,236.38333333333333
65-69,M,236.61666666666667
65-69,M,236.68333333333337
65-69,M,236.71666666666667
65-69,M,236.76666666666668
65-69,M,236.78333333333333
65-69,M,236.81666666666663
65-69,M,236.86666666666667
65-69,M,236.98333333333332
65-69,M,237.11666666666667
65-69,M,237.18333333333337
65-69,M,237.36666666666667
65-69,M,237.38333333333333
65-69,M,237.4
65-69,M,237.45
65-69,M,237.45
65-69,M,237.46666666666667
65-69,M,237.55
65-69,M,237.63333333333333
65-69,M,237.63333333333333
65-69,M,238.13333333333333
65-69,M,238.43333333333337
65-69,M,238.53333333333333
65-69,M,238.6
65-69,M,238.61666666666667
65-69,M,238.61666666666667
65-69,M,238.63333333333333
65-69,M,238.83333333333337
65-69,M,238.88333333333333
65-69,M,238.9
65-69,M,238.95
65-69,M,238.98333333333332
65-69,M,239.31666666666663
65-69,M,239.41666666666663
65-69,M,239.51666666666668
65-69,M,239.53333333333333
65-69,M,239.58333333333337
65-69,M,239.75
65-69,M,239.75
65-69,M,239.8
65-69,M,240.03333333333333
65-69,M,240.21666666666667
65-69,M,240.28333333333333
65-69,M,240.33333333333337
65-69,M,240.4
65-69,M,240.43333333333337
65-69,M,240.55
65-69,M,240.63333333333333
65-69,M,240.76666666666668
65-69,M,241.05
65-69,M,241.36666666666667
65-69,M,241.48333333333332
65-69,M,241.61666666666667
65-69,M,241.61666666666667
65-69,M,241.61666666666667
65-69,M,241.68333333333337
65-69,M,241.68333333333337
65-69,M,241.78333333333333
65-69,M,241.88333333333333
65-69,M,242.03333333333333
65-69,M,242.05
65-69,M,242.05
65-69,M,242.13333333333333
65-69,M,242.28333333333333
65-69,M,242.38333333333333
65-69,M,242.43333333333337
65-69,M,242.58333333333337
65-69,M,242.65
65-69,M,242.7
65-69,M,242.78333333333333
65-69,M,242.98333333333332
65-69,M,243.0
65-69,M,243.36666666666667
65-69,M,243.43333333333337
65-69,M,243.43333333333337
65-69,M,243.48333333333332
65-69,M,243.55
65-69,M,243.71666666666667
65-69,M,244.05
65-69,M,244.2
65-69,M,244.58333333333337
65-69,M,244.65
65-69,M,245.2
65-69,M,245.33333333333337
65-69,M,245.55
65-69,M,245.65
65-69,M,245.86666666666667
65-69,M,246.46666666666667
65-69,M,246.48333333333332
65-69,M,246.53333333333333
65-69,M,246.8
65-69,M,246.81666666666663
65-69,M,246.83333333333337
65-69,M,247.03333333333333
65-69,M,247.16666666666663
65-69,M,247.21666666666667
65-69,M,247.8
65-69,M,247.86666666666667
65-69,M,247.91666666666663
65-69,M,247.93333333333337
65-69,M,248.4
65-69,M,248.41666666666663
65-69,M,248.48333333333332
65-69,M,248.7
65-69,M,248.71666666666667
65-69,M,249.46666666666667
65-69,M,249.46666666666667
65-69,M,249.6
65-69,M,249.86666666666667
65-69,M,250.01666666666668
65-69,M,250.1
65-69,M,250.35
65-69,M,250.45
65-69,M,250.58333333333337
65-69,M,250.71666666666667
65-69,M,250.88333333333333
65-69,M,251.08333333333337
65-69,M,251.55
65-69,M,251.61666666666667
65-69,M,251.61666666666667
65-69,M,251.63333333333333
65-69,M,251.65
65-69,M,251.71666666666667
65-69,M,251.85
65-69,M,252.0
65-69,M,252.05
65-69,M,252.18333333333337
65-69,M,252.41666666666663
65-69,M,252.96666666666667
65-69,M,253.25
65-69,M,253.41666666666663
65-69,M,253.46666666666667
65-69,M,253.48333333333332
65-69,M,253.53333333333333
65-69,M,253.58333333333337
65-69,M,254.11666666666667
65-69,M,254.13333333333333
65-69,M,254.46666666666667
65-69,M,254.56666666666663
65-69,M,254.81666666666663
65-69,M,254.85
65-69,M,254.86666666666667
65-69,M,254.98333333333332
65-69,M,255.18333333333337
65-69,M,255.61666666666667
65-69,M,255.7
65-69,M,255.88333333333333
65-69,M,256.01666666666665
65-69,M,256.23333333333335
65-69,M,256.45
65-69,M,256.46666666666664
65-69,M,256.6
65-69,M,256.8666666666667
65-69,M,256.8666666666667
65-69,M,256.8833333333333
65-69,M,257.1
65-69,M,257.3
65-69,M,257.35
65-69,M,257.4
65-69,M,257.5
65-69,M,257.51666666666665
65-69,M,257.6
65-69,M,257.73333333333335
65-69,M,257.8666666666667
65-69,M,257.8833333333333
65-69,M,257.8833333333333
65-69,M,257.9
65-69,M,257.93333333333334
65-69,M,258.18333333333334
65-69,M,258.3
65-69,M,258.3333333333333
65-69,M,258.5
65-69,M,259.25
65-69,M,259.8333333333333
65-69,M,259.8333333333333
65-69,M,260.3
65-69,M,260.6666666666667
65-69,M,260.9166666666667
65-69,M,261.48333333333335
65-69,M,261.55
65-69,M,262.0
65-69,M,262.01666666666665
65-69,M,262.35
65-69,M,262.56666666666666
65-69,M,262.73333333333335
65-69,M,262.78333333333336
65-69,M,262.9
65-69,M,263.46666666666664
65-69,M,263.48333333333335
65-69,M,263.53333333333336
65-69,M,263.76666666666665
65-69,M,263.76666666666665
65-69,M,263.8333333333333
65-69,M,263.8833333333333
65-69,M,264.01666666666665
65-69,M,264.8666666666667
65-69,M,265.0833333333333
65-69,M,265.1
65-69,M,266.3833333333333
65-69,M,266.5
65-69,M,266.71666666666664
65-69,M,267.31666666666666
65-69,M,267.3833333333333
65-69,M,267.76666666666665
65-69,M,267.8
65-69,M,267.8833333333333
65-69,M,268.5
65-69,M,268.9
65-69,M,269.1333333333333
65-69,M,269.56666666666666
65-69,M,270.3666666666667
65-69,M,270.8833333333333
65-69,M,271.5833333333333
65-69,M,271.78333333333336
65-69,M,272.4166666666667
65-69,M,273.3
65-69,M,274.03333333333336
65-69,M,274.1333333333333
65-69,M,274.8666666666667
65-69,M,275.15
65-69,M,275.26666666666665
65-69,M,275.7
65-69,M,275.8833333333333
65-69,M,276.71666666666664
65-69,M,277.0833333333333
65-69,M,277.1
65-69,M,277.1166666666667
65-69,M,278.2
65-69,M,278.25
65-69,M,278.3666666666667
65-69,M,278.53333333333336
65-69,M,279.65
65-69,M,280.46666666666664
65-69,M,280.53333333333336
65-69,M,280.5833333333333
65-69,M,280.68333333333334
65-69,M,281.71666666666664
65-69,M,281.9
65-69,M,282.3666666666667
65-69,M,282.51666666666665
65-69,M,282.6
65-69,M,282.6166666666667
65-69,M,282.9
65-69,M,282.98333333333335
65-69,M,283.75
65-69,M,283.78333333333336
65-69,M,284.2
65-69,M,286.0
65-69,M,286.9
65-69,M,287.05
65-69,M,287.2
65-69,M,287.6666666666667
65-69,M,287.7
65-69,M,288.71666666666664
65-69,M,288.71666666666664
65-69,M,288.8666666666667
65-69,M,289.23333333333335
65-69,M,289.71666666666664
65-69,M,290.45
65-69,M,290.9166666666667
65-69,M,291.1666666666667
65-69,M,291.4
65-69,M,292.4
65-69,M,292.6166666666667
65-69,M,293.03333333333336
65-69,M,294.01666666666665
65-69,M,294.4
65-69,M,295.3
65-69,M,295.5
65-69,M,295.55
65-69,M,295.6333333333333
65-69,M,296.4
65-69,M,297.95
65-69,M,298.15
65-69,M,299.1
65-69,M,299.1166666666667
65-69,M,299.45
65-69,M,299.68333333333334
65-69,M,300.1333333333333
65-69,M,301.8666666666667
65-69,M,302.3333333333333
65-69,M,303.01666666666665
65-69,M,303.8833333333333
65-69,M,304.9166666666667
65-69,M,305.4166666666667
65-69,M,305.9166666666667
65-69,M,306.53333333333336
65-69,M,307.3666666666667
65-69,M,309.8
65-69,M,311.1
65-69,M,313.3333333333333
65-69,M,313.8
65-69,M,314.8833333333333
65-69,M,316.23333333333335
65-69,M,317.4166666666667
65-69,M,318.6666666666667
65-69,M,318.95
65-69,M,319.0833333333333
65-69,M,319.43333333333334
65-69,M,319.6666666666667
65-69,M,319.8
65-69,M,323.1333333333333
65-69,M,323.6666666666667
65-69,M,323.96666666666664
65-69,M,324.31666666666666
65-69,M,327.7
65-69,M,328.3333333333333
65-69,M,329.3833333333333
65-69,M,329.48333333333335
65-69,M,329.56666666666666
65-69,M,329.56666666666666
65-69,M,329.65
65-69,M,330.26666666666665
65-69,M,333.5
65-69,M,336.43333333333334
65-69,M,339.6166666666667
65-69,M,339.8
65-69,M,340.0
65-69,M,340.3666666666667
65-69,M,340.71666666666664
65-69,M,342.05
65-69,M,342.21666666666664
65-69,M,343.05
65-69,M,343.6166666666667
65-69,M,343.76666666666665
65-69,M,343.8666666666667
65-69,M,344.76666666666665
65-69,M,347.03333333333336
65-69,M,347.1333333333333
65-69,M,347.28333333333336
65-69,M,354.46666666666664
65-69,M,354.6666666666667
65-69,M,356.6
65-69,M,360.1
65-69,M,361.7
65-69,M,362.18333333333334
65-69,M,363.4166666666667
65-69,M,364.71666666666664
65-69,M,368.6666666666667
65-69,M,391.9
65-69,M,394.25
70-74,M,202.36666666666667
70-74,M,204.55
70-74,M,207.65
70-74,M,207.8
70-74,M,211.31666666666663
70-74,M,214.45
70-74,M,216.1
70-74,M,216.65
70-74,M,217.18333333333337
70-74,M,217.56666666666663
70-74,M,218.03333333333333
70-74,M,218.93333333333337
70-74,M,219.85
70-74,M,220.53333333333333
70-74,M,223.26666666666668
70-74,M,226.2
70-74,M,226.85
70-74,M,227.01666666666668
70-74,M,228.83333333333337
70-74,M,228.98333333333332
70-74,M,229.43333333333337
70-74,M,231.65
70-74,M,232.31666666666663
70-74,M,233.75
70-74,M,233.78333333333333
70-74,M,233.78333333333333
70-74,M,234.1
70-74,M,234.71666666666667
70-74,M,234.9
70-74,M,235.15
70-74,M,235.98333333333332
70-74,M,236.43333333333337
70-74,M,237.03333333333333
70-74,M,237.26666666666668
70-74,M,237.35
70-74,M,237.43333333333337
70-74,M,237.48333333333332
70-74,M,238.08333333333337
70-74,M,238.43333333333337
70-74,M,239.1
70-74,M,239.93333333333337
70-74,M,240.9
70-74,M,241.06666666666663
70-74,M,241.8
70-74,M,241.98333333333332
70-74,M,242.6
70-74,M,242.91666666666663
70-74,M,243.36666666666667
70-74,M,243.38333333333333
70-74,M,243.96666666666667
70-74,M,244.06666666666663
70-74,M,244.75
70-74,M,245.01666666666668
70-74,M,245.65
70-74,M,245.86666666666667
70-74,M,246.45
70-74,M,247.61666666666667
70-74,M,247.76666666666668
70-74,M,247.96666666666667
70-74,M,248.28333333333333
70-74,M,248.51666666666668
70-74,M,249.03333333333333
70-74,M,249.11666666666667
70-74,M,249.4
70-74,M,249.46666666666667
70-74,M,249.8
70-74,M,249.91666666666663
70-74,M,250.05
70-74,M,250.11666666666667
70-74,M,250.56666666666663
70-74,M,250.63333333333333
70-74,M,251.56666666666663
70-74,M,251.85
70-74,M,251.95
70-74,M,252.08333333333337
70-74,M,252.45
70-74,M,252.46666666666667
70-74,M,252.48333333333332
70-74,M,252.68333333333337
70-74,M,252.91666666666663
70-74,M,253.48333333333332
70-74,M,253.56666666666663
70-74,M,253.66666666666663
70-74,M,253.71666666666667
70-74,M,253.8
70-74,M,253.95
70-74,M,254.06666666666663
70-74,M,254.18333333333337
70-74,M,255.93333333333337
70-74,M,256.1333333333333
70-74,M,256.5833333333333
70-74,M,257.31666666666666
70-74,M,257.76666666666665
70-74,M,258.03333333333336
70-74,M,258.6
70-74,M,258.6166666666667
70-74,M,258.6333333333333
70-74,M,258.73333333333335
70-74,M,258.85
70-74,M,259.6333333333333
70-74,M,259.65
70-74,M,259.93333333333334
70-74,M,260.26666666666665
70-74,M,260.51666666666665
70-74,M,260.65
70-74,M,260.7
70-74,M,261.15
70-74,M,261.85
70-74,M,261.95
70-74,M,262.5
70-74,M,262.5
70-74,M,263.26666666666665
70-74,M,263.5833333333333
70-74,M,263.65
70-74,M,263.71666666666664
70-74,M,264.3
70-74,M,265.05
70-74,M,265.35
70-74,M,265.6333333333333
70-74,M,265.8333333333333
70-74,M,266.3333333333333
70-74,M,266.43333333333334
70-74,M,266.73333333333335
70-74,M,267.01666666666665
70-74,M,268.15
70-74,M,268.18333333333334
70-74,M,268.6333333333333
70-74,M,268.68333333333334
70-74,M,268.68333333333334
70-74,M,268.9
70-74,M,269.0
70-74,M,269.48333333333335
70-74,M,270.23333333333335
70-74,M,270.93333333333334
70-74,M,271.71666666666664
70-74,M,271.8333333333333
70-74,M,272.1666666666667
70-74,M,272.4
70-74,M,272.5
70-74,M,273.78333333333336
70-74,M,274.15
70-74,M,274.3833333333333
70-74,M,274.76666666666665
70-74,M,274.98333333333335
70-74,M,275.1
70-74,M,275.46666666666664
70-74,M,275.5833333333333
70-74,M,275.75
70-74,M,275.76666666666665
70-74,M,276.45
70-74,M,276.56666666666666
70-74,M,276.68333333333334
70-74,M,277.93333333333334
70-74,M,277.95
70-74,M,279.4166666666667
70-74,M,279.46666666666664
70-74,M,279.71666666666664
70-74,M,279.73333333333335
70-74,M,284.1666666666667
70-74,M,286.1333333333333
70-74,M,286.51666666666665
70-74,M,287.0833333333333
70-74,M,287.96666666666664
70-74,M,288.55
70-74,M,292.0
70-74,M,293.23333333333335
70-74,M,293.23333333333335
70-74,M,293.71666666666664
70-74,M,293.76666666666665
70-74,M,296.8333333333333
70-74,M,300.3333333333333
70-74,M,300.53333333333336
70-74,M,302.55
70-74,M,305.01666666666665
70-74,M,305.96666666666664
70-74,M,306.71666666666664
70-74,M,306.73333333333335
70-74,M,307.51666666666665
70-74,M,309.9
70-74,M,310.8666666666667
70-74,M,311.3833333333333
70-74,M,311.85
70-74,M,312.6
70-74,M,318.25
70-74,M,319.2
70-74,M,320.9166666666667
70-74,M,321.05
70-74,M,323.56666666666666
70-74,M,324.25
70-74,M,326.8
70-74,M,327.18333333333334
70-74,M,329.0
70-74,M,331.06666666666666
70-74,M,336.93333333333334
70-74,M,337.28333333333336
70-74,M,338.25
70-74,M,340.23333333333335
70-74,M,343.26666666666665
70-74,M,344.2
70-74,M,344.51666666666665
70-74,M,345.55
70-74,M,350.98333333333335
70-74,M,351.9166666666667
70-74,M,352.35
70-74,M,353.56666666666666
70-74,M,357.6166666666667
70-74,M,358.1666666666667
70-74,M,363.76666666666665
70-74,M,365.26666666666665
70-74,M,373.56666666666666
70-74,M,378.53333333333336
70-74,M,388.43333333333334
70-74,M,394.01666666666665
75-79,M,235.91666666666663
75-79,M,238.21666666666667
75-79,M,239.43333333333337
75-79,M,240.86666666666667
75-79,M,244.35
75-79,M,247.11666666666667
75-79,M,247.2
75-79,M,253.18333333333337
75-79,M,255.35
75-79,M,265.05
75-79,M,267.26666666666665
75-79,M,269.28333333333336
75-79,M,272.2
75-79,M,272.7
75-79,M,273.2
75-79,M,274.1
75-79,M,275.05
75-79,M,278.35
75-79,M,278.73333333333335
75-79,M,280.75
75-79,M,281.48333333333335
75-79,M,287.03333333333336
75-79,M,287.3833333333333
75-79,M,290.75
75-79,M,291.15
75-79,M,293.01666666666665
75-79,M,297.46666666666664
75-79,M,297.8833333333333
75-79,M,300.8666666666667
75-79,M,307.48333333333335
75-79,M,309.5833333333333
75-79,M,311.56666666666666
75-79,M,311.78333333333336
75-79,M,319.18333333333334
75-79,M,319.48333333333335
75-79,M,319.96666666666664
75-79,M,324.4166666666667
75-79,M,324.8833333333333
75-79,M,327.35
75-79,M,332.93333333333334
75-79,M,336.8833333333333
75-79,M,338.1
75-79,M,341.7
75-79,M,345.6
75-79,M,350.51666666666665
75-79,M,352.6166666666667
75-79,M,368.35
75-79,M,369.78333333333336
75-79,M,371.96666666666664
80+,M,252.91666666666663
80+,M,304.55
80+,M,336.25
18-39,W,141.63333333333333
18-39,W,141.83333333333334
18-39,W,141.95
18-39,W,142.0
18-39,W,142.16666666666666
18-39,W,143.41666666666666
18-39,W,144.2
18-39,W,144.5
18-39,W,144.55
18-39,W,144.56666666666666
18-39,W,144.61666666666667
18-39,W,144.73333333333332
18-39,W,144.81666666666666
18-39,W,144.85
18-39,W,144.96666666666667
18-39,W,145.11666666666667
18-39,W,147.3
18-39,W,148.2
18-39,W,148.75
18-39,W,150.23333333333332
18-39,W,150.86666666666667
18-39,W,151.13333333333333
18-39,W,151.31666666666666
18-39,W,151.53333333333333
18-39,W,152.76666666666668
18-39,W,153.88333333333333
18-39,W,153.95
18-39,W,154.5
18-39,W,154.58333333333334
18-39,W,155.41666666666666
18-39,W,155.95
18-39,W,156.23333333333332
18-39,W,156.36666666666667
18-39,W,158.38333333333333
18-39,W,158.55
18-39,W,158.68333333333334
18-39,W,160.23333333333332
18-39,W,160.61666666666667
18-39,W,161.73333333333332
18-39,W,162.01666666666668
18-39,W,162.75
18-39,W,162.88333333333333
18-39,W,163.51666666666668
18-39,W,163.83333333333334
18-39,W,164.28333333333333
18-39,W,164.6
18-39,W,164.61666666666667
18-39,W,165.06666666666666
18-39,W,165.63333333333333
18-39,W,166.25
18-39,W,166.65
18-39,W,166.68333333333334
18-39,W,166.85
18-39,W,166.85
18-39,W,166.88333333333333
18-39,W,167.16666666666666
18-39,W,167.28333333333333
18-39,W,167.45
18-39,W,168.45
18-39,W,168.63333333333333
18-39,W,168.81666666666666
18-39,W,168.9
18-39,W,168.91666666666666
18-39,W,169.05
18-39,W,169.11666666666667
18-39,W,169.15
18-39,W,169.73333333333332
18-39,W,169.98333333333332
18-39,W,170.03333333333333
18-39,W,170.23333333333332
18-39,W,171.65
18-39,W,171.71666666666667
18-39,W,171.86666666666667
18-39,W,172.21666666666667
18-39,W,172.23333333333332
18-39,W,172.35
18-39,W,172.4
18-39,W,172.53333333333333
18-39,W,172.56666666666666
18-39,W,172.71666666666667
18-39,W,173.0
18-39,W,173.01666666666668
18-39,W,173.21666666666667
18-39,W,173.25
18-39,W,173.36666666666667
18-39,W,173.41666666666666
18-39,W,173.43333333333334
18-39,W,173.45
18-39,W,173.51666666666668
18-39,W,173.51666666666668
18-39,W,173.55
18-39,W,173.56666666666666
18-39,W,173.61666666666667
18-39,W,173.93333333333334
18-39,W,174.01666666666668
18-39,W,174.1
18-39,W,174.11666666666667
18-39,W,174.15
18-39,W,174.23333333333332
18-39,W,174.3
18-39,W,174.31666666666666
18-39,W,174.45
18-39,W,174.56666666666666
18-39,W,174.68333333333334
18-39,W,174.7
18-39,W,174.85
18-39,W,174.86666666666667
18-39,W,174.91666666666666
18-39,W,174.93333333333334
18-39,W,175.06666666666666
18-39,W,175.2
18-39,W,175.25
18-39,W,175.33333333333334
18-39,W,175.36666666666667
18-39,W,175.38333333333333
18-39,W,175.38333333333333
18-39,W,175.5
18-39,W,175.5
18-39,W,175.5
18-39,W,175.53333333333333
18-39,W,175.56666666666666
18-39,W,175.61666666666667
18-39,W,175.66666666666666
18-39,W,175.78333333333333
18-39,W,175.86666666666667
18-39,W,175.9
18-39,W,176.0
18-39,W,176.0
18-39,W,176.08333333333334
18-39,W,176.15
18-39,W,176.21666666666667
18-39,W,176.28333333333333
18-39,W,176.38333333333333
18-39,W,176.45
18-39,W,176.48333333333332
18-39,W,176.66666666666666
18-39,W,176.68333333333334
18-39,W,176.73333333333332
18-39,W,176.75
18-39,W,176.95
18-39,W,177.0
18-39,W,177.03333333333333
18-39,W,177.11666666666667
18-39,W,177.21666666666667
18-39,W,177.35
18-39,W,177.36666666666667
18-39,W,177.4
18-39,W,177.43333333333334
18-39,W,177.45
18-39,W,177.48333333333332
18-39,W,177.5
18-39,W,177.53333333333333
18-39,W,177.55
18-39,W,177.56666666666666
18-39,W,177.61666666666667
18-39,W,177.65
18-39,W,177.68333333333334
18-39,W,177.7
18-39,W,177.7
18-39,W,177.71666666666667
18-39,W,177.75
18-39,W,177.86666666666667
18-39,W,177.86666666666667
18-39,W,177.93333333333334
18-39,W,177.96666666666667
18-39,W,177.96666666666667
18-39,W,177.98333333333332
18-39,W,178.11666666666667
18-39,W,178.13333333333333
18-39,W,178.18333333333334
18-39,W,178.2
18-39,W,178.21666666666667
18-39,W,178.26666666666668
18-39,W,178.28333333333333
18-39,W,178.33333333333334
18-39,W,178.33333333333334
18-39,W,178.45
18-39,W,178.46666666666667
18-39,W,178.46666666666667
18-39,W,178.48333333333332
18-39,W,178.48333333333332
18-39,W,178.53333333333333
18-39,W,178.53333333333333
18-39,W,178.56666666666666
18-39,W,178.58333333333334
18-39,W,178.58333333333334
18-39,W,178.6
18-39,W,178.63333333333333
18-39,W,178.73333333333332
18-39,W,178.75
18-39,W,178.76666666666668
18-39,W,178.76666666666668
18-39,W,178.88333333333333
18-39,W,178.9
18-39,W,178.96666666666667
18-39,W,178.98333333333332
18-39,W,179.05
18-39,W,179.05
18-39,W,179.08333333333334
18-39,W,179.13333333333333
18-39,W,179.15
18-39,W,179.18333333333334
18-39,W,179.2
18-39,W,179.2
18-39,W,179.2
18-39,W,179.21666666666667
18-39,W,179.23333333333332
18-39,W,179.23333333333332
18-39,W,179.23333333333332
18-39,W,179.25
18-39,W,179.25
18-39,W,179.35
18-39,W,179.41666666666666
18-39,W,179.46666666666667
18-39,W,179.5
18-39,W,179.51666666666668
18-39,W,179.53333333333333
18-39,W,179.81666666666666
18-39,W,179.81666666666666
18-39,W,179.83333333333334
18-39,W,179.88333333333333
18-39,W,179.88333333333333
18-39,W,179.9
18-39,W,179.93333333333334
18-39,W,179.98333333333332
18-39,W,179.98333333333332
18-39,W,180.03333333333333
18-39,W,180.05
18-39,W,180.06666666666666
18-39,W,180.16666666666663
18-39,W,180.2
18-39,W,180.26666666666668
18-39,W,180.28333333333333
18-39,W,180.31666666666663
18-39,W,180.35
18-39,W,180.36666666666667
18-39,W,180.38333333333333
18-39,W,180.48333333333332
18-39,W,180.6
18-39,W,180.61666666666667
18-39,W,180.68333333333337
18-39,W,180.83333333333337
18-39,W,180.83333333333337
18-39,W,180.83333333333337
18-39,W,180.83333333333337
18-39,W,180.9
18-39,W,180.98333333333332
18-39,W,181.01666666666668
18-39,W,181.05
18-39,W,181.06666666666663
18-39,W,181.08333333333337
18-39,W,181.15
18-39,W,181.21666666666667
18-39,W,181.23333333333332
18-39,W,181.25
18-39,W,181.28333333333333
18-39,W,181.28333333333333
18-39,W,181.31666666666663
18-39,W,181.33333333333337
18-39,W,181.36666666666667
18-39,W,181.36666666666667
18-39,W,181.41666666666663
18-39,W,181.43333333333337
18-39,W,181.5
18-39,W,181.6
18-39,W,181.61666666666667
18-39,W,181.66666666666663
18-39,W,181.66666666666663
18-39,W,181.76666666666668
18-39,W,181.8
18-39,W,181.83333333333337
18-39,W,181.83333333333337
18-39,W,181.86666666666667
18-39,W,181.93333333333337
18-39,W,181.96666666666667
18-39,W,181.98333333333332
18-39,W,181.98333333333332
18-39,W,182.0
18-39,W,182.03333333333333
18-39,W,182.05
18-39,W,182.05
18-39,W,182.08333333333337
18-39,W,182.1
18-39,W,182.13333333333333
18-39,W,182.15
18-39,W,182.16666666666663
18-39,W,182.16666666666663
18-39,W,182.2
18-39,W,182.23333333333332
18-39,W,182.23333333333332
18-39,W,182.28333333333333
18-39,W,182.3
18-39,W,182.33333333333337
18-39,W,182.38333333333333
18-39,W,182.41666666666663
18-39,W,182.46666666666667
18-39,W,182.48333333333332
18-39,W,182.5
18-39,W,182.51666666666668
18-39,W,182.68333333333337
18-39,W,182.75
18-39,W,182.8
18-39,W,182.83333333333337
18-39,W,182.85
18-39,W,182.88333333333333
18-39,W,182.9
18-39,W,182.91666666666663
18-39,W,183.0
18-39,W,183.06666666666663
18-39,W,183.08333333333337
18-39,W,183.11666666666667
18-39,W,183.13333333333333
18-39,W,183.15
18-39,W,183.18333333333337
18-39,W,183.2
18-39,W,183.25
18-39,W,183.25
18-39,W,183.25
18-39,W,183.26666666666668
18-39,W,183.26666666666668
18-39,W,183.28333333333333
18-39,W,183.28333333333333
18-39,W,183.35
18-39,W,183.36666666666667
18-39,W,183.38333333333333
18-39,W,183.4
18-39,W,183.41666666666663
18-39,W,183.45
18-39,W,183.56666666666663
18-39,W,183.58333333333337
18-39,W,183.6
18-39,W,183.61666666666667
18-39,W,183.61666666666667
18-39,W,183.65
18-39,W,183.68333333333337
18-39,W,183.88333333333333
18-39,W,183.93333333333337
18-39,W,184.01666666666668
18-39,W,184.11666666666667
18-39,W,184.18333333333337
18-39,W,184.18333333333337
18-39,W,184.18333333333337
18-39,W,184.23333333333332
18-39,W,184.25
18-39,W,184.26666666666668
18-39,W,184.26666666666668
18-39,W,184.26666666666668
18-39,W,184.28333333333333
18-39,W,184.3
18-39,W,184.3
18-39,W,184.35
18-39,W,184.36666666666667
18-39,W,184.38333333333333
18-39,W,184.51666666666668
18-39,W,184.55
18-39,W,184.55
18-39,W,184.68333333333337
18-39,W,184.7
18-39,W,184.71666666666667
18-39,W,184.73333333333332
18-39,W,184.73333333333332
18-39,W,184.76666666666668
18-39,W,184.9
18-39,W,184.91666666666663
18-39,W,184.91666666666663
18-39,W,184.96666666666667
18-39,W,184.96666666666667
18-39,W,185.15
18-39,W,185.15
18-39,W,185.16666666666663
18-39,W,185.2
18-39,W,185.2
18-39,W,185.23333333333332
18-39,W,185.31666666666663
18-39,W,185.31666666666663
18-39,W,185.4
18-39,W,185.41666666666663
18-39,W,185.46666666666667
18-39,W,185.48333333333332
18-39,W,185.51666666666668
18-39,W,185.51666666666668
18-39,W,185.51666666666668
18-39,W,185.55
18-39,W,185.58333333333337
18-39,W,185.58333333333337
18-39,W,185.61666666666667
18-39,W,185.61666666666667
18-39,W,185.66666666666663
18-39,W,185.71666666666667
18-39,W,185.71666666666667
18-39,W,185.8
18-39,W,185.81666666666663
18-39,W,185.83333333333337
18-39,W,185.88333333333333
18-39,W,185.9
18-39,W,185.93333333333337
18-39,W,185.93333333333337
18-39,W,185.95
18-39,W,185.95
18-39,W,185.95
18-39,W,185.96666666666667
18-39,W,186.0
18-39,W,186.0
18-39,W,186.03333333333333
18-39,W,186.05
18-39,W,186.05
18-39,W,186.08333333333337
18-39,W,186.1
18-39,W,186.15
18-39,W,186.2
18-39,W,186.23333333333332
18-39,W,186.26666666666668
18-39,W,186.28333333333333
18-39,W,186.33333333333337
18-39,W,186.33333333333337
18-39,W,186.33333333333337
18-39,W,186.36666666666667
18-39,W,186.38333333333333
18-39,W,186.38333333333333
18-39,W,186.41666666666663
18-39,W,186.41666666666663
18-39,W,186.43333333333337
18-39,W,186.45
18-39,W,186.46666666666667
18-39,W,186.48333333333332
18-39,W,186.48333333333332
18-39,W,186.51666666666668
18-39,W,186.53333333333333
18-39,W,186.56666666666663
18-39,W,186.6
18-39,W,186.65
18-39,W,186.65
18-39,W,186.68333333333337
18-39,W,186.7
18-39,W,186.73333333333332
18-39,W,186.75
18-39,W,186.75
18-39,W,186.8
18-39,W,186.85
18-39,W,186.85
18-39,W,186.85
18-39,W,186.88333333333333
18-39,W,186.9
18-39,W,186.91666666666663
18-39,W,186.96666666666667
18-39,W,187.0
18-39,W,187.0
18-39,W,187.0
18-39,W,187.03333333333333
18-39,W,187.05
18-39,W,187.1
18-39,W,187.1
18-39,W,187.1
18-39,W,187.1
18-39,W,187.11666666666667
18-39,W,187.15
18-39,W,187.15
18-39,W,187.16666666666663
18-39,W,187.3
18-39,W,187.35
18-39,W,187.35
18-39,W,187.36666666666667
18-39,W,187.36666666666667
18-39,W,187.38333333333333
18-39,W,187.4
18-39,W,187.41666666666663
18-39,W,187.43333333333337
18-39,W,187.48333333333332
18-39,W,187.51666666666668
18-39,W,187.55
18-39,W,187.61666666666667
18-39,W,187.7
18-39,W,187.7
18-39,W,187.71666666666667
18-39,W,187.71666666666667
18-39,W,187.73333333333332
18-39,W,187.73333333333332
18-39,W,187.75
18-39,W,187.76666666666668
18-39,W,187.76666666666668
18-39,W,187.81666666666663
18-39,W,187.88333333333333
18-39,W,187.88333333333333
18-39,W,187.91666666666663
18-39,W,187.91666666666663
18-39,W,187.98333333333332
18-39,W,188.0
18-39,W,188.01666666666668
18-39,W,188.01666666666668
18-39,W,188.03333333333333
18-39,W,188.06666666666663
18-39,W,188.13333333333333
18-39,W,188.13333333333333
18-39,W,188.15
18-39,W,188.15
18-39,W,188.16666666666663
18-39,W,188.21666666666667
18-39,W,188.21666666666667
18-39,W,188.26666666666668
18-39,W,188.31666666666663
18-39,W,188.33333333333337
18-39,W,188.38333333333333
18-39,W,188.41666666666663
18-39,W,188.45
18-39,W,188.46666666666667
18-39,W,188.48333333333332
18-39,W,188.5
18-39,W,188.53333333333333
18-39,W,188.53333333333333
18-39,W,188.53333333333333
18-39,W,188.56666666666663
18-39,W,188.58333333333337
18-39,W,188.58333333333337
18-39,W,188.6
18-39,W,188.6
18-39,W,188.6
18-39,W,188.61666666666667
18-39,W,188.63333333333333
18-39,W,188.65
18-39,W,188.66666666666663
18-39,W,188.68333333333337
18-39,W,188.71666666666667
18-39,W,188.71666666666667
18-39,W,188.75
18-39,W,188.76666666666668
18-39,W,188.78333333333333
18-39,W,188.86666666666667
18-39,W,188.88333333333333
18-39,W,188.9
18-39,W,188.9
18-39,W,188.9
18-39,W,188.91666666666663
18-39,W,188.91666666666663
18-39,W,189.01666666666668
18-39,W,189.03333333333333
18-39,W,189.06666666666663
18-39,W,189.08333333333337
18-39,W,189.11666666666667
18-39,W,189.2
18-39,W,189.2
18-39,W,189.23333333333332
18-39,W,189.23333333333332
18-39,W,189.23333333333332
18-39,W,189.25
18-39,W,189.28333333333333
18-39,W,189.31666666666663
18-39,W,189.33333333333337
18-39,W,189.41666666666663
18-39,W,189.45
18-39,W,189.45
18-39,W,189.5
18-39,W,189.51666666666668
18-39,W,189.51666666666668
18-39,W,189.51666666666668
18-39,W,189.53333333333333
18-39,W,189.53333333333333
18-39,W,189.55
18-39,W,189.58333333333337
18-39,W,189.61666666666667
18-39,W,189.63333333333333
18-39,W,189.63333333333333
18-39,W,189.66666666666663
18-39,W,189.68333333333337
18-39,W,189.68333333333337
18-39,W,189.7
18-39,W,189.71666666666667
18-39,W,189.75
18-39,W,189.75
18-39,W,189.76666666666668
18-39,W,189.78333333333333
18-39,W,189.78333333333333
18-39,W,189.8
18-39,W,189.83333333333337
18-39,W,189.83333333333337
18-39,W,189.85
18-39,W,189.86666666666667
18-39,W,189.88333333333333
18-39,W,189.88333333333333
18-39,W,189.88333333333333
18-39,W,189.88333333333333
18-39,W,189.9
18-39,W,189.91666666666663
18-39,W,189.93333333333337
18-39,W,189.96666666666667
18-39,W,190.0
18-39,W,190.0
18-39,W,190.01666666666668
18-39,W,190.03333333333333
18-39,W,190.03333333333333
18-39,W,190.05
18-39,W,190.11666666666667
18-39,W,190.13333333333333
18-39,W,190.13333333333333
18-39,W,190.16666666666663
18-39,W,190.18333333333337
18-39,W,190.18333333333337
18-39,W,190.21666666666667
18-39,W,190.21666666666667
18-39,W,190.21666666666667
18-39,W,190.23333333333332
18-39,W,190.23333333333332
18-39,W,190.25
18-39,W,190.28333333333333
18-39,W,190.31666666666663
18-39,W,190.33333333333337
18-39,W,190.35
18-39,W,190.35
18-39,W,190.38333333333333
18-39,W,190.4
18-39,W,190.43333333333337
18-39,W,190.43333333333337
18-39,W,190.46666666666667
18-39,W,190.46666666666667
18-39,W,190.5
18-39,W,190.51666666666668
18-39,W,190.51666666666668
18-39,W,190.53333333333333
18-39,W,190.55
18-39,W,190.55
18-39,W,190.55
18-39,W,190.56666666666663
18-39,W,190.56666666666663
18-39,W,190.6
18-39,W,190.66666666666663
18-39,W,190.71666666666667
18-39,W,190.71666666666667
18-39,W,190.73333333333332
18-39,W,190.76666666666668
18-39,W,190.78333333333333
18-39,W,190.78333333333333
18-39,W,190.81666666666663
18-39,W,190.86666666666667
18-39,W,190.9
18-39,W,190.9
18-39,W,190.91666666666663
18-39,W,190.93333333333337
18-39,W,191.0
18-39,W,191.01666666666668
18-39,W,191.03333333333333
18-39,W,191.05
18-39,W,191.06666666666663
18-39,W,191.06666666666663
18-39,W,191.08333333333337
18-39,W,191.1
18-39,W,191.1
18-39,W,191.11666666666667
18-39,W,191.13333333333333
18-39,W,191.13333333333333
18-39,W,191.13333333333333
18-39,W,191.16666666666663
18-39,W,191.25
18-39,W,191.25
18-39,W,191.25
18-39,W,191.25
18-39,W,191.31666666666663
18-39,W,191.31666666666663
18-39,W,191.33333333333337
18-39,W,191.36666666666667
18-39,W,191.36666666666667
18-39,W,191.38333333333333
18-39,W,191.38333333333333
18-39,W,191.4
18-39,W,191.4
18-39,W,191.4
18-39,W,191.41666666666663
18-39,W,191.45
18-39,W,191.48333333333332
18-39,W,191.48333333333332
18-39,W,191.51666666666668
18-39,W,191.51666666666668
18-39,W,191.53333333333333
18-39,W,191.53333333333333
18-39,W,191.55
18-39,W,191.55
18-39,W,191.58333333333337
18-39,W,191.58333333333337
18-39,W,191.61666666666667
18-39,W,191.61666666666667
18-39,W,191.63333333333333
18-39,W,191.63333333333333
18-39,W,191.65
18-39,W,191.66666666666663
18-39,W,191.66666666666663
18-39,W,191.68333333333337
18-39,W,191.68333333333337
18-39,W,191.7
18-39,W,191.71666666666667
18-39,W,191.73333333333332
18-39,W,191.73333333333332
18-39,W,191.76666666666668
18-39,W,191.76666666666668
18-39,W,191.76666666666668
18-39,W,191.78333333333333
18-39,W,191.78333333333333
18-39,W,191.78333333333333
18-39,W,191.8
18-39,W,191.8
18-39,W,191.8
18-39,W,191.81666666666663
18-39,W,191.81666666666663
18-39,W,191.81666666666663
18-39,W,191.83333333333337
18-39,W,191.83333333333337
18-39,W,191.83333333333337
18-39,W,191.83333333333337
18-39,W,191.86666666666667
18-39,W,191.88333333333333
18-39,W,191.93333333333337
18-39,W,191.95
18-39,W,191.95
18-39,W,191.96666666666667
18-39,W,192.03333333333333
18-39,W,192.05
18-39,W,192.06666666666663
18-39,W,192.1
18-39,W,192.11666666666667
18-39,W,192.11666666666667
18-39,W,192.13333333333333
18-39,W,192.13333333333333
18-39,W,192.15
18-39,W,192.15
18-39,W,192.28333333333333
18-39,W,192.3
18-39,W,192.3
18-39,W,192.31666666666663
18-39,W,192.31666666666663
18-39,W,192.31666666666663
18-39,W,192.31666666666663
18-39,W,192.31666666666663
18-39,W,192.33333333333337
18-39,W,192.36666666666667
18-39,W,192.36666666666667
18-39,W,192.38333333333333
18-39,W,192.4
18-39,W,192.41666666666663
18-39,W,192.41666666666663
18-39,W,192.46666666666667
18-39,W,192.46666666666667
18-39,W,192.48333333333332
18-39,W,192.5
18-39,W,192.53333333333333
18-39,W,192.53333333333333
18-39,W,192.53333333333333
18-39,W,192.56666666666663
18-39,W,192.58333333333337
18-39,W,192.63333333333333
18-39,W,192.63333333333333
18-39,W,192.63333333333333
18-39,W,192.65
18-39,W,192.66666666666663
18-39,W,192.66666666666663
18-39,W,192.66666666666663
18-39,W,192.68333333333337
18-39,W,192.68333333333337
18-39,W,192.71666666666667
18-39,W,192.71666666666667
18-39,W,192.73333333333332
18-39,W,192.75
18-39,W,192.75
18-39,W,192.76666666666668
18-39,W,192.78333333333333
18-39,W,192.8
18-39,W,192.81666666666663
18-39,W,192.81666666666663
18-39,W,192.81666666666663
18-39,W,192.83333333333337
18-39,W,192.83333333333337
18-39,W,192.85
18-39,W,192.85
18-39,W,192.88333333333333
18-39,W,192.91666666666663
18-39,W,192.93333333333337
18-39,W,192.93333333333337
18-39,W,192.93333333333337
18-39,W,192.95
18-39,W,192.95
18-39,W,192.96666666666667
18-39,W,192.98333333333332
18-39,W,193.0
18-39,W,193.0
18-39,W,193.0
18-39,W,193.01666666666668
18-39,W,193.01666666666668
18-39,W,193.01666666666668
18-39,W,193.05
18-39,W,193.05
18-39,W,193.05
18-39,W,193.05
18-39,W,193.06666666666663
18-39,W,193.06666666666663
18-39,W,193.06666666666663
18-39,W,193.06666666666663
18-39,W,193.08333333333337
18-39,W,193.08333333333337
18-39,W,193.1
18-39,W,193.11666666666667
18-39,W,193.11666666666667
18-39,W,193.13333333333333
18-39,W,193.16666666666663
18-39,W,193.16666666666663
18-39,W,193.18333333333337
18-39,W,193.2
18-39,W,193.23333333333332
18-39,W,193.25
18-39,W,193.25
18-39,W,193.25
18-39,W,193.26666666666668
18-39,W,193.28333333333333
18-39,W,193.3
18-39,W,193.31666666666663
18-39,W,193.31666666666663
18-39,W,193.33333333333337
18-39,W,193.35
18-39,W,193.35
18-39,W,193.35
18-39,W,193.43333333333337
18-39,W,193.48333333333332
18-39,W,193.51666666666668
18-39,W,193.53333333333333
18-39,W,193.53333333333333
18-39,W,193.55
18-39,W,193.58333333333337
18-39,W,193.58333333333337
18-39,W,193.58333333333337
18-39,W,193.6
18-39,W,193.61666666666667
18-39,W,193.61666666666667
18-39,W,193.65
18-39,W,193.68333333333337
18-39,W,193.7
18-39,W,193.7
18-39,W,193.7
18-39,W,193.71666666666667
18-39,W,193.71666666666667
18-39,W,193.71666666666667
18-39,W,193.71666666666667
18-39,W,193.73333333333332
18-39,W,193.75
18-39,W,193.76666666666668
18-39,W,193.8
18-39,W,193.8
18-39,W,193.81666666666663
18-39,W,193.83333333333337
18-39,W,193.83333333333337
18-39,W,193.85
18-39,W,193.85
18-39,W,193.86666666666667
18-39,W,193.9
18-39,W,193.93333333333337
18-39,W,193.93333333333337
18-39,W,193.93333333333337
18-39,W,193.95
18-39,W,193.95
18-39,W,193.96666666666667
18-39,W,193.96666666666667
18-39,W,193.96666666666667
18-39,W,194.03333333333333
18-39,W,194.05
18-39,W,194.06666666666663
18-39,W,194.11666666666667
18-39,W,194.13333333333333
18-39,W,194.13333333333333
18-39,W,194.15
18-39,W,194.16666666666663
18-39,W,194.16666666666663
18-39,W,194.18333333333337
18-39,W,194.18333333333337
18-39,W,194.18333333333337
18-39,W,194.18333333333337
18-39,W,194.2
18-39,W,194.2
18-39,W,194.25
18-39,W,194.26666666666668
18-39,W,194.26666666666668
18-39,W,194.3
18-39,W,194.3
18-39,W,194.3
18-39,W,194.31666666666663
18-39,W,194.33333333333337
18-39,W,194.36666666666667
18-39,W,194.36666666666667
18-39,W,194.38333333333333
18-39,W,194.41666666666663
18-39,W,194.41666666666663
18-39,W,194.43333333333337
18-39,W,194.45
18-39,W,194.45
18-39,W,194.46666666666667
18-39,W,194.48333333333332
18-39,W,194.5
18-39,W,194.5
18-39,W,194.51666666666668
18-39,W,194.51666666666668
18-39,W,194.53333333333333
18-39,W,194.53333333333333
18-39,W,194.56666666666663
18-39,W,194.56666666666663
18-39,W,194.61666666666667
18-39,W,194.61666666666667
18-39,W,194.63333333333333
18-39,W,194.65
18-39,W,194.68333333333337
18-39,W,194.7
18-39,W,194.7
18-39,W,194.7
18-39,W,194.71666666666667
18-39,W,194.73333333333332
18-39,W,194.76666666666668
18-39,W,194.76666666666668
18-39,W,194.76666666666668
18-39,W,194.76666666666668
18-39,W,194.78333333333333
18-39,W,194.78333333333333
18-39,W,194.85
18-39,W,194.85
18-39,W,194.85
18-39,W,194.86666666666667
18-39,W,194.88333333333333
18-39,W,194.88333333333333
18-39,W,194.9
18-39,W,194.9
18-39,W,194.93333333333337
18-39,W,194.96666666666667
18-39,W,195.0
18-39,W,195.0
18-39,W,195.01666666666668
18-39,W,195.03333333333333
18-39,W,195.03333333333333
18-39,W,195.03333333333333
18-39,W,195.08333333333337
18-39,W,195.1
18-39,W,195.1
18-39,W,195.1
18-39,W,195.11666666666667
18-39,W,195.11666666666667
18-39,W,195.11666666666667
18-39,W,195.13333333333333
18-39,W,195.13333333333333
18-39,W,195.15
18-39,W,195.18333333333337
18-39,W,195.2
18-39,W,195.2
18-39,W,195.23333333333332
18-39,W,195.26666666666668
18-39,W,195.28333333333333
18-39,W,195.28333333333333
18-39,W,195.3
18-39,W,195.3
18-39,W,195.3
18-39,W,195.31666666666663
18-39,W,195.33333333333337
18-39,W,195.33333333333337
18-39,W,195.35
18-39,W,195.35
18-39,W,195.36666666666667
18-39,W,195.36666666666667
18-39,W,195.36666666666667
18-39,W,195.41666666666663
18-39,W,195.43333333333337
18-39,W,195.48333333333332
18-39,W,195.48333333333332
18-39,W,195.5
18-39,W,195.5
18-39,W,195.53333333333333
18-39,W,195.56666666666663
18-39,W,195.56666666666663
18-39,W,195.56666666666663
18-39,W,195.6
18-39,W,195.6
18-39,W,195.6
18-39,W,195.6
18-39,W,195.61666666666667
18-39,W,195.61666666666667
18-39,W,195.63333333333333
18-39,W,195.63333333333333
18-39,W,195.63333333333333
18-39,W,195.65
18-39,W,195.65
18-39,W,195.68333333333337
18-39,W,195.7
18-39,W,195.7
18-39,W,195.71666666666667
18-39,W,195.73333333333332
18-39,W,195.73333333333332
18-39,W,195.8
18-39,W,195.83333333333337
18-39,W,195.83333333333337
18-39,W,195.83333333333337
18-39,W,195.83333333333337
18-39,W,195.86666666666667
18-39,W,195.86666666666667
18-39,W,195.88333333333333
18-39,W,195.88333333333333
18-39,W,195.88333333333333
18-39,W,195.9
18-39,W,195.9
18-39,W,195.9
18-39,W,195.95
18-39,W,195.95
18-39,W,195.96666666666667
18-39,W,195.96666666666667
18-39,W,195.96666666666667
18-39,W,195.98333333333332
18-39,W,195.98333333333332
18-39,W,195.98333333333332
18-39,W,195.98333333333332
18-39,W,195.98333333333332
18-39,W,195.98333333333332
18-39,W,196.0
18-39,W,196.0
18-39,W,196.01666666666668
18-39,W,196.01666666666668
18-39,W,196.01666666666668
18-39,W,196.05
18-39,W,196.05
18-39,W,196.06666666666663
18-39,W,196.08333333333337
18-39,W,196.08333333333337
18-39,W,196.1
18-39,W,196.13333333333333
18-39,W,196.15
18-39,W,196.16666666666663
18-39,W,196.16666666666663
18-39,W,196.16666666666663
18-39,W,196.16666666666663
18-39,W,196.2
18-39,W,196.21666666666667
18-39,W,196.23333333333332
18-39,W,196.25
18-39,W,196.26666666666668
18-39,W,196.28333333333333
18-39,W,196.28333333333333
18-39,W,196.31666666666663
18-39,W,196.33333333333337
18-39,W,196.33333333333337
18-39,W,196.35
18-39,W,196.35
18-39,W,196.36666666666667
18-39,W,196.4
18-39,W,196.4
18-39,W,196.41666666666663
18-39,W,196.43333333333337
18-39,W,196.43333333333337
18-39,W,196.43333333333337
18-39,W,196.46666666666667
18-39,W,196.46666666666667
18-39,W,196.46666666666667
18-39,W,196.5
18-39,W,196.5
18-39,W,196.5
18-39,W,196.53333333333333
18-39,W,196.53333333333333
18-39,W,196.55
18-39,W,196.56666666666663
18-39,W,196.58333333333337
18-39,W,196.61666666666667
18-39,W,196.61666666666667
18-39,W,196.61666666666667
18-39,W,196.63333333333333
18-39,W,196.65
18-39,W,196.65
18-39,W,196.65
18-39,W,196.66666666666663
18-39,W,196.7
18-39,W,196.73333333333332
18-39,W,196.76666666666668
18-39,W,196.76666666666668
18-39,W,196.76666666666668
18-39,W,196.78333333333333
18-39,W,196.8
18-39,W,196.8
18-39,W,196.8
18-39,W,196.83333333333337
18-39,W,196.85
18-39,W,196.86666666666667
18-39,W,196.86666666666667
18-39,W,196.86666666666667
18-39,W,196.88333333333333
18-39,W,196.88333333333333
18-39,W,196.88333333333333
18-39,W,196.9
18-39,W,196.9
18-39,W,196.91666666666663
18-39,W,196.93333333333337
18-39,W,196.95
18-39,W,196.95
18-39,W,196.95
18-39,W,196.96666666666667
18-39,W,196.98333333333332
18-39,W,196.98333333333332
18-39,W,196.98333333333332
18-39,W,196.98333333333332
18-39,W,197.03333333333333
18-39,W,197.05
18-39,W,197.06666666666663
18-39,W,197.08333333333337
18-39,W,197.08333333333337
18-39,W,197.1
18-39,W,197.1
18-39,W,197.1
18-39,W,197.1
18-39,W,197.1
18-39,W,197.11666666666667
18-39,W,197.15
18-39,W,197.15
18-39,W,197.16666666666663
18-39,W,197.16666666666663
18-39,W,197.23333333333332
18-39,W,197.25
18-39,W,197.28333333333333
18-39,W,197.31666666666663
18-39,W,197.31666666666663
18-39,W,197.31666666666663
18-39,W,197.31666666666663
18-39,W,197.33333333333337
18-39,W,197.33333333333337
18-39,W,197.35
18-39,W,197.36666666666667
18-39,W,197.36666666666667
18-39,W,197.36666666666667
18-39,W,197.36666666666667
18-39,W,197.38333333333333
18-39,W,197.43333333333337
18-39,W,197.43333333333337
18-39,W,197.45
18-39,W,197.45
18-39,W,197.45
18-39,W,197.48333333333332
18-39,W,197.48333333333332
18-39,W,197.48333333333332
18-39,W,197.48333333333332
18-39,W,197.5
18-39,W,197.53333333333333
18-39,W,197.53333333333333
18-39,W,197.53333333333333
18-39,W,197.55
18-39,W,197.55
18-39,W,197.58333333333337
18-39,W,197.58333333333337
18-39,W,197.6
18-39,W,197.6
18-39,W,197.61666666666667
18-39,W,197.63333333333333
18-39,W,197.63333333333333
18-39,W,197.63333333333333
18-39,W,197.66666666666663
18-39,W,197.68333333333337
18-39,W,197.7
18-39,W,197.71666666666667
18-39,W,197.73333333333332
18-39,W,197.73333333333332
18-39,W,197.73333333333332
18-39,W,197.75
18-39,W,197.75
18-39,W,197.78333333333333
18-39,W,197.78333333333333
18-39,W,197.8
18-39,W,197.81666666666663
18-39,W,197.81666666666663
18-39,W,197.81666666666663
18-39,W,197.85
18-39,W,197.85
18-39,W,197.85
18-39,W,197.85
18-39,W,197.88333333333333
18-39,W,197.88333333333333
18-39,W,197.9
18-39,W,197.91666666666663
18-39,W,197.91666666666663
18-39,W,197.96666666666667
18-39,W,197.98333333333332
18-39,W,198.0
18-39,W,198.0
18-39,W,198.0
18-39,W,198.0
18-39,W,198.05
18-39,W,198.05
18-39,W,198.08333333333337
18-39,W,198.11666666666667
18-39,W,198.11666666666667
18-39,W,198.13333333333333
18-39,W,198.15
18-39,W,198.18333333333337
18-39,W,198.2
18-39,W,198.2
18-39,W,198.2
18-39,W,198.21666666666667
18-39,W,198.21666666666667
18-39,W,198.23333333333332
18-39,W,198.23333333333332
18-39,W,198.23333333333332
18-39,W,198.25
18-39,W,198.25
18-39,W,198.25
18-39,W,198.26666666666668
18-39,W,198.28333333333333
18-39,W,198.33333333333337
18-39,W,198.35
18-39,W,198.35
18-39,W,198.36666666666667
18-39,W,198.38333333333333
18-39,W,198.38333333333333
18-39,W,198.38333333333333
18-39,W,198.38333333333333
18-39,W,198.4
18-39,W,198.41666666666663
18-39,W,198.41666666666663
18-39,W,198.43333333333337
18-39,W,198.43333333333337
18-39,W,198.46666666666667
18-39,W,198.48333333333332
18-39,W,198.51666666666668
18-39,W,198.51666666666668
18-39,W,198.53333333333333
18-39,W,198.56666666666663
18-39,W,198.56666666666663
18-39,W,198.56666666666663
18-39,W,198.58333333333337
18-39,W,198.6
18-39,W,198.65
18-39,W,198.66666666666663
18-39,W,198.68333333333337
18-39,W,198.68333333333337
18-39,W,198.7
18-39,W,198.71666666666667
18-39,W,198.71666666666667
18-39,W,198.75
18-39,W,198.76666666666668
18-39,W,198.81666666666663
18-39,W,198.81666666666663
18-39,W,198.81666666666663
18-39,W,198.86666666666667
18-39,W,198.88333333333333
18-39,W,198.9
18-39,W,198.9
18-39,W,198.91666666666663
18-39,W,198.91666666666663
18-39,W,198.93333333333337
18-39,W,198.93333333333337
18-39,W,198.96666666666667
18-39,W,198.96666666666667
18-39,W,198.96666666666667
18-39,W,198.96666666666667
18-39,W,198.96666666666667
18-39,W,198.96666666666667
18-39,W,198.98333333333332
18-39,W,198.98333333333332
18-39,W,199.0
18-39,W,199.0
18-39,W,199.0
18-39,W,199.03333333333333
18-39,W,199.06666666666663
18-39,W,199.06666666666663
18-39,W,199.08333333333337
18-39,W,199.1
18-39,W,199.1
18-39,W,199.15
18-39,W,199.16666666666663
18-39,W,199.16666666666663
18-39,W,199.16666666666663
18-39,W,199.2
18-39,W,199.21666666666667
18-39,W,199.21666666666667
18-39,W,199.23333333333332
18-39,W,199.23333333333332
18-39,W,199.23333333333332
18-39,W,199.25
18-39,W,199.26666666666668
18-39,W,199.26666666666668
18-39,W,199.26666666666668
18-39,W,199.28333333333333
18-39,W,199.3
18-39,W,199.3
18-39,W,199.3
18-39,W,199.3
18-39,W,199.31666666666663
18-39,W,199.31666666666663
18-39,W,199.33333333333337
18-39,W,199.33333333333337
18-39,W,199.35
18-39,W,199.35
18-39,W,199.35
18-39,W,199.36666666666667
18-39,W,199.36666666666667
18-39,W,199.36666666666667
18-39,W,199.38333333333333
18-39,W,199.38333333333333
18-39,W,199.4
18-39,W,199.41666666666663
18-39,W,199.41666666666663
18-39,W,199.43333333333337
18-39,W,199.43333333333337
18-39,W,199.45
18-39,W,199.46666666666667
18-39,W,199.48333333333332
18-39,W,199.48333333333332
18-39,W,199.48333333333332
18-39,W,199.48333333333332
18-39,W,199.5
18-39,W,199.5
18-39,W,199.5
18-39,W,199.51666666666668
18-39,W,199.51666666666668
18-39,W,199.53333333333333
18-39,W,199.55
18-39,W,199.56666666666663
18-39,W,199.58333333333337
18-39,W,199.61666666666667
18-39,W,199.61666666666667
18-39,W,199.63333333333333
18-39,W,199.63333333333333
18-39,W,199.63333333333333
18-39,W,199.65
18-39,W,199.65
18-39,W,199.66666666666663
18-39,W,199.68333333333337
18-39,W,199.71666666666667
18-39,W,199.73333333333332
18-39,W,199.75
18-39,W,199.75
18-39,W,199.75
18-39,W,199.76666666666668
18-39,W,199.8
18-39,W,199.8
18-39,W,199.8
18-39,W,199.8
18-39,W,199.81666666666663
18-39,W,199.81666666666663
18-39,W,199.81666666666663
18-39,W,199.83333333333337
18-39,W,199.83333333333337
18-39,W,199.83333333333337
18-39,W,199.88333333333333
18-39,W,199.88333333333333
18-39,W,199.9
18-39,W,199.91666666666663
18-39,W,199.91666666666663
18-39,W,199.91666666666663
18-39,W,199.93333333333337
18-39,W,199.95
18-39,W,199.95
18-39,W,199.96666666666667
18-39,W,199.98333333333332
18-39,W,200.0
18-39,W,200.05
18-39,W,200.05
18-39,W,200.05
18-39,W,200.08333333333337
18-39,W,200.1
18-39,W,200.1
18-39,W,200.11666666666667
18-39,W,200.15
18-39,W,200.16666666666663
18-39,W,200.18333333333337
18-39,W,200.2
18-39,W,200.2
18-39,W,200.2
18-39,W,200.21666666666667
18-39,W,200.21666666666667
18-39,W,200.23333333333332
18-39,W,200.26666666666668
18-39,W,200.26666666666668
18-39,W,200.28333333333333
18-39,W,200.3
18-39,W,200.3
18-39,W,200.3
18-39,W,200.31666666666663
18-39,W,200.31666666666663
18-39,W,200.33333333333337
18-39,W,200.33333333333337
18-39,W,200.33333333333337
18-39,W,200.35
18-39,W,200.35
18-39,W,200.35
18-39,W,200.35
18-39,W,200.36666666666667
18-39,W,200.4
18-39,W,200.4
18-39,W,200.41666666666663
18-39,W,200.43333333333337
18-39,W,200.43333333333337
18-39,W,200.43333333333337
18-39,W,200.46666666666667
18-39,W,200.51666666666668
18-39,W,200.58333333333337
18-39,W,200.6
18-39,W,200.66666666666663
18-39,W,200.66666666666663
18-39,W,200.66666666666663
18-39,W,200.66666666666663
18-39,W,200.71666666666667
18-39,W,200.73333333333332
18-39,W,200.76666666666668
18-39,W,200.76666666666668
18-39,W,200.76666666666668
18-39,W,200.78333333333333
18-39,W,200.78333333333333
18-39,W,200.78333333333333
18-39,W,200.81666666666663
18-39,W,200.81666666666663
18-39,W,200.81666666666663
18-39,W,200.85
18-39,W,200.85
18-39,W,200.86666666666667
18-39,W,200.88333333333333
18-39,W,200.88333333333333
18-39,W,200.88333333333333
18-39,W,200.9
18-39,W,200.9
18-39,W,200.9
18-39,W,200.9
18-39,W,200.93333333333337
18-39,W,200.95
18-39,W,200.96666666666667
18-39,W,200.98333333333332
18-39,W,200.98333333333332
18-39,W,200.98333333333332
18-39,W,200.98333333333332
18-39,W,201.01666666666668
18-39,W,201.01666666666668
18-39,W,201.03333333333333
18-39,W,201.03333333333333
18-39,W,201.03333333333333
18-39,W,201.05
18-39,W,201.05
18-39,W,201.08333333333337
18-39,W,201.08333333333337
18-39,W,201.08333333333337
18-39,W,201.1
18-39,W,201.1
18-39,W,201.13333333333333
18-39,W,201.13333333333333
18-39,W,201.15
18-39,W,201.15
18-39,W,201.15
18-39,W,201.16666666666663
18-39,W,201.18333333333337
18-39,W,201.2
18-39,W,201.21666666666667
18-39,W,201.21666666666667
18-39,W,201.21666666666667
18-39,W,201.26666666666668
18-39,W,201.28333333333333
18-39,W,201.28333333333333
18-39,W,201.28333333333333
18-39,W,201.3
18-39,W,201.3
18-39,W,201.3
18-39,W,201.31666666666663
18-39,W,201.31666666666663
18-39,W,201.33333333333337
18-39,W,201.35
18-39,W,201.35
18-39,W,201.4
18-39,W,201.4
18-39,W,201.41666666666663
18-39,W,201.41666666666663
18-39,W,201.43333333333337
18-39,W,201.43333333333337
18-39,W,201.45
18-39,W,201.45
18-39,W,201.45
18-39,W,201.45
18-39,W,201.45
18-39,W,201.46666666666667
18-39,W,201.46666666666667
18-39,W,201.48333333333332
18-39,W,201.5
18-39,W,201.55
18-39,W,201.55
18-39,W,201.56666666666663
18-39,W,201.56666666666663
18-39,W,201.56666666666663
18-39,W,201.58333333333337
18-39,W,201.58333333333337
18-39,W,201.6
18-39,W,201.6
18-39,W,201.61666666666667
18-39,W,201.66666666666663
18-39,W,201.66666666666663
18-39,W,201.66666666666663
18-39,W,201.7
18-39,W,201.7
18-39,W,201.71666666666667
18-39,W,201.73333333333332
18-39,W,201.73333333333332
18-39,W,201.75
18-39,W,201.76666666666668
18-39,W,201.78333333333333
18-39,W,201.8
18-39,W,201.8
18-39,W,201.81666666666663
18-39,W,201.81666666666663
18-39,W,201.81666666666663
18-39,W,201.81666666666663
18-39,W,201.83333333333337
18-39,W,201.83333333333337
18-39,W,201.86666666666667
18-39,W,201.86666666666667
18-39,W,201.88333333333333
18-39,W,201.9
18-39,W,201.9
18-39,W,201.93333333333337
18-39,W,201.93333333333337
18-39,W,201.93333333333337
18-39,W,201.95
18-39,W,201.95
18-39,W,201.96666666666667
18-39,W,201.98333333333332
18-39,W,202.0
18-39,W,202.0
18-39,W,202.0
18-39,W,202.0
18-39,W,202.01666666666668
18-39,W,202.03333333333333
18-39,W,202.05
18-39,W,202.08333333333337
18-39,W,202.08333333333337
18-39,W,202.1
18-39,W,202.11666666666667
18-39,W,202.11666666666667
18-39,W,202.13333333333333
18-39,W,202.13333333333333
18-39,W,202.15
18-39,W,202.15
18-39,W,202.16666666666663
18-39,W,202.16666666666663
18-39,W,202.18333333333337
18-39,W,202.18333333333337
18-39,W,202.2
18-39,W,202.21666666666667
18-39,W,202.21666666666667
18-39,W,202.25
18-39,W,202.28333333333333
18-39,W,202.28333333333333
18-39,W,202.31666666666663
18-39,W,202.35
18-39,W,202.38333333333333
18-39,W,202.4
18-39,W,202.4
18-39,W,202.41666666666663
18-39,W,202.43333333333337
18-39,W,202.45
18-39,W,202.46666666666667
18-39,W,202.46666666666667
18-39,W,202.46666666666667
18-39,W,202.46666666666667
18-39,W,202.46666666666667
18-39,W,202.48333333333332
18-39,W,202.5
18-39,W,202.5
18-39,W,202.5
18-39,W,202.5
18-39,W,202.53333333333333
18-39,W,202.55
18-39,W,202.55
18-39,W,202.56666666666663
18-39,W,202.58333333333337
18-39,W,202.58333333333337
18-39,W,202.58333333333337
18-39,W,202.6
18-39,W,202.6
18-39,W,202.6
18-39,W,202.61666666666667
18-39,W,202.61666666666667
18-39,W,202.61666666666667
18-39,W,202.65
18-39,W,202.66666666666663
18-39,W,202.66666666666663
18-39,W,202.68333333333337
18-39,W,202.68333333333337
18-39,W,202.7
18-39,W,202.71666666666667
18-39,W,202.71666666666667
18-39,W,202.73333333333332
18-39,W,202.75
18-39,W,202.76666666666668
18-39,W,202.76666666666668
18-39,W,202.76666666666668
18-39,W,202.78333333333333
18-39,W,202.78333333333333
18-39,W,202.78333333333333
18-39,W,202.8
18-39,W,202.8
18-39,W,202.83333333333337
18-39,W,202.83333333333337
18-39,W,202.83333333333337
18-39,W,202.85
18-39,W,202.85
18-39,W,202.88333333333333
18-39,W,202.9
18-39,W,202.91666666666663
18-39,W,202.91666666666663
18-39,W,202.91666666666663
18-39,W,202.93333333333337
18-39,W,202.95
18-39,W,202.96666666666667
18-39,W,202.96666666666667
18-39,W,202.98333333333332
18-39,W,203.0
18-39,W,203.03333333333333
18-39,W,203.05
18-39,W,203.05
18-39,W,203.05
18-39,W,203.06666666666663
18-39,W,203.06666666666663
18-39,W,203.1
18-39,W,203.1
18-39,W,203.1
18-39,W,203.1
18-39,W,203.1
18-39,W,203.11666666666667
18-39,W,203.13333333333333
18-39,W,203.15
18-39,W,203.15
18-39,W,203.16666666666663
18-39,W,203.16666666666663
18-39,W,203.16666666666663
18-39,W,203.16666666666663
18-39,W,203.18333333333337
18-39,W,203.18333333333337
18-39,W,203.18333333333337
18-39,W,203.18333333333337
18-39,W,203.2
18-39,W,203.21666666666667
18-39,W,203.23333333333332
18-39,W,203.23333333333332
18-39,W,203.23333333333332
18-39,W,203.25
18-39,W,203.25
18-39,W,203.28333333333333
18-39,W,203.3
18-39,W,203.31666666666663
18-39,W,203.33333333333337
18-39,W,203.33333333333337
18-39,W,203.33333333333337
18-39,W,203.35
18-39,W,203.36666666666667
18-39,W,203.4
18-39,W,203.4
18-39,W,203.4
18-39,W,203.4
18-39,W,203.4
18-39,W,203.4
18-39,W,203.4
18-39,W,203.45
18-39,W,203.46666666666667
18-39,W,203.46666666666667
18-39,W,203.46666666666667
18-39,W,203.46666666666667
18-39,W,203.5
18-39,W,203.5
18-39,W,203.51666666666668
18-39,W,203.51666666666668
18-39,W,203.53333333333333
18-39,W,203.55
18-39,W,203.55
18-39,W,203.55
18-39,W,203.55
18-39,W,203.55
18-39,W,203.56666666666663
18-39,W,203.56666666666663
18-39,W,203.56666666666663
18-39,W,203.6
18-39,W,203.61666666666667
18-39,W,203.63333333333333
18-39,W,203.63333333333333
18-39,W,203.63333333333333
18-39,W,203.63333333333333
18-39,W,203.63333333333333
18-39,W,203.63333333333333
18-39,W,203.65
18-39,W,203.65
18-39,W,203.68333333333337
18-39,W,203.68333333333337
18-39,W,203.7
18-39,W,203.7
18-39,W,203.78333333333333
18-39,W,203.78333333333333
18-39,W,203.81666666666663
18-39,W,203.81666666666663
18-39,W,203.83333333333337
18-39,W,203.83333333333337
18-39,W,203.85
18-39,W,203.85
18-39,W,203.85
18-39,W,203.86666666666667
18-39,W,203.86666666666667
18-39,W,203.86666666666667
18-39,W,203.88333333333333
18-39,W,203.88333333333333
18-39,W,203.88333333333333
18-39,W,203.9
18-39,W,203.91666666666663
18-39,W,203.93333333333337
18-39,W,203.95
18-39,W,203.96666666666667
18-39,W,203.96666666666667
18-39,W,203.96666666666667
18-39,W,204.0
18-39,W,204.0
18-39,W,204.01666666666668
18-39,W,204.01666666666668
18-39,W,204.01666666666668
18-39,W,204.03333333333333
18-39,W,204.05
18-39,W,204.06666666666663
18-39,W,204.08333333333337
18-39,W,204.08333333333337
18-39,W,204.1
18-39,W,204.1
18-39,W,204.11666666666667
18-39,W,204.13333333333333
18-39,W,204.15
18-39,W,204.16666666666663
18-39,W,204.16666666666663
18-39,W,204.18333333333337
18-39,W,204.18333333333337
18-39,W,204.2
18-39,W,204.2
18-39,W,204.25
18-39,W,204.25
18-39,W,204.26666666666668
18-39,W,204.26666666666668
18-39,W,204.26666666666668
18-39,W,204.28333333333333
18-39,W,204.28333333333333
18-39,W,204.28333333333333
18-39,W,204.28333333333333
18-39,W,204.3
18-39,W,204.3
18-39,W,204.3
18-39,W,204.3
18-39,W,204.31666666666663
18-39,W,204.31666666666663
18-39,W,204.35
18-39,W,204.36666666666667
18-39,W,204.36666666666667
18-39,W,204.38333333333333
18-39,W,204.38333333333333
18-39,W,204.4
18-39,W,204.4
18-39,W,204.4
18-39,W,204.41666666666663
18-39,W,204.45
18-39,W,204.45
18-39,W,204.46666666666667
18-39,W,204.48333333333332
18-39,W,204.48333333333332
18-39,W,204.48333333333332
18-39,W,204.5
18-39,W,204.51666666666668
18-39,W,204.51666666666668
18-39,W,204.53333333333333
18-39,W,204.55
18-39,W,204.55
18-39,W,204.55
18-39,W,204.56666666666663
18-39,W,204.6
18-39,W,204.6
18-39,W,204.6
18-39,W,204.6
18-39,W,204.63333333333333
18-39,W,204.65
18-39,W,204.65
18-39,W,204.65
18-39,W,204.68333333333337
18-39,W,204.68333333333337
18-39,W,204.68333333333337
18-39,W,204.68333333333337
18-39,W,204.68333333333337
18-39,W,204.7
18-39,W,204.7
18-39,W,204.71666666666667
18-39,W,204.71666666666667
18-39,W,204.75
18-39,W,204.76666666666668
18-39,W,204.8
18-39,W,204.81666666666663
18-39,W,204.81666666666663
18-39,W,204.86666666666667
18-39,W,204.86666666666667
18-39,W,204.88333333333333
18-39,W,204.88333333333333
18-39,W,204.9
18-39,W,204.93333333333337
18-39,W,204.95
18-39,W,204.95
18-39,W,204.95
18-39,W,204.96666666666667
18-39,W,205.0
18-39,W,205.01666666666668
18-39,W,205.03333333333333
18-39,W,205.03333333333333
18-39,W,205.03333333333333
18-39,W,205.03333333333333
18-39,W,205.05
18-39,W,205.06666666666663
18-39,W,205.06666666666663
18-39,W,205.06666666666663
18-39,W,205.08333333333337
18-39,W,205.08333333333337
18-39,W,205.1
18-39,W,205.1
18-39,W,205.1
18-39,W,205.11666666666667
18-39,W,205.11666666666667
18-39,W,205.13333333333333
18-39,W,205.13333333333333
18-39,W,205.15
18-39,W,205.15
18-39,W,205.16666666666663
18-39,W,205.16666666666663
18-39,W,205.16666666666663
18-39,W,205.18333333333337
18-39,W,205.18333333333337
18-39,W,205.18333333333337
18-39,W,205.2
18-39,W,205.21666666666667
18-39,W,205.21666666666667
18-39,W,205.23333333333332
18-39,W,205.23333333333332
18-39,W,205.23333333333332
18-39,W,205.25
18-39,W,205.26666666666668
18-39,W,205.26666666666668
18-39,W,205.26666666666668
18-39,W,205.28333333333333
18-39,W,205.3
18-39,W,205.3
18-39,W,205.31666666666663
18-39,W,205.31666666666663
18-39,W,205.33333333333337
18-39,W,205.36666666666667
18-39,W,205.36666666666667
18-39,W,205.4
18-39,W,205.4
18-39,W,205.41666666666663
18-39,W,205.41666666666663
18-39,W,205.41666666666663
18-39,W,205.41666666666663
18-39,W,205.41666666666663
18-39,W,205.45
18-39,W,205.45
18-39,W,205.46666666666667
18-39,W,205.46666666666667
18-39,W,205.46666666666667
18-39,W,205.48333333333332
18-39,W,205.48333333333332
18-39,W,205.5
18-39,W,205.5
18-39,W,205.51666666666668
18-39,W,205.53333333333333
18-39,W,205.53333333333333
18-39,W,205.56666666666663
18-39,W,205.56666666666663
18-39,W,205.56666666666663
18-39,W,205.56666666666663
18-39,W,205.6
18-39,W,205.61666666666667
18-39,W,205.61666666666667
18-39,W,205.61666666666667
18-39,W,205.63333333333333
18-39,W,205.65
18-39,W,205.65
18-39,W,205.71666666666667
18-39,W,205.71666666666667
18-39,W,205.73333333333332
18-39,W,205.73333333333332
18-39,W,205.75
18-39,W,205.8
18-39,W,205.83333333333337
18-39,W,205.83333333333337
18-39,W,205.85
18-39,W,205.85
18-39,W,205.86666666666667
18-39,W,205.86666666666667
18-39,W,205.9
18-39,W,205.91666666666663
18-39,W,205.95
18-39,W,205.95
18-39,W,205.96666666666667
18-39,W,206.0
18-39,W,206.01666666666668
18-39,W,206.01666666666668
18-39,W,206.03333333333333
18-39,W,206.03333333333333
18-39,W,206.05
18-39,W,206.06666666666663
18-39,W,206.06666666666663
18-39,W,206.08333333333337
18-39,W,206.1
18-39,W,206.1
18-39,W,206.1
18-39,W,206.13333333333333
18-39,W,206.13333333333333
18-39,W,206.13333333333333
18-39,W,206.15
18-39,W,206.16666666666663
18-39,W,206.18333333333337
18-39,W,206.2
18-39,W,206.2
18-39,W,206.21666666666667
18-39,W,206.21666666666667
18-39,W,206.23333333333332
18-39,W,206.26666666666668
18-39,W,206.28333333333333
18-39,W,206.31666666666663
18-39,W,206.35
18-39,W,206.36666666666667
18-39,W,206.36666666666667
18-39,W,206.36666666666667
18-39,W,206.38333333333333
18-39,W,206.38333333333333
18-39,W,206.4
18-39,W,206.4
18-39,W,206.41666666666663
18-39,W,206.41666666666663
18-39,W,206.41666666666663
18-39,W,206.45
18-39,W,206.45
18-39,W,206.45
18-39,W,206.48333333333332
18-39,W,206.55
18-39,W,206.58333333333337
18-39,W,206.58333333333337
18-39,W,206.58333333333337
18-39,W,206.6
18-39,W,206.6
18-39,W,206.61666666666667
18-39,W,206.61666666666667
18-39,W,206.63333333333333
18-39,W,206.63333333333333
18-39,W,206.63333333333333
18-39,W,206.63333333333333
18-39,W,206.63333333333333
18-39,W,206.65
18-39,W,206.66666666666663
18-39,W,206.66666666666663
18-39,W,206.7
18-39,W,206.7
18-39,W,206.7
18-39,W,206.71666666666667
18-39,W,206.71666666666667
18-39,W,206.75
18-39,W,206.75
18-39,W,206.76666666666668
18-39,W,206.76666666666668
18-39,W,206.76666666666668
18-39,W,206.8
18-39,W,206.81666666666663
18-39,W,206.81666666666663
18-39,W,206.83333333333337
18-39,W,206.83333333333337
18-39,W,206.83333333333337
18-39,W,206.83333333333337
18-39,W,206.85
18-39,W,206.86666666666667
18-39,W,206.9
18-39,W,206.93333333333337
18-39,W,206.93333333333337
18-39,W,206.96666666666667
18-39,W,206.98333333333332
18-39,W,206.98333333333332
18-39,W,206.98333333333332
18-39,W,207.0
18-39,W,207.0
18-39,W,207.01666666666668
18-39,W,207.03333333333333
18-39,W,207.03333333333333
18-39,W,207.03333333333333
18-39,W,207.03333333333333
18-39,W,207.05
18-39,W,207.05
18-39,W,207.05
18-39,W,207.06666666666663
18-39,W,207.06666666666663
18-39,W,207.08333333333337
18-39,W,207.08333333333337
18-39,W,207.1
18-39,W,207.1
18-39,W,207.1
18-39,W,207.1
18-39,W,207.1
18-39,W,207.11666666666667
18-39,W,207.11666666666667
18-39,W,207.13333333333333
18-39,W,207.13333333333333
18-39,W,207.18333333333337
18-39,W,207.2
18-39,W,207.2
18-39,W,207.2
18-39,W,207.21666666666667
18-39,W,207.23333333333332
18-39,W,207.23333333333332
18-39,W,207.23333333333332
18-39,W,207.23333333333332
18-39,W,207.25
18-39,W,207.25
18-39,W,207.26666666666668
18-39,W,207.26666666666668
18-39,W,207.26666666666668
18-39,W,207.26666666666668
18-39,W,207.26666666666668
18-39,W,207.28333333333333
18-39,W,207.28333333333333
18-39,W,207.28333333333333
18-39,W,207.3
18-39,W,207.3
18-39,W,207.3
18-39,W,207.31666666666663
18-39,W,207.36666666666667
18-39,W,207.38333333333333
18-39,W,207.38333333333333
18-39,W,207.38333333333333
18-39,W,207.38333333333333
18-39,W,207.38333333333333
18-39,W,207.4
18-39,W,207.4
18-39,W,207.41666666666663
18-39,W,207.41666666666663
18-39,W,207.43333333333337
18-39,W,207.43333333333337
18-39,W,207.45
18-39,W,207.46666666666667
18-39,W,207.46666666666667
18-39,W,207.46666666666667
18-39,W,207.48333333333332
18-39,W,207.5
18-39,W,207.51666666666668
18-39,W,207.51666666666668
18-39,W,207.53333333333333
18-39,W,207.53333333333333
18-39,W,207.53333333333333
18-39,W,207.55
18-39,W,207.55
18-39,W,207.55
18-39,W,207.58333333333337
18-39,W,207.6
18-39,W,207.6
18-39,W,207.61666666666667
18-39,W,207.61666666666667
18-39,W,207.65
18-39,W,207.65
18-39,W,207.65
18-39,W,207.66666666666663
18-39,W,207.66666666666663
18-39,W,207.68333333333337
18-39,W,207.7
18-39,W,207.7
18-39,W,207.73333333333332
18-39,W,207.73333333333332
18-39,W,207.73333333333332
18-39,W,207.75
18-39,W,207.75
18-39,W,207.75
18-39,W,207.75
18-39,W,207.76666666666668
18-39,W,207.76666666666668
18-39,W,207.76666666666668
18-39,W,207.78333333333333
18-39,W,207.78333333333333
18-39,W,207.78333333333333
18-39,W,207.78333333333333
18-39,W,207.78333333333333
18-39,W,207.78333333333333
18-39,W,207.8
18-39,W,207.8
18-39,W,207.81666666666663
18-39,W,207.81666666666663
18-39,W,207.81666666666663
18-39,W,207.81666666666663
18-39,W,207.83333333333337
18-39,W,207.83333333333337
18-39,W,207.83333333333337
18-39,W,207.85
18-39,W,207.88333333333333
18-39,W,207.91666666666663
18-39,W,207.91666666666663
18-39,W,207.93333333333337
18-39,W,207.95
18-39,W,207.95
18-39,W,207.95
18-39,W,207.96666666666667
18-39,W,207.98333333333332
18-39,W,207.98333333333332
18-39,W,207.98333333333332
18-39,W,208.01666666666668
18-39,W,208.03333333333333
18-39,W,208.03333333333333
18-39,W,208.03333333333333
18-39,W,208.05
18-39,W,208.06666666666663
18-39,W,208.06666666666663
18-39,W,208.06666666666663
18-39,W,208.1
18-39,W,208.1
18-39,W,208.11666666666667
18-39,W,208.11666666666667
18-39,W,208.13333333333333
18-39,W,208.15
18-39,W,208.16666666666663
18-39,W,208.18333333333337
18-39,W,208.2
18-39,W,208.21666666666667
18-39,W,208.23333333333332
18-39,W,208.23333333333332
18-39,W,208.25
18-39,W,208.25
18-39,W,208.25
18-39,W,208.28333333333333
18-39,W,208.3
18-39,W,208.3
18-39,W,208.3
18-39,W,208.3
18-39,W,208.3
18-39,W,208.3
18-39,W,208.31666666666663
18-39,W,208.31666666666663
18-39,W,208.31666666666663
18-39,W,208.33333333333337
18-39,W,208.33333333333337
18-39,W,208.36666666666667
18-39,W,208.36666666666667
18-39,W,208.38333333333333
18-39,W,208.38333333333333
18-39,W,208.38333333333333
18-39,W,208.38333333333333
18-39,W,208.38333333333333
18-39,W,208.4
18-39,W,208.4
18-39,W,208.4
18-39,W,208.43333333333337
18-39,W,208.43333333333337
18-39,W,208.46666666666667
18-39,W,208.48333333333332
18-39,W,208.5
18-39,W,208.51666666666668
18-39,W,208.51666666666668
18-39,W,208.53333333333333
18-39,W,208.55
18-39,W,208.56666666666663
18-39,W,208.56666666666663
18-39,W,208.56666666666663
18-39,W,208.58333333333337
18-39,W,208.58333333333337
18-39,W,208.58333333333337
18-39,W,208.6
18-39,W,208.6
18-39,W,208.6
18-39,W,208.61666666666667
18-39,W,208.61666666666667
18-39,W,208.61666666666667
18-39,W,208.63333333333333
18-39,W,208.63333333333333
18-39,W,208.65
18-39,W,208.65
18-39,W,208.65
18-39,W,208.66666666666663
18-39,W,208.66666666666663
18-39,W,208.66666666666663
18-39,W,208.66666666666663
18-39,W,208.68333333333337
18-39,W,208.68333333333337
18-39,W,208.7
18-39,W,208.71666666666667
18-39,W,208.73333333333332
18-39,W,208.73333333333332
18-39,W,208.73333333333332
18-39,W,208.75
18-39,W,208.76666666666668
18-39,W,208.76666666666668
18-39,W,208.8
18-39,W,208.8
18-39,W,208.8
18-39,W,208.81666666666663
18-39,W,208.83333333333337
18-39,W,208.83333333333337
18-39,W,208.85
18-39,W,208.86666666666667
18-39,W,208.88333333333333
18-39,W,208.9
18-39,W,208.91666666666663
18-39,W,208.95
18-39,W,208.96666666666667
18-39,W,209.0
18-39,W,209.0
18-39,W,209.01666666666668
18-39,W,209.01666666666668
18-39,W,209.03333333333333
18-39,W,209.06666666666663
18-39,W,209.06666666666663
18-39,W,209.06666666666663
18-39,W,209.06666666666663
18-39,W,209.08333333333337
18-39,W,209.08333333333337
18-39,W,209.1
18-39,W,209.11666666666667
18-39,W,209.13333333333333
18-39,W,209.13333333333333
18-39,W,209.15
18-39,W,209.15
18-39,W,209.15
18-39,W,209.16666666666663
18-39,W,209.16666666666663
18-39,W,209.18333333333337
18-39,W,209.18333333333337
18-39,W,209.21666666666667
18-39,W,209.21666666666667
18-39,W,209.23333333333332
18-39,W,209.25
18-39,W,209.28333333333333
18-39,W,209.28333333333333
18-39,W,209.3
18-39,W,209.31666666666663
18-39,W,209.31666666666663
18-39,W,209.36666666666667
18-39,W,209.36666666666667
18-39,W,209.36666666666667
18-39,W,209.4
18-39,W,209.43333333333337
18-39,W,209.45
18-39,W,209.45
18-39,W,209.48333333333332
18-39,W,209.48333333333332
18-39,W,209.48333333333332
18-39,W,209.5
18-39,W,209.51666666666668
18-39,W,209.51666666666668
18-39,W,209.53333333333333
18-39,W,209.55
18-39,W,209.55
18-39,W,209.56666666666663
18-39,W,209.56666666666663
18-39,W,209.56666666666663
18-39,W,209.58333333333337
18-39,W,209.6
18-39,W,209.6
18-39,W,209.61666666666667
18-39,W,209.61666666666667
18-39,W,209.61666666666667
18-39,W,209.61666666666667
18-39,W,209.63333333333333
18-39,W,209.63333333333333
18-39,W,209.65
18-39,W,209.65
18-39,W,209.65
18-39,W,209.65
18-39,W,209.65
18-39,W,209.71666666666667
18-39,W,209.71666666666667
18-39,W,209.71666666666667
18-39,W,209.71666666666667
18-39,W,209.73333333333332
18-39,W,209.73333333333332
18-39,W,209.78333333333333
18-39,W,209.81666666666663
18-39,W,209.81666666666663
18-39,W,209.81666666666663
18-39,W,209.83333333333337
18-39,W,209.88333333333333
18-39,W,209.88333333333333
18-39,W,209.88333333333333
18-39,W,209.88333333333333
18-39,W,209.88333333333333
18-39,W,209.9
18-39,W,209.9
18-39,W,209.9
18-39,W,209.9
18-39,W,209.91666666666663
18-39,W,209.93333333333337
18-39,W,209.93333333333337
18-39,W,209.93333333333337
18-39,W,209.93333333333337
18-39,W,209.96666666666667
18-39,W,209.98333333333332
18-39,W,210.0
18-39,W,210.01666666666668
18-39,W,210.01666666666668
18-39,W,210.03333333333333
18-39,W,210.03333333333333
18-39,W,210.05
18-39,W,210.05
18-39,W,210.06666666666663
18-39,W,210.1
18-39,W,210.11666666666667
18-39,W,210.13333333333333
18-39,W,210.13333333333333
18-39,W,210.15
18-39,W,210.16666666666663
18-39,W,210.18333333333337
18-39,W,210.2
18-39,W,210.2
18-39,W,210.21666666666667
18-39,W,210.23333333333332
18-39,W,210.23333333333332
18-39,W,210.25
18-39,W,210.25
18-39,W,210.25
18-39,W,210.26666666666668
18-39,W,210.28333333333333
18-39,W,210.28333333333333
18-39,W,210.31666666666663
18-39,W,210.35
18-39,W,210.38333333333333
18-39,W,210.38333333333333
18-39,W,210.43333333333337
18-39,W,210.45
18-39,W,210.45
18-39,W,210.45
18-39,W,210.45
18-39,W,210.48333333333332
18-39,W,210.5
18-39,W,210.5
18-39,W,210.51666666666668
18-39,W,210.53333333333333
18-39,W,210.55
18-39,W,210.56666666666663
18-39,W,210.63333333333333
18-39,W,210.63333333333333
18-39,W,210.68333333333337
18-39,W,210.71666666666667
18-39,W,210.71666666666667
18-39,W,210.73333333333332
18-39,W,210.73333333333332
18-39,W,210.75
18-39,W,210.75
18-39,W,210.76666666666668
18-39,W,210.78333333333333
18-39,W,210.8
18-39,W,210.8
18-39,W,210.81666666666663
18-39,W,210.81666666666663
18-39,W,210.83333333333337
18-39,W,210.85
18-39,W,210.86666666666667
18-39,W,210.86666666666667
18-39,W,210.86666666666667
18-39,W,210.9
18-39,W,210.91666666666663
18-39,W,210.91666666666663
18-39,W,210.93333333333337
18-39,W,210.93333333333337
18-39,W,210.93333333333337
18-39,W,210.95
18-39,W,210.95
18-39,W,210.95
18-39,W,210.96666666666667
18-39,W,210.96666666666667
18-39,W,210.98333333333332
18-39,W,210.98333333333332
18-39,W,210.98333333333332
18-39,W,211.0
18-39,W,211.01666666666668
18-39,W,211.03333333333333
18-39,W,211.03333333333333
18-39,W,211.05
18-39,W,211.05
18-39,W,211.06666666666663
18-39,W,211.08333333333337
18-39,W,211.1
18-39,W,211.11666666666667
18-39,W,211.11666666666667
18-39,W,211.11666666666667
18-39,W,211.11666666666667
18-39,W,211.13333333333333
18-39,W,211.16666666666663
18-39,W,211.26666666666668
18-39,W,211.28333333333333
18-39,W,211.28333333333333
18-39,W,211.3
18-39,W,211.35
18-39,W,211.36666666666667
18-39,W,211.36666666666667
18-39,W,211.36666666666667
18-39,W,211.4
18-39,W,211.4
18-39,W,211.45
18-39,W,211.45
18-39,W,211.5
18-39,W,211.5
18-39,W,211.5
18-39,W,211.51666666666668
18-39,W,211.55
18-39,W,211.55
18-39,W,211.56666666666663
18-39,W,211.56666666666663
18-39,W,211.58333333333337
18-39,W,211.58333333333337
18-39,W,211.58333333333337
18-39,W,211.6
18-39,W,211.61666666666667
18-39,W,211.61666666666667
18-39,W,211.63333333333333
18-39,W,211.63333333333333
18-39,W,211.65
18-39,W,211.65
18-39,W,211.7
18-39,W,211.7
18-39,W,211.71666666666667
18-39,W,211.71666666666667
18-39,W,211.71666666666667
18-39,W,211.75
18-39,W,211.75
18-39,W,211.78333333333333
18-39,W,211.8
18-39,W,211.81666666666663
18-39,W,211.81666666666663
18-39,W,211.85
18-39,W,211.88333333333333
18-39,W,211.88333333333333
18-39,W,211.88333333333333
18-39,W,211.88333333333333
18-39,W,211.9
18-39,W,211.93333333333337
18-39,W,211.95
18-39,W,211.96666666666667
18-39,W,212.01666666666668
18-39,W,212.01666666666668
18-39,W,212.05
18-39,W,212.05
18-39,W,212.06666666666663
18-39,W,212.1
18-39,W,212.11666666666667
18-39,W,212.11666666666667
18-39,W,212.15
18-39,W,212.16666666666663
18-39,W,212.16666666666663
18-39,W,212.16666666666663
18-39,W,212.18333333333337
18-39,W,212.18333333333337
18-39,W,212.2
18-39,W,212.21666666666667
18-39,W,212.23333333333332
18-39,W,212.23333333333332
18-39,W,212.23333333333332
18-39,W,212.25
18-39,W,212.26666666666668
18-39,W,212.28333333333333
18-39,W,212.3
18-39,W,212.33333333333337
18-39,W,212.38333333333333
18-39,W,212.38333333333333
18-39,W,212.38333333333333
18-39,W,212.4
18-39,W,212.4
18-39,W,212.41666666666663
18-39,W,212.43333333333337
18-39,W,212.43333333333337
18-39,W,212.45
18-39,W,212.45
18-39,W,212.5
18-39,W,212.5
18-39,W,212.5
18-39,W,212.51666666666668
18-39,W,212.53333333333333
18-39,W,212.6
18-39,W,212.6
18-39,W,212.61666666666667
18-39,W,212.63333333333333
18-39,W,212.63333333333333
18-39,W,212.65
18-39,W,212.7
18-39,W,212.7
18-39,W,212.75
18-39,W,212.75
18-39,W,212.76666666666668
18-39,W,212.8
18-39,W,212.8
18-39,W,212.8
18-39,W,212.81666666666663
18-39,W,212.81666666666663
18-39,W,212.85
18-39,W,212.85
18-39,W,212.88333333333333
18-39,W,212.9
18-39,W,212.91666666666663
18-39,W,212.91666666666663
18-39,W,212.93333333333337
18-39,W,212.95
18-39,W,212.95
18-39,W,213.0
18-39,W,213.0
18-39,W,213.0
18-39,W,213.0
18-39,W,213.03333333333333
18-39,W,213.05
18-39,W,213.06666666666663
18-39,W,213.06666666666663
18-39,W,213.1
18-39,W,213.1
18-39,W,213.11666666666667
18-39,W,213.11666666666667
18-39,W,213.13333333333333
18-39,W,213.15
18-39,W,213.15
18-39,W,213.15
18-39,W,213.15
18-39,W,213.16666666666663
18-39,W,213.16666666666663
18-39,W,213.21666666666667
18-39,W,213.21666666666667
18-39,W,213.23333333333332
18-39,W,213.26666666666668
18-39,W,213.26666666666668
18-39,W,213.26666666666668
18-39,W,213.26666666666668
18-39,W,213.3
18-39,W,213.3
18-39,W,213.3
18-39,W,213.31666666666663
18-39,W,213.38333333333333
18-39,W,213.38333333333333
18-39,W,213.38333333333333
18-39,W,213.4
18-39,W,213.41666666666663
18-39,W,213.41666666666663
18-39,W,213.41666666666663
18-39,W,213.48333333333332
18-39,W,213.55
18-39,W,213.55
18-39,W,213.56666666666663
18-39,W,213.56666666666663
18-39,W,213.56666666666663
18-39,W,213.58333333333337
18-39,W,213.63333333333333
18-39,W,213.7
18-39,W,213.7
18-39,W,213.71666666666667
18-39,W,213.73333333333332
18-39,W,213.73333333333332
18-39,W,213.75
18-39,W,213.76666666666668
18-39,W,213.76666666666668
18-39,W,213.78333333333333
18-39,W,213.78333333333333
18-39,W,213.8
18-39,W,213.8
18-39,W,213.81666666666663
18-39,W,213.83333333333337
18-39,W,213.85
18-39,W,213.86666666666667
18-39,W,213.86666666666667
18-39,W,213.91666666666663
18-39,W,213.95
18-39,W,213.96666666666667
18-39,W,213.98333333333332
18-39,W,213.98333333333332
18-39,W,213.98333333333332
18-39,W,214.0
18-39,W,214.0
18-39,W,214.03333333333333
18-39,W,214.05
18-39,W,214.05
18-39,W,214.05
18-39,W,214.05
18-39,W,214.06666666666663
18-39,W,214.11666666666667
18-39,W,214.11666666666667
18-39,W,214.11666666666667
18-39,W,214.13333333333333
18-39,W,214.15
18-39,W,214.15
18-39,W,214.16666666666663
18-39,W,214.16666666666663
18-39,W,214.16666666666663
18-39,W,214.2
18-39,W,214.23333333333332
18-39,W,214.23333333333332
18-39,W,214.25
18-39,W,214.28333333333333
18-39,W,214.3
18-39,W,214.4
18-39,W,214.4
18-39,W,214.41666666666663
18-39,W,214.41666666666663
18-39,W,214.41666666666663
18-39,W,214.41666666666663
18-39,W,214.45
18-39,W,214.46666666666667
18-39,W,214.46666666666667
18-39,W,214.48333333333332
18-39,W,214.48333333333332
18-39,W,214.51666666666668
18-39,W,214.51666666666668
18-39,W,214.51666666666668
18-39,W,214.61666666666667
18-39,W,214.63333333333333
18-39,W,214.65
18-39,W,214.65
18-39,W,214.7
18-39,W,214.71666666666667
18-39,W,214.71666666666667
18-39,W,214.73333333333332
18-39,W,214.76666666666668
18-39,W,214.76666666666668
18-39,W,214.76666666666668
18-39,W,214.78333333333333
18-39,W,214.78333333333333
18-39,W,214.78333333333333
18-39,W,214.8
18-39,W,214.83333333333337
18-39,W,214.83333333333337
18-39,W,214.83333333333337
18-39,W,214.85
18-39,W,214.85
18-39,W,214.86666666666667
18-39,W,214.86666666666667
18-39,W,214.86666666666667
18-39,W,214.86666666666667
18-39,W,214.9
18-39,W,214.91666666666663
18-39,W,214.98333333333332
18-39,W,215.01666666666668
18-39,W,215.03333333333333
18-39,W,215.03333333333333
18-39,W,215.03333333333333
18-39,W,215.03333333333333
18-39,W,215.03333333333333
18-39,W,215.05
18-39,W,215.06666666666663
18-39,W,215.06666666666663
18-39,W,215.08333333333337
18-39,W,215.1
18-39,W,215.13333333333333
18-39,W,215.16666666666663
18-39,W,215.16666666666663
18-39,W,215.18333333333337
18-39,W,215.2
18-39,W,215.2
18-39,W,215.23333333333332
18-39,W,215.26666666666668
18-39,W,215.26666666666668
18-39,W,215.26666666666668
18-39,W,215.28333333333333
18-39,W,215.3
18-39,W,215.31666666666663
18-39,W,215.33333333333337
18-39,W,215.35
18-39,W,215.36666666666667
18-39,W,215.4
18-39,W,215.4
18-39,W,215.4
18-39,W,215.41666666666663
18-39,W,215.43333333333337
18-39,W,215.45
18-39,W,215.46666666666667
18-39,W,215.48333333333332
18-39,W,215.48333333333332
18-39,W,215.53333333333333
18-39,W,215.53333333333333
18-39,W,215.53333333333333
18-39,W,215.55
18-39,W,215.55
18-39,W,215.55
18-39,W,215.55
18-39,W,215.56666666666663
18-39,W,215.6
18-39,W,215.65
18-39,W,215.68333333333337
18-39,W,215.7
18-39,W,215.71666666666667
18-39,W,215.73333333333332
18-39,W,215.73333333333332
18-39,W,215.73333333333332
18-39,W,215.73333333333332
18-39,W,215.78333333333333
18-39,W,215.83333333333337
18-39,W,215.85
18-39,W,215.85
18-39,W,215.86666666666667
18-39,W,215.91666666666663
18-39,W,215.91666666666663
18-39,W,215.95
18-39,W,215.98333333333332
18-39,W,216.0
18-39,W,216.0
18-39,W,216.0
18-39,W,216.01666666666668
18-39,W,216.01666666666668
18-39,W,216.01666666666668
18-39,W,216.03333333333333
18-39,W,216.05
18-39,W,216.05
18-39,W,216.08333333333337
18-39,W,216.08333333333337
18-39,W,216.08333333333337
18-39,W,216.08333333333337
18-39,W,216.1
18-39,W,216.1
18-39,W,216.1
18-39,W,216.13333333333333
18-39,W,216.13333333333333
18-39,W,216.13333333333333
18-39,W,216.13333333333333
18-39,W,216.16666666666663
18-39,W,216.2
18-39,W,216.2
18-39,W,216.2
18-39,W,216.21666666666667
18-39,W,216.23333333333332
18-39,W,216.23333333333332
18-39,W,216.25
18-39,W,216.25
18-39,W,216.26666666666668
18-39,W,216.26666666666668
18-39,W,216.3
18-39,W,216.3
18-39,W,216.31666666666663
18-39,W,216.31666666666663
18-39,W,216.33333333333337
18-39,W,216.35
18-39,W,216.35
18-39,W,216.38333333333333
18-39,W,216.38333333333333
18-39,W,216.41666666666663
18-39,W,216.43333333333337
18-39,W,216.43333333333337
18-39,W,216.45
18-39,W,216.45
18-39,W,216.46666666666667
18-39,W,216.48333333333332
18-39,W,216.5
18-39,W,216.5
18-39,W,216.5
18-39,W,216.51666666666668
18-39,W,216.55
18-39,W,216.56666666666663
18-39,W,216.6
18-39,W,216.61666666666667
18-39,W,216.61666666666667
18-39,W,216.73333333333332
18-39,W,216.73333333333332
18-39,W,216.75
18-39,W,216.75
18-39,W,216.76666666666668
18-39,W,216.78333333333333
18-39,W,216.8
18-39,W,216.81666666666663
18-39,W,216.83333333333337
18-39,W,216.88333333333333
18-39,W,216.9
18-39,W,216.95
18-39,W,216.95
18-39,W,216.95
18-39,W,216.95
18-39,W,216.96666666666667
18-39,W,217.0
18-39,W,217.0
18-39,W,217.0
18-39,W,217.0
18-39,W,217.03333333333333
18-39,W,217.11666666666667
18-39,W,217.13333333333333
18-39,W,217.15
18-39,W,217.16666666666663
18-39,W,217.2
18-39,W,217.23333333333332
18-39,W,217.25
18-39,W,217.26666666666668
18-39,W,217.26666666666668
18-39,W,217.28333333333333
18-39,W,217.3
18-39,W,217.36666666666667
18-39,W,217.36666666666667
18-39,W,217.38333333333333
18-39,W,217.41666666666663
18-39,W,217.43333333333337
18-39,W,217.43333333333337
18-39,W,217.43333333333337
18-39,W,217.53333333333333
18-39,W,217.53333333333333
18-39,W,217.56666666666663
18-39,W,217.56666666666663
18-39,W,217.58333333333337
18-39,W,217.58333333333337
18-39,W,217.61666666666667
18-39,W,217.61666666666667
18-39,W,217.65
18-39,W,217.66666666666663
18-39,W,217.68333333333337
18-39,W,217.73333333333332
18-39,W,217.78333333333333
18-39,W,217.78333333333333
18-39,W,217.78333333333333
18-39,W,217.86666666666667
18-39,W,217.96666666666667
18-39,W,217.98333333333332
18-39,W,218.0
18-39,W,218.03333333333333
18-39,W,218.03333333333333
18-39,W,218.05
18-39,W,218.06666666666663
18-39,W,218.06666666666663
18-39,W,218.08333333333337
18-39,W,218.13333333333333
18-39,W,218.13333333333333
18-39,W,218.16666666666663
18-39,W,218.18333333333337
18-39,W,218.23333333333332
18-39,W,218.25
18-39,W,218.28333333333333
18-39,W,218.28333333333333
18-39,W,218.35
18-39,W,218.36666666666667
18-39,W,218.36666666666667
18-39,W,218.36666666666667
18-39,W,218.36666666666667
18-39,W,218.41666666666663
18-39,W,218.43333333333337
18-39,W,218.45
18-39,W,218.46666666666667
18-39,W,218.46666666666667
18-39,W,218.55
18-39,W,218.55
18-39,W,218.56666666666663
18-39,W,218.56666666666663
18-39,W,218.58333333333337
18-39,W,218.6
18-39,W,218.6
18-39,W,218.66666666666663
18-39,W,218.66666666666663
18-39,W,218.68333333333337
18-39,W,218.7
18-39,W,218.71666666666667
18-39,W,218.75
18-39,W,218.81666666666663
18-39,W,218.81666666666663
18-39,W,218.88333333333333
18-39,W,218.88333333333333
18-39,W,218.9
18-39,W,218.9
18-39,W,218.95
18-39,W,219.0
18-39,W,219.0
18-39,W,219.01666666666668
18-39,W,219.01666666666668
18-39,W,219.08333333333337
18-39,W,219.15
18-39,W,219.15
18-39,W,219.16666666666663
18-39,W,219.16666666666663
18-39,W,219.16666666666663
18-39,W,219.2
18-39,W,219.2
18-39,W,219.2
18-39,W,219.25
18-39,W,219.26666666666668
18-39,W,219.3
18-39,W,219.35
18-39,W,219.35
18-39,W,219.35
18-39,W,219.35
18-39,W,219.35
18-39,W,219.36666666666667
18-39,W,219.36666666666667
18-39,W,219.38333333333333
18-39,W,219.4
18-39,W,219.41666666666663
18-39,W,219.41666666666663
18-39,W,219.43333333333337
18-39,W,219.45
18-39,W,219.48333333333332
18-39,W,219.48333333333332
18-39,W,219.53333333333333
18-39,W,219.6
18-39,W,219.65
18-39,W,219.66666666666663
18-39,W,219.7
18-39,W,219.73333333333332
18-39,W,219.75
18-39,W,219.76666666666668
18-39,W,219.78333333333333
18-39,W,219.8
18-39,W,219.81666666666663
18-39,W,219.83333333333337
18-39,W,219.86666666666667
18-39,W,219.86666666666667
18-39,W,219.88333333333333
18-39,W,219.88333333333333
18-39,W,219.88333333333333
18-39,W,219.88333333333333
18-39,W,219.9
18-39,W,219.95
18-39,W,219.96666666666667
18-39,W,219.96666666666667
18-39,W,220.0
18-39,W,220.0
18-39,W,220.0
18-39,W,220.05
18-39,W,220.05
18-39,W,220.08333333333337
18-39,W,220.08333333333337
18-39,W,220.11666666666667
18-39,W,220.18333333333337
18-39,W,220.28333333333333
18-39,W,220.31666666666663
18-39,W,220.33333333333337
18-39,W,220.35
18-39,W,220.36666666666667
18-39,W,220.43333333333337
18-39,W,220.45
18-39,W,220.46666666666667
18-39,W,220.46666666666667
18-39,W,220.48333333333332
18-39,W,220.51666666666668
18-39,W,220.51666666666668
18-39,W,220.53333333333333
18-39,W,220.55
18-39,W,220.56666666666663
18-39,W,220.56666666666663
18-39,W,220.58333333333337
18-39,W,220.63333333333333
18-39,W,220.65
18-39,W,220.66666666666663
18-39,W,220.68333333333337
18-39,W,220.7
18-39,W,220.71666666666667
18-39,W,220.8
18-39,W,220.9
18-39,W,220.9
18-39,W,220.95
18-39,W,221.01666666666668
18-39,W,221.01666666666668
18-39,W,221.05
18-39,W,221.1
18-39,W,221.11666666666667
18-39,W,221.11666666666667
18-39,W,221.13333333333333
18-39,W,221.15
18-39,W,221.15
18-39,W,221.21666666666667
18-39,W,221.23333333333332
18-39,W,221.3
18-39,W,221.33333333333337
18-39,W,221.35
18-39,W,221.38333333333333
18-39,W,221.43333333333337
18-39,W,221.43333333333337
18-39,W,221.43333333333337
18-39,W,221.45
18-39,W,221.45
18-39,W,221.46666666666667
18-39,W,221.55
18-39,W,221.55
18-39,W,221.56666666666663
18-39,W,221.56666666666663
18-39,W,221.58333333333337
18-39,W,221.58333333333337
18-39,W,221.6
18-39,W,221.6
18-39,W,221.61666666666667
18-39,W,221.76666666666668
18-39,W,221.78333333333333
18-39,W,221.78333333333333
18-39,W,221.8
18-39,W,221.83333333333337
18-39,W,221.85
18-39,W,221.88333333333333
18-39,W,221.9
18-39,W,221.9
18-39,W,221.9
18-39,W,221.91666666666663
18-39,W,221.91666666666663
18-39,W,221.95
18-39,W,221.95
18-39,W,222.03333333333333
18-39,W,222.05
18-39,W,222.06666666666663
18-39,W,222.2
18-39,W,222.21666666666667
18-39,W,222.21666666666667
18-39,W,222.23333333333332
18-39,W,222.28333333333333
18-39,W,222.28333333333333
18-39,W,222.31666666666663
18-39,W,222.33333333333337
18-39,W,222.4
18-39,W,222.43333333333337
18-39,W,222.43333333333337
18-39,W,222.45
18-39,W,222.5
18-39,W,222.51666666666668
18-39,W,222.58333333333337
18-39,W,222.58333333333337
18-39,W,222.61666666666667
18-39,W,222.65
18-39,W,222.66666666666663
18-39,W,222.68333333333337
18-39,W,222.7
18-39,W,222.78333333333333
18-39,W,222.85
18-39,W,222.96666666666667
18-39,W,222.96666666666667
18-39,W,223.0
18-39,W,223.06666666666663
18-39,W,223.1
18-39,W,223.11666666666667
18-39,W,223.11666666666667
18-39,W,223.13333333333333
18-39,W,223.13333333333333
18-39,W,223.13333333333333
18-39,W,223.13333333333333
18-39,W,223.13333333333333
18-39,W,223.16666666666663
18-39,W,223.16666666666663
18-39,W,223.23333333333332
18-39,W,223.23333333333332
18-39,W,223.23333333333332
18-39,W,223.26666666666668
18-39,W,223.3
18-39,W,223.33333333333337
18-39,W,223.33333333333337
18-39,W,223.36666666666667
18-39,W,223.38333333333333
18-39,W,223.41666666666663
18-39,W,223.43333333333337
18-39,W,223.43333333333337
18-39,W,223.51666666666668
18-39,W,223.55
18-39,W,223.55
18-39,W,223.55
18-39,W,223.56666666666663
18-39,W,223.63333333333333
18-39,W,223.66666666666663
18-39,W,223.71666666666667
18-39,W,223.76666666666668
18-39,W,223.78333333333333
18-39,W,223.78333333333333
18-39,W,223.8
18-39,W,223.83333333333337
18-39,W,223.85
18-39,W,223.85
18-39,W,223.85
18-39,W,223.86666666666667
18-39,W,223.93333333333337
18-39,W,224.05
18-39,W,224.06666666666663
18-39,W,224.1
18-39,W,224.11666666666667
18-39,W,224.16666666666663
18-39,W,224.16666666666663
18-39,W,224.16666666666663
18-39,W,224.25
18-39,W,224.28333333333333
18-39,W,224.3
18-39,W,224.31666666666663
18-39,W,224.31666666666663
18-39,W,224.35
18-39,W,224.36666666666667
18-39,W,224.4
18-39,W,224.4
18-39,W,224.4
18-39,W,224.41666666666663
18-39,W,224.48333333333332
18-39,W,224.5
18-39,W,224.5
18-39,W,224.5
18-39,W,224.53333333333333
18-39,W,224.58333333333337
18-39,W,224.58333333333337
18-39,W,224.63333333333333
18-39,W,224.66666666666663
18-39,W,224.68333333333337
18-39,W,224.71666666666667
18-39,W,224.73333333333332
18-39,W,224.73333333333332
18-39,W,224.73333333333332
18-39,W,224.8
18-39,W,224.86666666666667
18-39,W,224.86666666666667
18-39,W,224.9
18-39,W,224.9
18-39,W,224.93333333333337
18-39,W,224.95
18-39,W,224.98333333333332
18-39,W,225.0
18-39,W,225.0
18-39,W,225.01666666666668
18-39,W,225.03333333333333
18-39,W,225.1
18-39,W,225.11666666666667
18-39,W,225.25
18-39,W,225.28333333333333
18-39,W,225.33333333333337
18-39,W,225.33333333333337
18-39,W,225.33333333333337
18-39,W,225.35
18-39,W,225.4
18-39,W,225.43333333333337
18-39,W,225.5
18-39,W,225.58333333333337
18-39,W,225.63333333333333
18-39,W,225.66666666666663
18-39,W,225.71666666666667
18-39,W,225.73333333333332
18-39,W,225.76666666666668
18-39,W,225.76666666666668
18-39,W,225.81666666666663
18-39,W,225.83333333333337
18-39,W,225.85
18-39,W,225.88333333333333
18-39,W,225.88333333333333
18-39,W,225.93333333333337
18-39,W,225.96666666666667
18-39,W,226.0
18-39,W,226.03333333333333
18-39,W,226.05
18-39,W,226.05
18-39,W,226.05
18-39,W,226.06666666666663
18-39,W,226.06666666666663
18-39,W,226.06666666666663
18-39,W,226.08333333333337
18-39,W,226.1
18-39,W,226.13333333333333
18-39,W,226.15
18-39,W,226.18333333333337
18-39,W,226.2
18-39,W,226.2
18-39,W,226.25
18-39,W,226.26666666666668
18-39,W,226.26666666666668
18-39,W,226.35
18-39,W,226.35
18-39,W,226.35
18-39,W,226.38333333333333
18-39,W,226.41666666666663
18-39,W,226.46666666666667
18-39,W,226.58333333333337
18-39,W,226.61666666666667
18-39,W,226.65
18-39,W,226.66666666666663
18-39,W,226.66666666666663
18-39,W,226.68333333333337
18-39,W,226.76666666666668
18-39,W,226.76666666666668
18-39,W,226.78333333333333
18-39,W,226.78333333333333
18-39,W,226.78333333333333
18-39,W,226.81666666666663
18-39,W,226.81666666666663
18-39,W,226.81666666666663
18-39,W,226.83333333333337
18-39,W,226.85
18-39,W,226.9
18-39,W,226.96666666666667
18-39,W,226.96666666666667
18-39,W,226.98333333333332
18-39,W,226.98333333333332
18-39,W,227.0
18-39,W,227.01666666666668
18-39,W,227.01666666666668
18-39,W,227.06666666666663
18-39,W,227.06666666666663
18-39,W,227.08333333333337
18-39,W,227.1
18-39,W,227.11666666666667
18-39,W,227.18333333333337
18-39,W,227.26666666666668
18-39,W,227.26666666666668
18-39,W,227.38333333333333
18-39,W,227.4
18-39,W,227.45
18-39,W,227.46666666666667
18-39,W,227.5
18-39,W,227.51666666666668
18-39,W,227.51666666666668
18-39,W,227.51666666666668
18-39,W,227.55
18-39,W,227.68333333333337
18-39,W,227.71666666666667
18-39,W,227.75
18-39,W,227.78333333333333
18-39,W,227.78333333333333
18-39,W,227.83333333333337
18-39,W,227.98333333333332
18-39,W,228.0
18-39,W,228.03333333333333
18-39,W,228.1
18-39,W,228.11666666666667
18-39,W,228.13333333333333
18-39,W,228.13333333333333
18-39,W,228.13333333333333
18-39,W,228.2
18-39,W,228.23333333333332
18-39,W,228.25
18-39,W,228.35
18-39,W,228.41666666666663
18-39,W,228.5
18-39,W,228.55
18-39,W,228.55
18-39,W,228.58333333333337
18-39,W,228.63333333333333
18-39,W,228.63333333333333
18-39,W,228.73333333333332
18-39,W,228.78333333333333
18-39,W,228.83333333333337
18-39,W,228.83333333333337
18-39,W,228.9
18-39,W,228.95
18-39,W,228.96666666666667
18-39,W,228.98333333333332
18-39,W,229.0
18-39,W,229.0
18-39,W,229.06666666666663
18-39,W,229.06666666666663
18-39,W,229.08333333333337
18-39,W,229.18333333333337
18-39,W,229.21666666666667
18-39,W,229.23333333333332
18-39,W,229.26666666666668
18-39,W,229.28333333333333
18-39,W,229.28333333333333
18-39,W,229.31666666666663
18-39,W,229.36666666666667
18-39,W,229.45
18-39,W,229.46666666666667
18-39,W,229.51666666666668
18-39,W,229.53333333333333
18-39,W,229.55
18-39,W,229.58333333333337
18-39,W,229.61666666666667
18-39,W,229.78333333333333
18-39,W,229.8
18-39,W,229.81666666666663
18-39,W,229.83333333333337
18-39,W,229.85
18-39,W,229.91666666666663
18-39,W,229.95
18-39,W,230.03333333333333
18-39,W,230.03333333333333
18-39,W,230.06666666666663
18-39,W,230.06666666666663
18-39,W,230.13333333333333
18-39,W,230.23333333333332
18-39,W,230.28333333333333
18-39,W,230.28333333333333
18-39,W,230.3
18-39,W,230.3
18-39,W,230.33333333333337
18-39,W,230.5
18-39,W,230.51666666666668
18-39,W,230.51666666666668
18-39,W,230.53333333333333
18-39,W,230.53333333333333
18-39,W,230.6
18-39,W,230.61666666666667
18-39,W,230.63333333333333
18-39,W,230.65
18-39,W,230.68333333333337
18-39,W,230.7
18-39,W,230.71666666666667
18-39,W,230.91666666666663
18-39,W,230.98333333333332
18-39,W,231.03333333333333
18-39,W,231.05
18-39,W,231.06666666666663
18-39,W,231.1
18-39,W,231.11666666666667
18-39,W,231.16666666666663
18-39,W,231.21666666666667
18-39,W,231.21666666666667
18-39,W,231.25
18-39,W,231.28333333333333
18-39,W,231.3
18-39,W,231.35
18-39,W,231.36666666666667
18-39,W,231.38333333333333
18-39,W,231.5
18-39,W,231.7
18-39,W,231.75
18-39,W,231.75
18-39,W,231.75
18-39,W,231.76666666666668
18-39,W,231.81666666666663
18-39,W,231.95
18-39,W,232.05
18-39,W,232.13333333333333
18-39,W,232.16666666666663
18-39,W,232.21666666666667
18-39,W,232.21666666666667
18-39,W,232.25
18-39,W,232.26666666666668
18-39,W,232.26666666666668
18-39,W,232.36666666666667
18-39,W,232.41666666666663
18-39,W,232.43333333333337
18-39,W,232.43333333333337
18-39,W,232.43333333333337
18-39,W,232.46666666666667
18-39,W,232.48333333333332
18-39,W,232.53333333333333
18-39,W,232.55
18-39,W,232.56666666666663
18-39,W,232.68333333333337
18-39,W,232.75
18-39,W,232.81666666666663
18-39,W,232.85
18-39,W,232.88333333333333
18-39,W,232.88333333333333
18-39,W,232.91666666666663
18-39,W,232.93333333333337
18-39,W,232.95
18-39,W,233.05
18-39,W,233.05
18-39,W,233.08333333333337
18-39,W,233.13333333333333
18-39,W,233.15
18-39,W,233.16666666666663
18-39,W,233.2
18-39,W,233.2
18-39,W,233.33333333333337
18-39,W,233.38333333333333
18-39,W,233.48333333333332
18-39,W,233.53333333333333
18-39,W,233.58333333333337
18-39,W,233.61666666666667
18-39,W,233.81666666666663
18-39,W,233.95
18-39,W,233.96666666666667
18-39,W,234.01666666666668
18-39,W,234.03333333333333
18-39,W,234.06666666666663
18-39,W,234.08333333333337
18-39,W,234.18333333333337
18-39,W,234.18333333333337
18-39,W,234.21666666666667
18-39,W,234.33333333333337
18-39,W,234.35
18-39,W,234.43333333333337
18-39,W,234.43333333333337
18-39,W,234.45
18-39,W,234.45
18-39,W,234.46666666666667
18-39,W,234.56666666666663
18-39,W,234.6
18-39,W,234.61666666666667
18-39,W,234.66666666666663
18-39,W,234.66666666666663
18-39,W,234.76666666666668
18-39,W,234.76666666666668
18-39,W,234.78333333333333
18-39,W,234.8
18-39,W,234.8
18-39,W,234.86666666666667
18-39,W,234.9
18-39,W,234.95
18-39,W,234.98333333333332
18-39,W,235.03333333333333
18-39,W,235.05
18-39,W,235.1
18-39,W,235.1
18-39,W,235.25
18-39,W,235.26666666666668
18-39,W,235.33333333333337
18-39,W,235.33333333333337
18-39,W,235.36666666666667
18-39,W,235.5
18-39,W,235.51666666666668
18-39,W,235.56666666666663
18-39,W,235.63333333333333
18-39,W,235.7
18-39,W,235.73333333333332
18-39,W,235.81666666666663
18-39,W,235.83333333333337
18-39,W,235.86666666666667
18-39,W,235.95
18-39,W,236.06666666666663
18-39,W,236.11666666666667
18-39,W,236.13333333333333
18-39,W,236.23333333333332
18-39,W,236.23333333333332
18-39,W,236.23333333333332
18-39,W,236.26666666666668
18-39,W,236.26666666666668
18-39,W,236.3
18-39,W,236.35
18-39,W,236.35
18-39,W,236.4
18-39,W,236.41666666666663
18-39,W,236.43333333333337
18-39,W,236.5
18-39,W,236.53333333333333
18-39,W,236.55
18-39,W,236.56666666666663
18-39,W,236.63333333333333
18-39,W,236.65
18-39,W,236.68333333333337
18-39,W,236.71666666666667
18-39,W,236.83333333333337
18-39,W,236.88333333333333
18-39,W,236.93333333333337
18-39,W,236.93333333333337
18-39,W,236.93333333333337
18-39,W,236.93333333333337
18-39,W,237.0
18-39,W,237.01666666666668
18-39,W,237.01666666666668
18-39,W,237.06666666666663
18-39,W,237.11666666666667
18-39,W,237.21666666666667
18-39,W,237.41666666666663
18-39,W,237.5
18-39,W,237.63333333333333
18-39,W,237.66666666666663
18-39,W,237.75
18-39,W,237.81666666666663
18-39,W,237.85
18-39,W,237.88333333333333
18-39,W,237.93333333333337
18-39,W,238.0
18-39,W,238.01666666666668
18-39,W,238.03333333333333
18-39,W,238.08333333333337
18-39,W,238.1
18-39,W,238.1
18-39,W,238.15
18-39,W,238.21666666666667
18-39,W,238.23333333333332
18-39,W,238.23333333333332
18-39,W,238.25
18-39,W,238.31666666666663
18-39,W,238.33333333333337
18-39,W,238.35
18-39,W,238.4
18-39,W,238.4
18-39,W,238.41666666666663
18-39,W,238.43333333333337
18-39,W,238.43333333333337
18-39,W,238.45
18-39,W,238.46666666666667
18-39,W,238.61666666666667
18-39,W,238.7
18-39,W,238.7
18-39,W,238.76666666666668
18-39,W,238.78333333333333
18-39,W,238.8
18-39,W,238.83333333333337
18-39,W,238.85
18-39,W,238.98333333333332
18-39,W,239.03333333333333
18-39,W,239.05
18-39,W,239.05
18-39,W,239.06666666666663
18-39,W,239.1
18-39,W,239.15
18-39,W,239.2
18-39,W,239.23333333333332
18-39,W,239.3
18-39,W,239.33333333333337
18-39,W,239.35
18-39,W,239.35
18-39,W,239.4
18-39,W,239.43333333333337
18-39,W,239.56666666666663
18-39,W,239.58333333333337
18-39,W,239.66666666666663
18-39,W,239.66666666666663
18-39,W,239.71666666666667
18-39,W,239.8
18-39,W,239.83333333333337
18-39,W,239.83333333333337
18-39,W,239.86666666666667
18-39,W,239.9
18-39,W,239.95
18-39,W,239.98333333333332
18-39,W,240.0
18-39,W,240.0
18-39,W,240.03333333333333
18-39,W,240.2
18-39,W,240.2
18-39,W,240.25
18-39,W,240.41666666666663
18-39,W,240.43333333333337
18-39,W,240.46666666666667
18-39,W,240.55
18-39,W,240.55
18-39,W,240.66666666666663
18-39,W,240.76666666666668
18-39,W,240.81666666666663
18-39,W,240.81666666666663
18-39,W,240.91666666666663
18-39,W,240.93333333333337
18-39,W,241.05
18-39,W,241.11666666666667
18-39,W,241.13333333333333
18-39,W,241.13333333333333
18-39,W,241.25
18-39,W,241.3
18-39,W,241.4
18-39,W,241.43333333333337
18-39,W,241.5
18-39,W,241.5
18-39,W,241.51666666666668
18-39,W,241.7
18-39,W,241.71666666666667
18-39,W,241.75
18-39,W,241.76666666666668
18-39,W,241.78333333333333
18-39,W,241.85
18-39,W,241.91666666666663
18-39,W,241.96666666666667
18-39,W,242.01666666666668
18-39,W,242.06666666666663
18-39,W,242.1
18-39,W,242.1
18-39,W,242.28333333333333
18-39,W,242.28333333333333
18-39,W,242.28333333333333
18-39,W,242.4
18-39,W,242.4
18-39,W,242.41666666666663
18-39,W,242.43333333333337
18-39,W,242.45
18-39,W,242.46666666666667
18-39,W,242.48333333333332
18-39,W,242.5
18-39,W,242.61666666666667
18-39,W,242.65
18-39,W,242.66666666666663
18-39,W,242.88333333333333
18-39,W,243.05
18-39,W,243.06666666666663
18-39,W,243.15
18-39,W,243.25
18-39,W,243.35
18-39,W,243.4
18-39,W,243.4
18-39,W,243.48333333333332
18-39,W,243.51666666666668
18-39,W,243.65
18-39,W,243.66666666666663
18-39,W,243.71666666666667
18-39,W,243.83333333333337
18-39,W,243.85
18-39,W,243.88333333333333
18-39,W,243.93333333333337
18-39,W,244.05
18-39,W,244.1
18-39,W,244.11666666666667
18-39,W,244.18333333333337
18-39,W,244.21666666666667
18-39,W,244.26666666666668
18-39,W,244.35
18-39,W,244.43333333333337
18-39,W,244.45
18-39,W,244.81666666666663
18-39,W,244.88333333333333
18-39,W,245.01666666666668
18-39,W,245.01666666666668
18-39,W,245.13333333333333
18-39,W,245.2
18-39,W,245.36666666666667
18-39,W,245.38333333333333
18-39,W,245.41666666666663
18-39,W,245.41666666666663
18-39,W,245.51666666666668
18-39,W,245.55
18-39,W,245.58333333333337
18-39,W,245.63333333333333
18-39,W,245.7
18-39,W,245.78333333333333
18-39,W,245.83333333333337
18-39,W,245.86666666666667
18-39,W,245.95
18-39,W,246.0
18-39,W,246.16666666666663
18-39,W,246.18333333333337
18-39,W,246.38333333333333
18-39,W,246.45
18-39,W,246.55
18-39,W,246.56666666666663
18-39,W,246.68333333333337
18-39,W,246.68333333333337
18-39,W,246.7
18-39,W,246.96666666666667
18-39,W,246.96666666666667
18-39,W,247.03333333333333
18-39,W,247.08333333333337
18-39,W,247.1
18-39,W,247.13333333333333
18-39,W,247.16666666666663
18-39,W,247.21666666666667
18-39,W,247.23333333333332
18-39,W,247.35
18-39,W,247.46666666666667
18-39,W,247.48333333333332
18-39,W,247.63333333333333
18-39,W,247.66666666666663
18-39,W,247.73333333333332
18-39,W,247.75
18-39,W,247.93333333333337
18-39,W,248.01666666666668
18-39,W,248.05
18-39,W,248.08333333333337
18-39,W,248.08333333333337
18-39,W,248.16666666666663
18-39,W,248.23333333333332
18-39,W,248.26666666666668
18-39,W,248.26666666666668
18-39,W,248.35
18-39,W,248.41666666666663
18-39,W,248.51666666666668
18-39,W,248.6
18-39,W,248.61666666666667
18-39,W,248.73333333333332
18-39,W,248.73333333333332
18-39,W,248.75
18-39,W,248.76666666666668
18-39,W,248.8
18-39,W,248.86666666666667
18-39,W,248.88333333333333
18-39,W,248.91666666666663
18-39,W,248.95
18-39,W,249.06666666666663
18-39,W,249.23333333333332
18-39,W,249.25
18-39,W,249.41666666666663
18-39,W,249.45
18-39,W,249.53333333333333
18-39,W,249.58333333333337
18-39,W,249.6
18-39,W,249.63333333333333
18-39,W,249.75
18-39,W,249.75
18-39,W,249.76666666666668
18-39,W,249.76666666666668
18-39,W,249.78333333333333
18-39,W,249.96666666666667
18-39,W,249.96666666666667
18-39,W,249.96666666666667
18-39,W,250.01666666666668
18-39,W,250.05
18-39,W,250.1
18-39,W,250.16666666666663
18-39,W,250.2
18-39,W,250.28333333333333
18-39,W,250.46666666666667
18-39,W,250.51666666666668
18-39,W,250.55
18-39,W,250.65
18-39,W,250.78333333333333
18-39,W,250.8
18-39,W,250.8
18-39,W,250.86666666666667
18-39,W,250.9
18-39,W,250.91666666666663
18-39,W,250.93333333333337
18-39,W,251.05
18-39,W,251.06666666666663
18-39,W,251.06666666666663
18-39,W,251.08333333333337
18-39,W,251.08333333333337
18-39,W,251.18333333333337
18-39,W,251.18333333333337
18-39,W,251.21666666666667
18-39,W,251.28333333333333
18-39,W,251.31666666666663
18-39,W,251.41666666666663
18-39,W,251.43333333333337
18-39,W,251.46666666666667
18-39,W,251.5
18-39,W,251.61666666666667
18-39,W,251.66666666666663
18-39,W,251.66666666666663
18-39,W,251.66666666666663
18-39,W,251.68333333333337
18-39,W,251.75
18-39,W,251.85
18-39,W,251.93333333333337
18-39,W,251.96666666666667
18-39,W,252.03333333333333
18-39,W,252.08333333333337
18-39,W,252.11666666666667
18-39,W,252.11666666666667
18-39,W,252.21666666666667
18-39,W,252.3
18-39,W,252.4
18-39,W,252.45
18-39,W,252.45
18-39,W,252.48333333333332
18-39,W,252.5
18-39,W,252.51666666666668
18-39,W,252.61666666666667
18-39,W,252.61666666666667
18-39,W,252.65
18-39,W,252.66666666666663
18-39,W,252.7
18-39,W,252.81666666666663
18-39,W,252.81666666666663
18-39,W,252.85
18-39,W,252.85
18-39,W,252.86666666666667
18-39,W,253.18333333333337
18-39,W,253.21666666666667
18-39,W,253.3
18-39,W,253.3
18-39,W,253.33333333333337
18-39,W,253.36666666666667
18-39,W,253.43333333333337
18-39,W,253.43333333333337
18-39,W,253.53333333333333
18-39,W,253.6
18-39,W,253.61666666666667
18-39,W,253.7
18-39,W,253.71666666666667
18-39,W,253.81666666666663
18-39,W,253.83333333333337
18-39,W,253.9
18-39,W,253.9
18-39,W,253.96666666666667
18-39,W,254.0
18-39,W,254.06666666666663
18-39,W,254.08333333333337
18-39,W,254.13333333333333
18-39,W,254.23333333333332
18-39,W,254.25
18-39,W,254.48333333333332
18-39,W,254.48333333333332
18-39,W,254.55
18-39,W,254.63333333333333
18-39,W,254.68333333333337
18-39,W,254.73333333333332
18-39,W,255.03333333333333
18-39,W,255.15
18-39,W,255.18333333333337
18-39,W,255.18333333333337
18-39,W,255.23333333333332
18-39,W,255.23333333333332
18-39,W,255.28333333333333
18-39,W,255.35
18-39,W,255.35
18-39,W,255.38333333333333
18-39,W,255.38333333333333
18-39,W,255.5
18-39,W,255.58333333333337
18-39,W,255.61666666666667
18-39,W,255.66666666666663
18-39,W,255.66666666666663
18-39,W,255.7
18-39,W,255.71666666666667
18-39,W,255.85
18-39,W,255.86666666666667
18-39,W,255.91666666666663
18-39,W,255.98333333333332
18-39,W,256.0833333333333
18-39,W,256.0833333333333
18-39,W,256.1666666666667
18-39,W,256.2
18-39,W,256.23333333333335
18-39,W,256.26666666666665
18-39,W,256.43333333333334
18-39,W,256.43333333333334
18-39,W,256.53333333333336
18-39,W,256.55
18-39,W,256.6
18-39,W,256.7
18-39,W,256.76666666666665
18-39,W,256.76666666666665
18-39,W,256.76666666666665
18-39,W,256.9
18-39,W,257.03333333333336
18-39,W,257.03333333333336
18-39,W,257.03333333333336
18-39,W,257.0833333333333
18-39,W,257.2
18-39,W,257.21666666666664
18-39,W,257.23333333333335
18-39,W,257.28333333333336
18-39,W,257.3
18-39,W,257.3
18-39,W,257.31666666666666
18-39,W,257.35
18-39,W,257.3833333333333
18-39,W,257.4166666666667
18-39,W,257.45
18-39,W,257.5
18-39,W,257.5833333333333
18-39,W,257.6333333333333
18-39,W,257.6333333333333
18-39,W,257.6666666666667
18-39,W,257.73333333333335
18-39,W,257.8
18-39,W,257.8333333333333
18-39,W,257.85
18-39,W,257.95
18-39,W,258.1
18-39,W,258.1333333333333
18-39,W,258.1666666666667
18-39,W,258.21666666666664
18-39,W,258.26666666666665
18-39,W,258.3
18-39,W,258.3666666666667
18-39,W,258.4
18-39,W,258.43333333333334
18-39,W,258.43333333333334
18-39,W,258.51666666666665
18-39,W,258.73333333333335
18-39,W,258.85
18-39,W,259.0
18-39,W,259.01666666666665
18-39,W,259.03333333333336
18-39,W,259.0833333333333
18-39,W,259.15
18-39,W,259.23333333333335
18-39,W,259.28333333333336
18-39,W,259.35
18-39,W,259.3666666666667
18-39,W,259.4
18-39,W,259.6333333333333
18-39,W,259.6666666666667
18-39,W,259.7
18-39,W,259.71666666666664
18-39,W,259.76666666666665
18-39,W,259.76666666666665
18-39,W,259.81666666666666
18-39,W,259.85
18-39,W,259.8666666666667
18-39,W,259.93333333333334
18-39,W,259.96666666666664
18-39,W,260.0
18-39,W,260.01666666666665
18-39,W,260.06666666666666
18-39,W,260.15
18-39,W,260.1666666666667
18-39,W,260.18333333333334
18-39,W,260.21666666666664
18-39,W,260.21666666666664
18-39,W,260.31666666666666
18-39,W,260.3833333333333
18-39,W,260.5833333333333
18-39,W,260.68333333333334
18-39,W,260.78333333333336
18-39,W,260.85
18-39,W,260.9
18-39,W,260.98333333333335
18-39,W,261.01666666666665
18-39,W,261.03333333333336
18-39,W,261.06666666666666
18-39,W,261.35
18-39,W,261.35
18-39,W,261.3666666666667
18-39,W,261.6166666666667
18-39,W,261.8666666666667
18-39,W,262.01666666666665
18-39,W,262.18333333333334
18-39,W,262.18333333333334
18-39,W,262.2
18-39,W,262.21666666666664
18-39,W,262.23333333333335
18-39,W,262.28333333333336
18-39,W,262.28333333333336
18-39,W,262.3833333333333
18-39,W,262.6166666666667
18-39,W,262.7
18-39,W,262.71666666666664
18-39,W,262.71666666666664
18-39,W,262.85
18-39,W,263.1333333333333
18-39,W,263.1333333333333
18-39,W,263.1666666666667
18-39,W,263.1666666666667
18-39,W,263.35
18-39,W,263.3833333333333
18-39,W,263.43333333333334
18-39,W,263.51666666666665
18-39,W,263.55
18-39,W,263.55
18-39,W,263.6333333333333
18-39,W,263.6666666666667
18-39,W,263.6666666666667
18-39,W,263.68333333333334
18-39,W,263.71666666666664
18-39,W,263.75
18-39,W,263.75
18-39,W,263.85
18-39,W,263.8833333333333
18-39,W,263.93333333333334
18-39,W,263.98333333333335
18-39,W,263.98333333333335
18-39,W,264.0
18-39,W,264.06666666666666
18-39,W,264.1
18-39,W,264.2
18-39,W,264.2
18-39,W,264.21666666666664
18-39,W,264.23333333333335
18-39,W,264.4
18-39,W,264.43333333333334
18-39,W,264.45
18-39,W,264.46666666666664
18-39,W,264.46666666666664
18-39,W,264.46666666666664
18-39,W,264.5
18-39,W,264.51666666666665
18-39,W,264.56666666666666
18-39,W,264.56666666666666
18-39,W,264.5833333333333
18-39,W,264.6
18-39,W,264.6166666666667
18-39,W,264.6666666666667
18-39,W,264.75
18-39,W,264.8
18-39,W,264.85
18-39,W,264.8666666666667
18-39,W,264.8666666666667
18-39,W,264.95
18-39,W,265.0
18-39,W,265.1166666666667
18-39,W,265.1333333333333
18-39,W,265.3
18-39,W,265.3833333333333
18-39,W,265.4166666666667
18-39,W,265.43333333333334
18-39,W,265.45
18-39,W,265.48333333333335
18-39,W,265.5833333333333
18-39,W,265.6
18-39,W,265.6333333333333
18-39,W,265.6333333333333
18-39,W,265.71666666666664
18-39,W,265.75
18-39,W,265.78333333333336
18-39,W,265.8
18-39,W,265.81666666666666
18-39,W,265.85
18-39,W,265.9
18-39,W,265.93333333333334
18-39,W,265.98333333333335
18-39,W,266.0833333333333
18-39,W,266.1
18-39,W,266.1666666666667
18-39,W,266.2
18-39,W,266.2
18-39,W,266.21666666666664
18-39,W,266.23333333333335
18-39,W,266.25
18-39,W,266.4166666666667
18-39,W,266.48333333333335
18-39,W,266.48333333333335
18-39,W,266.51666666666665
18-39,W,266.6
18-39,W,266.6166666666667
18-39,W,266.68333333333334
18-39,W,266.85
18-39,W,266.8666666666667
18-39,W,266.9166666666667
18-39,W,266.93333333333334
18-39,W,267.01666666666665
18-39,W,267.0833333333333
18-39,W,267.2
18-39,W,267.21666666666664
18-39,W,267.25
18-39,W,267.45
18-39,W,267.48333333333335
18-39,W,267.5
18-39,W,267.5
18-39,W,267.51666666666665
18-39,W,267.53333333333336
18-39,W,267.55
18-39,W,267.6
18-39,W,267.7
18-39,W,267.76666666666665
18-39,W,267.85
18-39,W,267.8666666666667
18-39,W,268.1166666666667
18-39,W,268.1166666666667
18-39,W,268.1666666666667
18-39,W,268.55
18-39,W,268.6333333333333
18-39,W,268.6333333333333
18-39,W,268.7
18-39,W,268.76666666666665
18-39,W,268.76666666666665
18-39,W,268.78333333333336
18-39,W,268.8833333333333
18-39,W,268.9
18-39,W,268.9
18-39,W,269.06666666666666
18-39,W,269.1
18-39,W,269.18333333333334
18-39,W,269.21666666666664
18-39,W,269.3333333333333
18-39,W,269.4
18-39,W,269.4
18-39,W,269.51666666666665
18-39,W,269.7
18-39,W,269.9
18-39,W,269.98333333333335
18-39,W,270.01666666666665
18-39,W,270.03333333333336
18-39,W,270.05
18-39,W,270.1333333333333
18-39,W,270.28333333333336
18-39,W,270.4
18-39,W,270.4166666666667
18-39,W,270.4166666666667
18-39,W,270.46666666666664
18-39,W,270.51666666666665
18-39,W,270.55
18-39,W,270.6333333333333
18-39,W,270.65
18-39,W,270.6666666666667
18-39,W,270.68333333333334
18-39,W,270.76666666666665
18-39,W,270.81666666666666
18-39,W,270.81666666666666
18-39,W,270.9166666666667
18-39,W,270.96666666666664
18-39,W,270.96666666666664
18-39,W,270.98333333333335
18-39,W,271.03333333333336
18-39,W,271.1166666666667
18-39,W,271.15
18-39,W,271.2
18-39,W,271.25
18-39,W,271.48333333333335
18-39,W,271.73333333333335
18-39,W,271.9
18-39,W,272.03333333333336
18-39,W,272.03333333333336
18-39,W,272.1666666666667
18-39,W,272.31666666666666
18-39,W,272.3666666666667
18-39,W,272.3833333333333
18-39,W,272.43333333333334
18-39,W,272.43333333333334
18-39,W,272.48333333333335
18-39,W,272.56666666666666
18-39,W,272.56666666666666
18-39,W,272.5833333333333
18-39,W,272.71666666666664
18-39,W,272.75
18-39,W,272.75
18-39,W,272.8
18-39,W,272.93333333333334
18-39,W,272.96666666666664
18-39,W,273.1333333333333
18-39,W,273.1666666666667
18-39,W,273.18333333333334
18-39,W,273.18333333333334
18-39,W,273.21666666666664
18-39,W,273.23333333333335
18-39,W,273.46666666666664
18-39,W,273.48333333333335
18-39,W,273.56666666666666
18-39,W,273.5833333333333
18-39,W,273.6666666666667
18-39,W,273.71666666666664
18-39,W,273.73333333333335
18-39,W,273.81666666666666
18-39,W,273.8333333333333
18-39,W,273.95
18-39,W,273.96666666666664
18-39,W,274.1666666666667
18-39,W,274.1666666666667
18-39,W,274.51666666666665
18-39,W,274.68333333333334
18-39,W,274.71666666666664
18-39,W,274.75
18-39,W,274.75
18-39,W,274.76666666666665
18-39,W,274.76666666666665
18-39,W,274.78333333333336
18-39,W,274.81666666666666
18-39,W,274.93333333333334
18-39,W,275.01666666666665
18-39,W,275.03333333333336
18-39,W,275.0833333333333
18-39,W,275.15
18-39,W,275.18333333333334
18-39,W,275.26666666666665
18-39,W,275.26666666666665
18-39,W,275.3
18-39,W,275.3666666666667
18-39,W,275.48333333333335
18-39,W,275.55
18-39,W,275.56666666666666
18-39,W,275.6
18-39,W,275.6666666666667
18-39,W,275.68333333333334
18-39,W,275.85
18-39,W,275.8833333333333
18-39,W,275.9166666666667
18-39,W,275.9166666666667
18-39,W,275.93333333333334
18-39,W,275.95
18-39,W,275.96666666666664
18-39,W,275.96666666666664
18-39,W,276.01666666666665
18-39,W,276.05
18-39,W,276.05
18-39,W,276.1
18-39,W,276.18333333333334
18-39,W,276.3
18-39,W,276.31666666666666
18-39,W,276.3333333333333
18-39,W,276.3666666666667
18-39,W,276.4
18-39,W,276.4
18-39,W,276.48333333333335
18-39,W,276.5
18-39,W,276.51666666666665
18-39,W,276.53333333333336
18-39,W,276.6
18-39,W,276.6166666666667
18-39,W,276.6166666666667
18-39,W,276.6666666666667
18-39,W,276.6666666666667
18-39,W,276.6666666666667
18-39,W,276.6666666666667
18-39,W,276.68333333333334
18-39,W,276.8
18-39,W,276.81666666666666
18-39,W,276.8833333333333
18-39,W,276.96666666666664
18-39,W,277.0
18-39,W,277.1333333333333
18-39,W,277.28333333333336
18-39,W,277.3
18-39,W,277.3
18-39,W,277.43333333333334
18-39,W,277.5
18-39,W,277.5833333333333
18-39,W,277.6166666666667
18-39,W,277.6333333333333
18-39,W,277.68333333333334
18-39,W,277.73333333333335
18-39,W,277.76666666666665
18-39,W,277.8
18-39,W,277.9166666666667
18-39,W,278.03333333333336
18-39,W,278.0833333333333
18-39,W,278.0833333333333
18-39,W,278.1166666666667
18-39,W,278.18333333333334
18-39,W,278.25
18-39,W,278.31666666666666
18-39,W,278.31666666666666
18-39,W,278.3666666666667
18-39,W,278.3833333333333
18-39,W,278.48333333333335
18-39,W,278.5
18-39,W,278.56666666666666
18-39,W,278.56666666666666
18-39,W,278.5833333333333
18-39,W,278.6166666666667
18-39,W,278.6166666666667
18-39,W,278.6666666666667
18-39,W,278.8333333333333
18-39,W,278.96666666666664
18-39,W,279.03333333333336
18-39,W,279.1666666666667
18-39,W,279.18333333333334
18-39,W,279.2
18-39,W,279.23333333333335
18-39,W,279.23333333333335
18-39,W,279.3
18-39,W,279.35
18-39,W,279.3666666666667
18-39,W,279.53333333333336
18-39,W,279.5833333333333
18-39,W,279.6
18-39,W,279.7
18-39,W,279.81666666666666
18-39,W,279.81666666666666
18-39,W,279.9
18-39,W,279.93333333333334
18-39,W,279.93333333333334
18-39,W,279.98333333333335
18-39,W,280.03333333333336
18-39,W,280.06666666666666
18-39,W,280.0833333333333
18-39,W,280.0833333333333
18-39,W,280.1166666666667
18-39,W,280.1333333333333
18-39,W,280.18333333333334
18-39,W,280.18333333333334
18-39,W,280.4
18-39,W,280.4166666666667
18-39,W,280.56666666666666
18-39,W,280.6166666666667
18-39,W,280.6166666666667
18-39,W,280.6333333333333
18-39,W,280.6333333333333
18-39,W,280.68333333333334
18-39,W,280.75
18-39,W,280.78333333333336
18-39,W,280.78333333333336
18-39,W,280.8
18-39,W,280.8333333333333
18-39,W,280.93333333333334
18-39,W,280.93333333333334
18-39,W,281.01666666666665
18-39,W,281.06666666666666
18-39,W,281.0833333333333
18-39,W,281.1166666666667
18-39,W,281.2
18-39,W,281.3833333333333
18-39,W,281.4
18-39,W,281.4
18-39,W,281.4
18-39,W,281.51666666666665
18-39,W,281.71666666666664
18-39,W,281.76666666666665
18-39,W,281.8833333333333
18-39,W,281.93333333333334
18-39,W,282.1166666666667
18-39,W,282.1333333333333
18-39,W,282.15
18-39,W,282.15
18-39,W,282.1666666666667
18-39,W,282.21666666666664
18-39,W,282.25
18-39,W,282.26666666666665
18-39,W,282.31666666666666
18-39,W,282.5
18-39,W,282.5833333333333
18-39,W,282.6
18-39,W,282.6333333333333
18-39,W,282.71666666666664
18-39,W,282.76666666666665
18-39,W,282.8333333333333
18-39,W,282.85
18-39,W,282.8666666666667
18-39,W,283.03333333333336
18-39,W,283.1333333333333
18-39,W,283.15
18-39,W,283.1666666666667
18-39,W,283.18333333333334
18-39,W,283.2
18-39,W,283.28333333333336
18-39,W,283.31666666666666
18-39,W,283.31666666666666
18-39,W,283.31666666666666
18-39,W,283.31666666666666
18-39,W,283.43333333333334
18-39,W,283.51666666666665
18-39,W,283.51666666666665
18-39,W,283.65
18-39,W,283.78333333333336
18-39,W,283.8
18-39,W,283.9
18-39,W,283.9166666666667
18-39,W,283.93333333333334
18-39,W,284.0833333333333
18-39,W,284.1333333333333
18-39,W,284.1666666666667
18-39,W,284.2
18-39,W,284.21666666666664
18-39,W,284.3666666666667
18-39,W,284.46666666666664
18-39,W,284.6
18-39,W,284.6333333333333
18-39,W,284.6666666666667
18-39,W,284.68333333333334
18-39,W,284.7
18-39,W,284.8333333333333
18-39,W,284.8833333333333
18-39,W,285.03333333333336
18-39,W,285.03333333333336
18-39,W,285.06666666666666
18-39,W,285.21666666666664
18-39,W,285.21666666666664
18-39,W,285.21666666666664
18-39,W,285.28333333333336
18-39,W,285.31666666666666
18-39,W,285.5833333333333
18-39,W,285.6666666666667
18-39,W,285.71666666666664
18-39,W,285.73333333333335
18-39,W,285.85
18-39,W,285.8666666666667
18-39,W,285.93333333333334
18-39,W,286.0
18-39,W,286.0
18-39,W,286.01666666666665
18-39,W,286.06666666666666
18-39,W,286.1333333333333
18-39,W,286.1333333333333
18-39,W,286.1333333333333
18-39,W,286.1666666666667
18-39,W,286.21666666666664
18-39,W,286.21666666666664
18-39,W,286.31666666666666
18-39,W,286.53333333333336
18-39,W,286.6666666666667
18-39,W,286.68333333333334
18-39,W,286.71666666666664
18-39,W,286.8833333333333
18-39,W,286.9
18-39,W,286.95
18-39,W,286.98333333333335
18-39,W,287.05
18-39,W,287.21666666666664
18-39,W,287.23333333333335
18-39,W,287.26666666666665
18-39,W,287.3
18-39,W,287.35
18-39,W,287.3833333333333
18-39,W,287.45
18-39,W,287.5
18-39,W,287.53333333333336
18-39,W,287.65
18-39,W,287.6666666666667
18-39,W,287.8
18-39,W,287.8666666666667
18-39,W,287.8833333333333
18-39,W,288.0
18-39,W,288.05
18-39,W,288.3
18-39,W,288.3
18-39,W,288.31666666666666
18-39,W,288.35
18-39,W,288.3666666666667
18-39,W,288.3833333333333
18-39,W,288.4166666666667
18-39,W,288.51666666666665
18-39,W,288.5833333333333
18-39,W,288.76666666666665
18-39,W,288.76666666666665
18-39,W,288.78333333333336
18-39,W,288.8666666666667
18-39,W,288.9166666666667
18-39,W,288.95
18-39,W,288.95
18-39,W,289.01666666666665
18-39,W,289.06666666666666
18-39,W,289.1666666666667
18-39,W,289.2
18-39,W,289.25
18-39,W,289.25
18-39,W,289.31666666666666
18-39,W,289.45
18-39,W,289.55
18-39,W,289.56666666666666
18-39,W,289.56666666666666
18-39,W,289.6166666666667
18-39,W,289.75
18-39,W,289.76666666666665
18-39,W,289.8
18-39,W,289.81666666666666
18-39,W,289.8833333333333
18-39,W,290.26666666666665
18-39,W,290.3333333333333
18-39,W,290.3333333333333
18-39,W,290.4
18-39,W,290.4
18-39,W,290.45
18-39,W,290.46666666666664
18-39,W,290.46666666666664
18-39,W,290.78333333333336
18-39,W,290.85
18-39,W,290.9
18-39,W,290.9
18-39,W,291.1
18-39,W,291.15
18-39,W,291.21666666666664
18-39,W,291.31666666666666
18-39,W,291.31666666666666
18-39,W,291.43333333333334
18-39,W,291.51666666666665
18-39,W,291.51666666666665
18-39,W,291.5833333333333
18-39,W,291.6333333333333
18-39,W,291.6666666666667
18-39,W,291.68333333333334
18-39,W,291.71666666666664
18-39,W,291.73333333333335
18-39,W,291.73333333333335
18-39,W,291.78333333333336
18-39,W,291.81666666666666
18-39,W,291.8666666666667
18-39,W,291.93333333333334
18-39,W,291.98333333333335
18-39,W,292.0
18-39,W,292.1
18-39,W,292.1333333333333
18-39,W,292.1333333333333
18-39,W,292.1666666666667
18-39,W,292.23333333333335
18-39,W,292.35
18-39,W,292.3666666666667
18-39,W,292.48333333333335
18-39,W,292.48333333333335
18-39,W,292.48333333333335
18-39,W,292.5
18-39,W,292.75
18-39,W,292.78333333333336
18-39,W,292.93333333333334
18-39,W,293.0
18-39,W,293.1
18-39,W,293.15
18-39,W,293.21666666666664
18-39,W,293.26666666666665
18-39,W,293.3
18-39,W,293.3
18-39,W,293.4166666666667
18-39,W,293.51666666666665
18-39,W,293.53333333333336
18-39,W,293.6166666666667
18-39,W,293.65
18-39,W,293.76666666666665
18-39,W,293.76666666666665
18-39,W,293.78333333333336
18-39,W,293.8333333333333
18-39,W,293.85
18-39,W,293.85
18-39,W,294.1
18-39,W,294.18333333333334
18-39,W,294.2
18-39,W,294.2
18-39,W,294.2
18-39,W,294.2
18-39,W,294.3
18-39,W,294.45
18-39,W,294.6
18-39,W,294.6
18-39,W,294.6333333333333
18-39,W,294.6666666666667
18-39,W,294.68333333333334
18-39,W,294.71666666666664
18-39,W,294.76666666666665
18-39,W,295.01666666666665
18-39,W,295.03333333333336
18-39,W,295.05
18-39,W,295.0833333333333
18-39,W,295.15
18-39,W,295.1666666666667
18-39,W,295.18333333333334
18-39,W,295.28333333333336
18-39,W,295.31666666666666
18-39,W,295.4166666666667
18-39,W,295.46666666666664
18-39,W,295.51666666666665
18-39,W,295.56666666666666
18-39,W,295.75
18-39,W,295.76666666666665
18-39,W,295.78333333333336
18-39,W,295.9
18-39,W,295.9166666666667
18-39,W,296.01666666666665
18-39,W,296.03333333333336
18-39,W,296.05
18-39,W,296.23333333333335
18-39,W,296.23333333333335
18-39,W,296.23333333333335
18-39,W,296.3833333333333
18-39,W,296.4
18-39,W,296.45
18-39,W,296.75
18-39,W,296.75
18-39,W,296.9166666666667
18-39,W,297.0
18-39,W,297.03333333333336
18-39,W,297.06666666666666
18-39,W,297.1
18-39,W,297.2
18-39,W,297.2
18-39,W,297.4
18-39,W,297.4166666666667
18-39,W,297.48333333333335
18-39,W,297.53333333333336
18-39,W,297.6
18-39,W,297.65
18-39,W,297.73333333333335
18-39,W,297.76666666666665
18-39,W,297.78333333333336
18-39,W,297.8666666666667
18-39,W,297.95
18-39,W,298.1
18-39,W,298.1166666666667
18-39,W,298.15
18-39,W,298.23333333333335
18-39,W,298.26666666666665
18-39,W,298.31666666666666
18-39,W,298.3666666666667
18-39,W,298.4
18-39,W,298.7
18-39,W,298.75
18-39,W,298.8666666666667
18-39,W,298.8833333333333
18-39,W,298.96666666666664
18-39,W,299.03333333333336
18-39,W,299.05
18-39,W,299.05
18-39,W,299.1166666666667
18-39,W,299.3666666666667
18-39,W,299.48333333333335
18-39,W,299.68333333333334
18-39,W,299.8333333333333
18-39,W,299.93333333333334
18-39,W,299.98333333333335
18-39,W,299.98333333333335
18-39,W,299.98333333333335
18-39,W,300.1
18-39,W,300.1333333333333
18-39,W,300.18333333333334
18-39,W,300.3
18-39,W,300.3833333333333
18-39,W,300.48333333333335
18-39,W,300.53333333333336
18-39,W,300.73333333333335
18-39,W,300.93333333333334
18-39,W,300.96666666666664
18-39,W,301.03333333333336
18-39,W,301.15
18-39,W,301.35
18-39,W,301.51666666666665
18-39,W,301.56666666666666
18-39,W,301.6
18-39,W,301.75
18-39,W,301.8333333333333
18-39,W,301.85
18-39,W,301.8666666666667
18-39,W,301.9166666666667
18-39,W,302.4
18-39,W,302.4166666666667
18-39,W,302.45
18-39,W,302.6
18-39,W,302.6166666666667
18-39,W,302.75
18-39,W,302.76666666666665
18-39,W,302.96666666666664
18-39,W,302.98333333333335
18-39,W,303.1166666666667
18-39,W,303.4
18-39,W,303.46666666666664
18-39,W,303.56666666666666
18-39,W,303.6
18-39,W,303.8833333333333
18-39,W,303.9166666666667
18-39,W,303.93333333333334
18-39,W,304.01666666666665
18-39,W,304.18333333333334
18-39,W,304.21666666666664
18-39,W,304.6333333333333
18-39,W,304.6666666666667
18-39,W,304.85
18-39,W,304.98333333333335
18-39,W,305.25
18-39,W,305.25
18-39,W,305.25
18-39,W,305.3666666666667
18-39,W,305.3666666666667
18-39,W,305.4166666666667
18-39,W,305.51666666666665
18-39,W,305.65
18-39,W,305.71666666666664
18-39,W,305.75
18-39,W,305.8666666666667
18-39,W,306.05
18-39,W,306.53333333333336
18-39,W,306.53333333333336
18-39,W,306.5833333333333
18-39,W,306.6666666666667
18-39,W,306.71666666666664
18-39,W,306.8
18-39,W,306.8833333333333
18-39,W,306.8833333333333
18-39,W,307.3666666666667
18-39,W,307.9
18-39,W,308.1
18-39,W,308.1
18-39,W,308.3
18-39,W,308.4
18-39,W,308.4
18-39,W,308.5
18-39,W,308.71666666666664
18-39,W,308.9166666666667
18-39,W,309.26666666666665
18-39,W,309.43333333333334
18-39,W,310.45
18-39,W,310.48333333333335
18-39,W,310.5
18-39,W,310.6166666666667
18-39,W,310.8666666666667
18-39,W,310.8833333333333
18-39,W,310.8833333333333
18-39,W,310.95
18-39,W,311.1
18-39,W,311.15
18-39,W,311.2
18-39,W,311.2
18-39,W,311.51666666666665
18-39,W,311.5833333333333
18-39,W,311.8333333333333
18-39,W,311.95
18-39,W,312.03333333333336
18-39,W,312.1333333333333
18-39,W,312.46666666666664
18-39,W,312.5
18-39,W,312.6166666666667
18-39,W,312.6666666666667
18-39,W,312.75
18-39,W,312.8333333333333
18-39,W,313.18333333333334
18-39,W,313.2
18-39,W,313.25
18-39,W,313.31666666666666
18-39,W,313.31666666666666
18-39,W,313.53333333333336
18-39,W,313.75
18-39,W,313.93333333333334
18-39,W,314.0833333333333
18-39,W,314.0833333333333
18-39,W,314.1
18-39,W,314.1
18-39,W,314.1166666666667
18-39,W,314.1333333333333
18-39,W,314.51666666666665
18-39,W,314.53333333333336
18-39,W,314.6333333333333
18-39,W,315.35
18-39,W,315.43333333333334
18-39,W,315.48333333333335
18-39,W,315.7
18-39,W,315.78333333333336
18-39,W,315.78333333333336
18-39,W,316.3
18-39,W,316.6
18-39,W,316.68333333333334
18-39,W,316.8666666666667
18-39,W,316.8666666666667
18-39,W,316.98333333333335
18-39,W,317.15
18-39,W,317.23333333333335
18-39,W,317.43333333333334
18-39,W,317.5
18-39,W,317.51666666666665
18-39,W,317.55
18-39,W,317.56666666666666
18-39,W,317.8
18-39,W,318.18333333333334
18-39,W,318.3666666666667
18-39,W,318.3833333333333
18-39,W,318.46666666666664
18-39,W,318.51666666666665
18-39,W,318.5833333333333
18-39,W,318.6
18-39,W,318.6
18-39,W,318.6166666666667
18-39,W,318.8
18-39,W,318.8333333333333
18-39,W,318.95
18-39,W,319.15
18-39,W,319.3333333333333
18-39,W,319.35
18-39,W,319.3833333333333
18-39,W,319.45
18-39,W,319.45
18-39,W,319.45
18-39,W,320.15
18-39,W,320.5833333333333
18-39,W,320.7
18-39,W,321.0833333333333
18-39,W,321.15
18-39,W,321.1666666666667
18-39,W,321.1666666666667
18-39,W,321.18333333333334
18-39,W,321.18333333333334
18-39,W,321.18333333333334
18-39,W,321.8666666666667
18-39,W,321.96666666666664
18-39,W,321.96666666666664
18-39,W,322.28333333333336
18-39,W,322.5833333333333
18-39,W,322.76666666666665
18-39,W,322.8333333333333
18-39,W,323.1
18-39,W,323.1
18-39,W,323.1
18-39,W,323.2
18-39,W,323.26666666666665
18-39,W,323.26666666666665
18-39,W,323.3
18-39,W,323.53333333333336
18-39,W,323.5833333333333
18-39,W,323.81666666666666
18-39,W,323.95
18-39,W,323.95
18-39,W,324.0
18-39,W,324.01666666666665
18-39,W,324.1
18-39,W,324.21666666666664
18-39,W,324.3
18-39,W,324.65
18-39,W,324.8833333333333
18-39,W,324.8833333333333
18-39,W,324.95
18-39,W,325.1166666666667
18-39,W,325.46666666666664
18-39,W,325.5
18-39,W,325.81666666666666
18-39,W,326.05
18-39,W,326.43333333333334
18-39,W,326.6333333333333
18-39,W,326.75
18-39,W,326.8666666666667
18-39,W,327.18333333333334
18-39,W,327.21666666666664
18-39,W,327.23333333333335
18-39,W,327.23333333333335
18-39,W,327.26666666666665
18-39,W,327.35
18-39,W,327.65
18-39,W,327.78333333333336
18-39,W,328.0
18-39,W,328.25
18-39,W,328.48333333333335
18-39,W,328.6
18-39,W,328.68333333333334
18-39,W,328.8666666666667
18-39,W,328.8833333333333
18-39,W,329.46666666666664
18-39,W,329.5
18-39,W,329.51666666666665
18-39,W,329.73333333333335
18-39,W,330.1166666666667
18-39,W,330.28333333333336
18-39,W,330.51666666666665
18-39,W,330.6
18-39,W,330.75
18-39,W,330.81666666666666
18-39,W,330.85
18-39,W,330.85
18-39,W,331.35
18-39,W,331.6166666666667
18-39,W,331.7
18-39,W,331.76666666666665
18-39,W,332.0
18-39,W,332.05
18-39,W,332.25
18-39,W,332.3
18-39,W,332.6
18-39,W,332.6166666666667
18-39,W,332.7
18-39,W,332.7
18-39,W,332.8333333333333
18-39,W,332.98333333333335
18-39,W,333.0
18-39,W,333.3833333333333
18-39,W,333.4166666666667
18-39,W,333.4166666666667
18-39,W,333.48333333333335
18-39,W,333.5
18-39,W,333.85
18-39,W,334.06666666666666
18-39,W,334.21666666666664
18-39,W,334.23333333333335
18-39,W,334.46666666666664
18-39,W,334.56666666666666
18-39,W,334.73333333333335
18-39,W,334.85
18-39,W,335.1333333333333
18-39,W,335.1333333333333
18-39,W,335.15
18-39,W,335.23333333333335
18-39,W,335.51666666666665
18-39,W,335.55
18-39,W,335.55
18-39,W,335.78333333333336
18-39,W,335.93333333333334
18-39,W,336.46666666666664
18-39,W,336.8
18-39,W,336.96666666666664
18-39,W,337.2
18-39,W,337.28333333333336
18-39,W,337.68333333333334
18-39,W,338.0
18-39,W,338.28333333333336
18-39,W,338.51666666666665
18-39,W,338.68333333333334
18-39,W,338.8
18-39,W,338.8333333333333
18-39,W,339.31666666666666
18-39,W,339.5
18-39,W,339.6
18-39,W,339.8
18-39,W,339.95
18-39,W,340.2
18-39,W,340.2
18-39,W,340.2
18-39,W,340.5833333333333
18-39,W,340.76666666666665
18-39,W,340.8666666666667
18-39,W,340.9
18-39,W,341.03333333333336
18-39,W,341.23333333333335
18-39,W,341.76666666666665
18-39,W,342.1
18-39,W,342.21666666666664
18-39,W,342.31666666666666
18-39,W,342.3833333333333
18-39,W,342.3833333333333
18-39,W,342.6166666666667
18-39,W,342.6666666666667
18-39,W,342.73333333333335
18-39,W,342.85
18-39,W,342.9166666666667
18-39,W,343.01666666666665
18-39,W,343.3
18-39,W,343.51666666666665
18-39,W,343.73333333333335
18-39,W,343.85
18-39,W,343.95
18-39,W,344.18333333333334
18-39,W,344.48333333333335
18-39,W,344.6333333333333
18-39,W,344.76666666666665
18-39,W,345.01666666666665
18-39,W,345.1
18-39,W,345.6333333333333
18-39,W,345.71666666666664
18-39,W,346.01666666666665
18-39,W,347.03333333333336
18-39,W,347.05
18-39,W,347.23333333333335
18-39,W,347.55
18-39,W,347.6
18-39,W,347.8666666666667
18-39,W,347.8666666666667
18-39,W,348.35
18-39,W,348.6333333333333
18-39,W,348.95
18-39,W,349.05
18-39,W,349.4
18-39,W,349.71666666666664
18-39,W,349.78333333333336
18-39,W,349.9
18-39,W,350.01666666666665
18-39,W,350.81666666666666
18-39,W,351.18333333333334
18-39,W,351.21666666666664
18-39,W,352.01666666666665
18-39,W,352.4
18-39,W,352.8833333333333
18-39,W,353.18333333333334
18-39,W,353.2
18-39,W,353.43333333333334
18-39,W,353.78333333333336
18-39,W,354.06666666666666
18-39,W,354.2
18-39,W,354.5
18-39,W,354.65
18-39,W,354.78333333333336
18-39,W,355.9166666666667
18-39,W,356.3833333333333
18-39,W,356.5833333333333
18-39,W,356.6
18-39,W,357.01666666666665
18-39,W,357.93333333333334
18-39,W,357.95
18-39,W,358.03333333333336
18-39,W,358.46666666666664
18-39,W,358.56666666666666
18-39,W,359.01666666666665
18-39,W,359.05
18-39,W,359.18333333333334
18-39,W,359.5
18-39,W,359.53333333333336
18-39,W,359.75
18-39,W,360.4
18-39,W,360.8666666666667
18-39,W,360.9166666666667
18-39,W,361.9166666666667
18-39,W,362.4
18-39,W,362.6666666666667
18-39,W,362.75
18-39,W,363.25
18-39,W,363.28333333333336
18-39,W,363.81666666666666
18-39,W,365.1666666666667
18-39,W,365.18333333333334
18-39,W,365.6333333333333
18-39,W,365.81666666666666
18-39,W,365.95
18-39,W,366.78333333333336
18-39,W,368.3666666666667
18-39,W,378.98333333333335
18-39,W,386.15
18-39,W,390.1166666666667
18-39,W,440.51666666666665
40-44,W,145.8
40-44,W,154.66666666666666
40-44,W,159.26666666666668
40-44,W,165.36666666666667
40-44,W,165.68333333333334
40-44,W,166.36666666666667
40-44,W,169.05
40-44,W,169.7
40-44,W,169.78333333333333
40-44,W,172.43333333333334
40-44,W,172.91666666666666
40-44,W,173.93333333333334
40-44,W,173.95
40-44,W,174.31666666666666
40-44,W,174.91666666666666
40-44,W,175.03333333333333
40-44,W,175.21666666666667
40-44,W,175.55
40-44,W,175.58333333333334
40-44,W,176.6
40-44,W,176.6
40-44,W,176.78333333333333
40-44,W,177.05
40-44,W,177.11666666666667
40-44,W,177.25
40-44,W,177.71666666666667
40-44,W,177.95
40-44,W,178.03333333333333
40-44,W,178.55
40-44,W,178.98333333333332
40-44,W,179.08333333333334
40-44,W,179.28333333333333
40-44,W,179.41666666666666
40-44,W,179.61666666666667
40-44,W,179.63333333333333
40-44,W,179.85
40-44,W,180.2
40-44,W,180.23333333333332
40-44,W,180.5
40-44,W,181.08333333333337
40-44,W,181.21666666666667
40-44,W,181.46666666666667
40-44,W,181.55
40-44,W,182.4
40-44,W,182.5
40-44,W,182.73333333333332
40-44,W,182.9
40-44,W,183.01666666666668
40-44,W,183.75
40-44,W,183.85
40-44,W,184.01666666666668
40-44,W,184.03333333333333
40-44,W,184.11666666666667
40-44,W,184.13333333333333
40-44,W,184.36666666666667
40-44,W,184.46666666666667
40-44,W,184.5
40-44,W,184.8
40-44,W,184.86666666666667
40-44,W,184.93333333333337
40-44,W,185.16666666666663
40-44,W,185.18333333333337
40-44,W,185.25
40-44,W,185.31666666666663
40-44,W,185.76666666666668
40-44,W,185.91666666666663
40-44,W,185.98333333333332
40-44,W,186.0
40-44,W,186.08333333333337
40-44,W,186.93333333333337
40-44,W,187.28333333333333
40-44,W,187.81666666666663
40-44,W,187.93333333333337
40-44,W,188.01666666666668
40-44,W,188.08333333333337
40-44,W,188.2
40-44,W,188.28333333333333
40-44,W,188.28333333333333
40-44,W,188.3
40-44,W,188.35
40-44,W,188.4
40-44,W,188.58333333333337
40-44,W,188.63333333333333
40-44,W,188.68333333333337
40-44,W,188.71666666666667
40-44,W,188.76666666666668
40-44,W,188.81666666666663
40-44,W,188.93333333333337
40-44,W,188.98333333333332
40-44,W,189.23333333333332
40-44,W,189.7
40-44,W,189.78333333333333
40-44,W,189.81666666666663
40-44,W,190.05
40-44,W,190.15
40-44,W,190.15
40-44,W,190.23333333333332
40-44,W,190.5
40-44,W,190.65
40-44,W,190.71666666666667
40-44,W,190.83333333333337
40-44,W,190.85
40-44,W,190.88333333333333
40-44,W,190.93333333333337
40-44,W,191.05
40-44,W,191.31666666666663
40-44,W,191.35
40-44,W,191.43333333333337
40-44,W,191.43333333333337
40-44,W,191.6
40-44,W,191.61666666666667
40-44,W,191.65
40-44,W,191.73333333333332
40-44,W,191.93333333333337
40-44,W,192.0
40-44,W,192.01666666666668
40-44,W,192.01666666666668
40-44,W,192.38333333333333
40-44,W,192.51666666666668
40-44,W,192.53333333333333
40-44,W,192.6
40-44,W,192.61666666666667
40-44,W,192.66666666666663
40-44,W,192.76666666666668
40-44,W,193.03333333333333
40-44,W,193.1
40-44,W,193.1
40-44,W,193.31666666666663
40-44,W,193.31666666666663
40-44,W,193.38333333333333
40-44,W,193.45
40-44,W,193.46666666666667
40-44,W,193.65
40-44,W,193.76666666666668
40-44,W,193.9
40-44,W,193.93333333333337
40-44,W,193.95
40-44,W,193.95
40-44,W,193.96666666666667
40-44,W,194.0
40-44,W,194.31666666666663
40-44,W,194.36666666666667
40-44,W,194.38333333333333
40-44,W,194.48333333333332
40-44,W,194.5
40-44,W,194.56666666666663
40-44,W,194.58333333333337
40-44,W,194.61666666666667
40-44,W,194.71666666666667
40-44,W,194.95
40-44,W,195.28333333333333
40-44,W,195.28333333333333
40-44,W,195.31666666666663
40-44,W,195.36666666666667
40-44,W,195.36666666666667
40-44,W,195.5
40-44,W,195.51666666666668
40-44,W,195.63333333333333
40-44,W,195.76666666666668
40-44,W,195.83333333333337
40-44,W,195.95
40-44,W,196.0
40-44,W,196.01666666666668
40-44,W,196.11666666666667
40-44,W,196.21666666666667
40-44,W,196.26666666666668
40-44,W,196.45
40-44,W,196.46666666666667
40-44,W,196.48333333333332
40-44,W,196.56666666666663
40-44,W,196.78333333333333
40-44,W,196.81666666666663
40-44,W,196.85
40-44,W,196.88333333333333
40-44,W,197.01666666666668
40-44,W,197.03333333333333
40-44,W,197.08333333333337
40-44,W,197.11666666666667
40-44,W,197.11666666666667
40-44,W,197.15
40-44,W,197.2
40-44,W,197.2
40-44,W,197.26666666666668
40-44,W,197.26666666666668
40-44,W,197.28333333333333
40-44,W,197.33333333333337
40-44,W,197.36666666666667
40-44,W,197.46666666666667
40-44,W,197.53333333333333
40-44,W,197.63333333333333
40-44,W,197.78333333333333
40-44,W,197.78333333333333
40-44,W,197.86666666666667
40-44,W,197.86666666666667
40-44,W,197.9
40-44,W,197.96666666666667
40-44,W,198.0
40-44,W,198.03333333333333
40-44,W,198.05
40-44,W,198.08333333333337
40-44,W,198.1
40-44,W,198.13333333333333
40-44,W,198.15
40-44,W,198.21666666666667
40-44,W,198.25
40-44,W,198.31666666666663
40-44,W,198.33333333333337
40-44,W,198.36666666666667
40-44,W,198.36666666666667
40-44,W,198.38333333333333
40-44,W,198.41666666666663
40-44,W,198.5
40-44,W,198.6
40-44,W,198.63333333333333
40-44,W,198.65
40-44,W,198.68333333333337
40-44,W,198.73333333333332
40-44,W,198.85
40-44,W,198.86666666666667
40-44,W,198.93333333333337
40-44,W,199.01666666666668
40-44,W,199.01666666666668
40-44,W,199.01666666666668
40-44,W,199.03333333333333
40-44,W,199.13333333333333
40-44,W,199.25
40-44,W,199.3
40-44,W,199.3
40-44,W,199.31666666666663
40-44,W,199.35
40-44,W,199.36666666666667
40-44,W,199.4
40-44,W,199.41666666666663
40-44,W,199.53333333333333
40-44,W,199.56666666666663
40-44,W,199.63333333333333
40-44,W,199.7
40-44,W,199.76666666666668
40-44,W,199.85
40-44,W,199.85
40-44,W,199.88333333333333
40-44,W,199.91666666666663
40-44,W,199.93333333333337
40-44,W,199.96666666666667
40-44,W,200.01666666666668
40-44,W,200.05
40-44,W,200.05
40-44,W,200.06666666666663
40-44,W,200.1
40-44,W,200.11666666666667
40-44,W,200.16666666666663
40-44,W,200.23333333333332
40-44,W,200.23333333333332
40-44,W,200.28333333333333
40-44,W,200.46666666666667
40-44,W,200.6
40-44,W,200.66666666666663
40-44,W,200.66666666666663
40-44,W,200.66666666666663
40-44,W,200.7
40-44,W,200.76666666666668
40-44,W,200.81666666666663
40-44,W,200.88333333333333
40-44,W,200.9
40-44,W,200.98333333333332
40-44,W,201.05
40-44,W,201.18333333333337
40-44,W,201.28333333333333
40-44,W,201.28333333333333
40-44,W,201.36666666666667
40-44,W,201.4
40-44,W,201.41666666666663
40-44,W,201.41666666666663
40-44,W,201.46666666666667
40-44,W,201.48333333333332
40-44,W,201.51666666666668
40-44,W,201.53333333333333
40-44,W,201.6
40-44,W,201.61666666666667
40-44,W,201.63333333333333
40-44,W,201.63333333333333
40-44,W,201.65
40-44,W,201.8
40-44,W,201.86666666666667
40-44,W,201.86666666666667
40-44,W,201.91666666666663
40-44,W,201.93333333333337
40-44,W,202.05
40-44,W,202.08333333333337
40-44,W,202.11666666666667
40-44,W,202.11666666666667
40-44,W,202.11666666666667
40-44,W,202.15
40-44,W,202.23333333333332
40-44,W,202.23333333333332
40-44,W,202.25
40-44,W,202.28333333333333
40-44,W,202.28333333333333
40-44,W,202.31666666666663
40-44,W,202.33333333333337
40-44,W,202.36666666666667
40-44,W,202.53333333333333
40-44,W,202.53333333333333
40-44,W,202.56666666666663
40-44,W,202.6
40-44,W,202.68333333333337
40-44,W,202.71666666666667
40-44,W,202.75
40-44,W,202.75
40-44,W,202.78333333333333
40-44,W,202.81666666666663
40-44,W,202.83333333333337
40-44,W,202.91666666666663
40-44,W,202.95
40-44,W,202.95
40-44,W,202.98333333333332
40-44,W,203.06666666666663
40-44,W,203.18333333333337
40-44,W,203.21666666666667
40-44,W,203.23333333333332
40-44,W,203.3
40-44,W,203.33333333333337
40-44,W,203.35
40-44,W,203.38333333333333
40-44,W,203.4
40-44,W,203.43333333333337
40-44,W,203.46666666666667
40-44,W,203.55
40-44,W,203.6
40-44,W,203.65
40-44,W,203.71666666666667
40-44,W,203.71666666666667
40-44,W,203.73333333333332
40-44,W,203.76666666666668
40-44,W,203.76666666666668
40-44,W,203.78333333333333
40-44,W,203.78333333333333
40-44,W,203.9
40-44,W,203.91666666666663
40-44,W,203.98333333333332
40-44,W,204.0
40-44,W,204.01666666666668
40-44,W,204.1
40-44,W,204.15
40-44,W,204.16666666666663
40-44,W,204.18333333333337
40-44,W,204.21666666666667
40-44,W,204.28333333333333
40-44,W,204.3
40-44,W,204.3
40-44,W,204.33333333333337
40-44,W,204.35
40-44,W,204.36666666666667
40-44,W,204.41666666666663
40-44,W,204.41666666666663
40-44,W,204.43333333333337
40-44,W,204.5
40-44,W,204.53333333333333
40-44,W,204.61666666666667
40-44,W,204.63333333333333
40-44,W,204.7
40-44,W,204.71666666666667
40-44,W,204.85
40-44,W,204.85
40-44,W,204.98333333333332
40-44,W,205.03333333333333
40-44,W,205.05
40-44,W,205.08333333333337
40-44,W,205.08333333333337
40-44,W,205.15
40-44,W,205.18333333333337
40-44,W,205.21666666666667
40-44,W,205.21666666666667
40-44,W,205.23333333333332
40-44,W,205.26666666666668
40-44,W,205.28333333333333
40-44,W,205.3
40-44,W,205.31666666666663
40-44,W,205.41666666666663
40-44,W,205.43333333333337
40-44,W,205.45
40-44,W,205.46666666666667
40-44,W,205.5
40-44,W,205.53333333333333
40-44,W,205.53333333333333
40-44,W,205.55
40-44,W,205.6
40-44,W,205.66666666666663
40-44,W,205.66666666666663
40-44,W,205.66666666666663
40-44,W,205.75
40-44,W,205.78333333333333
40-44,W,205.8
40-44,W,205.81666666666663
40-44,W,205.83333333333337
40-44,W,205.91666666666663
40-44,W,205.93333333333337
40-44,W,205.93333333333337
40-44,W,205.93333333333337
40-44,W,205.95
40-44,W,206.03333333333333
40-44,W,206.05
40-44,W,206.05
40-44,W,206.06666666666663
40-44,W,206.06666666666663
40-44,W,206.06666666666663
40-44,W,206.08333333333337
40-44,W,206.08333333333337
40-44,W,206.1
40-44,W,206.11666666666667
40-44,W,206.11666666666667
40-44,W,206.36666666666667
40-44,W,206.4
40-44,W,206.4
40-44,W,206.41666666666663
40-44,W,206.43333333333337
40-44,W,206.43333333333337
40-44,W,206.43333333333337
40-44,W,206.43333333333337
40-44,W,206.5
40-44,W,206.5
40-44,W,206.51666666666668
40-44,W,206.53333333333333
40-44,W,206.56666666666663
40-44,W,206.58333333333337
40-44,W,206.6
40-44,W,206.63333333333333
40-44,W,206.65
40-44,W,206.65
40-44,W,206.7
40-44,W,206.7
40-44,W,206.7
40-44,W,206.71666666666667
40-44,W,206.75
40-44,W,206.8
40-44,W,206.85
40-44,W,206.86666666666667
40-44,W,206.86666666666667
40-44,W,206.95
40-44,W,206.95
40-44,W,207.0
40-44,W,207.05
40-44,W,207.06666666666663
40-44,W,207.08333333333337
40-44,W,207.11666666666667
40-44,W,207.11666666666667
40-44,W,207.16666666666663
40-44,W,207.16666666666663
40-44,W,207.18333333333337
40-44,W,207.18333333333337
40-44,W,207.18333333333337
40-44,W,207.18333333333337
40-44,W,207.2
40-44,W,207.25
40-44,W,207.31666666666663
40-44,W,207.31666666666663
40-44,W,207.46666666666667
40-44,W,207.48333333333332
40-44,W,207.5
40-44,W,207.53333333333333
40-44,W,207.61666666666667
40-44,W,207.63333333333333
40-44,W,207.63333333333333
40-44,W,207.66666666666663
40-44,W,207.68333333333337
40-44,W,207.73333333333332
40-44,W,207.73333333333332
40-44,W,207.73333333333332
40-44,W,207.75
40-44,W,207.8
40-44,W,207.81666666666663
40-44,W,207.81666666666663
40-44,W,207.83333333333337
40-44,W,207.98333333333332
40-44,W,208.03333333333333
40-44,W,208.1
40-44,W,208.1
40-44,W,208.1
40-44,W,208.15
40-44,W,208.16666666666663
40-44,W,208.18333333333337
40-44,W,208.2
40-44,W,208.33333333333337
40-44,W,208.35
40-44,W,208.38333333333333
40-44,W,208.45
40-44,W,208.46666666666667
40-44,W,208.5
40-44,W,208.53333333333333
40-44,W,208.55
40-44,W,208.56666666666663
40-44,W,208.66666666666663
40-44,W,208.68333333333337
40-44,W,208.7
40-44,W,208.73333333333332
40-44,W,208.76666666666668
40-44,W,208.76666666666668
40-44,W,208.78333333333333
40-44,W,208.8
40-44,W,208.8
40-44,W,208.81666666666663
40-44,W,208.83333333333337
40-44,W,208.86666666666667
40-44,W,208.88333333333333
40-44,W,208.9
40-44,W,208.9
40-44,W,208.95
40-44,W,208.95
40-44,W,209.0
40-44,W,209.0
40-44,W,209.01666666666668
40-44,W,209.05
40-44,W,209.06666666666663
40-44,W,209.08333333333337
40-44,W,209.15
40-44,W,209.18333333333337
40-44,W,209.23333333333332
40-44,W,209.23333333333332
40-44,W,209.25
40-44,W,209.28333333333333
40-44,W,209.28333333333333
40-44,W,209.3
40-44,W,209.31666666666663
40-44,W,209.38333333333333
40-44,W,209.41666666666663
40-44,W,209.43333333333337
40-44,W,209.53333333333333
40-44,W,209.6
40-44,W,209.61666666666667
40-44,W,209.63333333333333
40-44,W,209.63333333333333
40-44,W,209.65
40-44,W,209.73333333333332
40-44,W,209.76666666666668
40-44,W,209.78333333333333
40-44,W,209.78333333333333
40-44,W,209.78333333333333
40-44,W,209.85
40-44,W,209.91666666666663
40-44,W,209.95
40-44,W,209.95
40-44,W,209.95
40-44,W,209.95
40-44,W,209.95
40-44,W,209.98333333333332
40-44,W,210.0
40-44,W,210.0
40-44,W,210.01666666666668
40-44,W,210.05
40-44,W,210.08333333333337
40-44,W,210.1
40-44,W,210.1
40-44,W,210.1
40-44,W,210.1
40-44,W,210.11666666666667
40-44,W,210.13333333333333
40-44,W,210.16666666666663
40-44,W,210.16666666666663
40-44,W,210.16666666666663
40-44,W,210.18333333333337
40-44,W,210.2
40-44,W,210.21666666666667
40-44,W,210.23333333333332
40-44,W,210.25
40-44,W,210.26666666666668
40-44,W,210.26666666666668
40-44,W,210.31666666666663
40-44,W,210.31666666666663
40-44,W,210.36666666666667
40-44,W,210.38333333333333
40-44,W,210.38333333333333
40-44,W,210.4
40-44,W,210.41666666666663
40-44,W,210.46666666666667
40-44,W,210.5
40-44,W,210.58333333333337
40-44,W,210.58333333333337
40-44,W,210.63333333333333
40-44,W,210.66666666666663
40-44,W,210.68333333333337
40-44,W,210.76666666666668
40-44,W,210.76666666666668
40-44,W,210.78333333333333
40-44,W,210.78333333333333
40-44,W,210.81666666666663
40-44,W,210.88333333333333
40-44,W,210.91666666666663
40-44,W,210.91666666666663
40-44,W,210.93333333333337
40-44,W,210.93333333333337
40-44,W,210.93333333333337
40-44,W,210.93333333333337
40-44,W,210.96666666666667
40-44,W,211.01666666666668
40-44,W,211.03333333333333
40-44,W,211.03333333333333
40-44,W,211.06666666666663
40-44,W,211.11666666666667
40-44,W,211.11666666666667
40-44,W,211.13333333333333
40-44,W,211.13333333333333
40-44,W,211.13333333333333
40-44,W,211.13333333333333
40-44,W,211.15
40-44,W,211.16666666666663
40-44,W,211.16666666666663
40-44,W,211.23333333333332
40-44,W,211.25
40-44,W,211.25
40-44,W,211.26666666666668
40-44,W,211.28333333333333
40-44,W,211.31666666666663
40-44,W,211.38333333333333
40-44,W,211.43333333333337
40-44,W,211.48333333333332
40-44,W,211.48333333333332
40-44,W,211.51666666666668
40-44,W,211.53333333333333
40-44,W,211.53333333333333
40-44,W,211.6
40-44,W,211.61666666666667
40-44,W,211.61666666666667
40-44,W,211.63333333333333
40-44,W,211.68333333333337
40-44,W,211.78333333333333
40-44,W,211.85
40-44,W,211.85
40-44,W,211.86666666666667
40-44,W,211.88333333333333
40-44,W,211.9
40-44,W,211.91666666666663
40-44,W,212.1
40-44,W,212.11666666666667
40-44,W,212.11666666666667
40-44,W,212.11666666666667
40-44,W,212.13333333333333
40-44,W,212.13333333333333
40-44,W,212.15
40-44,W,212.15
40-44,W,212.15
40-44,W,212.21666666666667
40-44,W,212.25
40-44,W,212.3
40-44,W,212.33333333333337
40-44,W,212.35
40-44,W,212.35
40-44,W,212.38333333333333
40-44,W,212.38333333333333
40-44,W,212.4
40-44,W,212.41666666666663
40-44,W,212.41666666666663
40-44,W,212.43333333333337
40-44,W,212.45
40-44,W,212.5
40-44,W,212.53333333333333
40-44,W,212.58333333333337
40-44,W,212.58333333333337
40-44,W,212.61666666666667
40-44,W,212.65
40-44,W,212.65
40-44,W,212.73333333333332
40-44,W,212.75
40-44,W,212.76666666666668
40-44,W,212.83333333333337
40-44,W,212.83333333333337
40-44,W,212.9
40-44,W,212.9
40-44,W,212.9
40-44,W,213.03333333333333
40-44,W,213.06666666666663
40-44,W,213.1
40-44,W,213.11666666666667
40-44,W,213.13333333333333
40-44,W,213.15
40-44,W,213.21666666666667
40-44,W,213.21666666666667
40-44,W,213.3
40-44,W,213.31666666666663
40-44,W,213.31666666666663
40-44,W,213.35
40-44,W,213.4
40-44,W,213.4
40-44,W,213.4
40-44,W,213.45
40-44,W,213.46666666666667
40-44,W,213.5
40-44,W,213.51666666666668
40-44,W,213.53333333333333
40-44,W,213.55
40-44,W,213.55
40-44,W,213.55
40-44,W,213.55
40-44,W,213.55
40-44,W,213.56666666666663
40-44,W,213.58333333333337
40-44,W,213.6
40-44,W,213.61666666666667
40-44,W,213.61666666666667
40-44,W,213.61666666666667
40-44,W,213.65
40-44,W,213.65
40-44,W,213.71666666666667
40-44,W,213.71666666666667
40-44,W,213.73333333333332
40-44,W,213.76666666666668
40-44,W,213.76666666666668
40-44,W,213.78333333333333
40-44,W,213.81666666666663
40-44,W,213.81666666666663
40-44,W,213.9
40-44,W,213.95
40-44,W,213.95
40-44,W,213.96666666666667
40-44,W,213.96666666666667
40-44,W,214.0
40-44,W,214.05
40-44,W,214.06666666666663
40-44,W,214.08333333333337
40-44,W,214.11666666666667
40-44,W,214.13333333333333
40-44,W,214.15
40-44,W,214.15
40-44,W,214.15
40-44,W,214.18333333333337
40-44,W,214.2
40-44,W,214.21666666666667
40-44,W,214.23333333333332
40-44,W,214.25
40-44,W,214.25
40-44,W,214.3
40-44,W,214.31666666666663
40-44,W,214.31666666666663
40-44,W,214.35
40-44,W,214.36666666666667
40-44,W,214.4
40-44,W,214.4
40-44,W,214.41666666666663
40-44,W,214.41666666666663
40-44,W,214.43333333333337
40-44,W,214.43333333333337
40-44,W,214.45
40-44,W,214.46666666666667
40-44,W,214.46666666666667
40-44,W,214.53333333333333
40-44,W,214.56666666666663
40-44,W,214.56666666666663
40-44,W,214.56666666666663
40-44,W,214.6
40-44,W,214.63333333333333
40-44,W,214.65
40-44,W,214.66666666666663
40-44,W,214.66666666666663
40-44,W,214.7
40-44,W,214.78333333333333
40-44,W,214.8
40-44,W,214.85
40-44,W,214.88333333333333
40-44,W,214.88333333333333
40-44,W,214.9
40-44,W,214.9
40-44,W,214.91666666666663
40-44,W,214.91666666666663
40-44,W,214.91666666666663
40-44,W,214.93333333333337
40-44,W,214.93333333333337
40-44,W,214.96666666666667
40-44,W,215.0
40-44,W,215.03333333333333
40-44,W,215.03333333333333
40-44,W,215.03333333333333
40-44,W,215.05
40-44,W,215.06666666666663
40-44,W,215.08333333333337
40-44,W,215.08333333333337
40-44,W,215.13333333333333
40-44,W,215.18333333333337
40-44,W,215.2
40-44,W,215.21666666666667
40-44,W,215.23333333333332
40-44,W,215.25
40-44,W,215.26666666666668
40-44,W,215.26666666666668
40-44,W,215.28333333333333
40-44,W,215.31666666666663
40-44,W,215.4
40-44,W,215.41666666666663
40-44,W,215.46666666666667
40-44,W,215.48333333333332
40-44,W,215.5
40-44,W,215.56666666666663
40-44,W,215.6
40-44,W,215.61666666666667
40-44,W,215.66666666666663
40-44,W,215.68333333333337
40-44,W,215.68333333333337
40-44,W,215.76666666666668
40-44,W,215.76666666666668
40-44,W,215.78333333333333
40-44,W,215.81666666666663
40-44,W,215.83333333333337
40-44,W,215.83333333333337
40-44,W,215.83333333333337
40-44,W,215.83333333333337
40-44,W,215.85
40-44,W,215.96666666666667
40-44,W,215.98333333333332
40-44,W,216.0
40-44,W,216.01666666666668
40-44,W,216.03333333333333
40-44,W,216.05
40-44,W,216.08333333333337
40-44,W,216.1
40-44,W,216.1
40-44,W,216.11666666666667
40-44,W,216.11666666666667
40-44,W,216.15
40-44,W,216.16666666666663
40-44,W,216.18333333333337
40-44,W,216.21666666666667
40-44,W,216.21666666666667
40-44,W,216.23333333333332
40-44,W,216.28333333333333
40-44,W,216.36666666666667
40-44,W,216.36666666666667
40-44,W,216.4
40-44,W,216.4
40-44,W,216.4
40-44,W,216.41666666666663
40-44,W,216.46666666666667
40-44,W,216.48333333333332
40-44,W,216.48333333333332
40-44,W,216.5
40-44,W,216.53333333333333
40-44,W,216.58333333333337
40-44,W,216.61666666666667
40-44,W,216.63333333333333
40-44,W,216.66666666666663
40-44,W,216.7
40-44,W,216.7
40-44,W,216.7
40-44,W,216.75
40-44,W,216.75
40-44,W,216.8
40-44,W,216.81666666666663
40-44,W,216.81666666666663
40-44,W,216.86666666666667
40-44,W,216.86666666666667
40-44,W,216.88333333333333
40-44,W,216.88333333333333
40-44,W,216.91666666666663
40-44,W,216.93333333333337
40-44,W,216.95
40-44,W,216.95
40-44,W,216.98333333333332
40-44,W,217.01666666666668
40-44,W,217.03333333333333
40-44,W,217.05
40-44,W,217.06666666666663
40-44,W,217.06666666666663
40-44,W,217.1
40-44,W,217.11666666666667
40-44,W,217.11666666666667
40-44,W,217.11666666666667
40-44,W,217.13333333333333
40-44,W,217.13333333333333
40-44,W,217.15
40-44,W,217.18333333333337
40-44,W,217.21666666666667
40-44,W,217.23333333333332
40-44,W,217.25
40-44,W,217.25
40-44,W,217.26666666666668
40-44,W,217.28333333333333
40-44,W,217.3
40-44,W,217.31666666666663
40-44,W,217.35
40-44,W,217.35
40-44,W,217.4
40-44,W,217.41666666666663
40-44,W,217.43333333333337
40-44,W,217.48333333333332
40-44,W,217.53333333333333
40-44,W,217.55
40-44,W,217.58333333333337
40-44,W,217.61666666666667
40-44,W,217.66666666666663
40-44,W,217.68333333333337
40-44,W,217.7
40-44,W,217.78333333333333
40-44,W,217.78333333333333
40-44,W,217.78333333333333
40-44,W,217.8
40-44,W,217.88333333333333
40-44,W,217.88333333333333
40-44,W,217.88333333333333
40-44,W,217.9
40-44,W,217.96666666666667
40-44,W,218.0
40-44,W,218.01666666666668
40-44,W,218.05
40-44,W,218.1
40-44,W,218.23333333333332
40-44,W,218.23333333333332
40-44,W,218.26666666666668
40-44,W,218.26666666666668
40-44,W,218.3
40-44,W,218.31666666666663
40-44,W,218.33333333333337
40-44,W,218.38333333333333
40-44,W,218.4
40-44,W,218.41666666666663
40-44,W,218.45
40-44,W,218.45
40-44,W,218.46666666666667
40-44,W,218.51666666666668
40-44,W,218.53333333333333
40-44,W,218.53333333333333
40-44,W,218.56666666666663
40-44,W,218.6
40-44,W,218.63333333333333
40-44,W,218.63333333333333
40-44,W,218.65
40-44,W,218.68333333333337
40-44,W,218.75
40-44,W,218.83333333333337
40-44,W,218.86666666666667
40-44,W,218.88333333333333
40-44,W,218.93333333333337
40-44,W,218.93333333333337
40-44,W,218.96666666666667
40-44,W,218.98333333333332
40-44,W,219.0
40-44,W,219.0
40-44,W,219.01666666666668
40-44,W,219.01666666666668
40-44,W,219.11666666666667
40-44,W,219.15
40-44,W,219.2
40-44,W,219.2
40-44,W,219.21666666666667
40-44,W,219.25
40-44,W,219.26666666666668
40-44,W,219.28333333333333
40-44,W,219.28333333333333
40-44,W,219.3
40-44,W,219.35
40-44,W,219.35
40-44,W,219.4
40-44,W,219.41666666666663
40-44,W,219.41666666666663
40-44,W,219.41666666666663
40-44,W,219.48333333333332
40-44,W,219.5
40-44,W,219.53333333333333
40-44,W,219.55
40-44,W,219.55
40-44,W,219.55
40-44,W,219.55
40-44,W,219.6
40-44,W,219.61666666666667
40-44,W,219.65
40-44,W,219.66666666666663
40-44,W,219.66666666666663
40-44,W,219.68333333333337
40-44,W,219.75
40-44,W,219.76666666666668
40-44,W,219.76666666666668
40-44,W,219.78333333333333
40-44,W,219.78333333333333
40-44,W,219.83333333333337
40-44,W,219.93333333333337
40-44,W,219.95
40-44,W,219.96666666666667
40-44,W,220.01666666666668
40-44,W,220.03333333333333
40-44,W,220.06666666666663
40-44,W,220.08333333333337
40-44,W,220.1
40-44,W,220.1
40-44,W,220.13333333333333
40-44,W,220.15
40-44,W,220.25
40-44,W,220.28333333333333
40-44,W,220.28333333333333
40-44,W,220.35
40-44,W,220.35
40-44,W,220.35
40-44,W,220.41666666666663
40-44,W,220.41666666666663
40-44,W,220.43333333333337
40-44,W,220.43333333333337
40-44,W,220.43333333333337
40-44,W,220.5
40-44,W,220.5
40-44,W,220.63333333333333
40-44,W,220.63333333333333
40-44,W,220.68333333333337
40-44,W,220.71666666666667
40-44,W,220.71666666666667
40-44,W,220.71666666666667
40-44,W,220.75
40-44,W,220.78333333333333
40-44,W,220.78333333333333
40-44,W,220.8
40-44,W,220.83333333333337
40-44,W,220.83333333333337
40-44,W,220.86666666666667
40-44,W,220.88333333333333
40-44,W,220.9
40-44,W,220.91666666666663
40-44,W,221.01666666666668
40-44,W,221.01666666666668
40-44,W,221.15
40-44,W,221.18333333333337
40-44,W,221.18333333333337
40-44,W,221.18333333333337
40-44,W,221.2
40-44,W,221.23333333333332
40-44,W,221.31666666666663
40-44,W,221.35
40-44,W,221.48333333333332
40-44,W,221.48333333333332
40-44,W,221.56666666666663
40-44,W,221.56666666666663
40-44,W,221.58333333333337
40-44,W,221.58333333333337
40-44,W,221.58333333333337
40-44,W,221.58333333333337
40-44,W,221.58333333333337
40-44,W,221.6
40-44,W,221.61666666666667
40-44,W,221.66666666666663
40-44,W,221.66666666666663
40-44,W,221.66666666666663
40-44,W,221.71666666666667
40-44,W,221.71666666666667
40-44,W,221.75
40-44,W,221.75
40-44,W,221.76666666666668
40-44,W,221.78333333333333
40-44,W,221.78333333333333
40-44,W,221.85
40-44,W,221.88333333333333
40-44,W,221.9
40-44,W,221.9
40-44,W,221.91666666666663
40-44,W,221.93333333333337
40-44,W,222.03333333333333
40-44,W,222.05
40-44,W,222.08333333333337
40-44,W,222.08333333333337
40-44,W,222.1
40-44,W,222.1
40-44,W,222.11666666666667
40-44,W,222.11666666666667
40-44,W,222.13333333333333
40-44,W,222.15
40-44,W,222.16666666666663
40-44,W,222.18333333333337
40-44,W,222.23333333333332
40-44,W,222.25
40-44,W,222.28333333333333
40-44,W,222.31666666666663
40-44,W,222.33333333333337
40-44,W,222.38333333333333
40-44,W,222.38333333333333
40-44,W,222.48333333333332
40-44,W,222.5
40-44,W,222.5
40-44,W,222.55
40-44,W,222.58333333333337
40-44,W,222.61666666666667
40-44,W,222.76666666666668
40-44,W,222.8
40-44,W,222.8
40-44,W,222.86666666666667
40-44,W,222.9
40-44,W,222.95
40-44,W,222.98333333333332
40-44,W,223.03333333333333
40-44,W,223.03333333333333
40-44,W,223.06666666666663
40-44,W,223.13333333333333
40-44,W,223.2
40-44,W,223.23333333333332
40-44,W,223.25
40-44,W,223.25
40-44,W,223.28333333333333
40-44,W,223.31666666666663
40-44,W,223.5
40-44,W,223.5
40-44,W,223.53333333333333
40-44,W,223.7
40-44,W,223.76666666666668
40-44,W,223.76666666666668
40-44,W,223.8
40-44,W,223.83333333333337
40-44,W,223.86666666666667
40-44,W,223.88333333333333
40-44,W,223.9
40-44,W,223.93333333333337
40-44,W,223.93333333333337
40-44,W,224.01666666666668
40-44,W,224.05
40-44,W,224.08333333333337
40-44,W,224.15
40-44,W,224.16666666666663
40-44,W,224.18333333333337
40-44,W,224.26666666666668
40-44,W,224.26666666666668
40-44,W,224.3
40-44,W,224.4
40-44,W,224.4
40-44,W,224.4
40-44,W,224.4
40-44,W,224.43333333333337
40-44,W,224.58333333333337
40-44,W,224.6
40-44,W,224.61666666666667
40-44,W,224.61666666666667
40-44,W,224.61666666666667
40-44,W,224.61666666666667
40-44,W,224.63333333333333
40-44,W,224.7
40-44,W,224.73333333333332
40-44,W,224.73333333333332
40-44,W,224.88333333333333
40-44,W,224.9
40-44,W,224.95
40-44,W,224.96666666666667
40-44,W,224.98333333333332
40-44,W,225.21666666666667
40-44,W,225.23333333333332
40-44,W,225.26666666666668
40-44,W,225.3
40-44,W,225.33333333333337
40-44,W,225.35
40-44,W,225.4
40-44,W,225.48333333333332
40-44,W,225.56666666666663
40-44,W,225.63333333333333
40-44,W,225.65
40-44,W,225.71666666666667
40-44,W,225.8
40-44,W,225.95
40-44,W,226.0
40-44,W,226.03333333333333
40-44,W,226.06666666666663
40-44,W,226.08333333333337
40-44,W,226.1
40-44,W,226.13333333333333
40-44,W,226.13333333333333
40-44,W,226.18333333333337
40-44,W,226.2
40-44,W,226.2
40-44,W,226.21666666666667
40-44,W,226.21666666666667
40-44,W,226.23333333333332
40-44,W,226.23333333333332
40-44,W,226.28333333333333
40-44,W,226.36666666666667
40-44,W,226.43333333333337
40-44,W,226.61666666666667
40-44,W,226.61666666666667
40-44,W,226.63333333333333
40-44,W,226.68333333333337
40-44,W,226.7
40-44,W,226.83333333333337
40-44,W,226.86666666666667
40-44,W,226.91666666666663
40-44,W,226.91666666666663
40-44,W,227.0
40-44,W,227.03333333333333
40-44,W,227.1
40-44,W,227.11666666666667
40-44,W,227.2
40-44,W,227.28333333333333
40-44,W,227.35
40-44,W,227.36666666666667
40-44,W,227.38333333333333
40-44,W,227.4
40-44,W,227.41666666666663
40-44,W,227.53333333333333
40-44,W,227.53333333333333
40-44,W,227.61666666666667
40-44,W,227.76666666666668
40-44,W,227.85
40-44,W,227.86666666666667
40-44,W,227.9
40-44,W,227.9
40-44,W,227.91666666666663
40-44,W,227.91666666666663
40-44,W,227.95
40-44,W,228.0
40-44,W,228.03333333333333
40-44,W,228.06666666666663
40-44,W,228.15
40-44,W,228.16666666666663
40-44,W,228.16666666666663
40-44,W,228.16666666666663
40-44,W,228.25
40-44,W,228.3
40-44,W,228.33333333333337
40-44,W,228.38333333333333
40-44,W,228.4
40-44,W,228.48333333333332
40-44,W,228.5
40-44,W,228.5
40-44,W,228.58333333333337
40-44,W,228.58333333333337
40-44,W,228.6
40-44,W,228.61666666666667
40-44,W,228.71666666666667
40-44,W,228.76666666666668
40-44,W,228.8
40-44,W,228.85
40-44,W,228.85
40-44,W,228.93333333333337
40-44,W,229.01666666666668
40-44,W,229.1
40-44,W,229.15
40-44,W,229.18333333333337
40-44,W,229.28333333333333
40-44,W,229.33333333333337
40-44,W,229.35
40-44,W,229.53333333333333
40-44,W,229.6
40-44,W,229.61666666666667
40-44,W,229.61666666666667
40-44,W,229.68333333333337
40-44,W,229.71666666666667
40-44,W,229.71666666666667
40-44,W,229.71666666666667
40-44,W,229.78333333333333
40-44,W,230.01666666666668
40-44,W,230.01666666666668
40-44,W,230.03333333333333
40-44,W,230.05
40-44,W,230.08333333333337
40-44,W,230.1
40-44,W,230.18333333333337
40-44,W,230.18333333333337
40-44,W,230.21666666666667
40-44,W,230.26666666666668
40-44,W,230.28333333333333
40-44,W,230.31666666666663
40-44,W,230.41666666666663
40-44,W,230.43333333333337
40-44,W,230.53333333333333
40-44,W,230.53333333333333
40-44,W,230.61666666666667
40-44,W,230.65
40-44,W,230.66666666666663
40-44,W,230.7
40-44,W,230.71666666666667
40-44,W,230.76666666666668
40-44,W,230.81666666666663
40-44,W,230.83333333333337
40-44,W,230.83333333333337
40-44,W,230.83333333333337
40-44,W,230.85
40-44,W,230.93333333333337
40-44,W,231.0
40-44,W,231.15
40-44,W,231.23333333333332
40-44,W,231.26666666666668
40-44,W,231.35
40-44,W,231.38333333333333
40-44,W,231.4
40-44,W,231.41666666666663
40-44,W,231.45
40-44,W,231.5
40-44,W,231.5
40-44,W,231.51666666666668
40-44,W,231.61666666666667
40-44,W,231.65
40-44,W,231.66666666666663
40-44,W,231.7
40-44,W,231.71666666666667
40-44,W,231.71666666666667
40-44,W,231.73333333333332
40-44,W,231.75
40-44,W,231.75
40-44,W,231.96666666666667
40-44,W,231.98333333333332
40-44,W,232.06666666666663
40-44,W,232.11666666666667
40-44,W,232.21666666666667
40-44,W,232.28333333333333
40-44,W,232.28333333333333
40-44,W,232.35
40-44,W,232.35
40-44,W,232.36666666666667
40-44,W,232.38333333333333
40-44,W,232.45
40-44,W,232.5
40-44,W,232.55
40-44,W,232.56666666666663
40-44,W,232.6
40-44,W,232.61666666666667
40-44,W,232.63333333333333
40-44,W,232.75
40-44,W,232.81666666666663
40-44,W,232.93333333333337
40-44,W,232.96666666666667
40-44,W,233.03333333333333
40-44,W,233.1
40-44,W,233.2
40-44,W,233.21666666666667
40-44,W,233.23333333333332
40-44,W,233.23333333333332
40-44,W,233.23333333333332
40-44,W,233.3
40-44,W,233.31666666666663
40-44,W,233.36666666666667
40-44,W,233.43333333333337
40-44,W,233.48333333333332
40-44,W,233.5
40-44,W,233.56666666666663
40-44,W,233.56666666666663
40-44,W,233.63333333333333
40-44,W,233.66666666666663
40-44,W,233.66666666666663
40-44,W,233.68333333333337
40-44,W,233.85
40-44,W,233.9
40-44,W,233.93333333333337
40-44,W,233.96666666666667
40-44,W,233.98333333333332
40-44,W,234.06666666666663
40-44,W,234.06666666666663
40-44,W,234.1
40-44,W,234.31666666666663
40-44,W,234.31666666666663
40-44,W,234.33333333333337
40-44,W,234.48333333333332
40-44,W,234.53333333333333
40-44,W,234.63333333333333
40-44,W,234.7
40-44,W,234.91666666666663
40-44,W,234.91666666666663
40-44,W,234.91666666666663
40-44,W,234.91666666666663
40-44,W,234.93333333333337
40-44,W,234.96666666666667
40-44,W,235.1
40-44,W,235.11666666666667
40-44,W,235.18333333333337
40-44,W,235.18333333333337
40-44,W,235.25
40-44,W,235.26666666666668
40-44,W,235.3
40-44,W,235.3
40-44,W,235.65
40-44,W,235.65
40-44,W,235.68333333333337
40-44,W,235.75
40-44,W,235.76666666666668
40-44,W,235.78333333333333
40-44,W,235.78333333333333
40-44,W,235.78333333333333
40-44,W,235.8
40-44,W,235.81666666666663
40-44,W,235.86666666666667
40-44,W,236.03333333333333
40-44,W,236.15
40-44,W,236.31666666666663
40-44,W,236.41666666666663
40-44,W,236.46666666666667
40-44,W,236.61666666666667
40-44,W,236.76666666666668
40-44,W,236.78333333333333
40-44,W,236.86666666666667
40-44,W,236.86666666666667
40-44,W,237.15
40-44,W,237.25
40-44,W,237.26666666666668
40-44,W,237.28333333333333
40-44,W,237.45
40-44,W,237.5
40-44,W,237.73333333333332
40-44,W,237.75
40-44,W,237.78333333333333
40-44,W,237.8
40-44,W,237.95
40-44,W,238.1
40-44,W,238.21666666666667
40-44,W,238.35
40-44,W,238.36666666666667
40-44,W,238.61666666666667
40-44,W,238.63333333333333
40-44,W,238.63333333333333
40-44,W,238.83333333333337
40-44,W,239.06666666666663
40-44,W,239.06666666666663
40-44,W,239.06666666666663
40-44,W,239.13333333333333
40-44,W,239.15
40-44,W,239.21666666666667
40-44,W,239.21666666666667
40-44,W,239.25
40-44,W,239.31666666666663
40-44,W,239.43333333333337
40-44,W,239.46666666666667
40-44,W,239.51666666666668
40-44,W,239.51666666666668
40-44,W,239.51666666666668
40-44,W,239.66666666666663
40-44,W,239.75
40-44,W,239.85
40-44,W,239.86666666666667
40-44,W,239.88333333333333
40-44,W,239.88333333333333
40-44,W,240.13333333333333
40-44,W,240.16666666666663
40-44,W,240.21666666666667
40-44,W,240.45
40-44,W,240.5
40-44,W,240.55
40-44,W,240.55
40-44,W,240.63333333333333
40-44,W,240.7
40-44,W,240.73333333333332
40-44,W,240.9
40-44,W,240.93333333333337
40-44,W,241.18333333333337
40-44,W,241.23333333333332
40-44,W,241.25
40-44,W,241.31666666666663
40-44,W,241.33333333333337
40-44,W,241.45
40-44,W,241.63333333333333
40-44,W,241.66666666666663
40-44,W,241.75
40-44,W,242.15
40-44,W,242.23333333333332
40-44,W,242.23333333333332
40-44,W,242.66666666666663
40-44,W,242.73333333333332
40-44,W,242.85
40-44,W,242.98333333333332
40-44,W,243.03333333333333
40-44,W,243.16666666666663
40-44,W,243.25
40-44,W,243.3
40-44,W,243.51666666666668
40-44,W,243.71666666666667
40-44,W,243.71666666666667
40-44,W,243.73333333333332
40-44,W,243.8
40-44,W,244.31666666666663
40-44,W,244.31666666666663
40-44,W,244.55
40-44,W,244.56666666666663
40-44,W,244.83333333333337
40-44,W,244.88333333333333
40-44,W,244.93333333333337
40-44,W,244.98333333333332
40-44,W,245.33333333333337
40-44,W,245.46666666666667
40-44,W,245.76666666666668
40-44,W,245.91666666666663
40-44,W,246.16666666666663
40-44,W,246.16666666666663
40-44,W,246.96666666666667
40-44,W,247.01666666666668
40-44,W,247.15
40-44,W,247.31666666666663
40-44,W,247.36666666666667
40-44,W,247.36666666666667
40-44,W,247.38333333333333
40-44,W,247.56666666666663
40-44,W,247.83333333333337
40-44,W,248.03333333333333
40-44,W,248.05
40-44,W,248.61666666666667
40-44,W,248.7
40-44,W,248.8
40-44,W,248.8
40-44,W,248.86666666666667
40-44,W,248.95
40-44,W,248.95
40-44,W,249.01666666666668
40-44,W,249.06666666666663
40-44,W,249.15
40-44,W,249.2
40-44,W,249.45
40-44,W,249.46666666666667
40-44,W,249.55
40-44,W,249.58333333333337
40-44,W,249.66666666666663
40-44,W,249.66666666666663
40-44,W,249.76666666666668
40-44,W,249.85
40-44,W,250.1
40-44,W,250.23333333333332
40-44,W,250.33333333333337
40-44,W,250.45
40-44,W,250.66666666666663
40-44,W,250.78333333333333
40-44,W,250.95
40-44,W,251.36666666666667
40-44,W,251.5
40-44,W,251.78333333333333
40-44,W,251.86666666666667
40-44,W,252.18333333333337
40-44,W,252.55
40-44,W,252.66666666666663
40-44,W,252.75
40-44,W,252.78333333333333
40-44,W,253.15
40-44,W,253.15
40-44,W,253.4
40-44,W,253.5
40-44,W,253.51666666666668
40-44,W,253.63333333333333
40-44,W,253.93333333333337
40-44,W,254.08333333333337
40-44,W,254.36666666666667
40-44,W,254.65
40-44,W,254.85
40-44,W,255.2
40-44,W,255.31666666666663
40-44,W,255.33333333333337
40-44,W,255.35
40-44,W,255.48333333333332
40-44,W,255.86666666666667
40-44,W,256.06666666666666
40-44,W,256.0833333333333
40-44,W,257.2
40-44,W,257.25
40-44,W,257.31666666666666
40-44,W,257.6333333333333
40-44,W,257.7
40-44,W,258.23333333333335
40-44,W,258.3333333333333
40-44,W,259.1333333333333
40-44,W,259.35
40-44,W,259.45
40-44,W,259.53333333333336
40-44,W,259.6166666666667
40-44,W,259.68333333333334
40-44,W,259.78333333333336
40-44,W,259.81666666666666
40-44,W,259.8666666666667
40-44,W,259.96666666666664
40-44,W,260.06666666666666
40-44,W,260.53333333333336
40-44,W,260.65
40-44,W,260.8
40-44,W,260.9166666666667
40-44,W,261.15
40-44,W,261.1666666666667
40-44,W,261.1666666666667
40-44,W,261.1666666666667
40-44,W,261.28333333333336
40-44,W,261.3666666666667
40-44,W,261.48333333333335
40-44,W,261.51666666666665
40-44,W,261.76666666666665
40-44,W,262.31666666666666
40-44,W,262.3833333333333
40-44,W,262.6166666666667
40-44,W,262.6666666666667
40-44,W,262.78333333333336
40-44,W,263.48333333333335
40-44,W,263.65
40-44,W,263.7
40-44,W,263.8833333333333
40-44,W,263.95
40-44,W,264.0833333333333
40-44,W,264.1166666666667
40-44,W,264.26666666666665
40-44,W,264.28333333333336
40-44,W,264.76666666666665
40-44,W,265.0833333333333
40-44,W,265.15
40-44,W,265.3333333333333
40-44,W,265.3666666666667
40-44,W,265.56666666666666
40-44,W,265.7
40-44,W,265.81666666666666
40-44,W,265.9166666666667
40-44,W,266.46666666666664
40-44,W,266.5833333333333
40-44,W,266.6166666666667
40-44,W,266.75
40-44,W,266.76666666666665
40-44,W,267.21666666666664
40-44,W,267.21666666666664
40-44,W,267.4166666666667
40-44,W,267.46666666666664
40-44,W,267.5833333333333
40-44,W,267.98333333333335
40-44,W,268.28333333333336
40-44,W,268.31666666666666
40-44,W,268.45
40-44,W,268.51666666666665
40-44,W,268.56666666666666
40-44,W,268.6333333333333
40-44,W,268.68333333333334
40-44,W,268.78333333333336
40-44,W,268.78333333333336
40-44,W,268.8333333333333
40-44,W,269.1666666666667
40-44,W,269.25
40-44,W,269.5
40-44,W,269.8
40-44,W,270.0
40-44,W,270.3666666666667
40-44,W,270.73333333333335
40-44,W,270.8
40-44,W,271.28333333333336
40-44,W,271.35
40-44,W,271.48333333333335
40-44,W,271.55
40-44,W,271.56666666666666
40-44,W,271.8333333333333
40-44,W,271.8833333333333
40-44,W,272.23333333333335
40-44,W,272.3333333333333
40-44,W,272.7
40-44,W,272.7
40-44,W,272.71666666666664
40-44,W,273.06666666666666
40-44,W,274.3666666666667
40-44,W,274.3833333333333
40-44,W,274.4
40-44,W,274.56666666666666
40-44,W,274.71666666666664
40-44,W,274.71666666666664
40-44,W,274.73333333333335
40-44,W,274.8
40-44,W,274.8
40-44,W,275.06666666666666
40-44,W,275.1333333333333
40-44,W,275.4
40-44,W,275.9
40-44,W,276.03333333333336
40-44,W,276.3666666666667
40-44,W,276.76666666666665
40-44,W,276.96666666666664
40-44,W,277.1166666666667
40-44,W,277.28333333333336
40-44,W,277.3666666666667
40-44,W,278.1666666666667
40-44,W,278.21666666666664
40-44,W,278.3833333333333
40-44,W,278.5833333333333
40-44,W,278.76666666666665
40-44,W,278.78333333333336
40-44,W,279.5
40-44,W,279.8833333333333
40-44,W,280.3
40-44,W,280.56666666666666
40-44,W,280.81666666666666
40-44,W,280.8833333333333
40-44,W,281.03333333333336
40-44,W,281.2
40-44,W,281.25
40-44,W,282.31666666666666
40-44,W,282.35
40-44,W,282.48333333333335
40-44,W,282.5
40-44,W,282.55
40-44,W,282.8333333333333
40-44,W,283.03333333333336
40-44,W,283.93333333333334
40-44,W,284.48333333333335
40-44,W,284.5
40-44,W,284.6333333333333
40-44,W,284.71666666666664
40-44,W,284.96666666666664
40-44,W,285.1
40-44,W,285.45
40-44,W,285.56666666666666
40-44,W,285.85
40-44,W,286.4166666666667
40-44,W,286.6333333333333
40-44,W,286.98333333333335
40-44,W,287.35
40-44,W,287.5833333333333
40-44,W,288.3666666666667
40-44,W,288.45
40-44,W,288.8666666666667
40-44,W,288.9166666666667
40-44,W,288.96666666666664
40-44,W,289.78333333333336
40-44,W,289.81666666666666
40-44,W,290.1
40-44,W,290.2
40-44,W,290.31666666666666
40-44,W,290.43333333333334
40-44,W,290.48333333333335
40-44,W,290.6
40-44,W,291.18333333333334
40-44,W,291.4166666666667
40-44,W,291.46666666666664
40-44,W,291.5833333333333
40-44,W,291.75
40-44,W,291.8666666666667
40-44,W,291.8833333333333
40-44,W,291.9
40-44,W,292.56666666666666
40-44,W,292.5833333333333
40-44,W,292.6166666666667
40-44,W,292.8
40-44,W,293.0
40-44,W,293.76666666666665
40-44,W,293.96666666666664
40-44,W,294.35
40-44,W,294.3833333333333
40-44,W,294.46666666666664
40-44,W,294.46666666666664
40-44,W,294.7
40-44,W,294.7
40-44,W,294.8833333333333
40-44,W,294.96666666666664
40-44,W,295.01666666666665
40-44,W,295.21666666666664
40-44,W,295.6166666666667
40-44,W,295.9
40-44,W,295.9
40-44,W,296.1333333333333
40-44,W,296.15
40-44,W,296.8666666666667
40-44,W,297.0
40-44,W,297.01666666666665
40-44,W,297.3833333333333
40-44,W,297.5
40-44,W,297.5833333333333
40-44,W,297.6
40-44,W,297.68333333333334
40-44,W,298.21666666666664
40-44,W,298.25
40-44,W,298.65
40-44,W,298.78333333333336
40-44,W,298.93333333333334
40-44,W,299.8833333333333
40-44,W,300.18333333333334
40-44,W,300.7
40-44,W,300.76666666666665
40-44,W,300.85
40-44,W,300.98333333333335
40-44,W,301.3
40-44,W,302.53333333333336
40-44,W,302.73333333333335
40-44,W,303.4166666666667
40-44,W,303.6166666666667
40-44,W,304.23333333333335
40-44,W,305.06666666666666
40-44,W,305.15
40-44,W,305.35
40-44,W,305.6666666666667
40-44,W,306.8333333333333
40-44,W,307.1166666666667
40-44,W,308.1333333333333
40-44,W,308.28333333333336
40-44,W,308.28333333333336
40-44,W,308.3
40-44,W,308.3333333333333
40-44,W,308.5833333333333
40-44,W,308.81666666666666
40-44,W,309.28333333333336
40-44,W,309.5833333333333
40-44,W,310.23333333333335
40-44,W,310.3333333333333
40-44,W,310.3666666666667
40-44,W,310.46666666666664
40-44,W,311.56666666666666
40-44,W,311.8833333333333
40-44,W,311.96666666666664
40-44,W,312.45
40-44,W,312.73333333333335
40-44,W,313.96666666666664
40-44,W,314.5
40-44,W,314.6666666666667
40-44,W,315.31666666666666
40-44,W,315.6666666666667
40-44,W,315.73333333333335
40-44,W,315.76666666666665
40-44,W,315.8666666666667
40-44,W,316.18333333333334
40-44,W,316.31666666666666
40-44,W,316.85
40-44,W,317.1166666666667
40-44,W,317.43333333333334
40-44,W,319.55
40-44,W,319.7
40-44,W,320.4166666666667
40-44,W,321.4
40-44,W,321.5
40-44,W,321.8666666666667
40-44,W,322.4
40-44,W,322.65
40-44,W,323.3833333333333
40-44,W,323.6166666666667
40-44,W,323.73333333333335
40-44,W,323.85
40-44,W,324.18333333333334
40-44,W,324.31666666666666
40-44,W,324.53333333333336
40-44,W,324.5833333333333
40-44,W,324.6333333333333
40-44,W,324.8333333333333
40-44,W,324.93333333333334
40-44,W,326.3333333333333
40-44,W,327.31666666666666
40-44,W,327.31666666666666
40-44,W,327.31666666666666
40-44,W,328.4
40-44,W,328.6666666666667
40-44,W,328.75
40-44,W,328.8666666666667
40-44,W,329.1166666666667
40-44,W,329.65
40-44,W,329.95
40-44,W,330.75
40-44,W,330.96666666666664
40-44,W,331.25
40-44,W,331.35
40-44,W,331.56666666666666
40-44,W,331.8333333333333
40-44,W,332.68333333333334
40-44,W,334.0
40-44,W,335.3
40-44,W,335.5833333333333
40-44,W,335.65
40-44,W,337.5
40-44,W,337.8
40-44,W,338.95
40-44,W,340.45
40-44,W,341.25
40-44,W,341.31666666666666
40-44,W,342.1333333333333
40-44,W,342.15
40-44,W,342.18333333333334
40-44,W,342.56666666666666
40-44,W,343.1
40-44,W,343.28333333333336
40-44,W,343.75
40-44,W,343.85
40-44,W,344.55
40-44,W,345.0
40-44,W,345.06666666666666
40-44,W,345.1333333333333
40-44,W,345.23333333333335
40-44,W,345.68333333333334
40-44,W,346.21666666666664
40-44,W,346.35
40-44,W,347.2
40-44,W,347.26666666666665
40-44,W,347.98333333333335
40-44,W,348.3666666666667
40-44,W,349.0833333333333
40-44,W,349.85
40-44,W,350.9166666666667
40-44,W,350.93333333333334
40-44,W,352.6666666666667
40-44,W,352.76666666666665
40-44,W,353.3333333333333
40-44,W,354.6666666666667
40-44,W,355.15
40-44,W,355.65
40-44,W,356.71666666666664
40-44,W,357.3333333333333
40-44,W,357.35
40-44,W,358.31666666666666
40-44,W,358.3333333333333
40-44,W,358.3333333333333
40-44,W,358.51666666666665
40-44,W,358.6666666666667
40-44,W,359.05
40-44,W,360.1166666666667
40-44,W,360.23333333333335
40-44,W,362.35
40-44,W,362.7
40-44,W,364.28333333333336
45-49,W,165.01666666666668
45-49,W,166.0
45-49,W,170.53333333333333
45-49,W,175.0
45-49,W,175.18333333333334
45-49,W,176.03333333333333
45-49,W,178.68333333333334
45-49,W,178.85
45-49,W,179.63333333333333
45-49,W,180.85
45-49,W,181.71666666666667
45-49,W,181.98333333333332
45-49,W,182.1
45-49,W,182.26666666666668
45-49,W,182.5
45-49,W,182.78333333333333
45-49,W,182.83333333333337
45-49,W,183.01666666666668
45-49,W,184.0
45-49,W,185.61666666666667
45-49,W,186.25
45-49,W,186.35
45-49,W,186.35
45-49,W,186.53333333333333
45-49,W,186.7
45-49,W,186.85
45-49,W,186.91666666666663
45-49,W,187.28333333333333
45-49,W,187.4
45-49,W,187.43333333333337
45-49,W,187.46666666666667
45-49,W,188.01666666666668
45-49,W,188.1
45-49,W,188.1
45-49,W,188.15
45-49,W,189.35
45-49,W,189.88333333333333
45-49,W,190.43333333333337
45-49,W,190.75
45-49,W,190.76666666666668
45-49,W,190.85
45-49,W,191.03333333333333
45-49,W,191.33333333333337
45-49,W,191.86666666666667
45-49,W,191.9
45-49,W,191.95
45-49,W,193.05
45-49,W,193.06666666666663
45-49,W,193.33333333333337
45-49,W,193.51666666666668
45-49,W,194.0
45-49,W,194.0
45-49,W,194.11666666666667
45-49,W,194.13333333333333
45-49,W,194.23333333333332
45-49,W,194.55
45-49,W,194.63333333333333
45-49,W,194.7
45-49,W,194.71666666666667
45-49,W,194.98333333333332
45-49,W,195.0
45-49,W,195.16666666666663
45-49,W,195.18333333333337
45-49,W,195.28333333333333
45-49,W,195.3
45-49,W,195.4
45-49,W,195.43333333333337
45-49,W,195.51666666666668
45-49,W,195.61666666666667
45-49,W,196.2
45-49,W,196.25
45-49,W,196.48333333333332
45-49,W,196.48333333333332
45-49,W,196.65
45-49,W,197.48333333333332
45-49,W,197.56666666666663
45-49,W,197.6
45-49,W,197.76666666666668
45-49,W,197.8
45-49,W,197.81666666666663
45-49,W,197.91666666666663
45-49,W,198.06666666666663
45-49,W,198.11666666666667
45-49,W,198.16666666666663
45-49,W,198.33333333333337
45-49,W,198.71666666666667
45-49,W,198.96666666666667
45-49,W,199.08333333333337
45-49,W,199.18333333333337
45-49,W,199.2
45-49,W,199.26666666666668
45-49,W,199.36666666666667
45-49,W,199.4
45-49,W,199.5
45-49,W,199.6
45-49,W,199.66666666666663
45-49,W,199.81666666666663
45-49,W,199.98333333333332
45-49,W,200.06666666666663
45-49,W,200.21666666666667
45-49,W,200.33333333333337
45-49,W,200.38333333333333
45-49,W,200.43333333333337
45-49,W,200.45
45-49,W,200.46666666666667
45-49,W,200.56666666666663
45-49,W,200.61666666666667
45-49,W,200.68333333333337
45-49,W,200.7
45-49,W,200.86666666666667
45-49,W,201.06666666666663
45-49,W,201.23333333333332
45-49,W,201.33333333333337
45-49,W,201.43333333333337
45-49,W,201.66666666666663
45-49,W,201.8
45-49,W,201.85
45-49,W,201.91666666666663
45-49,W,202.06666666666663
45-49,W,202.13333333333333
45-49,W,202.13333333333333
45-49,W,202.16666666666663
45-49,W,202.16666666666663
45-49,W,202.23333333333332
45-49,W,202.25
45-49,W,202.45
45-49,W,202.46666666666667
45-49,W,202.53333333333333
45-49,W,202.61666666666667
45-49,W,202.66666666666663
45-49,W,202.68333333333337
45-49,W,202.7
45-49,W,202.73333333333332
45-49,W,202.75
45-49,W,202.96666666666667
45-49,W,202.96666666666667
45-49,W,202.96666666666667
45-49,W,203.13333333333333
45-49,W,203.13333333333333
45-49,W,203.15
45-49,W,203.26666666666668
45-49,W,203.28333333333333
45-49,W,203.3
45-49,W,203.33333333333337
45-49,W,203.36666666666667
45-49,W,203.43333333333337
45-49,W,203.51666666666668
45-49,W,203.51666666666668
45-49,W,203.56666666666663
45-49,W,203.61666666666667
45-49,W,203.7
45-49,W,203.7
45-49,W,203.93333333333337
45-49,W,203.93333333333337
45-49,W,204.01666666666668
45-49,W,204.05
45-49,W,204.05
45-49,W,204.16666666666663
45-49,W,204.31666666666663
45-49,W,204.33333333333337
45-49,W,204.35
45-49,W,204.5
45-49,W,204.53333333333333
45-49,W,204.55
45-49,W,204.9
45-49,W,204.9
45-49,W,204.91666666666663
45-49,W,204.96666666666667
45-49,W,204.98333333333332
45-49,W,205.0
45-49,W,205.01666666666668
45-49,W,205.05
45-49,W,205.05
45-49,W,205.08333333333337
45-49,W,205.08333333333337
45-49,W,205.1
45-49,W,205.1
45-49,W,205.13333333333333
45-49,W,205.13333333333333
45-49,W,205.13333333333333
45-49,W,205.13333333333333
45-49,W,205.16666666666663
45-49,W,205.23333333333332
45-49,W,205.3
45-49,W,205.31666666666663
45-49,W,205.38333333333333
45-49,W,205.4
45-49,W,205.46666666666667
45-49,W,205.56666666666663
45-49,W,205.6
45-49,W,205.71666666666667
45-49,W,205.75
45-49,W,205.85
45-49,W,205.86666666666667
45-49,W,205.86666666666667
45-49,W,205.91666666666663
45-49,W,205.96666666666667
45-49,W,206.01666666666668
45-49,W,206.03333333333333
45-49,W,206.06666666666663
45-49,W,206.11666666666667
45-49,W,206.15
45-49,W,206.23333333333332
45-49,W,206.35
45-49,W,206.36666666666667
45-49,W,206.36666666666667
45-49,W,206.36666666666667
45-49,W,206.45
45-49,W,206.46666666666667
45-49,W,206.48333333333332
45-49,W,206.63333333333333
45-49,W,206.7
45-49,W,206.71666666666667
45-49,W,206.71666666666667
45-49,W,206.76666666666668
45-49,W,206.81666666666663
45-49,W,206.83333333333337
45-49,W,206.86666666666667
45-49,W,206.88333333333333
45-49,W,206.98333333333332
45-49,W,207.0
45-49,W,207.05
45-49,W,207.21666666666667
45-49,W,207.21666666666667
45-49,W,207.26666666666668
45-49,W,207.28333333333333
45-49,W,207.35
45-49,W,207.48333333333332
45-49,W,207.51666666666668
45-49,W,207.56666666666663
45-49,W,207.56666666666663
45-49,W,207.61666666666667
45-49,W,207.61666666666667
45-49,W,207.63333333333333
45-49,W,207.73333333333332
45-49,W,207.83333333333337
45-49,W,207.88333333333333
45-49,W,207.88333333333333
45-49,W,207.9
45-49,W,207.91666666666663
45-49,W,207.96666666666667
45-49,W,207.98333333333332
45-49,W,208.0
45-49,W,208.01666666666668
45-49,W,208.01666666666668
45-49,W,208.11666666666667
45-49,W,208.23333333333332
45-49,W,208.23333333333332
45-49,W,208.31666666666663
45-49,W,208.35
45-49,W,208.43333333333337
45-49,W,208.53333333333333
45-49,W,208.55
45-49,W,208.56666666666663
45-49,W,208.6
45-49,W,208.68333333333337
45-49,W,208.71666666666667
45-49,W,208.75
45-49,W,208.78333333333333
45-49,W,208.83333333333337
45-49,W,208.86666666666667
45-49,W,208.95
45-49,W,208.95
45-49,W,208.96666666666667
45-49,W,209.0
45-49,W,209.05
45-49,W,209.05
45-49,W,209.06666666666663
45-49,W,209.1
45-49,W,209.11666666666667
45-49,W,209.13333333333333
45-49,W,209.13333333333333
45-49,W,209.18333333333337
45-49,W,209.21666666666667
45-49,W,209.26666666666668
45-49,W,209.26666666666668
45-49,W,209.35
45-49,W,209.35
45-49,W,209.36666666666667
45-49,W,209.46666666666667
45-49,W,209.5
45-49,W,209.55
45-49,W,209.56666666666663
45-49,W,209.61666666666667
45-49,W,209.65
45-49,W,209.68333333333337
45-49,W,209.71666666666667
45-49,W,209.73333333333332
45-49,W,209.75
45-49,W,209.83333333333337
45-49,W,209.85
45-49,W,209.86666666666667
45-49,W,209.86666666666667
45-49,W,209.88333333333333
45-49,W,209.91666666666663
45-49,W,209.95
45-49,W,210.01666666666668
45-49,W,210.16666666666663
45-49,W,210.2
45-49,W,210.36666666666667
45-49,W,210.38333333333333
45-49,W,210.48333333333332
45-49,W,210.51666666666668
45-49,W,210.51666666666668
45-49,W,210.55
45-49,W,210.63333333333333
45-49,W,210.73333333333332
45-49,W,210.73333333333332
45-49,W,210.76666666666668
45-49,W,210.91666666666663
45-49,W,210.93333333333337
45-49,W,210.93333333333337
45-49,W,210.95
45-49,W,210.98333333333332
45-49,W,211.01666666666668
45-49,W,211.03333333333333
45-49,W,211.11666666666667
45-49,W,211.13333333333333
45-49,W,211.25
45-49,W,211.33333333333337
45-49,W,211.35
45-49,W,211.38333333333333
45-49,W,211.4
45-49,W,211.41666666666663
45-49,W,211.46666666666667
45-49,W,211.48333333333332
45-49,W,211.48333333333332
45-49,W,211.5
45-49,W,211.51666666666668
45-49,W,211.56666666666663
45-49,W,211.56666666666663
45-49,W,211.6
45-49,W,211.61666666666667
45-49,W,211.63333333333333
45-49,W,211.68333333333337
45-49,W,211.7
45-49,W,211.76666666666668
45-49,W,211.78333333333333
45-49,W,211.81666666666663
45-49,W,211.85
45-49,W,211.85
45-49,W,211.85
45-49,W,211.86666666666667
45-49,W,211.88333333333333
45-49,W,211.9
45-49,W,211.98333333333332
45-49,W,212.1
45-49,W,212.13333333333333
45-49,W,212.15
45-49,W,212.18333333333337
45-49,W,212.25
45-49,W,212.38333333333333
45-49,W,212.43333333333337
45-49,W,212.45
45-49,W,212.46666666666667
45-49,W,212.51666666666668
45-49,W,212.51666666666668
45-49,W,212.6
45-49,W,212.6
45-49,W,212.71666666666667
45-49,W,212.73333333333332
45-49,W,212.75
45-49,W,212.76666666666668
45-49,W,212.8
45-49,W,212.81666666666663
45-49,W,212.9
45-49,W,213.0
45-49,W,213.01666666666668
45-49,W,213.01666666666668
45-49,W,213.05
45-49,W,213.06666666666663
45-49,W,213.06666666666663
45-49,W,213.08333333333337
45-49,W,213.08333333333337
45-49,W,213.1
45-49,W,213.23333333333332
45-49,W,213.23333333333332
45-49,W,213.28333333333333
45-49,W,213.31666666666663
45-49,W,213.38333333333333
45-49,W,213.38333333333333
45-49,W,213.43333333333337
45-49,W,213.5
45-49,W,213.51666666666668
45-49,W,213.53333333333333
45-49,W,213.56666666666663
45-49,W,213.6
45-49,W,213.61666666666667
45-49,W,213.61666666666667
45-49,W,213.65
45-49,W,213.65
45-49,W,213.65
45-49,W,213.75
45-49,W,213.78333333333333
45-49,W,213.83333333333337
45-49,W,213.85
45-49,W,213.86666666666667
45-49,W,213.86666666666667
45-49,W,213.91666666666663
45-49,W,213.91666666666663
45-49,W,213.98333333333332
45-49,W,214.0
45-49,W,214.06666666666663
45-49,W,214.06666666666663
45-49,W,214.11666666666667
45-49,W,214.13333333333333
45-49,W,214.16666666666663
45-49,W,214.2
45-49,W,214.21666666666667
45-49,W,214.21666666666667
45-49,W,214.21666666666667
45-49,W,214.23333333333332
45-49,W,214.28333333333333
45-49,W,214.33333333333337
45-49,W,214.36666666666667
45-49,W,214.36666666666667
45-49,W,214.38333333333333
45-49,W,214.38333333333333
45-49,W,214.4
45-49,W,214.41666666666663
45-49,W,214.41666666666663
45-49,W,214.41666666666663
45-49,W,214.43333333333337
45-49,W,214.5
45-49,W,214.56666666666663
45-49,W,214.6
45-49,W,214.63333333333333
45-49,W,214.71666666666667
45-49,W,214.73333333333332
45-49,W,214.78333333333333
45-49,W,214.83333333333337
45-49,W,214.9
45-49,W,214.91666666666663
45-49,W,214.93333333333337
45-49,W,214.98333333333332
45-49,W,214.98333333333332
45-49,W,214.98333333333332
45-49,W,215.0
45-49,W,215.06666666666663
45-49,W,215.08333333333337
45-49,W,215.08333333333337
45-49,W,215.1
45-49,W,215.1
45-49,W,215.15
45-49,W,215.16666666666663
45-49,W,215.18333333333337
45-49,W,215.21666666666667
45-49,W,215.23333333333332
45-49,W,215.23333333333332
45-49,W,215.31666666666663
45-49,W,215.31666666666663
45-49,W,215.33333333333337
45-49,W,215.41666666666663
45-49,W,215.45
45-49,W,215.46666666666667
45-49,W,215.51666666666668
45-49,W,215.53333333333333
45-49,W,215.6
45-49,W,215.61666666666667
45-49,W,215.61666666666667
45-49,W,215.61666666666667
45-49,W,215.66666666666663
45-49,W,215.73333333333332
45-49,W,215.75
45-49,W,215.76666666666668
45-49,W,215.76666666666668
45-49,W,215.78333333333333
45-49,W,215.81666666666663
45-49,W,215.88333333333333
45-49,W,215.9
45-49,W,215.93333333333337
45-49,W,215.98333333333332
45-49,W,216.0
45-49,W,216.0
45-49,W,216.05
45-49,W,216.06666666666663
45-49,W,216.06666666666663
45-49,W,216.06666666666663
45-49,W,216.13333333333333
45-49,W,216.15
45-49,W,216.18333333333337
45-49,W,216.2
45-49,W,216.25
45-49,W,216.28333333333333
45-49,W,216.28333333333333
45-49,W,216.36666666666667
45-49,W,216.38333333333333
45-49,W,216.41666666666663
45-49,W,216.45
45-49,W,216.46666666666667
45-49,W,216.51666666666668
45-49,W,216.56666666666663
45-49,W,216.66666666666663
45-49,W,216.68333333333337
45-49,W,216.73333333333332
45-49,W,216.75
45-49,W,216.8
45-49,W,216.81666666666663
45-49,W,216.83333333333337
45-49,W,216.91666666666663
45-49,W,216.91666666666663
45-49,W,216.93333333333337
45-49,W,216.93333333333337
45-49,W,216.93333333333337
45-49,W,216.95
45-49,W,216.95
45-49,W,216.95
45-49,W,216.96666666666667
45-49,W,217.0
45-49,W,217.03333333333333
45-49,W,217.08333333333337
45-49,W,217.08333333333337
45-49,W,217.1
45-49,W,217.1
45-49,W,217.13333333333333
45-49,W,217.15
45-49,W,217.16666666666663
45-49,W,217.16666666666663
45-49,W,217.18333333333337
45-49,W,217.28333333333333
45-49,W,217.4
45-49,W,217.48333333333332
45-49,W,217.51666666666668
45-49,W,217.56666666666663
45-49,W,217.56666666666663
45-49,W,217.58333333333337
45-49,W,217.61666666666667
45-49,W,217.61666666666667
45-49,W,217.63333333333333
45-49,W,217.63333333333333
45-49,W,217.66666666666663
45-49,W,217.68333333333337
45-49,W,217.68333333333337
45-49,W,217.7
45-49,W,217.75
45-49,W,217.78333333333333
45-49,W,217.83333333333337
45-49,W,217.83333333333337
45-49,W,217.88333333333333
45-49,W,217.88333333333333
45-49,W,217.9
45-49,W,217.98333333333332
45-49,W,217.98333333333332
45-49,W,218.05
45-49,W,218.06666666666663
45-49,W,218.1
45-49,W,218.16666666666663
45-49,W,218.18333333333337
45-49,W,218.2
45-49,W,218.21666666666667
45-49,W,218.21666666666667
45-49,W,218.23333333333332
45-49,W,218.25
45-49,W,218.25
45-49,W,218.33333333333337
45-49,W,218.35
45-49,W,218.35
45-49,W,218.36666666666667
45-49,W,218.36666666666667
45-49,W,218.36666666666667
45-49,W,218.38333333333333
45-49,W,218.41666666666663
45-49,W,218.45
45-49,W,218.46666666666667
45-49,W,218.48333333333332
45-49,W,218.53333333333333
45-49,W,218.55
45-49,W,218.56666666666663
45-49,W,218.56666666666663
45-49,W,218.58333333333337
45-49,W,218.58333333333337
45-49,W,218.6
45-49,W,218.65
45-49,W,218.7
45-49,W,218.7
45-49,W,218.73333333333332
45-49,W,218.73333333333332
45-49,W,218.73333333333332
45-49,W,218.75
45-49,W,218.78333333333333
45-49,W,218.78333333333333
45-49,W,218.78333333333333
45-49,W,218.8
45-49,W,218.8
45-49,W,218.8
45-49,W,218.91666666666663
45-49,W,218.91666666666663
45-49,W,218.95
45-49,W,219.01666666666668
45-49,W,219.06666666666663
45-49,W,219.1
45-49,W,219.1
45-49,W,219.15
45-49,W,219.2
45-49,W,219.23333333333332
45-49,W,219.23333333333332
45-49,W,219.23333333333332
45-49,W,219.3
45-49,W,219.3
45-49,W,219.4
45-49,W,219.4
45-49,W,219.41666666666663
45-49,W,219.46666666666667
45-49,W,219.46666666666667
45-49,W,219.46666666666667
45-49,W,219.46666666666667
45-49,W,219.5
45-49,W,219.51666666666668
45-49,W,219.58333333333337
45-49,W,219.65
45-49,W,219.65
45-49,W,219.66666666666663
45-49,W,219.75
45-49,W,219.76666666666668
45-49,W,219.76666666666668
45-49,W,219.76666666666668
45-49,W,219.78333333333333
45-49,W,219.8
45-49,W,219.8
45-49,W,219.81666666666663
45-49,W,219.83333333333337
45-49,W,219.83333333333337
45-49,W,219.85
45-49,W,219.9
45-49,W,219.9
45-49,W,219.93333333333337
45-49,W,219.93333333333337
45-49,W,220.0
45-49,W,220.01666666666668
45-49,W,220.01666666666668
45-49,W,220.03333333333333
45-49,W,220.06666666666663
45-49,W,220.18333333333337
45-49,W,220.18333333333337
45-49,W,220.21666666666667
45-49,W,220.23333333333332
45-49,W,220.25
45-49,W,220.33333333333337
45-49,W,220.33333333333337
45-49,W,220.38333333333333
45-49,W,220.38333333333333
45-49,W,220.38333333333333
45-49,W,220.46666666666667
45-49,W,220.5
45-49,W,220.51666666666668
45-49,W,220.53333333333333
45-49,W,220.68333333333337
45-49,W,220.7
45-49,W,220.71666666666667
45-49,W,220.71666666666667
45-49,W,220.73333333333332
45-49,W,220.73333333333332
45-49,W,220.83333333333337
45-49,W,220.83333333333337
45-49,W,220.85
45-49,W,220.86666666666667
45-49,W,220.9
45-49,W,220.91666666666663
45-49,W,220.96666666666667
45-49,W,221.01666666666668
45-49,W,221.01666666666668
45-49,W,221.06666666666663
45-49,W,221.06666666666663
45-49,W,221.1
45-49,W,221.11666666666667
45-49,W,221.11666666666667
45-49,W,221.15
45-49,W,221.15
45-49,W,221.25
45-49,W,221.26666666666668
45-49,W,221.3
45-49,W,221.33333333333337
45-49,W,221.33333333333337
45-49,W,221.33333333333337
45-49,W,221.35
45-49,W,221.36666666666667
45-49,W,221.4
45-49,W,221.43333333333337
45-49,W,221.43333333333337
45-49,W,221.43333333333337
45-49,W,221.43333333333337
45-49,W,221.45
45-49,W,221.51666666666668
45-49,W,221.53333333333333
45-49,W,221.55
45-49,W,221.55
45-49,W,221.55
45-49,W,221.55
45-49,W,221.56666666666663
45-49,W,221.6
45-49,W,221.6
45-49,W,221.61666666666667
45-49,W,221.61666666666667
45-49,W,221.61666666666667
45-49,W,221.63333333333333
45-49,W,221.63333333333333
45-49,W,221.65
45-49,W,221.66666666666663
45-49,W,221.68333333333337
45-49,W,221.68333333333337
45-49,W,221.71666666666667
45-49,W,221.71666666666667
45-49,W,221.73333333333332
45-49,W,221.75
45-49,W,221.75
45-49,W,221.83333333333337
45-49,W,221.85
45-49,W,221.85
45-49,W,221.86666666666667
45-49,W,221.91666666666663
45-49,W,221.91666666666663
45-49,W,221.93333333333337
45-49,W,221.98333333333332
45-49,W,222.0
45-49,W,222.01666666666668
45-49,W,222.05
45-49,W,222.1
45-49,W,222.1
45-49,W,222.13333333333333
45-49,W,222.15
45-49,W,222.2
45-49,W,222.23333333333332
45-49,W,222.23333333333332
45-49,W,222.25
45-49,W,222.28333333333333
45-49,W,222.3
45-49,W,222.31666666666663
45-49,W,222.36666666666667
45-49,W,222.41666666666663
45-49,W,222.48333333333332
45-49,W,222.5
45-49,W,222.5
45-49,W,222.5
45-49,W,222.53333333333333
45-49,W,222.55
45-49,W,222.55
45-49,W,222.55
45-49,W,222.55
45-49,W,222.56666666666663
45-49,W,222.58333333333337
45-49,W,222.61666666666667
45-49,W,222.65
45-49,W,222.68333333333337
45-49,W,222.7
45-49,W,222.73333333333332
45-49,W,222.75
45-49,W,222.78333333333333
45-49,W,222.8
45-49,W,222.85
45-49,W,222.9
45-49,W,222.96666666666667
45-49,W,223.01666666666668
45-49,W,223.05
45-49,W,223.06666666666663
45-49,W,223.2
45-49,W,223.23333333333332
45-49,W,223.25
45-49,W,223.25
45-49,W,223.26666666666668
45-49,W,223.26666666666668
45-49,W,223.26666666666668
45-49,W,223.28333333333333
45-49,W,223.36666666666667
45-49,W,223.4
45-49,W,223.4
45-49,W,223.4
45-49,W,223.43333333333337
45-49,W,223.43333333333337
45-49,W,223.45
45-49,W,223.46666666666667
45-49,W,223.46666666666667
45-49,W,223.5
45-49,W,223.51666666666668
45-49,W,223.51666666666668
45-49,W,223.51666666666668
45-49,W,223.55
45-49,W,223.56666666666663
45-49,W,223.56666666666663
45-49,W,223.58333333333337
45-49,W,223.58333333333337
45-49,W,223.6
45-49,W,223.6
45-49,W,223.6
45-49,W,223.65
45-49,W,223.71666666666667
45-49,W,223.71666666666667
45-49,W,223.71666666666667
45-49,W,223.73333333333332
45-49,W,223.78333333333333
45-49,W,223.81666666666663
45-49,W,223.85
45-49,W,223.9
45-49,W,223.91666666666663
45-49,W,223.91666666666663
45-49,W,223.98333333333332
45-49,W,224.01666666666668
45-49,W,224.03333333333333
45-49,W,224.06666666666663
45-49,W,224.13333333333333
45-49,W,224.13333333333333
45-49,W,224.16666666666663
45-49,W,224.28333333333333
45-49,W,224.38333333333333
45-49,W,224.41666666666663
45-49,W,224.51666666666668
45-49,W,224.51666666666668
45-49,W,224.56666666666663
45-49,W,224.6
45-49,W,224.63333333333333
45-49,W,224.66666666666663
45-49,W,224.66666666666663
45-49,W,224.68333333333337
45-49,W,224.7
45-49,W,224.71666666666667
45-49,W,224.75
45-49,W,224.75
45-49,W,224.76666666666668
45-49,W,224.76666666666668
45-49,W,224.78333333333333
45-49,W,224.83333333333337
45-49,W,224.85
45-49,W,224.85
45-49,W,224.86666666666667
45-49,W,224.91666666666663
45-49,W,224.91666666666663
45-49,W,224.93333333333337
45-49,W,224.95
45-49,W,224.98333333333332
45-49,W,224.98333333333332
45-49,W,225.01666666666668
45-49,W,225.01666666666668
45-49,W,225.01666666666668
45-49,W,225.03333333333333
45-49,W,225.08333333333337
45-49,W,225.13333333333333
45-49,W,225.18333333333337
45-49,W,225.25
45-49,W,225.25
45-49,W,225.3
45-49,W,225.3
45-49,W,225.33333333333337
45-49,W,225.36666666666667
45-49,W,225.66666666666663
45-49,W,225.71666666666667
45-49,W,225.75
45-49,W,225.75
45-49,W,225.76666666666668
45-49,W,225.83333333333337
45-49,W,225.88333333333333
45-49,W,225.9
45-49,W,225.91666666666663
45-49,W,225.95
45-49,W,225.98333333333332
45-49,W,225.98333333333332
45-49,W,226.0
45-49,W,226.01666666666668
45-49,W,226.01666666666668
45-49,W,226.03333333333333
45-49,W,226.05
45-49,W,226.05
45-49,W,226.05
45-49,W,226.08333333333337
45-49,W,226.11666666666667
45-49,W,226.13333333333333
45-49,W,226.15
45-49,W,226.16666666666663
45-49,W,226.18333333333337
45-49,W,226.18333333333337
45-49,W,226.2
45-49,W,226.23333333333332
45-49,W,226.23333333333332
45-49,W,226.25
45-49,W,226.26666666666668
45-49,W,226.26666666666668
45-49,W,226.28333333333333
45-49,W,226.3
45-49,W,226.35
45-49,W,226.35
45-49,W,226.35
45-49,W,226.36666666666667
45-49,W,226.36666666666667
45-49,W,226.38333333333333
45-49,W,226.4
45-49,W,226.41666666666663
45-49,W,226.45
45-49,W,226.45
45-49,W,226.46666666666667
45-49,W,226.5
45-49,W,226.51666666666668
45-49,W,226.51666666666668
45-49,W,226.63333333333333
45-49,W,226.71666666666667
45-49,W,226.75
45-49,W,226.78333333333333
45-49,W,226.85
45-49,W,226.85
45-49,W,226.86666666666667
45-49,W,226.91666666666663
45-49,W,226.96666666666667
45-49,W,227.01666666666668
45-49,W,227.13333333333333
45-49,W,227.13333333333333
45-49,W,227.13333333333333
45-49,W,227.15
45-49,W,227.16666666666663
45-49,W,227.16666666666663
45-49,W,227.16666666666663
45-49,W,227.16666666666663
45-49,W,227.16666666666663
45-49,W,227.18333333333337
45-49,W,227.2
45-49,W,227.2
45-49,W,227.23333333333332
45-49,W,227.23333333333332
45-49,W,227.25
45-49,W,227.26666666666668
45-49,W,227.26666666666668
45-49,W,227.28333333333333
45-49,W,227.3
45-49,W,227.31666666666663
45-49,W,227.31666666666663
45-49,W,227.33333333333337
45-49,W,227.35
45-49,W,227.35
45-49,W,227.4
45-49,W,227.4
45-49,W,227.41666666666663
45-49,W,227.43333333333337
45-49,W,227.48333333333332
45-49,W,227.51666666666668
45-49,W,227.53333333333333
45-49,W,227.53333333333333
45-49,W,227.58333333333337
45-49,W,227.6
45-49,W,227.6
45-49,W,227.63333333333333
45-49,W,227.63333333333333
45-49,W,227.7
45-49,W,227.71666666666667
45-49,W,227.78333333333333
45-49,W,227.88333333333333
45-49,W,227.9
45-49,W,227.96666666666667
45-49,W,227.98333333333332
45-49,W,227.98333333333332
45-49,W,228.01666666666668
45-49,W,228.03333333333333
45-49,W,228.05
45-49,W,228.1
45-49,W,228.11666666666667
45-49,W,228.13333333333333
45-49,W,228.13333333333333
45-49,W,228.13333333333333
45-49,W,228.15
45-49,W,228.16666666666663
45-49,W,228.2
45-49,W,228.23333333333332
45-49,W,228.25
45-49,W,228.26666666666668
45-49,W,228.28333333333333
45-49,W,228.35
45-49,W,228.35
45-49,W,228.35
45-49,W,228.36666666666667
45-49,W,228.36666666666667
45-49,W,228.38333333333333
45-49,W,228.38333333333333
45-49,W,228.4
45-49,W,228.41666666666663
45-49,W,228.45
45-49,W,228.5
45-49,W,228.53333333333333
45-49,W,228.53333333333333
45-49,W,228.55
45-49,W,228.56666666666663
45-49,W,228.56666666666663
45-49,W,228.63333333333333
45-49,W,228.63333333333333
45-49,W,228.68333333333337
45-49,W,228.68333333333337
45-49,W,228.7
45-49,W,228.73333333333332
45-49,W,228.76666666666668
45-49,W,228.81666666666663
45-49,W,228.81666666666663
45-49,W,228.85
45-49,W,228.86666666666667
45-49,W,228.86666666666667
45-49,W,228.9
45-49,W,229.08333333333337
45-49,W,229.08333333333337
45-49,W,229.13333333333333
45-49,W,229.15
45-49,W,229.16666666666663
45-49,W,229.18333333333337
45-49,W,229.2
45-49,W,229.2
45-49,W,229.26666666666668
45-49,W,229.3
45-49,W,229.3
45-49,W,229.3
45-49,W,229.33333333333337
45-49,W,229.35
45-49,W,229.36666666666667
45-49,W,229.36666666666667
45-49,W,229.4
45-49,W,229.43333333333337
45-49,W,229.46666666666667
45-49,W,229.46666666666667
45-49,W,229.53333333333333
45-49,W,229.53333333333333
45-49,W,229.53333333333333
45-49,W,229.56666666666663
45-49,W,229.58333333333337
45-49,W,229.6
45-49,W,229.7
45-49,W,229.73333333333332
45-49,W,229.76666666666668
45-49,W,229.8
45-49,W,229.81666666666663
45-49,W,229.83333333333337
45-49,W,229.83333333333337
45-49,W,229.83333333333337
45-49,W,229.9
45-49,W,229.9
45-49,W,230.01666666666668
45-49,W,230.06666666666663
45-49,W,230.08333333333337
45-49,W,230.16666666666663
45-49,W,230.23333333333332
45-49,W,230.33333333333337
45-49,W,230.35
45-49,W,230.36666666666667
45-49,W,230.43333333333337
45-49,W,230.55
45-49,W,230.58333333333337
45-49,W,230.6
45-49,W,230.63333333333333
45-49,W,230.65
45-49,W,230.68333333333337
45-49,W,230.73333333333332
45-49,W,230.76666666666668
45-49,W,230.86666666666667
45-49,W,230.9
45-49,W,230.91666666666663
45-49,W,231.0
45-49,W,231.01666666666668
45-49,W,231.05
45-49,W,231.08333333333337
45-49,W,231.1
45-49,W,231.15
45-49,W,231.15
45-49,W,231.16666666666663
45-49,W,231.18333333333337
45-49,W,231.2
45-49,W,231.23333333333332
45-49,W,231.26666666666668
45-49,W,231.43333333333337
45-49,W,231.45
45-49,W,231.45
45-49,W,231.53333333333333
45-49,W,231.6
45-49,W,231.61666666666667
45-49,W,231.61666666666667
45-49,W,231.63333333333333
45-49,W,231.65
45-49,W,231.66666666666663
45-49,W,231.73333333333332
45-49,W,231.78333333333333
45-49,W,231.78333333333333
45-49,W,231.86666666666667
45-49,W,231.98333333333332
45-49,W,232.0
45-49,W,232.06666666666663
45-49,W,232.13333333333333
45-49,W,232.15
45-49,W,232.18333333333337
45-49,W,232.2
45-49,W,232.23333333333332
45-49,W,232.28333333333333
45-49,W,232.33333333333337
45-49,W,232.38333333333333
45-49,W,232.41666666666663
45-49,W,232.41666666666663
45-49,W,232.46666666666667
45-49,W,232.46666666666667
45-49,W,232.46666666666667
45-49,W,232.56666666666663
45-49,W,232.61666666666667
45-49,W,232.63333333333333
45-49,W,232.66666666666663
45-49,W,232.7
45-49,W,232.8
45-49,W,232.83333333333337
45-49,W,232.86666666666667
45-49,W,232.86666666666667
45-49,W,232.86666666666667
45-49,W,232.9
45-49,W,232.98333333333332
45-49,W,233.08333333333337
45-49,W,233.08333333333337
45-49,W,233.11666666666667
45-49,W,233.2
45-49,W,233.21666666666667
45-49,W,233.25
45-49,W,233.26666666666668
45-49,W,233.28333333333333
45-49,W,233.3
45-49,W,233.3
45-49,W,233.31666666666663
45-49,W,233.41666666666663
45-49,W,233.45
45-49,W,233.48333333333332
45-49,W,233.48333333333332
45-49,W,233.5
45-49,W,233.53333333333333
45-49,W,233.61666666666667
45-49,W,233.7
45-49,W,234.0
45-49,W,234.0
45-49,W,234.01666666666668
45-49,W,234.01666666666668
45-49,W,234.13333333333333
45-49,W,234.16666666666663
45-49,W,234.23333333333332
45-49,W,234.33333333333337
45-49,W,234.33333333333337
45-49,W,234.38333333333333
45-49,W,234.41666666666663
45-49,W,234.46666666666667
45-49,W,234.46666666666667
45-49,W,234.61666666666667
45-49,W,234.65
45-49,W,234.7
45-49,W,234.71666666666667
45-49,W,234.75
45-49,W,234.76666666666668
45-49,W,234.76666666666668
45-49,W,234.78333333333333
45-49,W,234.88333333333333
45-49,W,234.9
45-49,W,234.93333333333337
45-49,W,234.93333333333337
45-49,W,234.93333333333337
45-49,W,234.98333333333332
45-49,W,235.01666666666668
45-49,W,235.01666666666668
45-49,W,235.08333333333337
45-49,W,235.2
45-49,W,235.21666666666667
45-49,W,235.33333333333337
45-49,W,235.35
45-49,W,235.43333333333337
45-49,W,235.5
45-49,W,235.51666666666668
45-49,W,235.58333333333337
45-49,W,235.58333333333337
45-49,W,235.6
45-49,W,235.61666666666667
45-49,W,235.65
45-49,W,235.65
45-49,W,235.73333333333332
45-49,W,235.78333333333333
45-49,W,235.83333333333337
45-49,W,235.86666666666667
45-49,W,235.86666666666667
45-49,W,235.9
45-49,W,235.95
45-49,W,236.0
45-49,W,236.01666666666668
45-49,W,236.05
45-49,W,236.06666666666663
45-49,W,236.1
45-49,W,236.13333333333333
45-49,W,236.15
45-49,W,236.18333333333337
45-49,W,236.21666666666667
45-49,W,236.25
45-49,W,236.26666666666668
45-49,W,236.26666666666668
45-49,W,236.3
45-49,W,236.31666666666663
45-49,W,236.35
45-49,W,236.38333333333333
45-49,W,236.51666666666668
45-49,W,236.55
45-49,W,236.6
45-49,W,236.65
45-49,W,236.65
45-49,W,236.66666666666663
45-49,W,236.66666666666663
45-49,W,236.68333333333337
45-49,W,236.73333333333332
45-49,W,236.75
45-49,W,236.75
45-49,W,236.76666666666668
45-49,W,236.78333333333333
45-49,W,236.83333333333337
45-49,W,236.85
45-49,W,236.86666666666667
45-49,W,236.86666666666667
45-49,W,236.86666666666667
45-49,W,236.98333333333332
45-49,W,237.0
45-49,W,237.01666666666668
45-49,W,237.05
45-49,W,237.1
45-49,W,237.13333333333333
45-49,W,237.21666666666667
45-49,W,237.26666666666668
45-49,W,237.26666666666668
45-49,W,237.36666666666667
45-49,W,237.36666666666667
45-49,W,237.38333333333333
45-49,W,237.4
45-49,W,237.45
45-49,W,237.48333333333332
45-49,W,237.48333333333332
45-49,W,237.56666666666663
45-49,W,237.56666666666663
45-49,W,237.58333333333337
45-49,W,237.68333333333337
45-49,W,237.68333333333337
45-49,W,237.71666666666667
45-49,W,237.75
45-49,W,237.76666666666668
45-49,W,237.76666666666668
45-49,W,237.81666666666663
45-49,W,237.83333333333337
45-49,W,238.0
45-49,W,238.03333333333333
45-49,W,238.03333333333333
45-49,W,238.06666666666663
45-49,W,238.08333333333337
45-49,W,238.18333333333337
45-49,W,238.26666666666668
45-49,W,238.36666666666667
45-49,W,238.36666666666667
45-49,W,238.36666666666667
45-49,W,238.46666666666667
45-49,W,238.46666666666667
45-49,W,238.51666666666668
45-49,W,238.56666666666663
45-49,W,238.61666666666667
45-49,W,238.65
45-49,W,238.66666666666663
45-49,W,238.71666666666667
45-49,W,238.76666666666668
45-49,W,238.8
45-49,W,238.81666666666663
45-49,W,238.85
45-49,W,238.86666666666667
45-49,W,238.88333333333333
45-49,W,238.91666666666663
45-49,W,238.93333333333337
45-49,W,238.93333333333337
45-49,W,238.93333333333337
45-49,W,239.06666666666663
45-49,W,239.1
45-49,W,239.18333333333337
45-49,W,239.21666666666667
45-49,W,239.21666666666667
45-49,W,239.25
45-49,W,239.4
45-49,W,239.45
45-49,W,239.51666666666668
45-49,W,239.55
45-49,W,239.61666666666667
45-49,W,239.7
45-49,W,239.75
45-49,W,239.81666666666663
45-49,W,239.88333333333333
45-49,W,239.91666666666663
45-49,W,239.98333333333332
45-49,W,240.05
45-49,W,240.05
45-49,W,240.16666666666663
45-49,W,240.21666666666667
45-49,W,240.25
45-49,W,240.35
45-49,W,240.36666666666667
45-49,W,240.38333333333333
45-49,W,240.43333333333337
45-49,W,240.5
45-49,W,240.53333333333333
45-49,W,240.61666666666667
45-49,W,240.61666666666667
45-49,W,240.66666666666663
45-49,W,240.7
45-49,W,240.73333333333332
45-49,W,240.75
45-49,W,240.76666666666668
45-49,W,240.8
45-49,W,240.85
45-49,W,241.0
45-49,W,241.0
45-49,W,241.05
45-49,W,241.08333333333337
45-49,W,241.11666666666667
45-49,W,241.11666666666667
45-49,W,241.11666666666667
45-49,W,241.21666666666667
45-49,W,241.26666666666668
45-49,W,241.33333333333337
45-49,W,241.41666666666663
45-49,W,241.45
45-49,W,241.53333333333333
45-49,W,241.56666666666663
45-49,W,241.61666666666667
45-49,W,241.8
45-49,W,241.83333333333337
45-49,W,241.86666666666667
45-49,W,241.91666666666663
45-49,W,241.93333333333337
45-49,W,241.95
45-49,W,242.11666666666667
45-49,W,242.21666666666667
45-49,W,242.23333333333332
45-49,W,242.28333333333333
45-49,W,242.33333333333337
45-49,W,242.35
45-49,W,242.35
45-49,W,242.38333333333333
45-49,W,242.4
45-49,W,242.45
45-49,W,242.7
45-49,W,242.7
45-49,W,242.75
45-49,W,242.75
45-49,W,242.76666666666668
45-49,W,242.81666666666663
45-49,W,242.91666666666663
45-49,W,243.06666666666663
45-49,W,243.08333333333337
45-49,W,243.1
45-49,W,243.16666666666663
45-49,W,243.18333333333337
45-49,W,243.18333333333337
45-49,W,243.2
45-49,W,243.21666666666667
45-49,W,243.21666666666667
45-49,W,243.23333333333332
45-49,W,243.25
45-49,W,243.3
45-49,W,243.45
45-49,W,243.46666666666667
45-49,W,243.5
45-49,W,243.51666666666668
45-49,W,243.53333333333333
45-49,W,243.61666666666667
45-49,W,243.73333333333332
45-49,W,243.73333333333332
45-49,W,243.73333333333332
45-49,W,243.83333333333337
45-49,W,243.85
45-49,W,243.9
45-49,W,243.96666666666667
45-49,W,244.0
45-49,W,244.01666666666668
45-49,W,244.03333333333333
45-49,W,244.21666666666667
45-49,W,244.23333333333332
45-49,W,244.28333333333333
45-49,W,244.3
45-49,W,244.38333333333333
45-49,W,244.4
45-49,W,244.41666666666663
45-49,W,244.68333333333337
45-49,W,244.9
45-49,W,244.93333333333337
45-49,W,245.01666666666668
45-49,W,245.15
45-49,W,245.15
45-49,W,245.28333333333333
45-49,W,245.38333333333333
45-49,W,245.55
45-49,W,245.65
45-49,W,245.65
45-49,W,245.73333333333332
45-49,W,245.78333333333333
45-49,W,245.8
45-49,W,245.81666666666663
45-49,W,245.85
45-49,W,245.85
45-49,W,246.03333333333333
45-49,W,246.05
45-49,W,246.06666666666663
45-49,W,246.18333333333337
45-49,W,246.25
45-49,W,246.3
45-49,W,246.41666666666663
45-49,W,246.41666666666663
45-49,W,246.43333333333337
45-49,W,246.43333333333337
45-49,W,246.6
45-49,W,246.6
45-49,W,246.68333333333337
45-49,W,246.9
45-49,W,247.08333333333337
45-49,W,247.1
45-49,W,247.25
45-49,W,247.3
45-49,W,247.33333333333337
45-49,W,247.36666666666667
45-49,W,247.65
45-49,W,247.7
45-49,W,247.76666666666668
45-49,W,247.78333333333333
45-49,W,247.86666666666667
45-49,W,247.9
45-49,W,248.0
45-49,W,248.05
45-49,W,248.26666666666668
45-49,W,248.33333333333337
45-49,W,248.35
45-49,W,248.36666666666667
45-49,W,248.41666666666663
45-49,W,248.41666666666663
45-49,W,248.43333333333337
45-49,W,248.46666666666667
45-49,W,248.71666666666667
45-49,W,248.78333333333333
45-49,W,248.81666666666663
45-49,W,248.81666666666663
45-49,W,249.06666666666663
45-49,W,249.06666666666663
45-49,W,249.15
45-49,W,249.15
45-49,W,249.15
45-49,W,249.28333333333333
45-49,W,249.68333333333337
45-49,W,249.81666666666663
45-49,W,250.1
45-49,W,250.11666666666667
45-49,W,250.35
45-49,W,250.65
45-49,W,250.76666666666668
45-49,W,251.38333333333333
45-49,W,251.4
45-49,W,251.45
45-49,W,251.71666666666667
45-49,W,251.83333333333337
45-49,W,251.85
45-49,W,252.21666666666667
45-49,W,252.35
45-49,W,252.5
45-49,W,252.56666666666663
45-49,W,252.63333333333333
45-49,W,252.73333333333332
45-49,W,252.78333333333333
45-49,W,252.93333333333337
45-49,W,253.21666666666667
45-49,W,253.31666666666663
45-49,W,253.33333333333337
45-49,W,253.4
45-49,W,253.43333333333337
45-49,W,253.46666666666667
45-49,W,253.56666666666663
45-49,W,253.56666666666663
45-49,W,253.6
45-49,W,253.63333333333333
45-49,W,253.93333333333337
45-49,W,254.28333333333333
45-49,W,254.46666666666667
45-49,W,254.53333333333333
45-49,W,254.65
45-49,W,254.65
45-49,W,254.7
45-49,W,254.75
45-49,W,254.83333333333337
45-49,W,254.85
45-49,W,255.03333333333333
45-49,W,255.16666666666663
45-49,W,255.18333333333337
45-49,W,255.25
45-49,W,255.26666666666668
45-49,W,255.28333333333333
45-49,W,255.28333333333333
45-49,W,255.38333333333333
45-49,W,255.43333333333337
45-49,W,255.48333333333332
45-49,W,255.73333333333332
45-49,W,255.78333333333333
45-49,W,255.85
45-49,W,255.88333333333333
45-49,W,255.91666666666663
45-49,W,256.03333333333336
45-49,W,256.06666666666666
45-49,W,256.1166666666667
45-49,W,256.2
45-49,W,256.21666666666664
45-49,W,256.28333333333336
45-49,W,256.31666666666666
45-49,W,256.35
45-49,W,256.3833333333333
45-49,W,256.5
45-49,W,256.5
45-49,W,256.51666666666665
45-49,W,256.75
45-49,W,256.78333333333336
45-49,W,256.85
45-49,W,256.9
45-49,W,257.01666666666665
45-49,W,257.3
45-49,W,257.3666666666667
45-49,W,257.45
45-49,W,257.6166666666667
45-49,W,257.6333333333333
45-49,W,257.68333333333334
45-49,W,257.8333333333333
45-49,W,258.0833333333333
45-49,W,258.1166666666667
45-49,W,258.6333333333333
45-49,W,258.73333333333335
45-49,W,258.78333333333336
45-49,W,258.8833333333333
45-49,W,258.9
45-49,W,258.9
45-49,W,258.9
45-49,W,258.96666666666664
45-49,W,258.96666666666664
45-49,W,258.98333333333335
45-49,W,259.5
45-49,W,259.56666666666666
45-49,W,259.78333333333336
45-49,W,259.93333333333334
45-49,W,260.03333333333336
45-49,W,260.3666666666667
45-49,W,260.46666666666664
45-49,W,260.8333333333333
45-49,W,261.1333333333333
45-49,W,261.8333333333333
45-49,W,261.85
45-49,W,261.8833333333333
45-49,W,261.9
45-49,W,262.05
45-49,W,262.51666666666665
45-49,W,262.6333333333333
45-49,W,262.6666666666667
45-49,W,263.0
45-49,W,263.03333333333336
45-49,W,263.31666666666666
45-49,W,263.48333333333335
45-49,W,263.9
45-49,W,263.9
45-49,W,264.03333333333336
45-49,W,265.03333333333336
45-49,W,265.15
45-49,W,265.28333333333336
45-49,W,265.4
45-49,W,265.51666666666665
45-49,W,265.8333333333333
45-49,W,265.9
45-49,W,266.3666666666667
45-49,W,266.81666666666666
45-49,W,266.8333333333333
45-49,W,266.8333333333333
45-49,W,266.98333333333335
45-49,W,266.98333333333335
45-49,W,267.28333333333336
45-49,W,267.56666666666666
45-49,W,267.5833333333333
45-49,W,268.3833333333333
45-49,W,268.53333333333336
45-49,W,268.55
45-49,W,268.6666666666667
45-49,W,268.78333333333336
45-49,W,269.1333333333333
45-49,W,269.3833333333333
45-49,W,269.3833333333333
45-49,W,269.43333333333334
45-49,W,269.43333333333334
45-49,W,270.06666666666666
45-49,W,270.48333333333335
45-49,W,270.5
45-49,W,270.56666666666666
45-49,W,270.7
45-49,W,271.3666666666667
45-49,W,271.6
45-49,W,271.65
45-49,W,271.73333333333335
45-49,W,272.31666666666666
45-49,W,272.48333333333335
45-49,W,272.65
45-49,W,273.3666666666667
45-49,W,273.5
45-49,W,273.55
45-49,W,273.65
45-49,W,274.45
45-49,W,274.81666666666666
45-49,W,274.9166666666667
45-49,W,275.0
45-49,W,275.0
45-49,W,275.56666666666666
45-49,W,276.28333333333336
45-49,W,277.1333333333333
45-49,W,277.18333333333334
45-49,W,277.2
45-49,W,278.1
45-49,W,278.3
45-49,W,278.4
45-49,W,278.9166666666667
45-49,W,279.2
45-49,W,279.2
45-49,W,279.51666666666665
45-49,W,279.6
45-49,W,279.95
45-49,W,280.1
45-49,W,280.7
45-49,W,281.3
45-49,W,281.5
45-49,W,281.73333333333335
45-49,W,281.75
45-49,W,282.1
45-49,W,282.4
45-49,W,282.46666666666664
45-49,W,282.55
45-49,W,282.8666666666667
45-49,W,283.23333333333335
45-49,W,283.8
45-49,W,283.9
45-49,W,284.21666666666664
45-49,W,284.35
45-49,W,284.3833333333333
45-49,W,285.51666666666665
45-49,W,285.56666666666666
45-49,W,285.6333333333333
45-49,W,285.78333333333336
45-49,W,286.06666666666666
45-49,W,286.1166666666667
45-49,W,286.48333333333335
45-49,W,286.9
45-49,W,287.3333333333333
45-49,W,287.3333333333333
45-49,W,287.65
45-49,W,288.1
45-49,W,288.31666666666666
45-49,W,288.31666666666666
45-49,W,288.31666666666666
45-49,W,288.6
45-49,W,288.6
45-49,W,288.75
45-49,W,288.75
45-49,W,288.78333333333336
45-49,W,289.0
45-49,W,289.4
45-49,W,289.45
45-49,W,289.98333333333335
45-49,W,290.43333333333334
45-49,W,291.1
45-49,W,291.3333333333333
45-49,W,292.1166666666667
45-49,W,292.28333333333336
45-49,W,293.06666666666666
45-49,W,293.23333333333335
45-49,W,293.56666666666666
45-49,W,293.9
45-49,W,294.46666666666664
45-49,W,294.8
45-49,W,295.05
45-49,W,295.1333333333333
45-49,W,295.2
45-49,W,295.53333333333336
45-49,W,295.6166666666667
45-49,W,295.6333333333333
45-49,W,295.75
45-49,W,296.35
45-49,W,296.3833333333333
45-49,W,297.05
45-49,W,297.85
45-49,W,297.95
45-49,W,298.01666666666665
45-49,W,298.1666666666667
45-49,W,298.25
45-49,W,298.31666666666666
45-49,W,298.45
45-49,W,298.5
45-49,W,298.56666666666666
45-49,W,298.78333333333336
45-49,W,298.8833333333333
45-49,W,299.1166666666667
45-49,W,299.31666666666666
45-49,W,299.6333333333333
45-49,W,299.68333333333334
45-49,W,299.68333333333334
45-49,W,299.78333333333336
45-49,W,299.78333333333336
45-49,W,299.8333333333333
45-49,W,299.9
45-49,W,300.1333333333333
45-49,W,300.1333333333333
45-49,W,300.15
45-49,W,300.46666666666664
45-49,W,300.55
45-49,W,300.6666666666667
45-49,W,300.98333333333335
45-49,W,301.18333333333334
45-49,W,301.8833333333333
45-49,W,302.05
45-49,W,302.05
45-49,W,302.35
45-49,W,302.4166666666667
45-49,W,302.51666666666665
45-49,W,302.78333333333336
45-49,W,302.8
45-49,W,302.8
45-49,W,303.1666666666667
45-49,W,303.46666666666664
45-49,W,303.5833333333333
45-49,W,303.6666666666667
45-49,W,304.45
45-49,W,304.8666666666667
45-49,W,305.15
45-49,W,305.35
45-49,W,305.3833333333333
45-49,W,305.6666666666667
45-49,W,306.18333333333334
45-49,W,306.21666666666664
45-49,W,306.48333333333335
45-49,W,306.6
45-49,W,306.98333333333335
45-49,W,308.25
45-49,W,308.76666666666665
45-49,W,309.2
45-49,W,310.1666666666667
45-49,W,310.25
45-49,W,310.76666666666665
45-49,W,312.3
45-49,W,312.3333333333333
45-49,W,312.8
45-49,W,313.28333333333336
45-49,W,313.68333333333334
45-49,W,313.8833333333333
45-49,W,314.06666666666666
45-49,W,314.5833333333333
45-49,W,314.65
45-49,W,315.1166666666667
45-49,W,315.18333333333334
45-49,W,315.23333333333335
45-49,W,315.25
45-49,W,315.7
45-49,W,315.7
45-49,W,316.2
45-49,W,316.48333333333335
45-49,W,316.71666666666664
45-49,W,316.75
45-49,W,317.03333333333336
45-49,W,317.26666666666665
45-49,W,317.56666666666666
45-49,W,317.78333333333336
45-49,W,318.01666666666665
45-49,W,318.1666666666667
45-49,W,318.3833333333333
45-49,W,318.95
45-49,W,319.3833333333333
45-49,W,319.43333333333334
45-49,W,319.6666666666667
45-49,W,319.9
45-49,W,320.68333333333334
45-49,W,320.78333333333336
45-49,W,321.5
45-49,W,321.75
45-49,W,324.25
45-49,W,326.3666666666667
45-49,W,327.0
45-49,W,327.23333333333335
45-49,W,327.46666666666664
45-49,W,327.81666666666666
45-49,W,327.8833333333333
45-49,W,329.9166666666667
45-49,W,330.2
45-49,W,330.35
45-49,W,331.1333333333333
45-49,W,331.5833333333333
45-49,W,332.7
45-49,W,332.78333333333336
45-49,W,333.5
45-49,W,334.3833333333333
45-49,W,334.95
45-49,W,334.95
45-49,W,335.68333333333334
45-49,W,335.8833333333333
45-49,W,335.93333333333334
45-49,W,336.8666666666667
45-49,W,337.15
45-49,W,337.21666666666664
45-49,W,337.5833333333333
45-49,W,338.01666666666665
45-49,W,339.01666666666665
45-49,W,339.4166666666667
45-49,W,340.76666666666665
45-49,W,340.85
45-49,W,342.23333333333335
45-49,W,343.51666666666665
45-49,W,344.3666666666667
45-49,W,344.9166666666667
45-49,W,345.31666666666666
45-49,W,345.31666666666666
45-49,W,345.76666666666665
45-49,W,346.21666666666664
45-49,W,348.43333333333334
45-49,W,348.43333333333334
45-49,W,349.28333333333336
45-49,W,350.05
45-49,W,350.6166666666667
45-49,W,351.01666666666665
45-49,W,352.35
45-49,W,353.5833333333333
45-49,W,354.5833333333333
45-49,W,354.76666666666665
45-49,W,355.68333333333334
45-49,W,357.4
45-49,W,358.4166666666667
45-49,W,360.8333333333333
45-49,W,362.25
45-49,W,363.75
45-49,W,364.76666666666665
50-54,W,186.53333333333333
50-54,W,187.13333333333333
50-54,W,188.68333333333337
50-54,W,189.93333333333337
50-54,W,190.1
50-54,W,191.03333333333333
50-54,W,191.28333333333333
50-54,W,191.86666666666667
50-54,W,191.9
50-54,W,193.21666666666667
50-54,W,193.21666666666667
50-54,W,194.7
50-54,W,194.75
50-54,W,194.98333333333332
50-54,W,195.21666666666667
50-54,W,195.71666666666667
50-54,W,195.81666666666663
50-54,W,196.4
50-54,W,196.6
50-54,W,196.73333333333332
50-54,W,196.73333333333332
50-54,W,197.4
50-54,W,197.45
50-54,W,197.78333333333333
50-54,W,197.83333333333337
50-54,W,198.35
50-54,W,198.81666666666663
50-54,W,199.26666666666668
50-54,W,199.35
50-54,W,199.45
50-54,W,199.56666666666663
50-54,W,199.78333333333333
50-54,W,199.83333333333337
50-54,W,199.91666666666663
50-54,W,200.43333333333337
50-54,W,200.55
50-54,W,200.68333333333337
50-54,W,201.23333333333332
50-54,W,201.3
50-54,W,201.5
50-54,W,201.53333333333333
50-54,W,201.6
50-54,W,201.65
50-54,W,202.4
50-54,W,202.6
50-54,W,202.68333333333337
50-54,W,202.68333333333337
50-54,W,202.9
50-54,W,203.16666666666663
50-54,W,203.61666666666667
50-54,W,203.65
50-54,W,203.71666666666667
50-54,W,203.73333333333332
50-54,W,203.73333333333332
50-54,W,204.05
50-54,W,204.43333333333337
50-54,W,205.28333333333333
50-54,W,205.46666666666667
50-54,W,205.6
50-54,W,205.71666666666667
50-54,W,205.75
50-54,W,205.78333333333333
50-54,W,205.88333333333333
50-54,W,206.38333333333333
50-54,W,206.51666666666668
50-54,W,206.61666666666667
50-54,W,206.86666666666667
50-54,W,206.93333333333337
50-54,W,207.38333333333333
50-54,W,207.5
50-54,W,207.68333333333337
50-54,W,207.83333333333337
50-54,W,208.06666666666663
50-54,W,208.08333333333337
50-54,W,208.11666666666667
50-54,W,208.13333333333333
50-54,W,208.25
50-54,W,208.28333333333333
50-54,W,208.3
50-54,W,208.3
50-54,W,208.4
50-54,W,208.41666666666663
50-54,W,208.48333333333332
50-54,W,208.73333333333332
50-54,W,208.83333333333337
50-54,W,208.83333333333337
50-54,W,208.98333333333332
50-54,W,209.06666666666663
50-54,W,209.28333333333333
50-54,W,209.31666666666663
50-54,W,209.35
50-54,W,209.36666666666667
50-54,W,209.61666666666667
50-54,W,209.7
50-54,W,209.71666666666667
50-54,W,209.8
50-54,W,210.01666666666668
50-54,W,210.15
50-54,W,210.23333333333332
50-54,W,210.31666666666663
50-54,W,210.35
50-54,W,210.38333333333333
50-54,W,210.46666666666667
50-54,W,210.5
50-54,W,210.5
50-54,W,210.53333333333333
50-54,W,210.55
50-54,W,210.6
50-54,W,210.65
50-54,W,210.81666666666663
50-54,W,210.9
50-54,W,210.96666666666667
50-54,W,210.96666666666667
50-54,W,211.16666666666663
50-54,W,211.25
50-54,W,211.41666666666663
50-54,W,211.45
50-54,W,211.5
50-54,W,211.5
50-54,W,211.6
50-54,W,211.7
50-54,W,211.75
50-54,W,212.0
50-54,W,212.01666666666668
50-54,W,212.05
50-54,W,212.06666666666663
50-54,W,212.15
50-54,W,212.16666666666663
50-54,W,212.31666666666663
50-54,W,212.33333333333337
50-54,W,212.38333333333333
50-54,W,212.45
50-54,W,212.45
50-54,W,212.55
50-54,W,212.68333333333337
50-54,W,212.8
50-54,W,212.85
50-54,W,212.88333333333333
50-54,W,212.9
50-54,W,212.95
50-54,W,213.06666666666663
50-54,W,213.06666666666663
50-54,W,213.13333333333333
50-54,W,213.2
50-54,W,213.25
50-54,W,213.35
50-54,W,213.41666666666663
50-54,W,213.41666666666663
50-54,W,213.53333333333333
50-54,W,213.55
50-54,W,213.55
50-54,W,213.56666666666663
50-54,W,213.61666666666667
50-54,W,213.61666666666667
50-54,W,213.75
50-54,W,213.78333333333333
50-54,W,213.88333333333333
50-54,W,213.91666666666663
50-54,W,214.0
50-54,W,214.28333333333333
50-54,W,214.28333333333333
50-54,W,214.28333333333333
50-54,W,214.35
50-54,W,214.36666666666667
50-54,W,214.4
50-54,W,214.61666666666667
50-54,W,214.68333333333337
50-54,W,214.7
50-54,W,214.83333333333337
50-54,W,214.96666666666667
50-54,W,215.03333333333333
50-54,W,215.06666666666663
50-54,W,215.13333333333333
50-54,W,215.28333333333333
50-54,W,215.33333333333337
50-54,W,215.35
50-54,W,215.43333333333337
50-54,W,215.46666666666667
50-54,W,215.46666666666667
50-54,W,215.58333333333337
50-54,W,215.58333333333337
50-54,W,215.7
50-54,W,215.78333333333333
50-54,W,215.8
50-54,W,215.86666666666667
50-54,W,215.91666666666663
50-54,W,215.93333333333337
50-54,W,216.05
50-54,W,216.06666666666663
50-54,W,216.1
50-54,W,216.15
50-54,W,216.21666666666667
50-54,W,216.26666666666668
50-54,W,216.33333333333337
50-54,W,216.36666666666667
50-54,W,216.38333333333333
50-54,W,216.4
50-54,W,216.41666666666663
50-54,W,216.5
50-54,W,216.53333333333333
50-54,W,216.6
50-54,W,216.6
50-54,W,216.63333333333333
50-54,W,216.65
50-54,W,216.71666666666667
50-54,W,216.83333333333337
50-54,W,216.88333333333333
50-54,W,216.93333333333337
50-54,W,216.93333333333337
50-54,W,217.11666666666667
50-54,W,217.2
50-54,W,217.26666666666668
50-54,W,217.36666666666667
50-54,W,217.4
50-54,W,217.43333333333337
50-54,W,217.48333333333332
50-54,W,217.5
50-54,W,217.6
50-54,W,217.6
50-54,W,217.6
50-54,W,217.66666666666663
50-54,W,217.86666666666667
50-54,W,217.95
50-54,W,218.0
50-54,W,218.21666666666667
50-54,W,218.31666666666663
50-54,W,218.31666666666663
50-54,W,218.33333333333337
50-54,W,218.36666666666667
50-54,W,218.46666666666667
50-54,W,218.5
50-54,W,218.5
50-54,W,218.6
50-54,W,218.68333333333337
50-54,W,218.73333333333332
50-54,W,218.75
50-54,W,218.76666666666668
50-54,W,218.81666666666663
50-54,W,218.83333333333337
50-54,W,218.88333333333333
50-54,W,218.88333333333333
50-54,W,218.98333333333332
50-54,W,219.11666666666667
50-54,W,219.15
50-54,W,219.15
50-54,W,219.21666666666667
50-54,W,219.21666666666667
50-54,W,219.25
50-54,W,219.26666666666668
50-54,W,219.33333333333337
50-54,W,219.35
50-54,W,219.43333333333337
50-54,W,219.45
50-54,W,219.46666666666667
50-54,W,219.56666666666663
50-54,W,219.58333333333337
50-54,W,219.71666666666667
50-54,W,219.73333333333332
50-54,W,219.73333333333332
50-54,W,219.76666666666668
50-54,W,219.8
50-54,W,219.9
50-54,W,219.91666666666663
50-54,W,220.08333333333337
50-54,W,220.08333333333337
50-54,W,220.15
50-54,W,220.16666666666663
50-54,W,220.2
50-54,W,220.23333333333332
50-54,W,220.25
50-54,W,220.25
50-54,W,220.35
50-54,W,220.38333333333333
50-54,W,220.46666666666667
50-54,W,220.53333333333333
50-54,W,220.56666666666663
50-54,W,220.58333333333337
50-54,W,220.68333333333337
50-54,W,220.7
50-54,W,220.73333333333332
50-54,W,220.75
50-54,W,220.75
50-54,W,220.76666666666668
50-54,W,220.76666666666668
50-54,W,220.91666666666663
50-54,W,220.93333333333337
50-54,W,220.98333333333332
50-54,W,221.0
50-54,W,221.03333333333333
50-54,W,221.11666666666667
50-54,W,221.23333333333332
50-54,W,221.23333333333332
50-54,W,221.25
50-54,W,221.28333333333333
50-54,W,221.28333333333333
50-54,W,221.36666666666667
50-54,W,221.58333333333337
50-54,W,221.61666666666667
50-54,W,221.68333333333337
50-54,W,221.71666666666667
50-54,W,221.76666666666668
50-54,W,221.85
50-54,W,221.86666666666667
50-54,W,221.88333333333333
50-54,W,221.91666666666663
50-54,W,221.96666666666667
50-54,W,221.96666666666667
50-54,W,222.08333333333337
50-54,W,222.13333333333333
50-54,W,222.26666666666668
50-54,W,222.33333333333337
50-54,W,222.33333333333337
50-54,W,222.35
50-54,W,222.4
50-54,W,222.4
50-54,W,222.51666666666668
50-54,W,222.51666666666668
50-54,W,222.63333333333333
50-54,W,222.7
50-54,W,222.8
50-54,W,222.81666666666663
50-54,W,222.93333333333337
50-54,W,222.96666666666667
50-54,W,222.98333333333332
50-54,W,223.1
50-54,W,223.15
50-54,W,223.26666666666668
50-54,W,223.36666666666667
50-54,W,223.4
50-54,W,223.4
50-54,W,223.4
50-54,W,223.5
50-54,W,223.5
50-54,W,223.51666666666668
50-54,W,223.61666666666667
50-54,W,223.76666666666668
50-54,W,223.86666666666667
50-54,W,223.9
50-54,W,223.91666666666663
50-54,W,223.91666666666663
50-54,W,223.95
50-54,W,223.96666666666667
50-54,W,224.03333333333333
50-54,W,224.03333333333333
50-54,W,224.03333333333333
50-54,W,224.06666666666663
50-54,W,224.11666666666667
50-54,W,224.16666666666663
50-54,W,224.18333333333337
50-54,W,224.21666666666667
50-54,W,224.23333333333332
50-54,W,224.28333333333333
50-54,W,224.36666666666667
50-54,W,224.36666666666667
50-54,W,224.38333333333333
50-54,W,224.4
50-54,W,224.41666666666663
50-54,W,224.41666666666663
50-54,W,224.43333333333337
50-54,W,224.45
50-54,W,224.45
50-54,W,224.5
50-54,W,224.56666666666663
50-54,W,224.58333333333337
50-54,W,224.65
50-54,W,224.65
50-54,W,224.78333333333333
50-54,W,224.8
50-54,W,224.81666666666663
50-54,W,224.81666666666663
50-54,W,224.83333333333337
50-54,W,224.9
50-54,W,224.9
50-54,W,224.98333333333332
50-54,W,225.0
50-54,W,225.03333333333333
50-54,W,225.23333333333332
50-54,W,225.26666666666668
50-54,W,225.3
50-54,W,225.35
50-54,W,225.41666666666663
50-54,W,225.43333333333337
50-54,W,225.46666666666667
50-54,W,225.46666666666667
50-54,W,225.65
50-54,W,225.7
50-54,W,225.71666666666667
50-54,W,225.83333333333337
50-54,W,225.88333333333333
50-54,W,225.93333333333337
50-54,W,225.93333333333337
50-54,W,226.21666666666667
50-54,W,226.21666666666667
50-54,W,226.23333333333332
50-54,W,226.23333333333332
50-54,W,226.26666666666668
50-54,W,226.31666666666663
50-54,W,226.4
50-54,W,226.4
50-54,W,226.51666666666668
50-54,W,226.58333333333337
50-54,W,226.6
50-54,W,226.63333333333333
50-54,W,226.63333333333333
50-54,W,226.8
50-54,W,226.85
50-54,W,227.01666666666668
50-54,W,227.06666666666663
50-54,W,227.08333333333337
50-54,W,227.08333333333337
50-54,W,227.1
50-54,W,227.13333333333333
50-54,W,227.16666666666663
50-54,W,227.18333333333337
50-54,W,227.21666666666667
50-54,W,227.21666666666667
50-54,W,227.3
50-54,W,227.33333333333337
50-54,W,227.35
50-54,W,227.35
50-54,W,227.36666666666667
50-54,W,227.41666666666663
50-54,W,227.43333333333337
50-54,W,227.45
50-54,W,227.48333333333332
50-54,W,227.48333333333332
50-54,W,227.51666666666668
50-54,W,227.55
50-54,W,227.63333333333333
50-54,W,227.7
50-54,W,227.7
50-54,W,227.75
50-54,W,227.81666666666663
50-54,W,227.85
50-54,W,227.86666666666667
50-54,W,227.95
50-54,W,227.98333333333332
50-54,W,227.98333333333332
50-54,W,228.06666666666663
50-54,W,228.06666666666663
50-54,W,228.1
50-54,W,228.1
50-54,W,228.1
50-54,W,228.13333333333333
50-54,W,228.13333333333333
50-54,W,228.15
50-54,W,228.18333333333337
50-54,W,228.2
50-54,W,228.26666666666668
50-54,W,228.26666666666668
50-54,W,228.28333333333333
50-54,W,228.38333333333333
50-54,W,228.38333333333333
50-54,W,228.48333333333332
50-54,W,228.58333333333337
50-54,W,228.61666666666667
50-54,W,228.76666666666668
50-54,W,228.81666666666663
50-54,W,228.81666666666663
50-54,W,228.83333333333337
50-54,W,228.83333333333337
50-54,W,228.85
50-54,W,228.86666666666667
50-54,W,228.88333333333333
50-54,W,228.93333333333337
50-54,W,228.95
50-54,W,229.0
50-54,W,229.03333333333333
50-54,W,229.05
50-54,W,229.05
50-54,W,229.11666666666667
50-54,W,229.15
50-54,W,229.21666666666667
50-54,W,229.23333333333332
50-54,W,229.26666666666668
50-54,W,229.26666666666668
50-54,W,229.28333333333333
50-54,W,229.31666666666663
50-54,W,229.35
50-54,W,229.36666666666667
50-54,W,229.4
50-54,W,229.43333333333337
50-54,W,229.45
50-54,W,229.48333333333332
50-54,W,229.51666666666668
50-54,W,229.6
50-54,W,229.65
50-54,W,229.65
50-54,W,229.66666666666663
50-54,W,229.81666666666663
50-54,W,229.9
50-54,W,229.9
50-54,W,229.91666666666663
50-54,W,229.93333333333337
50-54,W,229.96666666666667
50-54,W,230.0
50-54,W,230.01666666666668
50-54,W,230.08333333333337
50-54,W,230.11666666666667
50-54,W,230.13333333333333
50-54,W,230.16666666666663
50-54,W,230.2
50-54,W,230.21666666666667
50-54,W,230.23333333333332
50-54,W,230.3
50-54,W,230.41666666666663
50-54,W,230.41666666666663
50-54,W,230.43333333333337
50-54,W,230.46666666666667
50-54,W,230.48333333333332
50-54,W,230.48333333333332
50-54,W,230.48333333333332
50-54,W,230.5
50-54,W,230.53333333333333
50-54,W,230.53333333333333
50-54,W,230.58333333333337
50-54,W,230.58333333333337
50-54,W,230.6
50-54,W,230.6
50-54,W,230.71666666666667
50-54,W,230.83333333333337
50-54,W,230.85
50-54,W,230.9
50-54,W,230.91666666666663
50-54,W,230.91666666666663
50-54,W,230.95
50-54,W,230.96666666666667
50-54,W,230.98333333333332
50-54,W,231.05
50-54,W,231.08333333333337
50-54,W,231.08333333333337
50-54,W,231.1
50-54,W,231.28333333333333
50-54,W,231.3
50-54,W,231.33333333333337
50-54,W,231.4
50-54,W,231.43333333333337
50-54,W,231.45
50-54,W,231.46666666666667
50-54,W,231.46666666666667
50-54,W,231.48333333333332
50-54,W,231.51666666666668
50-54,W,231.61666666666667
50-54,W,231.66666666666663
50-54,W,231.68333333333337
50-54,W,231.68333333333337
50-54,W,231.7
50-54,W,231.73333333333332
50-54,W,231.75
50-54,W,231.78333333333333
50-54,W,231.81666666666663
50-54,W,231.81666666666663
50-54,W,231.81666666666663
50-54,W,231.85
50-54,W,231.91666666666663
50-54,W,231.96666666666667
50-54,W,232.0
50-54,W,232.03333333333333
50-54,W,232.05
50-54,W,232.25
50-54,W,232.31666666666663
50-54,W,232.33333333333337
50-54,W,232.38333333333333
50-54,W,232.4
50-54,W,232.45
50-54,W,232.45
50-54,W,232.48333333333332
50-54,W,232.5
50-54,W,232.55
50-54,W,232.6
50-54,W,232.63333333333333
50-54,W,232.63333333333333
50-54,W,232.81666666666663
50-54,W,232.83333333333337
50-54,W,232.83333333333337
50-54,W,232.88333333333333
50-54,W,232.9
50-54,W,232.9
50-54,W,232.95
50-54,W,233.0
50-54,W,233.05
50-54,W,233.08333333333337
50-54,W,233.18333333333337
50-54,W,233.18333333333337
50-54,W,233.21666666666667
50-54,W,233.21666666666667
50-54,W,233.23333333333332
50-54,W,233.38333333333333
50-54,W,233.46666666666667
50-54,W,233.46666666666667
50-54,W,233.5
50-54,W,233.5
50-54,W,233.56666666666663
50-54,W,233.63333333333333
50-54,W,233.68333333333337
50-54,W,233.73333333333332
50-54,W,233.75
50-54,W,233.81666666666663
50-54,W,233.85
50-54,W,233.88333333333333
50-54,W,233.88333333333333
50-54,W,233.9
50-54,W,233.91666666666663
50-54,W,233.91666666666663
50-54,W,234.03333333333333
50-54,W,234.1
50-54,W,234.11666666666667
50-54,W,234.16666666666663
50-54,W,234.16666666666663
50-54,W,234.21666666666667
50-54,W,234.23333333333332
50-54,W,234.25
50-54,W,234.31666666666663
50-54,W,234.33333333333337
50-54,W,234.36666666666667
50-54,W,234.38333333333333
50-54,W,234.41666666666663
50-54,W,234.43333333333337
50-54,W,234.45
50-54,W,234.58333333333337
50-54,W,234.61666666666667
50-54,W,234.63333333333333
50-54,W,234.68333333333337
50-54,W,234.71666666666667
50-54,W,234.73333333333332
50-54,W,234.96666666666667
50-54,W,234.98333333333332
50-54,W,235.01666666666668
50-54,W,235.16666666666663
50-54,W,235.21666666666667
50-54,W,235.33333333333337
50-54,W,235.41666666666663
50-54,W,235.41666666666663
50-54,W,235.51666666666668
50-54,W,235.53333333333333
50-54,W,235.55
50-54,W,235.6
50-54,W,235.61666666666667
50-54,W,235.63333333333333
50-54,W,235.8
50-54,W,235.81666666666663
50-54,W,235.81666666666663
50-54,W,235.88333333333333
50-54,W,235.91666666666663
50-54,W,235.93333333333337
50-54,W,236.0
50-54,W,236.0
50-54,W,236.01666666666668
50-54,W,236.08333333333337
50-54,W,236.13333333333333
50-54,W,236.15
50-54,W,236.21666666666667
50-54,W,236.3
50-54,W,236.3
50-54,W,236.3
50-54,W,236.36666666666667
50-54,W,236.46666666666667
50-54,W,236.48333333333332
50-54,W,236.5
50-54,W,236.6
50-54,W,236.6
50-54,W,236.61666666666667
50-54,W,236.63333333333333
50-54,W,236.73333333333332
50-54,W,236.81666666666663
50-54,W,236.85
50-54,W,236.86666666666667
50-54,W,237.03333333333333
50-54,W,237.23333333333332
50-54,W,237.28333333333333
50-54,W,237.38333333333333
50-54,W,237.46666666666667
50-54,W,237.71666666666667
50-54,W,237.76666666666668
50-54,W,237.78333333333333
50-54,W,237.81666666666663
50-54,W,237.81666666666663
50-54,W,237.91666666666663
50-54,W,237.91666666666663
50-54,W,237.91666666666663
50-54,W,237.96666666666667
50-54,W,237.96666666666667
50-54,W,238.01666666666668
50-54,W,238.13333333333333
50-54,W,238.15
50-54,W,238.2
50-54,W,238.4
50-54,W,238.43333333333337
50-54,W,238.53333333333333
50-54,W,238.63333333333333
50-54,W,238.63333333333333
50-54,W,238.66666666666663
50-54,W,238.71666666666667
50-54,W,238.75
50-54,W,238.93333333333337
50-54,W,239.0
50-54,W,239.1
50-54,W,239.11666666666667
50-54,W,239.21666666666667
50-54,W,239.3
50-54,W,239.31666666666663
50-54,W,239.43333333333337
50-54,W,239.45
50-54,W,239.46666666666667
50-54,W,239.5
50-54,W,239.55
50-54,W,239.68333333333337
50-54,W,239.88333333333333
50-54,W,239.88333333333333
50-54,W,239.9
50-54,W,239.9
50-54,W,240.0
50-54,W,240.06666666666663
50-54,W,240.28333333333333
50-54,W,240.28333333333333
50-54,W,240.31666666666663
50-54,W,240.31666666666663
50-54,W,240.38333333333333
50-54,W,240.4
50-54,W,240.41666666666663
50-54,W,240.45
50-54,W,240.48333333333332
50-54,W,240.5
50-54,W,240.61666666666667
50-54,W,240.63333333333333
50-54,W,240.63333333333333
50-54,W,240.7
50-54,W,240.81666666666663
50-54,W,240.83333333333337
50-54,W,240.86666666666667
50-54,W,240.95
50-54,W,240.98333333333332
50-54,W,240.98333333333332
50-54,W,241.01666666666668
50-54,W,241.05
50-54,W,241.15
50-54,W,241.35
50-54,W,241.4
50-54,W,241.43333333333337
50-54,W,241.43333333333337
50-54,W,241.53333333333333
50-54,W,241.56666666666663
50-54,W,241.63333333333333
50-54,W,241.63333333333333
50-54,W,241.73333333333332
50-54,W,241.88333333333333
50-54,W,241.95
50-54,W,242.0
50-54,W,242.08333333333337
50-54,W,242.26666666666668
50-54,W,242.33333333333337
50-54,W,242.36666666666667
50-54,W,242.38333333333333
50-54,W,242.45
50-54,W,242.58333333333337
50-54,W,242.6
50-54,W,242.63333333333333
50-54,W,242.7
50-54,W,242.71666666666667
50-54,W,242.71666666666667
50-54,W,242.71666666666667
50-54,W,242.83333333333337
50-54,W,243.05
50-54,W,243.11666666666667
50-54,W,243.23333333333332
50-54,W,243.3
50-54,W,243.36666666666667
50-54,W,243.45
50-54,W,243.46666666666667
50-54,W,243.46666666666667
50-54,W,243.58333333333337
50-54,W,243.58333333333337
50-54,W,243.66666666666663
50-54,W,243.76666666666668
50-54,W,243.76666666666668
50-54,W,243.76666666666668
50-54,W,243.88333333333333
50-54,W,243.91666666666663
50-54,W,243.93333333333337
50-54,W,244.11666666666667
50-54,W,244.13333333333333
50-54,W,244.25
50-54,W,244.25
50-54,W,244.28333333333333
50-54,W,244.31666666666663
50-54,W,244.33333333333337
50-54,W,244.46666666666667
50-54,W,244.65
50-54,W,244.81666666666663
50-54,W,244.83333333333337
50-54,W,244.85
50-54,W,245.08333333333337
50-54,W,245.13333333333333
50-54,W,245.23333333333332
50-54,W,245.28333333333333
50-54,W,245.28333333333333
50-54,W,245.38333333333333
50-54,W,245.43333333333337
50-54,W,245.48333333333332
50-54,W,245.53333333333333
50-54,W,245.56666666666663
50-54,W,245.71666666666667
50-54,W,245.73333333333332
50-54,W,245.75
50-54,W,245.76666666666668
50-54,W,245.98333333333332
50-54,W,246.0
50-54,W,246.01666666666668
50-54,W,246.08333333333337
50-54,W,246.38333333333333
50-54,W,246.55
50-54,W,246.55
50-54,W,246.68333333333337
50-54,W,246.88333333333333
50-54,W,246.98333333333332
50-54,W,247.03333333333333
50-54,W,247.4
50-54,W,247.46666666666667
50-54,W,247.61666666666667
50-54,W,247.9
50-54,W,248.0
50-54,W,248.05
50-54,W,248.15
50-54,W,248.16666666666663
50-54,W,248.26666666666668
50-54,W,248.33333333333337
50-54,W,248.41666666666663
50-54,W,248.41666666666663
50-54,W,248.55
50-54,W,248.6
50-54,W,248.66666666666663
50-54,W,248.68333333333337
50-54,W,248.73333333333332
50-54,W,248.8
50-54,W,248.96666666666667
50-54,W,249.03333333333333
50-54,W,249.11666666666667
50-54,W,249.2
50-54,W,249.2
50-54,W,249.3
50-54,W,249.38333333333333
50-54,W,249.45
50-54,W,249.45
50-54,W,249.48333333333332
50-54,W,249.56666666666663
50-54,W,249.56666666666663
50-54,W,249.6
50-54,W,249.65
50-54,W,249.73333333333332
50-54,W,249.73333333333332
50-54,W,249.95
50-54,W,250.05
50-54,W,250.15
50-54,W,250.21666666666667
50-54,W,250.38333333333333
50-54,W,250.63333333333333
50-54,W,250.66666666666663
50-54,W,250.85
50-54,W,250.95
50-54,W,250.95
50-54,W,251.03333333333333
50-54,W,251.1
50-54,W,251.18333333333337
50-54,W,251.33333333333337
50-54,W,251.43333333333337
50-54,W,251.53333333333333
50-54,W,251.75
50-54,W,251.98333333333332
50-54,W,252.0
50-54,W,252.18333333333337
50-54,W,252.18333333333337
50-54,W,252.26666666666668
50-54,W,252.36666666666667
50-54,W,252.41666666666663
50-54,W,252.55
50-54,W,252.6
50-54,W,252.68333333333337
50-54,W,252.73333333333332
50-54,W,252.78333333333333
50-54,W,252.85
50-54,W,252.86666666666667
50-54,W,252.9
50-54,W,253.06666666666663
50-54,W,253.28333333333333
50-54,W,253.28333333333333
50-54,W,253.4
50-54,W,253.6
50-54,W,253.78333333333333
50-54,W,253.93333333333337
50-54,W,253.95
50-54,W,254.0
50-54,W,254.03333333333333
50-54,W,254.03333333333333
50-54,W,254.26666666666668
50-54,W,254.4
50-54,W,254.6
50-54,W,254.66666666666663
50-54,W,254.66666666666663
50-54,W,254.78333333333333
50-54,W,255.56666666666663
50-54,W,255.63333333333333
50-54,W,255.68333333333337
50-54,W,255.73333333333332
50-54,W,255.75
50-54,W,255.86666666666667
50-54,W,255.86666666666667
50-54,W,255.91666666666663
50-54,W,255.93333333333337
50-54,W,256.05
50-54,W,256.1666666666667
50-54,W,256.45
50-54,W,256.6666666666667
50-54,W,256.9
50-54,W,256.98333333333335
50-54,W,257.05
50-54,W,257.25
50-54,W,257.81666666666666
50-54,W,258.1
50-54,W,258.25
50-54,W,258.55
50-54,W,258.81666666666666
50-54,W,259.01666666666665
50-54,W,259.1166666666667
50-54,W,259.2
50-54,W,259.35
50-54,W,259.48333333333335
50-54,W,259.5833333333333
50-54,W,259.73333333333335
50-54,W,259.9
50-54,W,260.3333333333333
50-54,W,260.35
50-54,W,260.56666666666666
50-54,W,260.78333333333336
50-54,W,260.8833333333333
50-54,W,261.18333333333334
50-54,W,261.5
50-54,W,261.81666666666666
50-54,W,261.93333333333334
50-54,W,261.98333333333335
50-54,W,262.23333333333335
50-54,W,262.35
50-54,W,262.46666666666664
50-54,W,262.48333333333335
50-54,W,262.6666666666667
50-54,W,262.71666666666664
50-54,W,262.71666666666664
50-54,W,262.8
50-54,W,263.15
50-54,W,263.1666666666667
50-54,W,263.23333333333335
50-54,W,263.65
50-54,W,263.7
50-54,W,264.2
50-54,W,264.3666666666667
50-54,W,264.3833333333333
50-54,W,264.4
50-54,W,264.85
50-54,W,265.05
50-54,W,265.2
50-54,W,265.3666666666667
50-54,W,265.3833333333333
50-54,W,265.4166666666667
50-54,W,265.46666666666664
50-54,W,265.56666666666666
50-54,W,266.1333333333333
50-54,W,266.1333333333333
50-54,W,266.3333333333333
50-54,W,266.8333333333333
50-54,W,266.8833333333333
50-54,W,267.4
50-54,W,267.6
50-54,W,267.65
50-54,W,268.01666666666665
50-54,W,268.06666666666666
50-54,W,268.55
50-54,W,268.68333333333334
50-54,W,269.05
50-54,W,269.06666666666666
50-54,W,269.4166666666667
50-54,W,269.5833333333333
50-54,W,269.7
50-54,W,269.71666666666664
50-54,W,270.0
50-54,W,270.03333333333336
50-54,W,270.31666666666666
50-54,W,270.6333333333333
50-54,W,270.6666666666667
50-54,W,271.01666666666665
50-54,W,271.1
50-54,W,271.1166666666667
50-54,W,271.1333333333333
50-54,W,271.23333333333335
50-54,W,271.25
50-54,W,271.3666666666667
50-54,W,271.5833333333333
50-54,W,271.6
50-54,W,271.7
50-54,W,272.2
50-54,W,272.3833333333333
50-54,W,272.5833333333333
50-54,W,273.1333333333333
50-54,W,273.5833333333333
50-54,W,273.95
50-54,W,274.3333333333333
50-54,W,274.3833333333333
50-54,W,274.43333333333334
50-54,W,274.8333333333333
50-54,W,275.0
50-54,W,275.1333333333333
50-54,W,275.1666666666667
50-54,W,275.4
50-54,W,275.55
50-54,W,276.3666666666667
50-54,W,276.53333333333336
50-54,W,276.6166666666667
50-54,W,276.81666666666666
50-54,W,276.8333333333333
50-54,W,277.0833333333333
50-54,W,277.1166666666667
50-54,W,277.6166666666667
50-54,W,277.6666666666667
50-54,W,278.01666666666665
50-54,W,278.26666666666665
50-54,W,278.51666666666665
50-54,W,278.6333333333333
50-54,W,278.65
50-54,W,279.03333333333336
50-54,W,279.5
50-54,W,279.55
50-54,W,280.01666666666665
50-54,W,280.0833333333333
50-54,W,280.0833333333333
50-54,W,280.3
50-54,W,280.96666666666664
50-54,W,281.25
50-54,W,281.48333333333335
50-54,W,281.75
50-54,W,281.9
50-54,W,282.8
50-54,W,283.1666666666667
50-54,W,283.85
50-54,W,284.96666666666664
50-54,W,285.3
50-54,W,285.6
50-54,W,286.15
50-54,W,286.1666666666667
50-54,W,286.48333333333335
50-54,W,286.6
50-54,W,287.3333333333333
50-54,W,287.4166666666667
50-54,W,287.65
50-54,W,288.2
50-54,W,288.3333333333333
50-54,W,288.93333333333334
50-54,W,289.1
50-54,W,289.75
50-54,W,290.01666666666665
50-54,W,290.03333333333336
50-54,W,290.1333333333333
50-54,W,290.3833333333333
50-54,W,290.45
50-54,W,290.65
50-54,W,290.9166666666667
50-54,W,291.1166666666667
50-54,W,291.18333333333334
50-54,W,291.3666666666667
50-54,W,291.46666666666664
50-54,W,291.95
50-54,W,292.65
50-54,W,292.71666666666664
50-54,W,292.95
50-54,W,293.81666666666666
50-54,W,293.96666666666664
50-54,W,294.3333333333333
50-54,W,294.56666666666666
50-54,W,295.1666666666667
50-54,W,295.23333333333335
50-54,W,295.43333333333334
50-54,W,295.46666666666664
50-54,W,295.53333333333336
50-54,W,295.98333333333335
50-54,W,296.4166666666667
50-54,W,296.76666666666665
50-54,W,297.05
50-54,W,297.56666666666666
50-54,W,297.85
50-54,W,297.8666666666667
50-54,W,298.0833333333333
50-54,W,298.26666666666665
50-54,W,298.26666666666665
50-54,W,298.28333333333336
50-54,W,298.3833333333333
50-54,W,299.2
50-54,W,300.28333333333336
50-54,W,300.8666666666667
50-54,W,301.23333333333335
50-54,W,301.68333333333334
50-54,W,301.71666666666664
50-54,W,302.1666666666667
50-54,W,302.25
50-54,W,302.6
50-54,W,303.28333333333336
50-54,W,303.75
50-54,W,303.8833333333333
50-54,W,304.0
50-54,W,304.2
50-54,W,304.3333333333333
50-54,W,305.23333333333335
50-54,W,306.5833333333333
50-54,W,306.81666666666666
50-54,W,307.73333333333335
50-54,W,307.73333333333335
50-54,W,307.96666666666664
50-54,W,308.68333333333334
50-54,W,308.68333333333334
50-54,W,308.96666666666664
50-54,W,309.06666666666666
50-54,W,309.25
50-54,W,309.75
50-54,W,309.9166666666667
50-54,W,310.03333333333336
50-54,W,310.15
50-54,W,310.31666666666666
50-54,W,310.31666666666666
50-54,W,310.45
50-54,W,310.6166666666667
50-54,W,311.21666666666664
50-54,W,311.98333333333335
50-54,W,312.3333333333333
50-54,W,314.06666666666666
50-54,W,314.4166666666667
50-54,W,314.75
50-54,W,315.3
50-54,W,315.35
50-54,W,315.81666666666666
50-54,W,316.78333333333336
50-54,W,317.98333333333335
50-54,W,318.1333333333333
50-54,W,319.26666666666665
50-54,W,319.68333333333334
50-54,W,320.98333333333335
50-54,W,322.3666666666667
50-54,W,322.8333333333333
50-54,W,323.6
50-54,W,324.1
50-54,W,324.5833333333333
50-54,W,326.06666666666666
50-54,W,326.1166666666667
50-54,W,326.46666666666664
50-54,W,326.8666666666667
50-54,W,327.0
50-54,W,327.3833333333333
50-54,W,327.6333333333333
50-54,W,329.8333333333333
50-54,W,330.3
50-54,W,330.31666666666666
50-54,W,330.6666666666667
50-54,W,331.01666666666665
50-54,W,331.18333333333334
50-54,W,331.3
50-54,W,332.21666666666664
50-54,W,332.5833333333333
50-54,W,332.9
50-54,W,334.3
50-54,W,334.31666666666666
50-54,W,335.35
50-54,W,336.5
50-54,W,336.71666666666664
50-54,W,336.93333333333334
50-54,W,337.2
50-54,W,337.2
50-54,W,337.56666666666666
50-54,W,338.1
50-54,W,338.71666666666664
50-54,W,340.0833333333333
50-54,W,342.75
50-54,W,343.1333333333333
50-54,W,343.51666666666665
50-54,W,344.2
50-54,W,345.1
50-54,W,346.25
50-54,W,346.31666666666666
50-54,W,347.1166666666667
50-54,W,348.18333333333334
50-54,W,348.2
50-54,W,348.21666666666664
50-54,W,348.3333333333333
50-54,W,348.4
50-54,W,350.0833333333333
50-54,W,351.0
50-54,W,351.35
50-54,W,352.21666666666664
50-54,W,353.06666666666666
50-54,W,353.5
50-54,W,354.78333333333336
50-54,W,355.15
50-54,W,355.4
50-54,W,355.6666666666667
50-54,W,357.46666666666664
50-54,W,357.51666666666665
50-54,W,358.78333333333336
50-54,W,360.51666666666665
50-54,W,361.6333333333333
50-54,W,367.55
50-54,W,369.0833333333333
50-54,W,369.78333333333336
50-54,W,370.4166666666667
55-59,W,177.63333333333333
55-59,W,192.16666666666663
55-59,W,193.31666666666663
55-59,W,194.01666666666668
55-59,W,194.9
55-59,W,195.55
55-59,W,196.56666666666663
55-59,W,196.73333333333332
55-59,W,197.03333333333333
55-59,W,198.26666666666668
55-59,W,199.41666666666663
55-59,W,201.76666666666668
55-59,W,202.08333333333337
55-59,W,202.45
55-59,W,203.23333333333332
55-59,W,203.9
55-59,W,204.01666666666668
55-59,W,204.1
55-59,W,204.31666666666663
55-59,W,204.53333333333333
55-59,W,204.95
55-59,W,204.98333333333332
55-59,W,205.28333333333333
55-59,W,205.78333333333333
55-59,W,206.01666666666668
55-59,W,206.28333333333333
55-59,W,206.38333333333333
55-59,W,206.65
55-59,W,207.3
55-59,W,207.41666666666663
55-59,W,208.05
55-59,W,208.46666666666667
55-59,W,208.63333333333333
55-59,W,208.63333333333333
55-59,W,208.83333333333337
55-59,W,209.25
55-59,W,209.33333333333337
55-59,W,209.36666666666667
55-59,W,209.76666666666668
55-59,W,210.13333333333333
55-59,W,210.53333333333333
55-59,W,210.78333333333333
55-59,W,211.11666666666667
55-59,W,211.18333333333337
55-59,W,211.23333333333332
55-59,W,211.36666666666667
55-59,W,211.5
55-59,W,211.51666666666668
55-59,W,211.85
55-59,W,212.3
55-59,W,213.65
55-59,W,213.76666666666668
55-59,W,213.85
55-59,W,214.1
55-59,W,214.68333333333337
55-59,W,215.03333333333333
55-59,W,215.38333333333333
55-59,W,215.48333333333332
55-59,W,215.56666666666663
55-59,W,215.61666666666667
55-59,W,215.66666666666663
55-59,W,215.76666666666668
55-59,W,216.08333333333337
55-59,W,216.33333333333337
55-59,W,216.53333333333333
55-59,W,216.66666666666663
55-59,W,216.68333333333337
55-59,W,216.88333333333333
55-59,W,216.95
55-59,W,217.0
55-59,W,217.08333333333337
55-59,W,217.38333333333333
55-59,W,217.51666666666668
55-59,W,217.83333333333337
55-59,W,217.86666666666667
55-59,W,217.93333333333337
55-59,W,217.95
55-59,W,218.2
55-59,W,218.33333333333337
55-59,W,218.9
55-59,W,218.93333333333337
55-59,W,219.36666666666667
55-59,W,219.43333333333337
55-59,W,219.6
55-59,W,219.66666666666663
55-59,W,219.8
55-59,W,219.95
55-59,W,220.01666666666668
55-59,W,220.38333333333333
55-59,W,220.65
55-59,W,220.73333333333332
55-59,W,220.73333333333332
55-59,W,220.81666666666663
55-59,W,220.98333333333332
55-59,W,221.15
55-59,W,221.35
55-59,W,221.48333333333332
55-59,W,221.51666666666668
55-59,W,221.76666666666668
55-59,W,222.0
55-59,W,222.28333333333333
55-59,W,222.63333333333333
55-59,W,222.75
55-59,W,222.95
55-59,W,222.95
55-59,W,223.06666666666663
55-59,W,223.08333333333337
55-59,W,223.13333333333333
55-59,W,223.23333333333332
55-59,W,223.25
55-59,W,223.36666666666667
55-59,W,223.38333333333333
55-59,W,223.68333333333337
55-59,W,223.86666666666667
55-59,W,223.95
55-59,W,224.05
55-59,W,224.08333333333337
55-59,W,224.11666666666667
55-59,W,224.28333333333333
55-59,W,224.45
55-59,W,224.5
55-59,W,224.53333333333333
55-59,W,224.71666666666667
55-59,W,225.11666666666667
55-59,W,225.21666666666667
55-59,W,225.21666666666667
55-59,W,225.23333333333332
55-59,W,225.41666666666663
55-59,W,225.41666666666663
55-59,W,225.51666666666668
55-59,W,225.51666666666668
55-59,W,225.56666666666663
55-59,W,225.56666666666663
55-59,W,225.73333333333332
55-59,W,225.83333333333337
55-59,W,226.1
55-59,W,226.15
55-59,W,226.16666666666663
55-59,W,226.23333333333332
55-59,W,226.33333333333337
55-59,W,226.38333333333333
55-59,W,226.51666666666668
55-59,W,226.68333333333337
55-59,W,226.86666666666667
55-59,W,226.98333333333332
55-59,W,227.01666666666668
55-59,W,227.06666666666663
55-59,W,227.46666666666667
55-59,W,227.51666666666668
55-59,W,227.56666666666663
55-59,W,227.61666666666667
55-59,W,227.61666666666667
55-59,W,227.78333333333333
55-59,W,227.78333333333333
55-59,W,227.98333333333332
55-59,W,228.03333333333333
55-59,W,228.1
55-59,W,228.13333333333333
55-59,W,228.26666666666668
55-59,W,228.33333333333337
55-59,W,228.4
55-59,W,228.41666666666663
55-59,W,228.7
55-59,W,228.76666666666668
55-59,W,228.78333333333333
55-59,W,228.9
55-59,W,228.95
55-59,W,228.98333333333332
55-59,W,229.01666666666668
55-59,W,229.1
55-59,W,229.18333333333337
55-59,W,229.2
55-59,W,229.3
55-59,W,229.31666666666663
55-59,W,229.4
55-59,W,229.43333333333337
55-59,W,229.45
55-59,W,229.56666666666663
55-59,W,229.61666666666667
55-59,W,229.63333333333333
55-59,W,229.66666666666663
55-59,W,229.83333333333337
55-59,W,229.85
55-59,W,229.86666666666667
55-59,W,229.9
55-59,W,229.95
55-59,W,229.95
55-59,W,230.0
55-59,W,230.08333333333337
55-59,W,230.11666666666667
55-59,W,230.16666666666663
55-59,W,230.3
55-59,W,230.53333333333333
55-59,W,230.61666666666667
55-59,W,230.61666666666667
55-59,W,230.63333333333333
55-59,W,230.71666666666667
55-59,W,230.71666666666667
55-59,W,230.76666666666668
55-59,W,230.81666666666663
55-59,W,230.83333333333337
55-59,W,230.86666666666667
55-59,W,230.9
55-59,W,231.06666666666663
55-59,W,231.13333333333333
55-59,W,231.16666666666663
55-59,W,231.2
55-59,W,231.26666666666668
55-59,W,231.31666666666663
55-59,W,231.45
55-59,W,231.55
55-59,W,231.56666666666663
55-59,W,231.58333333333337
55-59,W,231.63333333333333
55-59,W,231.73333333333332
55-59,W,231.8
55-59,W,231.98333333333332
55-59,W,232.03333333333333
55-59,W,232.18333333333337
55-59,W,232.18333333333337
55-59,W,232.2
55-59,W,232.2
55-59,W,232.23333333333332
55-59,W,232.28333333333333
55-59,W,232.33333333333337
55-59,W,232.35
55-59,W,232.36666666666667
55-59,W,232.41666666666663
55-59,W,232.48333333333332
55-59,W,232.5
55-59,W,232.55
55-59,W,232.56666666666663
55-59,W,232.58333333333337
55-59,W,232.58333333333337
55-59,W,232.6
55-59,W,232.66666666666663
55-59,W,232.7
55-59,W,232.7
55-59,W,232.73333333333332
55-59,W,232.75
55-59,W,232.78333333333333
55-59,W,232.78333333333333
55-59,W,232.88333333333333
55-59,W,233.05
55-59,W,233.15
55-59,W,233.21666666666667
55-59,W,233.25
55-59,W,233.38333333333333
55-59,W,233.4
55-59,W,233.4
55-59,W,233.43333333333337
55-59,W,233.43333333333337
55-59,W,233.66666666666663
55-59,W,233.76666666666668
55-59,W,233.9
55-59,W,233.9
55-59,W,234.01666666666668
55-59,W,234.11666666666667
55-59,W,234.15
55-59,W,234.16666666666663
55-59,W,234.21666666666667
55-59,W,234.31666666666663
55-59,W,234.43333333333337
55-59,W,234.46666666666667
55-59,W,234.5
55-59,W,234.5
55-59,W,234.5
55-59,W,234.51666666666668
55-59,W,234.58333333333337
55-59,W,234.6
55-59,W,234.63333333333333
55-59,W,234.63333333333333
55-59,W,234.68333333333337
55-59,W,234.81666666666663
55-59,W,234.81666666666663
55-59,W,234.88333333333333
55-59,W,234.95
55-59,W,234.95
55-59,W,235.0
55-59,W,235.01666666666668
55-59,W,235.2
55-59,W,235.21666666666667
55-59,W,235.28333333333333
55-59,W,235.3
55-59,W,235.5
55-59,W,235.6
55-59,W,235.63333333333333
55-59,W,235.63333333333333
55-59,W,235.65
55-59,W,235.7
55-59,W,235.8
55-59,W,235.85
55-59,W,236.01666666666668
55-59,W,236.23333333333332
55-59,W,236.31666666666663
55-59,W,236.35
55-59,W,236.41666666666663
55-59,W,236.5
55-59,W,236.55
55-59,W,236.55
55-59,W,236.6
55-59,W,236.63333333333333
55-59,W,236.68333333333337
55-59,W,236.86666666666667
55-59,W,236.86666666666667
55-59,W,236.91666666666663
55-59,W,236.95
55-59,W,236.98333333333332
55-59,W,237.31666666666663
55-59,W,237.33333333333337
55-59,W,237.4
55-59,W,237.46666666666667
55-59,W,237.5
55-59,W,237.63333333333333
55-59,W,237.66666666666663
55-59,W,237.8
55-59,W,237.83333333333337
55-59,W,237.83333333333337
55-59,W,237.85
55-59,W,237.86666666666667
55-59,W,237.9
55-59,W,237.95
55-59,W,237.98333333333332
55-59,W,238.05
55-59,W,238.1
55-59,W,238.13333333333333
55-59,W,238.31666666666663
55-59,W,238.33333333333337
55-59,W,238.6
55-59,W,238.68333333333337
55-59,W,238.7
55-59,W,238.71666666666667
55-59,W,238.81666666666663
55-59,W,238.86666666666667
55-59,W,238.91666666666663
55-59,W,238.91666666666663
55-59,W,238.95
55-59,W,238.95
55-59,W,239.08333333333337
55-59,W,239.21666666666667
55-59,W,239.35
55-59,W,239.4
55-59,W,239.43333333333337
55-59,W,239.45
55-59,W,239.46666666666667
55-59,W,239.5
55-59,W,239.6
55-59,W,239.63333333333333
55-59,W,239.68333333333337
55-59,W,239.68333333333337
55-59,W,239.86666666666667
55-59,W,239.95
55-59,W,239.95
55-59,W,240.03333333333333
55-59,W,240.05
55-59,W,240.1
55-59,W,240.21666666666667
55-59,W,240.25
55-59,W,240.31666666666663
55-59,W,240.31666666666663
55-59,W,240.35
55-59,W,240.53333333333333
55-59,W,240.55
55-59,W,240.73333333333332
55-59,W,240.76666666666668
55-59,W,241.01666666666668
55-59,W,241.01666666666668
55-59,W,241.08333333333337
55-59,W,241.16666666666663
55-59,W,241.2
55-59,W,241.31666666666663
55-59,W,241.38333333333333
55-59,W,241.41666666666663
55-59,W,241.56666666666663
55-59,W,241.58333333333337
55-59,W,241.83333333333337
55-59,W,241.85
55-59,W,241.86666666666667
55-59,W,241.93333333333337
55-59,W,242.0
55-59,W,242.05
55-59,W,242.08333333333337
55-59,W,242.1
55-59,W,242.18333333333337
55-59,W,242.2
55-59,W,242.31666666666663
55-59,W,242.51666666666668
55-59,W,242.58333333333337
55-59,W,242.6
55-59,W,242.63333333333333
55-59,W,242.66666666666663
55-59,W,242.68333333333337
55-59,W,242.76666666666668
55-59,W,242.93333333333337
55-59,W,243.15
55-59,W,243.21666666666667
55-59,W,243.26666666666668
55-59,W,243.28333333333333
55-59,W,243.3
55-59,W,243.4
55-59,W,243.5
55-59,W,243.63333333333333
55-59,W,243.71666666666667
55-59,W,243.81666666666663
55-59,W,243.98333333333332
55-59,W,244.03333333333333
55-59,W,244.06666666666663
55-59,W,244.13333333333333
55-59,W,244.21666666666667
55-59,W,244.25
55-59,W,244.3
55-59,W,244.31666666666663
55-59,W,244.31666666666663
55-59,W,244.33333333333337
55-59,W,244.43333333333337
55-59,W,244.43333333333337
55-59,W,244.51666666666668
55-59,W,244.58333333333337
55-59,W,244.63333333333333
55-59,W,244.65
55-59,W,244.73333333333332
55-59,W,244.75
55-59,W,244.78333333333333
55-59,W,244.86666666666667
55-59,W,244.9
55-59,W,245.0
55-59,W,245.03333333333333
55-59,W,245.05
55-59,W,245.15
55-59,W,245.18333333333337
55-59,W,245.23333333333332
55-59,W,245.31666666666663
55-59,W,245.4
55-59,W,245.41666666666663
55-59,W,245.46666666666667
55-59,W,245.58333333333337
55-59,W,245.65
55-59,W,245.75
55-59,W,245.76666666666668
55-59,W,245.95
55-59,W,245.95
55-59,W,246.08333333333337
55-59,W,246.11666666666667
55-59,W,246.31666666666663
55-59,W,246.33333333333337
55-59,W,246.61666666666667
55-59,W,246.81666666666663
55-59,W,246.85
55-59,W,246.96666666666667
55-59,W,246.98333333333332
55-59,W,247.18333333333337
55-59,W,247.28333333333333
55-59,W,247.33333333333337
55-59,W,247.38333333333333
55-59,W,247.41666666666663
55-59,W,247.43333333333337
55-59,W,247.55
55-59,W,247.56666666666663
55-59,W,247.63333333333333
55-59,W,247.75
55-59,W,247.78333333333333
55-59,W,247.85
55-59,W,247.95
55-59,W,247.98333333333332
55-59,W,248.0
55-59,W,248.31666666666663
55-59,W,248.33333333333337
55-59,W,248.4
55-59,W,248.46666666666667
55-59,W,248.5
55-59,W,248.6
55-59,W,248.65
55-59,W,248.7
55-59,W,248.78333333333333
55-59,W,248.91666666666663
55-59,W,248.93333333333337
55-59,W,248.98333333333332
55-59,W,249.21666666666667
55-59,W,249.25
55-59,W,249.33333333333337
55-59,W,249.35
55-59,W,249.45
55-59,W,249.5
55-59,W,249.91666666666663
55-59,W,250.0
55-59,W,250.06666666666663
55-59,W,250.48333333333332
55-59,W,250.56666666666663
55-59,W,250.61666666666667
55-59,W,250.65
55-59,W,250.7
55-59,W,250.86666666666667
55-59,W,250.95
55-59,W,251.05
55-59,W,251.11666666666667
55-59,W,251.26666666666668
55-59,W,251.31666666666663
55-59,W,251.7
55-59,W,251.76666666666668
55-59,W,251.93333333333337
55-59,W,252.0
55-59,W,252.03333333333333
55-59,W,252.05
55-59,W,252.06666666666663
55-59,W,252.06666666666663
55-59,W,252.15
55-59,W,252.15
55-59,W,252.16666666666663
55-59,W,252.21666666666667
55-59,W,252.21666666666667
55-59,W,252.36666666666667
55-59,W,252.38333333333333
55-59,W,252.38333333333333
55-59,W,252.41666666666663
55-59,W,252.58333333333337
55-59,W,252.66666666666663
55-59,W,252.71666666666667
55-59,W,252.95
55-59,W,253.0
55-59,W,253.06666666666663
55-59,W,253.23333333333332
55-59,W,253.23333333333332
55-59,W,253.25
55-59,W,253.28333333333333
55-59,W,253.33333333333337
55-59,W,253.46666666666667
55-59,W,253.51666666666668
55-59,W,254.0
55-59,W,254.01666666666668
55-59,W,254.03333333333333
55-59,W,254.05
55-59,W,254.06666666666663
55-59,W,254.36666666666667
55-59,W,254.78333333333333
55-59,W,254.8
55-59,W,254.93333333333337
55-59,W,254.98333333333332
55-59,W,255.01666666666668
55-59,W,255.06666666666663
55-59,W,255.06666666666663
55-59,W,255.28333333333333
55-59,W,255.65
55-59,W,255.8
55-59,W,255.86666666666667
55-59,W,255.9
55-59,W,255.91666666666663
55-59,W,255.93333333333337
55-59,W,255.93333333333337
55-59,W,256.0
55-59,W,256.21666666666664
55-59,W,256.31666666666666
55-59,W,256.3333333333333
55-59,W,256.8833333333333
55-59,W,256.9
55-59,W,256.93333333333334
55-59,W,257.1
55-59,W,257.15
55-59,W,257.2
55-59,W,257.26666666666665
55-59,W,257.48333333333335
55-59,W,257.53333333333336
55-59,W,257.68333333333334
55-59,W,257.73333333333335
55-59,W,257.9166666666667
55-59,W,258.15
55-59,W,258.3833333333333
55-59,W,258.7
55-59,W,258.81666666666666
55-59,W,258.9166666666667
55-59,W,258.95
55-59,W,259.03333333333336
55-59,W,259.05
55-59,W,259.3333333333333
55-59,W,259.55
55-59,W,259.6
55-59,W,259.75
55-59,W,259.78333333333336
55-59,W,259.9166666666667
55-59,W,260.0
55-59,W,260.03333333333336
55-59,W,260.21666666666664
55-59,W,260.31666666666666
55-59,W,260.3833333333333
55-59,W,260.3833333333333
55-59,W,260.95
55-59,W,261.4
55-59,W,261.4166666666667
55-59,W,261.48333333333335
55-59,W,261.56666666666666
55-59,W,261.65
55-59,W,261.85
55-59,W,261.8666666666667
55-59,W,261.8666666666667
55-59,W,262.05
55-59,W,262.1
55-59,W,262.1666666666667
55-59,W,262.26666666666665
55-59,W,262.46666666666664
55-59,W,262.6333333333333
55-59,W,262.73333333333335
55-59,W,263.03333333333336
55-59,W,263.55
55-59,W,263.68333333333334
55-59,W,264.06666666666666
55-59,W,264.3333333333333
55-59,W,264.4166666666667
55-59,W,264.8
55-59,W,265.6333333333333
55-59,W,265.65
55-59,W,265.71666666666664
55-59,W,265.9
55-59,W,266.3
55-59,W,266.6166666666667
55-59,W,266.6166666666667
55-59,W,266.71666666666664
55-59,W,266.8666666666667
55-59,W,266.8666666666667
55-59,W,266.96666666666664
55-59,W,267.1166666666667
55-59,W,267.3333333333333
55-59,W,267.71666666666664
55-59,W,267.73333333333335
55-59,W,267.9166666666667
55-59,W,268.15
55-59,W,268.28333333333336
55-59,W,268.35
55-59,W,269.06666666666666
55-59,W,269.31666666666666
55-59,W,269.35
55-59,W,269.81666666666666
55-59,W,270.01666666666665
55-59,W,270.05
55-59,W,270.25
55-59,W,270.8666666666667
55-59,W,271.0
55-59,W,271.06666666666666
55-59,W,271.46666666666664
55-59,W,271.5833333333333
55-59,W,271.6666666666667
55-59,W,272.05
55-59,W,272.9166666666667
55-59,W,273.43333333333334
55-59,W,274.05
55-59,W,274.06666666666666
55-59,W,274.4
55-59,W,274.43333333333334
55-59,W,274.45
55-59,W,274.6166666666667
55-59,W,275.0833333333333
55-59,W,276.05
55-59,W,276.06666666666666
55-59,W,276.15
55-59,W,276.1666666666667
55-59,W,276.3
55-59,W,276.6166666666667
55-59,W,276.9166666666667
55-59,W,277.31666666666666
55-59,W,277.4
55-59,W,277.6666666666667
55-59,W,277.76666666666665
55-59,W,278.0
55-59,W,278.43333333333334
55-59,W,278.45
55-59,W,278.98333333333335
55-59,W,279.3333333333333
55-59,W,279.9166666666667
55-59,W,280.46666666666664
55-59,W,282.6333333333333
55-59,W,283.18333333333334
55-59,W,283.23333333333335
55-59,W,283.5833333333333
55-59,W,283.81666666666666
55-59,W,284.76666666666665
55-59,W,286.3833333333333
55-59,W,286.6666666666667
55-59,W,286.68333333333334
55-59,W,286.85
55-59,W,287.31666666666666
55-59,W,287.3666666666667
55-59,W,288.03333333333336
55-59,W,288.28333333333336
55-59,W,288.9166666666667
55-59,W,289.1666666666667
55-59,W,289.4
55-59,W,289.8
55-59,W,290.3333333333333
55-59,W,290.51666666666665
55-59,W,290.6666666666667
55-59,W,290.75
55-59,W,291.76666666666665
55-59,W,292.0
55-59,W,292.15
55-59,W,292.21666666666664
55-59,W,292.26666666666665
55-59,W,292.56666666666666
55-59,W,292.6
55-59,W,293.3833333333333
55-59,W,293.4166666666667
55-59,W,294.18333333333334
55-59,W,294.5
55-59,W,294.76666666666665
55-59,W,295.5
55-59,W,295.76666666666665
55-59,W,296.35
55-59,W,297.26666666666665
55-59,W,297.26666666666665
55-59,W,297.43333333333334
55-59,W,297.68333333333334
55-59,W,297.73333333333335
55-59,W,297.81666666666666
55-59,W,297.8333333333333
55-59,W,298.26666666666665
55-59,W,298.51666666666665
55-59,W,299.45
55-59,W,299.5
55-59,W,299.55
55-59,W,299.8
55-59,W,300.1
55-59,W,300.18333333333334
55-59,W,300.9166666666667
55-59,W,301.0833333333333
55-59,W,301.71666666666664
55-59,W,302.3
55-59,W,302.8833333333333
55-59,W,303.1333333333333
55-59,W,303.46666666666664
55-59,W,303.6666666666667
55-59,W,304.06666666666666
55-59,W,304.3333333333333
55-59,W,304.85
55-59,W,305.1
55-59,W,305.6666666666667
55-59,W,305.9166666666667
55-59,W,306.0
55-59,W,306.1666666666667
55-59,W,306.45
55-59,W,306.95
55-59,W,306.98333333333335
55-59,W,307.25
55-59,W,307.53333333333336
55-59,W,307.68333333333334
55-59,W,307.73333333333335
55-59,W,307.8333333333333
55-59,W,309.1
55-59,W,310.1166666666667
55-59,W,310.1666666666667
55-59,W,310.35
55-59,W,311.21666666666664
55-59,W,311.93333333333334
55-59,W,312.1333333333333
55-59,W,312.3833333333333
55-59,W,312.85
55-59,W,314.1
55-59,W,314.46666666666664
55-59,W,314.81666666666666
55-59,W,315.0833333333333
55-59,W,315.0833333333333
55-59,W,315.51666666666665
55-59,W,315.9
55-59,W,316.0
55-59,W,316.21666666666664
55-59,W,317.4166666666667
55-59,W,318.5833333333333
55-59,W,318.81666666666666
55-59,W,319.85
55-59,W,320.46666666666664
55-59,W,320.75
55-59,W,321.23333333333335
55-59,W,321.31666666666666
55-59,W,322.15
55-59,W,323.73333333333335
55-59,W,324.45
55-59,W,325.1666666666667
55-59,W,326.35
55-59,W,327.43333333333334
55-59,W,328.9166666666667
55-59,W,329.56666666666666
55-59,W,331.25
55-59,W,331.45
55-59,W,331.48333333333335
55-59,W,333.0833333333333
55-59,W,333.5
55-59,W,337.1166666666667
55-59,W,337.8333333333333
55-59,W,339.05
55-59,W,339.0833333333333
55-59,W,340.93333333333334
55-59,W,343.2
55-59,W,343.53333333333336
55-59,W,345.01666666666665
55-59,W,345.6666666666667
55-59,W,346.3333333333333
55-59,W,347.9
55-59,W,348.7
55-59,W,349.25
55-59,W,350.0833333333333
55-59,W,351.25
55-59,W,351.48333333333335
55-59,W,351.55
55-59,W,352.15
55-59,W,353.98333333333335
55-59,W,354.98333333333335
55-59,W,355.2
55-59,W,356.95
55-59,W,357.6
55-59,W,357.81666666666666
55-59,W,359.23333333333335
55-59,W,360.3333333333333
55-59,W,362.43333333333334
55-59,W,362.45
55-59,W,363.93333333333334
55-59,W,365.26666666666665
55-59,W,365.6
55-59,W,371.03333333333336
55-59,W,416.56666666666666
60-64,W,190.61666666666667
60-64,W,193.91666666666663
60-64,W,198.73333333333332
60-64,W,201.15
60-64,W,201.78333333333333
60-64,W,203.2
60-64,W,203.63333333333333
60-64,W,204.53333333333333
60-64,W,205.78333333333333
60-64,W,206.01666666666668
60-64,W,208.11666666666667
60-64,W,208.53333333333333
60-64,W,208.83333333333337
60-64,W,209.11666666666667
60-64,W,211.58333333333337
60-64,W,212.36666666666667
60-64,W,214.1
60-64,W,214.15
60-64,W,214.25
60-64,W,214.63333333333333
60-64,W,215.51666666666668
60-64,W,216.28333333333333
60-64,W,216.45
60-64,W,216.6
60-64,W,217.83333333333337
60-64,W,217.95
60-64,W,218.21666666666667
60-64,W,218.68333333333337
60-64,W,218.68333333333337
60-64,W,218.76666666666668
60-64,W,219.11666666666667
60-64,W,219.13333333333333
60-64,W,219.26666666666668
60-64,W,219.61666666666667
60-64,W,220.08333333333337
60-64,W,220.51666666666668
60-64,W,221.43333333333337
60-64,W,222.31666666666663
60-64,W,223.06666666666663
60-64,W,223.11666666666667
60-64,W,223.26666666666668
60-64,W,223.31666666666663
60-64,W,223.36666666666667
60-64,W,223.43333333333337
60-64,W,223.46666666666667
60-64,W,223.6
60-64,W,223.98333333333332
60-64,W,224.36666666666667
60-64,W,224.66666666666663
60-64,W,224.68333333333337
60-64,W,224.68333333333337
60-64,W,224.7
60-64,W,224.8
60-64,W,225.06666666666663
60-64,W,225.45
60-64,W,225.93333333333337
60-64,W,225.93333333333337
60-64,W,226.11666666666667
60-64,W,226.13333333333333
60-64,W,226.55
60-64,W,226.71666666666667
60-64,W,226.86666666666667
60-64,W,226.9
60-64,W,226.9
60-64,W,227.16666666666663
60-64,W,227.73333333333332
60-64,W,228.05
60-64,W,228.35
60-64,W,228.5
60-64,W,228.58333333333337
60-64,W,228.58333333333337
60-64,W,229.16666666666663
60-64,W,229.33333333333337
60-64,W,229.35
60-64,W,229.46666666666667
60-64,W,229.75
60-64,W,229.83333333333337
60-64,W,229.83333333333337
60-64,W,229.86666666666667
60-64,W,230.0
60-64,W,230.03333333333333
60-64,W,230.41666666666663
60-64,W,230.48333333333332
60-64,W,230.7
60-64,W,231.2
60-64,W,231.23333333333332
60-64,W,231.25
60-64,W,231.31666666666663
60-64,W,231.75
60-64,W,231.98333333333332
60-64,W,232.51666666666668
60-64,W,232.51666666666668
60-64,W,233.18333333333337
60-64,W,233.31666666666663
60-64,W,233.35
60-64,W,233.36666666666667
60-64,W,233.61666666666667
60-64,W,233.68333333333337
60-64,W,233.7
60-64,W,233.73333333333332
60-64,W,234.3
60-64,W,234.38333333333333
60-64,W,234.41666666666663
60-64,W,234.76666666666668
60-64,W,235.08333333333337
60-64,W,235.16666666666663
60-64,W,235.76666666666668
60-64,W,235.83333333333337
60-64,W,235.85
60-64,W,235.9
60-64,W,235.9
60-64,W,236.06666666666663
60-64,W,236.41666666666663
60-64,W,236.5
60-64,W,236.73333333333332
60-64,W,236.81666666666663
60-64,W,236.86666666666667
60-64,W,236.98333333333332
60-64,W,237.06666666666663
60-64,W,237.08333333333337
60-64,W,237.2
60-64,W,237.33333333333337
60-64,W,237.36666666666667
60-64,W,237.61666666666667
60-64,W,237.85
60-64,W,237.93333333333337
60-64,W,237.96666666666667
60-64,W,238.06666666666663
60-64,W,238.53333333333333
60-64,W,238.53333333333333
60-64,W,238.6
60-64,W,238.76666666666668
60-64,W,238.78333333333333
60-64,W,239.03333333333333
60-64,W,239.33333333333337
60-64,W,239.33333333333337
60-64,W,239.7
60-64,W,239.75
60-64,W,239.86666666666667
60-64,W,240.03333333333333
60-64,W,240.08333333333337
60-64,W,240.26666666666668
60-64,W,240.31666666666663
60-64,W,240.38333333333333
60-64,W,240.56666666666663
60-64,W,240.65
60-64,W,240.93333333333337
60-64,W,240.96666666666667
60-64,W,241.13333333333333
60-64,W,241.16666666666663
60-64,W,241.31666666666663
60-64,W,241.43333333333337
60-64,W,241.55
60-64,W,241.86666666666667
60-64,W,241.91666666666663
60-64,W,242.28333333333333
60-64,W,242.38333333333333
60-64,W,242.63333333333333
60-64,W,242.95
60-64,W,243.2
60-64,W,243.31666666666663
60-64,W,243.33333333333337
60-64,W,243.51666666666668
60-64,W,243.6
60-64,W,243.66666666666663
60-64,W,243.68333333333337
60-64,W,243.68333333333337
60-64,W,243.85
60-64,W,243.88333333333333
60-64,W,243.9
60-64,W,244.08333333333337
60-64,W,244.16666666666663
60-64,W,244.46666666666667
60-64,W,244.6
60-64,W,244.61666666666667
60-64,W,244.65
60-64,W,244.7
60-64,W,244.78333333333333
60-64,W,244.8
60-64,W,244.96666666666667
60-64,W,245.06666666666663
60-64,W,245.08333333333337
60-64,W,245.1
60-64,W,245.23333333333332
60-64,W,245.5
60-64,W,245.55
60-64,W,245.65
60-64,W,245.75
60-64,W,245.76666666666668
60-64,W,245.86666666666667
60-64,W,246.16666666666663
60-64,W,246.25
60-64,W,246.26666666666668
60-64,W,246.43333333333337
60-64,W,246.51666666666668
60-64,W,246.61666666666667
60-64,W,246.71666666666667
60-64,W,246.78333333333333
60-64,W,246.81666666666663
60-64,W,246.88333333333333
60-64,W,247.06666666666663
60-64,W,247.06666666666663
60-64,W,247.3
60-64,W,247.48333333333332
60-64,W,247.48333333333332
60-64,W,247.55
60-64,W,247.66666666666663
60-64,W,247.83333333333337
60-64,W,247.86666666666667
60-64,W,247.9
60-64,W,247.96666666666667
60-64,W,248.0
60-64,W,248.05
60-64,W,248.08333333333337
60-64,W,248.08333333333337
60-64,W,248.18333333333337
60-64,W,248.33333333333337
60-64,W,248.4
60-64,W,248.4
60-64,W,248.5
60-64,W,248.55
60-64,W,248.65
60-64,W,248.65
60-64,W,248.66666666666663
60-64,W,248.9
60-64,W,249.05
60-64,W,249.45
60-64,W,249.81666666666663
60-64,W,250.08333333333337
60-64,W,250.16666666666663
60-64,W,250.16666666666663
60-64,W,250.25
60-64,W,250.31666666666663
60-64,W,250.4
60-64,W,250.55
60-64,W,250.61666666666667
60-64,W,250.66666666666663
60-64,W,250.78333333333333
60-64,W,250.9
60-64,W,251.0
60-64,W,251.11666666666667
60-64,W,251.18333333333337
60-64,W,251.25
60-64,W,251.4
60-64,W,251.45
60-64,W,251.55
60-64,W,251.86666666666667
60-64,W,251.88333333333333
60-64,W,251.96666666666667
60-64,W,252.0
60-64,W,252.03333333333333
60-64,W,252.1
60-64,W,252.15
60-64,W,252.18333333333337
60-64,W,252.2
60-64,W,252.21666666666667
60-64,W,252.21666666666667
60-64,W,252.4
60-64,W,252.45
60-64,W,252.61666666666667
60-64,W,252.7
60-64,W,252.73333333333332
60-64,W,252.75
60-64,W,252.76666666666668
60-64,W,252.78333333333333
60-64,W,252.81666666666663
60-64,W,252.9
60-64,W,252.91666666666663
60-64,W,253.1
60-64,W,253.2
60-64,W,253.38333333333333
60-64,W,253.46666666666667
60-64,W,253.48333333333332
60-64,W,253.6
60-64,W,253.83333333333337
60-64,W,253.83333333333337
60-64,W,253.88333333333333
60-64,W,254.08333333333337
60-64,W,254.38333333333333
60-64,W,254.4
60-64,W,254.43333333333337
60-64,W,254.43333333333337
60-64,W,254.65
60-64,W,255.55
60-64,W,255.55
60-64,W,255.61666666666667
60-64,W,255.63333333333333
60-64,W,255.63333333333333
60-64,W,255.65
60-64,W,255.78333333333333
60-64,W,255.9
60-64,W,255.96666666666667
60-64,W,255.96666666666667
60-64,W,256.15
60-64,W,256.21666666666664
60-64,W,256.23333333333335
60-64,W,256.3
60-64,W,256.31666666666666
60-64,W,256.31666666666666
60-64,W,256.46666666666664
60-64,W,256.51666666666665
60-64,W,256.71666666666664
60-64,W,256.8
60-64,W,256.8
60-64,W,256.8333333333333
60-64,W,256.8333333333333
60-64,W,257.01666666666665
60-64,W,257.2
60-64,W,257.25
60-64,W,257.46666666666664
60-64,W,257.56666666666666
60-64,W,257.6
60-64,W,257.68333333333334
60-64,W,257.93333333333334
60-64,W,258.0833333333333
60-64,W,258.21666666666664
60-64,W,258.21666666666664
60-64,W,258.23333333333335
60-64,W,258.3
60-64,W,258.48333333333335
60-64,W,258.5
60-64,W,258.6333333333333
60-64,W,259.1333333333333
60-64,W,259.15
60-64,W,259.18333333333334
60-64,W,259.23333333333335
60-64,W,259.25
60-64,W,259.28333333333336
60-64,W,259.45
60-64,W,259.6166666666667
60-64,W,259.68333333333334
60-64,W,259.81666666666666
60-64,W,259.9
60-64,W,260.1666666666667
60-64,W,260.23333333333335
60-64,W,260.5833333333333
60-64,W,260.8666666666667
60-64,W,261.1666666666667
60-64,W,261.18333333333334
60-64,W,262.21666666666664
60-64,W,262.4
60-64,W,262.53333333333336
60-64,W,262.6
60-64,W,262.6333333333333
60-64,W,262.9
60-64,W,263.03333333333336
60-64,W,263.1
60-64,W,263.1333333333333
60-64,W,263.1666666666667
60-64,W,263.6666666666667
60-64,W,263.71666666666664
60-64,W,263.8666666666667
60-64,W,263.8833333333333
60-64,W,263.9
60-64,W,264.06666666666666
60-64,W,264.26666666666665
60-64,W,264.53333333333336
60-64,W,264.6666666666667
60-64,W,264.78333333333336
60-64,W,265.51666666666665
60-64,W,265.5833333333333
60-64,W,265.71666666666664
60-64,W,266.0833333333333
60-64,W,266.1
60-64,W,266.95
60-64,W,267.1
60-64,W,267.1666666666667
60-64,W,267.2
60-64,W,267.35
60-64,W,267.55
60-64,W,267.55
60-64,W,267.76666666666665
60-64,W,268.05
60-64,W,268.1
60-64,W,268.25
60-64,W,268.28333333333336
60-64,W,268.28333333333336
60-64,W,268.3
60-64,W,268.76666666666665
60-64,W,268.81666666666666
60-64,W,269.06666666666666
60-64,W,269.48333333333335
60-64,W,269.76666666666665
60-64,W,269.85
60-64,W,270.0
60-64,W,270.0833333333333
60-64,W,270.28333333333336
60-64,W,270.6333333333333
60-64,W,270.71666666666664
60-64,W,270.96666666666664
60-64,W,271.23333333333335
60-64,W,271.76666666666665
60-64,W,271.8
60-64,W,271.8333333333333
60-64,W,272.35
60-64,W,273.01666666666665
60-64,W,273.81666666666666
60-64,W,273.95
60-64,W,273.98333333333335
60-64,W,274.0833333333333
60-64,W,274.73333333333335
60-64,W,274.8333333333333
60-64,W,275.23333333333335
60-64,W,275.43333333333334
60-64,W,275.45
60-64,W,275.7
60-64,W,275.9166666666667
60-64,W,275.98333333333335
60-64,W,276.15
60-64,W,276.3333333333333
60-64,W,276.3333333333333
60-64,W,276.73333333333335
60-64,W,277.0833333333333
60-64,W,277.1
60-64,W,277.5
60-64,W,277.75
60-64,W,278.45
60-64,W,278.53333333333336
60-64,W,278.9
60-64,W,279.31666666666666
60-64,W,279.3333333333333
60-64,W,279.4166666666667
60-64,W,279.78333333333336
60-64,W,280.23333333333335
60-64,W,280.51666666666665
60-64,W,280.6
60-64,W,280.98333333333335
60-64,W,281.35
60-64,W,282.1166666666667
60-64,W,282.18333333333334
60-64,W,282.55
60-64,W,282.6333333333333
60-64,W,282.7
60-64,W,282.95
60-64,W,283.31666666666666
60-64,W,283.5833333333333
60-64,W,283.5833333333333
60-64,W,283.8
60-64,W,284.03333333333336
60-64,W,284.48333333333335
60-64,W,284.51666666666665
60-64,W,284.6666666666667
60-64,W,285.51666666666665
60-64,W,286.76666666666665
60-64,W,286.76666666666665
60-64,W,286.85
60-64,W,287.8
60-64,W,288.48333333333335
60-64,W,288.51666666666665
60-64,W,288.9166666666667
60-64,W,289.65
60-64,W,290.35
60-64,W,291.0
60-64,W,291.2
60-64,W,291.3333333333333
60-64,W,291.65
60-64,W,291.8833333333333
60-64,W,291.96666666666664
60-64,W,292.31666666666666
60-64,W,293.1666666666667
60-64,W,294.1666666666667
60-64,W,294.2
60-64,W,294.26666666666665
60-64,W,295.1666666666667
60-64,W,295.96666666666664
60-64,W,296.65
60-64,W,296.73333333333335
60-64,W,296.76666666666665
60-64,W,296.85
60-64,W,297.85
60-64,W,298.0833333333333
60-64,W,298.2
60-64,W,298.6666666666667
60-64,W,298.68333333333334
60-64,W,298.8666666666667
60-64,W,299.23333333333335
60-64,W,299.43333333333334
60-64,W,301.76666666666665
60-64,W,303.8833333333333
60-64,W,305.15
60-64,W,306.73333333333335
60-64,W,306.9166666666667
60-64,W,308.1333333333333
60-64,W,308.5
60-64,W,308.98333333333335
60-64,W,310.1
60-64,W,311.3333333333333
60-64,W,312.1166666666667
60-64,W,312.3
60-64,W,314.78333333333336
60-64,W,315.4
60-64,W,318.0
60-64,W,318.4
60-64,W,320.95
60-64,W,321.51666666666665
60-64,W,321.9
60-64,W,322.7
60-64,W,323.25
60-64,W,323.5833333333333
60-64,W,323.73333333333335
60-64,W,323.93333333333334
60-64,W,328.3333333333333
60-64,W,331.1
60-64,W,332.05
60-64,W,332.95
60-64,W,333.68333333333334
60-64,W,334.01666666666665
60-64,W,334.3666666666667
60-64,W,335.28333333333336
60-64,W,336.1
60-64,W,336.96666666666664
60-64,W,338.6
60-64,W,338.7
60-64,W,338.85
60-64,W,339.9
60-64,W,340.8
60-64,W,343.28333333333336
60-64,W,350.96666666666664
60-64,W,352.31666666666666
60-64,W,352.81666666666666
60-64,W,353.21666666666664
60-64,W,358.85
60-64,W,360.25
60-64,W,361.55
60-64,W,364.4166666666667
60-64,W,365.5833333333333
60-64,W,385.56666666666666
65-69,W,205.96666666666667
65-69,W,208.93333333333337
65-69,W,210.21666666666667
65-69,W,211.63333333333333
65-69,W,218.6
65-69,W,222.46666666666667
65-69,W,223.71666666666667
65-69,W,224.11666666666667
65-69,W,224.13333333333333
65-69,W,225.26666666666668
65-69,W,226.15
65-69,W,227.3
65-69,W,227.78333333333333
65-69,W,228.16666666666663
65-69,W,228.81666666666663
65-69,W,230.55
65-69,W,233.0
65-69,W,235.91666666666663
65-69,W,236.4
65-69,W,236.56666666666663
65-69,W,236.81666666666663
65-69,W,237.85
65-69,W,238.2
65-69,W,238.86666666666667
65-69,W,238.91666666666663
65-69,W,239.11666666666667
65-69,W,239.46666666666667
65-69,W,239.58333333333337
65-69,W,240.35
65-69,W,240.35
65-69,W,242.38333333333333
65-69,W,243.06666666666663
65-69,W,243.16666666666663
65-69,W,244.43333333333337
65-69,W,244.45
65-69,W,244.78333333333333
65-69,W,244.88333333333333
65-69,W,245.85
65-69,W,245.91666666666663
65-69,W,245.98333333333332
65-69,W,246.78333333333333
65-69,W,247.35
65-69,W,249.3
65-69,W,249.36666666666667
65-69,W,249.4
65-69,W,249.45
65-69,W,249.56666666666663
65-69,W,250.01666666666668
65-69,W,250.03333333333333
65-69,W,250.46666666666667
65-69,W,250.98333333333332
65-69,W,251.36666666666667
65-69,W,251.66666666666663
65-69,W,252.71666666666667
65-69,W,252.81666666666663
65-69,W,252.96666666666667
65-69,W,253.43333333333337
65-69,W,254.4
65-69,W,254.91666666666663
65-69,W,255.0
65-69,W,255.23333333333332
65-69,W,255.6
65-69,W,255.63333333333333
65-69,W,255.71666666666667
65-69,W,256.05
65-69,W,256.1333333333333
65-69,W,256.48333333333335
65-69,W,257.05
65-69,W,257.06666666666666
65-69,W,257.06666666666666
65-69,W,257.6
65-69,W,257.65
65-69,W,257.68333333333334
65-69,W,257.81666666666666
65-69,W,258.35
65-69,W,258.3666666666667
65-69,W,259.31666666666666
65-69,W,260.3
65-69,W,260.3833333333333
65-69,W,260.5833333333333
65-69,W,260.65
65-69,W,260.81666666666666
65-69,W,260.85
65-69,W,261.0833333333333
65-69,W,261.65
65-69,W,261.9166666666667
65-69,W,262.15
65-69,W,262.1666666666667
65-69,W,262.28333333333336
65-69,W,262.6166666666667
65-69,W,262.76666666666665
65-69,W,262.76666666666665
65-69,W,262.8333333333333
65-69,W,262.96666666666664
65-69,W,262.96666666666664
65-69,W,263.26666666666665
65-69,W,263.31666666666666
65-69,W,263.6666666666667
65-69,W,264.03333333333336
65-69,W,264.21666666666664
65-69,W,264.31666666666666
65-69,W,265.1666666666667
65-69,W,265.26666666666665
65-69,W,266.06666666666666
65-69,W,266.28333333333336
65-69,W,266.48333333333335
65-69,W,266.55
65-69,W,267.05
65-69,W,267.56666666666666
65-69,W,267.6
65-69,W,267.75
65-69,W,268.05
65-69,W,268.26666666666665
65-69,W,268.71666666666664
65-69,W,269.5
65-69,W,269.8
65-69,W,270.1166666666667
65-69,W,271.03333333333336
65-69,W,271.03333333333336
65-69,W,271.6
65-69,W,271.98333333333335
65-69,W,272.26666666666665
65-69,W,272.5
65-69,W,272.5
65-69,W,272.56666666666666
65-69,W,272.68333333333334
65-69,W,272.95
65-69,W,273.1333333333333
65-69,W,273.21666666666664
65-69,W,273.5
65-69,W,274.1166666666667
65-69,W,274.4166666666667
65-69,W,274.6
65-69,W,274.85
65-69,W,274.93333333333334
65-69,W,274.93333333333334
65-69,W,275.0833333333333
65-69,W,275.6
65-69,W,276.03333333333336
65-69,W,276.1666666666667
65-69,W,276.48333333333335
65-69,W,277.1166666666667
65-69,W,277.9166666666667
65-69,W,278.0
65-69,W,278.4166666666667
65-69,W,279.23333333333335
65-69,W,279.5833333333333
65-69,W,279.6
65-69,W,279.8666666666667
65-69,W,280.03333333333336
65-69,W,280.1
65-69,W,280.1
65-69,W,280.95
65-69,W,281.05
65-69,W,281.3666666666667
65-69,W,282.25
65-69,W,282.35
65-69,W,282.8
65-69,W,284.25
65-69,W,284.48333333333335
65-69,W,284.9166666666667
65-69,W,285.0
65-69,W,285.46666666666664
65-69,W,285.46666666666664
65-69,W,286.05
65-69,W,287.76666666666665
65-69,W,287.81666666666666
65-69,W,287.85
65-69,W,288.4166666666667
65-69,W,289.31666666666666
65-69,W,290.1666666666667
65-69,W,290.81666666666666
65-69,W,292.43333333333334
65-69,W,292.5833333333333
65-69,W,292.7
65-69,W,292.8666666666667
65-69,W,293.35
65-69,W,293.68333333333334
65-69,W,294.43333333333334
65-69,W,295.8833333333333
65-69,W,296.68333333333334
65-69,W,297.3333333333333
65-69,W,297.95
65-69,W,297.96666666666664
65-69,W,298.4
65-69,W,298.6333333333333
65-69,W,299.0
65-69,W,301.1
65-69,W,302.3666666666667
65-69,W,303.01666666666665
65-69,W,303.9166666666667
65-69,W,304.5
65-69,W,305.1
65-69,W,306.73333333333335
65-69,W,308.6
65-69,W,309.6333333333333
65-69,W,310.31666666666666
65-69,W,312.3666666666667
65-69,W,312.85
65-69,W,313.3
65-69,W,313.6666666666667
65-69,W,316.28333333333336
65-69,W,319.2
65-69,W,319.68333333333334
65-69,W,319.93333333333334
65-69,W,321.73333333333335
65-69,W,321.8333333333333
65-69,W,323.0
65-69,W,333.18333333333334
65-69,W,336.3833333333333
65-69,W,337.21666666666664
65-69,W,341.0833333333333
65-69,W,346.3333333333333
65-69,W,347.78333333333336
65-69,W,348.43333333333334
65-69,W,351.06666666666666
65-69,W,351.0833333333333
65-69,W,355.8666666666667
65-69,W,355.98333333333335
65-69,W,356.3666666666667
65-69,W,358.05
70-74,W,218.43333333333337
70-74,W,242.33333333333337
70-74,W,245.58333333333337
70-74,W,246.83333333333337
70-74,W,247.21666666666667
70-74,W,250.21666666666667
70-74,W,255.1
70-74,W,257.01666666666665
70-74,W,257.5
70-74,W,260.2
70-74,W,262.1166666666667
70-74,W,263.23333333333335
70-74,W,267.1666666666667
70-74,W,267.3333333333333
70-74,W,267.6166666666667
70-74,W,267.85
70-74,W,271.5833333333333
70-74,W,273.45
70-74,W,273.81666666666666
70-74,W,273.81666666666666
70-74,W,275.31666666666666
70-74,W,276.21666666666664
70-74,W,277.53333333333336
70-74,W,277.6
70-74,W,278.01666666666665
70-74,W,279.9
70-74,W,280.95
70-74,W,283.03333333333336
70-74,W,284.4
70-74,W,284.4166666666667
70-74,W,285.05
70-74,W,285.31666666666666
70-74,W,285.3666666666667
70-74,W,285.45
70-74,W,289.8666666666667
70-74,W,293.55
70-74,W,293.5833333333333
70-74,W,294.7
70-74,W,299.73333333333335
70-74,W,300.1333333333333
70-74,W,300.96666666666664
70-74,W,303.71666666666664
70-74,W,307.6
70-74,W,308.2
70-74,W,310.76666666666665
70-74,W,310.96666666666664
70-74,W,312.53333333333336
70-74,W,314.25
70-74,W,317.35
70-74,W,322.31666666666666
70-74,W,325.6166666666667
70-74,W,334.5833333333333
70-74,W,337.15
70-74,W,344.05
70-74,W,345.5833333333333
70-74,W,348.6
70-74,W,350.05
70-74,W,352.5833333333333
70-74,W,356.95
70-74,W,363.31666666666666
70-74,W,368.35
70-74,W,376.76666666666665
75-79,W,213.25
75-79,W,230.71666666666667
75-79,W,268.1
75-79,W,295.6333333333333
75-79,W,308.48333333333335
75-79,W,313.5833333333333
75-79,W,321.48333333333335
75-79,W,328.8
75-79,W,340.6166666666667
75-79,W,342.98333333333335
80+,W,304.1
80+,W,307.7
