분류,자치구,공연/행사명
전시/미술,강남구,K-핸드메이드페어 2025
클래식,마포구,[마포문화재단] M 아티스트 2025 바리톤 박주성 리사이틀 Ⅱ
연극,영등포구,[영등포문화재단] 기획공연(가족극장) [고등어]
클래식,마포구,[마포문화재단] 제10회 M 클래식 축제 마포 스타 콘서트 #1. [두 남자 이야기]
축제-문화/예술,금천구,2025 금천하모니축제
클래식,마포구,[마포문화재단] 제10회 M 클래식 축제 시네마 콘서트
클래식,영등포구,[영등포문화재단] 낮을 그리는 클래식 마티네콘서트 #4.이중섭
축제-문화/예술,광진구,2025 서울라이트 한강 빛섬축제
클래식,마포구,[마포문화재단] 제10회 M 클래식 축제 바로크 특집 #2. [음악의 헌정]
축제-문화/예술,노원구,[서울시립과학관] 2025 메이커 페어 서울
콘서트,동대문구,[동대문문화재단] 기획공연 [와인et멜로디(9월)] Vol.4 난아진
클래식,마포구,[마포문화재단] 제10회 M 클래식 축제 바로크 특집 #1. [바흐 스페셜]
클래식,마포구,[마포문화재단] 제10회 M 클래식 축제 심포니 시리즈 #2. [드보르작&슈베르트]
클래식,마포구,[마포문화재단] 제10회 M 클래식 축제 심포니 시리즈 #1. [베토벤 No.5]
축제-문화/예술,광진구,[광진문화재단] 제4회 2025 나루 스트릿 댄스 페스티벌
전시/미술,강서구,세계우표전시회 필라코리아2025
축제-문화/예술,관악구,[환경 SOS ZIP 런웨이 축제] 2025 제3회 청소년 환경실천 그림대회
뮤지컬/오페라,영등포구,[영등포문화재단] 기획공연(열린극장) [뮤지컬 왕세자실종사건]
축제-문화/예술,관악구,2025 한?중 전통 퓨전 예술공연 한마당
교육/체험,용산구,[서울문화예술교육센터 용산] 다정한 아트라운지 [안녕을 나누는 사이 여름방학]
클래식,서초구,디즈니 판타지아 인 콘서트
연극,강동구,2025 서울문화재단 예술창작활동지원 선정 프로젝트 [수상한 제삿날]
무용,종로구,[세종문화회관] 서울시발레단 더블 빌 [유회웅 × 한스 판 마넨]
클래식,양천구,[영등포문화재단] 마티네콘서트 #3. 파블로 피카소
콘서트,종로구,"보사노바의 아버지 Antonio Carlos Jobim, 리치파이 [Re : Jazz We Loved]"
무용,종로구,제10회 대한민국장애인국제무용제 KIADA2025
교육/체험,은평구,[은평역사한옥박물관] 우리들의 슬기로운 수집생활
클래식,종로구,일라이나이 피아노 트리오 제2회 정기연주회
콘서트,관악구,[관악문화재단] 2025 관악아트홀 기획공연 [김창완밴드 콘서트]
클래식,강북구,[강북문화재단] 광복 80주년 기념 초청공연 [스페인 밀레니엄 합창단]
뮤지컬/오페라,금천구,[금천문화재단] 아트바캉스 뮤지컬 [긴긴밤]
전시/미술,강남구,2025 핸드아티코리아
교육/체험,은평구,[은평역사한옥박물관] 2025 여름방학 프로그램 [어린이 한옥 LAB]
클래식,광진구,[서울시립교향악단] 2025 서울시향 우리동네 음악회 실내악_광진구
무용,광진구, [광진문화재단] 제22회 한국을 빛내는 해외무용스타 초청공연
클래식,성동구,테너 서무진 x 피아니스트 김기경 [달빛 속의 기도]
무용,광진구,[광진문화재단] 가족무용극 고블린파티① [쿵쿵쿵]
축제-기타,송파구,[미래한강본부] 2025 한강페스티벌-여름 [Hangang River Festival-Summer]
교육/체험,중구,[중구문화재단] 청소년 여름방학 프로그램 [중구맵 거리뷰 서비스]
교육/체험,중구,[남산XR스튜디오] 25년 기초교육 & 방문 프로그램(7월)
교육/체험,도봉구,[김근태기념도서관] 전시 연계 워크숍 [희망이 피어나는 자리: 생각한 대로] (가족)
교육/체험,노원구,[서울시립과학관] 과학북토크: 달작한 사이언스 (7월) [세계 물리학 필독서 30]
교육/체험,관악구,남북 작가 및 대중이 함께하는 2025 문학창작워크숍 [나도 작가다!]
뮤지컬/오페라,강남구,뮤지컬 [헬로카봇] 스페셜 시즌9 - 전설의 용사를 찾아서
뮤지컬/오페라,마포구,[마포문화재단] 2025 마포문화재단 가족ㆍ어린이 축제 [해피 썸머 와글와글] 마술고양이
교육/체험,동대문구,[서울시립과학관] 독성시대X과학관: 서울시립대 화학물질 빅데이터 AI연구센터와 함께하는 [독성학 탐험대]
연극,종로구,팝업북 그림자극 [멀리서 온 방문객을 위한 가이드북]
뮤지컬/오페라,강북구,[꿈의숲아트센터] 여름방학 시즌 어린이뮤지컬 [브레멘 음악대]
뮤지컬/오페라,강동구,[강동문화재단] 최현우 19+I - 강동
클래식,강동구,[강동문화재단] 퐁당퐁당 키즈 클래식 Ⅲ: 예쁜말! 미운말! 고운말!
클래식,종로구,[서울시립교향악단] 2025 서울시향 실내악 시리즈  III: 드보르자크와 도흐나니
연극,성동구,연극 [춘섬이의 거짓말]
교육/체험,중구,[서울 문화의 밤] 7월 방구석 북토크 - 책과 떠나는 여행 인문학 2(김글리)
교육/체험,도봉구,[김근태기념도서관] 전시 연계 워크숍 [희망이 피어나는 자리: 생각한 대로] (성인)
교육/체험,영등포구,[영등포문화도시센터] 2025 YDP크리에이터 문화기획자 양성 과정 [기획자의 땅] 입문 과정
교육/체험,종로구,[한국장애인문화예술원] 이:음 예술창작 아카데미 [기획자과정_문화기획] 같이 좀 헤매자
교육/체험,종로구,[한양도성박물관] 2025 여름방학 교육 프로그램
교육/체험,중구,2025 국립극장 어린이 예술학교 [여름방학]
전시/미술,강남구,서울일러스트레이션페어 V.19
교육/체험,마포구,"[마포구립서강도서관] 7월/길 위의 인문학 (이경전) AI로부터 배우는 인생 / 독서의 확장, 새로운 가치"
무용,종로구,크리틱스초이스 댄스페스티벌 2025
뮤지컬/오페라,광진구,[광진문화재단] 뮤지컬 [어느 김씨 집안 박씨]
교육/체험,서대문구,"[청년예술청 STEP-UP 실무강의] 무대 위의 예술, 무대 밖의 삶 : 지속가능한 창작과 예술가의 태도 (여신동 무대미술가)"
콘서트,종로구,"낮고 고요한 청춘의 자화상 Chet Baker, 박상아 퀄텟 [Re : Jazz We Loved]"
교육/체험,종로구,[대우재단 시민강좌] 자본주의와 욕망에 대한 보고서: 찰스 디킨스의 소설세계
교육/체험,광진구,[서울상상나라] 돌이 된 플라스틱
교육/체험,동대문구,"[동대문문화재단] 장안어린이도서관, 시니어디지털금융교육: 넌 은행가니? 난 스마트폰으로 한다"
연극,종로구,[세종문화회관] 코끼리들이 웃는다 on Sync Next 25
클래식,서초구,앙상블 VoRA 여섯번째 프로젝트 [Festival of VoRA Project 6th Quintet]
클래식,서초구,이현주 플루트 독주회
교육/체험,은평구,[서울기록원] 기록물 보존요원으로 임명합니다! 초등 4-6학년 어린이 대상 [직업체험 프로그램]
교육/체험,성북구,[성북문화재단] 길에서*만난*스튜디오
뮤지컬/오페라,노원구,[노원문화재단] EBS 뮤지컬 [이벤져스 라이브]
콘서트,강남구,[강남문화재단] 7월 키즈예술공연 [퍼펙트 일루전 매직콘서트]
교육/체험,관악구,2025 제12회 자연과학콘서트 in SEOUL
교육/체험,용산구,[서울문화예술교육센터 용산] 다정한 아트라운지 [오르골 악보 만들기: 여름 이야기편]
클래식,성동구,[성동문화재단] 여름방학 특집 [영화 속 클래식 음악 여행]
교육/체험,송파구,[서울백제어린이박물관] 문화로 야금야금(夜金) 연계 [서울백제어린이박물관 사용법]
연극,구로구,[구로문화재단] 연극 [덜미]
클래식,종로구,"[세종문화회관] 앙상블블랭크, 주정현 on Sync Next 25"
클래식,성북구,"[성북문화재단] 브런치콘서트 [11시11분] - 영광의 시대, The Baroque"
클래식,종로구,"[서울시립교향악단] 낙월블루하트와 함께하는 2025 서울시향 행복한 음악회, 함께! I"
교육/체험,중구,[서울 문화의 밤] 7월 방구석 북토크 - 책과 떠나는 여행 인문학 1(김글리)
교육/체험,양천구,[시립청소년음악센터] 청소년 작사 워크숍
기타,구로구,제1회 한여름의 구로스마스 축제
영화,성동구,[성동문화재단] 2025 성동 필름 페스타 [세계 영화 상영회 6회차]
전시/미술,광진구,[서울상상나라] 그림책 작업실:엉뚱하고 기발한
교육/체험,동대문구,[장안어린이도서관] 역사와 일상 속 가치 인문학
클래식,서초구,[서초문화재단] 서리풀 전곡 연주 시리즈 [하이든 교향곡 전곡 시리즈 30]
국악,서초구,이지언 가야금 독주회 [The Gayageum WaveⅢ : Revisit]
교육/체험,영등포구,[영등포문화도시센터] YDP크리에이터 이웃문화대사 양성 과정 [산으로 간 배]
교육/체험,은평구,[서울기록원] [서울시민의 추억을 재생(再生)합니다Ⅲ] 비디오?카세트 테이프 디지털 변환 서비스
교육/체험,광진구,[서울상상나라] 데굴데굴 이야기
교육/체험,종로구,[서울도시건축센터] 2025 서울도시건축학교 7월 프로그램
교육/체험,종로구,[서울공예박물관] 비밀요원 CMI: 밤이와 함께 비밀코드를 해결하라!_7월
교육/체험,은평구,[서울문화예술교육센터 은평] 개관 전 프로그램 2025 국립현대무용단 [프로세스 인잇] 워크숍
교육/체험,용산구,[서울문화예술교육센터 용산] 다정한 아트라운지 [오르골 악보 만들기: 여름의 멜로디편]
국악,동대문구,"2025년 서울문화재단 예술창작활동지원 선정 프로젝트 [찰나의 예술-여기,대목]"
교육/체험,은평구,"문예북흥 No.30 정끝별 - 시인 정끝별의 [시 쓰기 딱 좋은 날]이 바로 오늘, 지금 여기 당신에게는 [시 읽기 딱 좋은 날]로"
교육/체험,송파구,[서울백제어린이박물관] 유아ㆍ어린이와 양육자 대상 [서울역사생태탐험대2] 시장놀이
교육/체험,종로구,[서울역사박물관] 2025년 대학생 [영뮤지엄]
연극,노원구,[노원문화재단] 2025 노원어린이극장 공동기획 공연 매직 드로잉 가족극 [폴리팝]
교육/체험,종로구,[서울공예박물관] Open Studio : 여름을 엮는 라탄공예 라탄과 자개를 활용한 공예품 만들기
교육/체험,성동구,[청계천박물관] 7월 유아가족교육 [궁금이의 그림책 박물관]
연극,종로구,연극 [의식적 정화]
기타,금천구,[금천문화재단] AI X 인간 미디어 음악 퍼포먼스 [루멘스]
연극,종로구,2025년 야간 공연 관람권_[하미 2025]
교육/체험,중구,[서울 문화의 밤] 7월 방구석 북토크 - 스마트한 여행의 기술(김다영)
교육/체험,송파구,2025 한성백제박물관 독서모임 [북토크]  
클래식,종로구,"에피소드 블렌드 시리즈 VI [바순, 친구를 만나다.]"
연극,종로구,2025년 야간 공연 관람권_[전쟁터의 소풍]
교육/체험,송파구,"[서울백제어린이박물관] 문화로 야금야금(夜金) 연계 [뚱땅뚱땅,음악으로 만나는 우리역사]"
클래식,서대문구,김도아 귀국 바이올린 독주회
교육/체험,서대문구,[청년예술청 STEP-UP 실무강의] 관객을 만나는 글쓰기 (김지인 LG아트센터 홍보마케팅팀장)
교육/체험,관악구,"[미디어센터관악] 2025 지혜학교 [인공지능(AI)의 시대, 미래 콘텐츠로 만나는 서양철학의 지혜]"
콘서트,용산구,2025년 공연장 상주단체육성지원사업 [한국vs이태리 가곡배틀]
클래식,강남구,[강남문화재단] 제174회 강남마티네콘서트│피아니스트 김정원과 함께하는 아침의 음악정원
교육/체험,종로구,[STAND-UP 아카데미] 인사이트 토크 2 : 인터넷 밈은 예술이 될 수 있을까?(강연자 : 김경수)
클래식,종로구,2025년 가일플레이어즈 정기연주회 [가일플레이어즈의 음악선물]
국악,서초구,제1회 박시현 피리독주회 [경계에서]
교육/체험,송파구,[서울백제어린이박물관] 유아ㆍ어린이와 양육자 대상 [둥실둥실 한강에서 넘실넘실 바다로]
교육/체험,강남구,"[제17회 과학문화 혁신포럼] 과학문화, 어떻게 브랜딩해야 하는가?"
교육/체험,마포구,"[서울생활문화센터 서교] 너와나의 교집합 : 라디오극,나의 한조각 만들기"
전시/미술,금천구,"[금천문화재단] 2025 초청 기획전시 [책 먹는 여우, 도서관을 삼키다]"
국악,동대문구,가야금병창극 [보은표박씨]
교육/체험,서대문구,[청년예술청 STEP-UP 실무강의] 내 공연이 관객을 만나기 위해 해야 하는 체크리스트 (강민정 엠비제트컴퍼니 공연사업본부장)
전시/미술,성북구, 2025 Summer Project [허윤희: 영원은 순간 속에]
교육/체험,종로구,[서울시평생교육진흥원] 서울시민대학 2025년 계절학기 접수 안내
교육/체험,구로구,[서울아트책보고] 치유의 미술관
교육/체험,중구,[한국장애인문화예술원] 2025 이음 예술창작 아카데미 매개자과정 : 장애예술인 강사 양성과정
클래식,종로구,앙상블 더 클래식 정기연주회 - 듀얼 미니멀리즘
국악,용산구,[생황방앗간 X Refill&Refeel 공동 기획] Syn-asia 신에이시아
클래식,종로구,2025 청와대 사계: 여름 [한여름 밤의 클래식]
교육/체험,종로구,[서울역사박물관 2025 서울역사박물관대학 [기초반]
교육/체험,종로구,[한국장애인문화예술원] 이:음 예술창작 아카데미 [기획자과정_시각예술] 자기모순의 사고법
교육/체험,종로구,[한국장애인문화예술원] 이:음 예술창작 아카데미 [기획자과정_공연예술]함께 만드는 무대의 시작
클래식,서초구,[서초구 아버지센터] 서리풀남성합창단 제2회 정기공연 [HEstory]
클래식,동대문구,[서울시립교향악단] 2025 서울시향 우리동네 음악회 실내악 - 동대문구 
교육/체험,동대문구,[제기동감초마을현진건기념도서관] 2025 노벨문학상 작가들 톺아보기 2회차 - 어니스트 헤밍웨이 / 노인과 바다
독주/독창회,서대문구,이지선 피아노 독주회
클래식,성동구,"아티스트라이브 2025 - Summer [현(絃), 시간을 수놓다]"
콘서트,서초구,이창형 & 손창인 더블베이스 듀오 리사이틀
교육/체험,관악구,[싱글벙글교육센터] 2025 생활밀착형 문화예술교육지원사업 [가가호호]
교육/체험,중구,2025 꿈다락 문화예술학교 [K-POP 댄스톡톡!(Dance Tok Tok)]
교육/체험,광진구,[서울상상나라] 반짝반짝 여름 빛 바캉스
교육/체험,도봉구,[도봉문화재단] 청소년예술공간 채움 [취미채움소]
전시/미술,송파구,기억의 변주를 디디고선. Building upon the Variations of Memory [이도소 서울 개인전]
교육/체험,도봉구,2025 김근태기념도서관 기획 전시 연계 라키비움 해설 [도슨트ON]
연극,종로구,연극 [2시 22분 - A GHOST STORY]
교육/체험,광진구,[서울상상나라] 삼계 수제비
교육/체험,광진구,[서울상상나라] 노릇노릇 이야기 빵
교육/체험,종로구,[세종문화회관] 세종 인스피레이션 [일무의 시간]
교육/체험,서초구,[서초문화재단] 2025 국악기 탐구생활 - 7월 프로그램
교육/체험,중구,[서울남산국악당] 엄마아빠 행복 프로젝트 [우리가족 국악캠프]
뮤지컬/오페라,마포구,[마포문화재단] 2025 마포문화재단 가족ㆍ어린이 축제 [해피 썸머 와글와글] 달님이 주신 아이
무용,강동구,[강동문화재단] 국립현대무용단 [얍얍얍]
무용,광진구,[광진문화재단] 나루아트센터 재개관 기념공연 [지젤]
교육/체험,은평구,"문예북흥 No.29 오동진 - 영화평론가 오동진의 특급 Express, 90년대로 타임슬립하는 [왕가위의 시간]"
뮤지컬/오페라,강남구,[강남문화재단] 배리어프리 뮤지컬 [장영실과 함께하는 별별 GPT]
클래식,종로구,2025 꿈나무 토요음악회 - 춤추는 클래식
클래식,송파구,[한성백제박물관] 2025년 시민동행콘서트 2회차 [꿈을 꾸다]
뮤지컬/오페라,관악구,[관악문화재단] 2025 관악아트홀 예술로동행 [뮤지컬갈라 콘서트]
교육/체험,강동구,[천호도서관] 자기주도학습은 용돈교육에서 시작한다. [김선작가의 저자강연]
콘서트,종로구,[종로문화재단] 2025 어디나 스테이지 7월 공연
국악,중구,2025 여우락 페스티벌
교육/체험,중구,[남산골한옥마을] 덜미인형 미니 콘테스트(Making Dulmi mini contest)
교육/체험,종로구,"[서울공예박물관] 책장 속 한 땀 (7월 4일, 11일)"
클래식,종로구,"[세종문화회관] 루시드폴, 정마리, 부지현 on Sync Next 25"
클래식,강동구,[강동문화재단] 손열음 X 고잉홈프로젝트
전시/미술,마포구,"우화 : 나다움 (Being me, Loving it!)"
교육/체험,서대문구,"[청년예술청 STEP-UP 실무강의] 접근성 공연 만들기: 환대의 감각, 환영의 공간 (이청 배우?접근성 창작자(플랫폼안녕 대표))"
클래식,종로구,헤르첸 앙상블 제3회 정기연주회 [파르베 시리즈 Ⅲ : Violett]
교육/체험,종로구,[서울공예박물관] 7월 큐레이터와 함께하는 전시해설 | 《염원을 담아》
교육/체험,구로구,[서울아트책보고] 힙독클럽 북토크 [상상력과 업사이클링: 김초엽 작가의 이야기]
뮤지컬/오페라,노원구,[서울시립북서울미술관] 7월 뮤지엄 나이트 금요樂_가족뮤지컬 [해와 달이된 오누이]
클래식,송파구,[서울시립교향악단] 2025 서울시향 임지영의 베토벤 바이올린 협주곡
클래식,중랑구,[중랑문화재단] Fly Me to the Moon : 클래식 재즈와 라틴 음악이 만나다
전시/미술,중구,[서울시립미술관 서소문본관] 2025년 7월 서울 문화의 밤 [수어 통역 전시 해설]
교육/체험,동대문구,[용두어린이영어도서관]2025년 지혜학교 [두 도시 이야기: 여행으로 읽는 도시 인문학]
교육/체험,성북구,[서울문화재단] 2025 PLAY-UP 아카데미 모집 [극작수업 - 희곡창작워크숍 강사 김은성]
교육/체험,마포구,[서울생활문화센터 서교] 낭독 라라라 [해설이 있는 그리스 비극 낭독회]
교육/체험,중랑구,[중랑문화재단] 창의융합 유아동 예술프로그램 [말랑말랑 중랑] 7월
전시/미술,용산구,[서울장애예술창작센터] 장애예술기획전 [상황과 이야기]
전시/미술,용산구,전시 [Void 틈]
교육/체험,종로구,"[서울공예박물관] 책장 속 한 땀 (7월 3일, 10일)"
축제-기타,중구,남대문 악세서리와의 만남! 2025 빛남만남 축제
클래식,종로구,[공간 소리] 제5회 소리로 잇다
교육/체험,은평구,[STAND-UP 아카데미] 예술적으로 삶은 브랜딩(진행자 : YAll 김인철)
교육/체험,마포구,2025년 길 위의 인문학 [포스트휴먼 시대의 치유-접히고 펼쳐지는 감각의 회복] 연결되는 시간
교육/체험,마포구,[마포구립서강도서관] 7월/영유아 2025 마포구 특성화 사업 북앤펀 [말놀이 잘잘잘]
콘서트,중구,2025 문화가 흐르는 서울광장 7월
콘서트,종로구,[운현궁 브런치 버스킹 쉬라궁] 7월 일정 안내
클래식,서초구,김정훈 바이올린 독주회
교육/체험,노원구,[서울시립 북서울미술관] 《그림이라는 별세계: 이건희컬렉션과 함께》 전시 연계 서울시립미술관장 특강 [한국근대미술의 천재들]
교육/체험,서대문구,[청년예술청 STEP-UP 실무강의] 청년예술가를 위한 회계와 세무 첫걸음 (심재용 회계사)
교육/체험,동대문구,[용두어린이영어도서관] 2025 하반기 르네상스 러닝
교육/체험,관악구,[관악문화재단] 싱글벙글교육센터 3분기 평생학습 교육프로그램
기타,강서구,[서울식물원] 2025년 서울식물원 물놀이터
영화,중구,[청춘극장] 2025년 7월 영화 및 공연 프로그램
교육/체험,송파구,[송파 청년아티스트센터] 예술가와 함께하는 풍납 탐구 생활 7월 프로그램
교육/체험,마포구,[마포구립서강도서관] 7월 문화프로그램
교육/체험,중랑구,[중랑문화재단] 2025 중랑아트센터 [나대기 예술아카데미] 7월 프로그램
교육/체험,성동구,"[청계천박물관] 7월 개방형교육 [우리들의 친구, 청계천박물관]"
교육/체험,영등포구,[서울외국인주민센터] 세계문화체험 [일상 속 세계정거장_남미편]
교육/체험,구로구,[서울아트책보고] 조선의 건국과 왕의 역사
기타,중구,서울시 중장년 일자리박람회 2025
전시/미술,중구,[중구문화재단] 충무아트센터 개관 20주년 기념 전시 [더 글로리어스 월드]
영화,서초구,[서초문화재단] 2025 심산 영화관 [로큰롤인생]
국악,서초구,조혜령 해금 독주회 TUNE:조율하다
클래식,종로구,정지강 윤형숙 피아노 듀오 리사이틀 - Masterpiece Reimagined I
교육/체험,용산구,"[용산역사박물관] 인문학, 용산공방"
교육/체험,중구,"2025 꿈다락 문화예술학교 [청춘 스트릿, 락킹한 순간]"
독주/독창회,서대문구,김한돌 피아노 독주회
클래식,영등포구,[전문연주자시리즈] 강동엽 비올라 독주회
교육/체험,성동구,[성동문화재단] 2025 가가호호 [댄스로 톡톡!]
교육/체험,중구,[서울생활문화센터 낙원] 낙원 문화로드 5회 [덕수궁과 정동길을 걷습니다]
독주/독창회,서대문구,정진우 바이올린 독주회 
클래식,서초구,바로크비올라 장민경 & 첼로 정영안 듀오 리사이틀
교육/체험,강남구,2025년도 글로벌라이프허브 전문가 세미나 제6강 [누구나 필요한 성범죄 예방교육]
교육/체험,노원구,[서울시립과학관] 과학북토크: 달작한 사이언스 (6월) [일상을 바꾼 과학 기술 이야기]
연극,구로구,[구로문화재단] 베이비씨어터 [얼굴과 얼굴 - 마주;봄]
무용,영등포구,[영등포문화재단] 가족극장 해설이 있는 발레 [백조의 호수]
무용,중구,[남산골한옥마을] 호국보훈의 달 기념 공연 [영웅에게]
전시/미술,양천구,"[서울문화예술교육센터 양천] 우리가 꿈꾸는 숲, 실내 미술놀이터로 초대합니다! 6월 [예술힐링놀이터]"
클래식,종로구,[서울시립교향악단] 2025 서울시향 실내악 시리즈 II: 제임스 에네스
클래식,광진구,"나눔의 선율, 함께하는 가곡 [2025 하나인 동행 음악제]"
국악,중구,[서울남산국악당] 2025 젊은국악 단장 SHOWCASE 
교육/체험,구로구,[서울아트책보고] 내가 만드는 오토마타 작품: 스카이 콩콩 만들기 2차
클래식,양천구,"[양천문화재단] 반도네온, 탱고의 밤 - 아스토르 피아졸라의 세계"
교육/체험,마포구,[마포구립서강도서관] 제3회 더북데이 꽃에 미친 김 군 [김동성 작가와의 만남]
클래식,성북구,[성북문화재단] 클래식라운지 [테너 존노 가곡 리사이틀]
교육/체험,은평구,문예북흥 No.28 문태준 - 문태준 시인의 제주 살이 다섯 해가 풀풀풀풀풀 「풀의 탄생」으로 솟아나다. 제주의 자연이 시의 자연으로 스스로 그러하게 태어나다.
교육/체험,구로구,[서울아트책보고] 내가 만드는 오토마타 작품: 스카이 콩콩 만들기 1차
축제-문화/예술,동대문구,톡톡튀는 문화예술페스티벌
뮤지컬/오페라,구로구,[구로문화재단] 키즈오페라 [소리마녀의 비밀상자]
전시/미술,강남구,이영희 개인전 [Life Journey: 삶의 길]
교육/체험,송파구,"[한성백제박물관] 야간 갤러리 톡talk톡talk_6,7월"
연극,마포구,[서울생활문화센터 서교] 소셜드라마클럽 입체낭독극 [콘센트]
연극,종로구,2025년 야간 공연 관람권_[세기의 사나이]
연극,중구,2025년 야간 공연 관람권_[파리의 두 여인]
교육/체험,종로구,[서울공예박물관] [개인] 선과 선 사이(6월 27일)
교육/체험,종로구,[서울공예박물관] 2025년 재료?기술 워크숍: 한국 근현대 옻칠공예
클래식,종로구,[서울역사박물관] 서울-퀘벡 우호 결연 기념 [스티브 바라캇 피아노 연주회]
클래식,광진구,제1회 세계평화통일 문화대잔치
콘서트,강북구,[강북문화재단] 2025 우이천 야외음악회 [우이천 사계콘서트] 2nd Summer
교육/체험,마포구,"[청년예술청 STEP-UP 실무강의] 국경을 넘어, 꿈을 향해 - 청년예술가 해외 진출 입문 가이드 (정혜리 아트컴퍼니 스럽 대표)"
교육/체험,중구,"[서울 문화의 밤] 6월 방구석 북토크 - 지구는 괜찮아, 우리가 문제지(곽재식)"
클래식,종로구,[종로문화재단] 2025년 종로구립합창단 정기연주회 [환란을 넘어 거룩한 잔치로]
클래식,송파구,[서울시립교향악단] 2025 서울시향 에드워드 가드너와 제임스 에네스 ②
교육/체험,중랑구,[중랑구립정보도서관] 중랑 이음:인문학 6월 이낙준의사 [대한민국 의학의 역사]
기타,강동구,[강동문화재단] 한밤의 공연 산책 Ⅱ: 요상한 도시의 고양이들
클래식,종로구,카이로스 앙상블 제3회 정기연주회
클래식,동대문구,[동대문문화재단] 2025 기획공연 와인et멜로디 vol.3 김유진
전시/미술,강남구,[국가유산진흥원] 2025 국가무형유산 기능 보유자 합동 공개행사 [손으로 빚은 시간]
연극,종로구,연극 [타인 他人]
기타,중랑구,[중랑상봉도서관] 6월 작가상봉 [화성의 아이] 김성중
교육/체험,중랑구,[중랑문화재단] 2025 중랑 예술인 라운드 테이블
교육/체험,마포구,[서울생활문화센터 서교] 리듬 앤 블루스 오픈 강좌
클래식,서초구,[서초문화재단] 서리풀 아트 프론티어 시리즈 [타임리스 기타]
국악,종로구,[세종문화회관] 최수열×서울시국악관현악단 [Re-프로젝트 장단의 재발견]
클래식,서초구,[서울시립교향악단] 2025 서울시향 에드워드 가드너와 제임스 에네스 ①
교육/체험,종로구,[서울생활문화센터 낙원] 2025 6월 마스터'스 클래스 [고전 낭독 알리미 박후란]
교육/체험,마포구,[마포구립서강도서관] 6월/길 위의 인문학 [AI시대의 인간의 길 / AI시대의 읽기와 쓰기 / (탐방)리움미술관] (전병근) 
무용,중구,국립무용단 [파이브 바이브]
독주/독창회,서대문구,김예담 귀국 피아노 독주회
독주/독창회,종로구,김정현 플루트 독주회 
콘서트,용산구,[노들섬] 노들인디션 VOL.3 can’t be blue 단독공연
영화,성동구,[성동문화재단] 2025 성동 필름 페스타 [세계 영화 상영회 5회차]
클래식,서초구,[서초문화재단] 서리풀 고음악 오디세이 [중세와 르네상스 시대 댄스음악]
교육/체험,종로구,[서울공예박물관] 공예가 워크숍: 오늘의 옻칠
무용,구로구,[구로문화재단] 이원국 발레단 [6월의 발레] 
교육/체험,도봉구,"[서울로봇인공지능과학관] 2025년 제 4회 라임 콜로키엄 [스스로 깨끗해지는 유리, 로봇과 AI의 눈이 되다!]"
교육/체험,중구,[서울시립미술관 서소문본관] 예술가의 런치박스 임창곤 [횡단하는 플레이트]
교육/체험,송파구,[2025 한성백제박물관] 성인 문화힐링 프로그램 [읽고 쓰는 백제사-삼국사기편] 
클래식,서초구,"[서울문화예술교육센터 서초] 주워 담는 클래식 [재즈로 더 풍부해진, 스윙잉]"
교육/체험,성동구,[성동문화재단] 성동구립도서관 영어스토리텔링_6월
축제-문화/예술,은평구,2025 백초월길예술축제 [진관아리랑]
교육/체험,노원구,[서울시립과학관] 독성시대X과학관: 서울시립대 화학물질 빅데이터 AI연구센터와 함께하는 [독성 실험 교실]
교육/체험,종로구,[서울공예박물관] 공예전문클래스: 여름밤 공예 한 잔
교육/체험,중구,[서울시립미술관 서소문본관] 《말하는 머리들》 전시 연계 퍼포먼스 [유령 없음]
콘서트,마포구,2025 나도 버스커 페스티벌 버스킹 경연대회
클래식,서초구,김유미 바이올린 독주회
기타,도봉구,[도봉문화원] 제3회 도봉구 편지 쓰기?예쁜 엽서 만들기 대회
클래식,종로구,"[서울 종로] 2025 위클리 클래식 페스티벌, 음악적 궤도: 오빗 콰르텟"
연극,강남구,[강남문화재단] 6월 키즈예술공연 [개굴개굴 고래고래]
클래식,종로구,"[서울역사박물관] 제1회 재능나눔콘서트 개최 [광복의 기억, 선율로 되살리다]"
교육/체험,구로구,[서울아트책보고] 내가 만드는 오토마타 작품: 돌아가는 발레리나 만들기 1차
뮤지컬/오페라,강동구,[강동문화재단] 뮤지컬 [키키의 경계성 인격장애 다이어리]
축제-기타,강서구,2025 서울퓨처랩 축제 [미래기술 놀이터]
클래식,서초구,[서초문화재단] 서리풀 작곡가 탐구 시리즈 쇼 [스타코비치 서거 50주년 : 시간을 넘어선 대화]
콘서트,마포구,시네마 천국 오리지널 필름 콘서트
교육/체험,서초구,[서울문화예술교육센터 서초] 음악의 문장 [베토벤이 남긴 아홉 개의 세계]
교육/체험,은평구,"문예북흥 No.27 임선혜 - 바로크 가수, 노래하는 배우 임선혜가 무대 밖에서 들려주는 [포페아의 대관식]의 무대 안 이야기, 그리고 그녀의 음악 드라마"
교육/체험,구로구,[서울아트책보고] 내가 만드는 오토마타 작품: 돌아가는 발레리나 만들기 2차
기타,종로구,"[SeMA 백남준기념관] 《메가트론 랩소디》 연계 퍼포먼스, 프로토룸 [Matter Matters: 탐색을 기다리며]"
뮤지컬/오페라,구로구,[구로문화재단] 2025 꿈꾸는 극장 뮤지컬 [늑대숲 또옹돼지 원정대]
클래식,강북구,프렌즈오브뮤직과 함께하는 로비음악회
교육/체험,종로구,"[서울역사박물관] 2025년 특별전 [마음의 사귐, 여운이 물결처럼] 연계 교육 추가모집"
클래식,송파구,[송파문화재단] 2025 Matinee Lecture & 음악감상실 
교육/체험,종로구,"[종로문화재단] 청운문학도서관 길 위의 인문학 [말은 글로, 글은 극(劇)으로]"
축제-문화/예술,종로구,2025 광화문 달빛요가
전시/미술,노원구,2025 서울시립과학관 생태화 수강생 작품 전시회 [봄으로의 초대]
교육/체험,구로구,[서울아트책보고] 노랗게 웃는 고양이
전시/미술,중구,[서울문화재단] 2025 신당 프로젝트 전시(SPE) [공예연결: 작은 반짝임] 두 번째 전시 박정언 l 김도영
교육/체험,구로구,[서울아트책보고] 스페인 미술과 플라멩코 공연
전시/미술,서대문구,누구에게나 열려있는 전시 [2025 1호 그림전]
연극,종로구,[종로문화재단] 2024 아이들극장 공간지원공연 [둥둥주의보]
교육/체험,성동구,[청계천박물관] 6월 유아가족교육 [궁금이의 그림책 박물관]
연극,강북구,[서울문화예술교육센터 강북] 공연 라이브씨어터 [파랑새]
연극,동작구,2025 예술창작활동 지원사업 선정 프로젝트 [숲을 부르는 노래]
클래식,서초구,[로데아트센터 개관 1주년 기념] 실내악 시리즈 - 파씨오 콰르텟
연극,서대문구,"2025년 야간 공연 관람권_[소년과 소녀, 짐승의 시간 그리고... 유령의 노래]"
연극,종로구,[종로문화재단] 2025 아이들극장 공간지원공연 [둥둥주의보]
교육/체험,서대문구,[청년예술청 STEP-UP 실무강의] 청년예술가를 위한 꼭 필요한 법률 상식 (최철호 변호사)
교육/체험,중구,[서울 문화의 밤] 6월 방구석 북토크 - 빈첸조의 그림책에서 만나는 인간과 자연(빈첸조 델 베키오)
교육/체험,구로구,[서울아트책보고] 눈을 감으면 보이는 것들 [엄정순 작가 북토크]
영화,노원구,[서울시립 북서울미술관] 6월 야외 영화상영회 [몬스터 파크]
교육/체험,종로구,[서울예술인지원센터] STAND-UP 아카데미 [예술가의 경제수업] (강연자 : 김현우)
클래식,서초구,[서울시립교향악단] 2025 서울시향 얍 판 츠베덴과 아우구스틴 하델리히 ②
콘서트,종로구,[운현궁] 2025 서울 운현궁 6월 한옥콘서트
클래식,종로구,6.25전쟁 75주년 호국보훈음악회
교육/체험,노원구,[서울시립 북서울미술관] 해커톤 프로젝트 [동시대 회화 진단]
교육/체험,종로구,"[한국예술종합학교 한국예술연구소] 2025년 국제학술대회 [구독시대의 예술: 창작, 소비, 경험]"
전시/미술,종로구,"[서울우리소리박물관] 2025 서울우리소리박물관 기획전 [한강, 소리로 흐르다]"
전시/미술,관악구,[서울대학교 미술관] 도상(途上)의 추상(抽象) - 세속의 길에서 추상하다
교육/체험,마포구,"[마포구립서강도서관] 6-8월/시니어연극 [다시, 이야기하다] (꿈다락 문화예술학교 사업)"
교육/체험,종로구,"전통의 색, 마음의 쉼 [성인을 위한 감성 민화 클래스]"
연극,도봉구,[도봉문화재단] 도봉극장 어린이 가족 공연 [고래바위에서 기다려]
클래식,서초구,"[서초문화재단] 서리풀 마스터즈 시리즈 [신수정, 김응수의 더 클래스]"
국악,성동구,[성동문화재단] 2025년 N개의 서울 [골목 바이브] 공연 2회차
무용,마포구,[마포문화재단] 2025 M발레시리즈 해설이 있는 발레 [Ballet Plus-낭만발레로의 초대]
콘서트,강북구,[강북문화재단] 마티네 콘서트 [이지클래식 : 오페라 '라 트라비아타']
클래식,송파구,[서울시립교향악단] 2025 서울시향 얍 판 츠베덴과 아우구스틴 하델리히 ①
교육/체험,구로구,[서울아트책보고] 일상을 영감으로 바꾸는 인생공간
뮤지컬/오페라,영등포구,[국회문화극장] 국회에서 만나는 브로드웨이 [ALL THAT 국회]
클래식,영등포구,[영등포문화재단] 마티네콘서트 #2. 장 프랑수아 밀레
클래식,은평구,"[은평문화재단] 알테무지크서울 [은평나음] 계몽의 시작, 교향곡의 탄생"
교육/체험,노원구,[서울시립과학관] 독성시대X과학관: 서울시립대 화학물질 빅데이터 AI연구센터와 함께하는 [리딩 사이언스]
교육/체험,종로구,[세종예술아카데미] 퇴근길 미술 한 잔 : 모네에서 앤디워홀까지
콘서트,종로구,"정태춘.박은옥 문학 Concert [나의 시, 나의 노래]"
교육/체험,서대문구,[청년예술청 STEP-UP 실무강의] 청년예술가를 위한 공연기획 및 제작 실무 (석재원 크리에이티브테이블 석영 대표)
국악,종로구,[서울돈화문국악당] 넥스트국악(NEXT GUGAK)
독주/독창회,서대문구,최지원 귀국 피아노 독주회
교육/체험,동대문구,[동대문문화재단] 체인지어스 종이팩으로 환경을 체인지
전시/미술,종로구,[SeMA 백남준기념관] 메가트론 랩소디 Megatron Rhapsody
뮤지컬/오페라,중구,[중구문화재단] 뮤지컬 [멤피스]
교육/체험,중구,[서울시립미술관 서소문본관] 《말하는 머리들》 전시 연계 프로그램 [폴즈 인터뷰]를 위한 목소리 수집
전시/미술,광진구,김지현 기획초대전
전시/미술,성동구,"[성동문화재단 X 성동미술협회 공동기획전] 숲을 닮은 하루 [서울숲을 걷고, 그리다]"
교육/체험,송파구,[한성백제박물관] 이탈리아 작가 빈첸조 델 베키오의 미술워크숍
클래식,서초구,[서초문화재단] 서리풀 전곡 연주 시리즈 [하이든 교향곡 전곡 시리즈 29]
교육/체험,서초구,[서울문화예술교육센터 서초] 마스터클래스 서초 [피아니스트 일리야 라쉬코프스키]
교육/체험,금천구,"[금천문화재단] 금천구립시흥도서관, 길위의 인문학 프로그램 [금천- 시대를 잇다]"
축제-전통/역사,도봉구,[도봉문화원] 제5회 도봉옛길 문화제 [어? 흥(興)!]
교육/체험,종로구,[서울문화재단] 2025 PLAY-UP 아카데미 모집 [공연창작자를 위한 뇌12신경과 감각이론의 신경심리학 강사 장재키]
교육/체험,동대문구,"[동대문문화재단] 시니어 인생 E막, AI와 함께하는 일상"
교육/체험,노원구,[서울시립과학관] 6월 일상실험실: 실험 체험 프로그램
교육/체험,은평구,[은평역사한옥박물관] 각자공방
교육/체험,중랑구,[중랑상봉도서관] 철학자에게 배우는 공존의 길
연극,강북구,[강북문화재단] 2025 강북Festa 공연안내
교육/체험,종로구,[서울시립 미술아카이브] 네모의 숨바꼭질
클래식,성동구,빛과 바람의 교향시 : 2025 Summer
무용,강남구,[어린이 무용 예술교육 프로그램] 꿈틀꿈틀 움직임 놀이터
교육/체험,종로구,[서울공예박물관] 비밀요원 CMI: 밤이와 함께 비밀코드를 해결하라!_6월
교육/체험,종로구,[서울도시건축센터] 2025 서울도시건축학교 6월 프로그램
교육/체험,중랑구,[중랑문화재단] 기획전시 연계 워크숍 [하이픈 플러스]
축제-기타,영등포구,문래메탈시티 [Mullae Metal City 2025]
축제-전통/역사,강남구,[봉은사] 불교茶문화축제
축제-문화/예술,서초구,[서초문화재단] 서초뮤직앤아트페스티벌 2025
교육/체험,구로구,[서울아트책보고] 내가 만드는 오토마타 작품 - 움직이는 돌고래 만들기 1차
연극,구로구,[구로문화재단] 2025 꿈꾸는 극장 소리음악극 [보이야르의 노래]
축제-문화/예술,영등포구,[영등포구청] 영등포구 청년주택에서 이뤄지는 [청년 라이프 페스타]
연극,중랑구,[중랑문화재단] 2025 망우열전 [최서해를 읽다 - 독독(獨讀)]
연극,마포구,[마포구립서강도서관] 6월/어린이공연 도서관 다문화서비스 다정다감 [내 친구 번개야]
축제-시민화합,중구,[서울시청] 2025 탄생응원 서울축제
축제-문화/예술,서초구,[서초문화재단] 서초책있는거리 6월 [미리 떠나는 북캉스]
축제-문화/예술,강북구,[강북문화재단] 2025 일상문화도시 페스티벌 [강북Festa] 개막식 및 생활문화페스티벌
클래식,종로구,[서울역사박물관] 제28회 백인제가옥 북촌음악회
축제-문화/예술,성동구,[성동문화재단] 2025 두모포 뮤지컬 페스티벌
교육/체험,구로구,[서울아트책보고] 내가 만드는 오토마타 작품 - 움직이는 돌고래 만들기 2차
교육/체험,은평구,"문예북흥 No.26 이정모 - 털보 펭귄 이정모 관장, 「찬란한 멸종」의 역설로 기후변화에 대처할 당신의 변화를 이끌다."
축제-문화/예술,중구,[DDP] DDPlay 6월 [농부시장 마르쉐]
콘서트,용산구,[서울문화예술교육센터 용산] 다정한 아트라운지 [재즈콘서트 인터루드(Int erlude)]
교육/체험,영등포구,"[2025 서울디아스포라 지역탐방] 다양성의 큰 숲, 대림동을 걷다"
교육/체험,은평구,"[은평역사한옥박물관] 2025년 가족 교육 프로그램 [한 사람을 위한 상, 소반]"
교육/체험,종로구,2025 서울 문화의 밤 야금야금 [운현궁과 함께하는 가훈쓰기 캘리그라피]
전시/미술,중구,문화역서울284 기획전시 [우리들의 낙원] - Our Enchanting Paradise
교육/체험,구로구,[서울아트책보고] 그림책으로 읽는 엄마의 마음
전시/미술,영등포구,[술술센터] 지역예술인 전시 [스펙트럼 Spectrum] 은희준
전시/미술,동작구,[동작문화재단] 2025년 동작아트갤러리 전시공간지원사업 [열린 갤러리] 선정전시 《PEACE BE WITH YOU》
교육/체험,영등포구,[서울외국인주민센터 세계문화체험] 일상 속 세계정거장
교육/체험,종로구,[서울공예박물관] Open Studio : 복슬복슬 모루공예_6월
교육/체험,종로구,"[서울역사박물관] 2025년 [한밤의 역사기행] 수강생 모집 - 2,3,4회차"
교육/체험,송파구,[서울백제어린이박물관] 뮤지엄휴휴프로그램3 [다독다독 책마당]
교육/체험,송파구,[서울백제어린이박물관] 특수아동 동반 가족 대상 [우리 손에 핀 무궁화]
전시/미술,은평구,LEAF&LOOM 개관 기념전
축제-문화/예술,강북구,우이천변 페스타2025 [우이별곡]
축제-문화/예술,용산구,[노들섬] 서울썸머바이브 SEOUL SUMMER VIBE
연극,강동구,[강동문화재단]  연극 [꽃의 비밀]
클래식,종로구,[세종문화회관] 시詩가 있는 무대臺 [가곡시대]
클래식,영등포구,[서울시립교향악단] 한국경제인협회와 함께하는 2025 서울시향 강변음악회
연극,종로구,2025년 야간 공연 관람권_[그대는 봄]
교육/체험,중구,[DDP] 스페셜 퍼포먼스&토크 [한밤의 공명]
클래식,서초구,박재준 바이올린 독주회
교육/체험,종로구,[서울우리소리박물관] 2025 우리소리토크콘서트 1회차 ['듣고 부르고' 여성국극 돋보기!]
교육/체험,종로구,"[운현궁] 흥선대원군의 초대, [운현유람기]_6월"
교육/체험,중구,[서울 문화의 밤] 6월 방구석 북토크 - 사람을 찾아온 고래(남종영)
콘서트,성동구,[성동문화재단] 2025 성동구 구립도서관 북 콘서트
전시/미술,성북구,[우리옛돌박물관] 기획전시 [꿩의 바다]
교육/체험,구로구,[서울아트책보고] 영화속 인문학: 시네마 오디세이아
연극,강동구,[강동문화재단] 매직드로잉 음악극 [두들팝]
교육/체험,은평구,"[구립증산정보도서관] 2025년 길위의 인문학 [사(史)이다 : 역사, 이해하고 다시보다] 1차시 프로그램"
콘서트,용산구,용산아트홀 개관15주년 기획공연 [미스&미스터 트롯 토크 콘서트]
클래식,서초구,[서초문화재단] 서리풀 아트 프론티어 시리즈 [색소폰 세레나데]
콘서트,강남구,[제998회 목요예술무대] 시리즈 파장[ 밴드 지소쿠리클럽]
교육/체험,송파구,[서울책보고] 북토크 [대온실 수리 보고서] 김금희 작가
축제-문화/예술,금천구,[금천문화재단] 금천예술활성화 [2025 가산디지털페스타]
교육/체험,은평구,[서울기록원] 2025 서울기록원 강연프로그램 [기록을 바라보는 여섯 개의 시선]
교육/체험,송파구,[송파문화재단] 2025 송파인생학교: 엄마배우 프로젝트 [윤슬극장]
교육/체험,은평구,[서울기록원] 2025년 [기록활동가 양성과정]
전시/미술,중구,[서울문화재단] 2025 신당창작아케이드×뮤지엄멋 팝업마켓 [언리얼 딜라이트 Unreal Delight]
교육/체험,중구,[서울시립미술관 서소문본관] 《말하는 머리들》 전시 연계 프로그램 [세마-라톤: 말하는 머리들]
전시/미술,종로구,노무라 컬렉션 [한 일본인 목사가 한국에 남긴 사죄와 사랑의 기록]
교육/체험,양천구,[서울문화예술교육센터 양천] 우리가 궁금했던 예술 [미술 애호가 가이드: 미술사와 미술관]
교육/체험,강남구,2025 크리에이티브 디렉터 세미나(06.11 WED)
클래식,종로구,블리스 앙상블의 [Moments of Love] with Piccoloist 김원미
교육/체험,서대문구,[청년예술청 STEP-UP 실무강의] 선배 예술가와의 만남 ① 진짜? : 한 동료 예술가가 무엇이든 솔직하게 답합니다 (김희천 작가)
클래식,영등포구,한양 솔로이스츠 제8회 정기연주회
교육/체험,종로구,[대우재단 시민강좌] 현대 건축과 비표상
교육/체험,종로구,[서울공예박물관] 직조 플러스+ : 작가반 프로젝트
전시/미술,강북구,[강북문화재단] 2025 강북Festa 전시 안내
교육/체험,성동구,"[청계천박물관] 6월 개방형교육 [우리들의 친구, 청계천박물관]"
클래식,종로구,배자희 피아노 독주회
전시/미술,마포구,2025년 6월 민주항쟁 38주년 기념 특별 전시 [광장의 노래]
교육/체험,성동구,[성동구립도서관] 부모 영어교육 특강 [우리 아이 첫 영어 그림책 with 정정혜 작가]
국악,종로구,[서울남산국악당] 운초 김은희의 춤_일무지관(一舞之貫)
교육/체험,영등포구,[YDP창의예술교육센터] YDP 미디어 탐험대
교육/체험,노원구,[서울생활사박물관] 2025년 어린이체험실 연계 교육 프로그램 [우리는 동네 탐험대]
콘서트,종로구,[청와대] 2025 청와대 주말 상설 공연 (6월)
교육/체험,서초구,[서울문화예술교육센터 서초] 메이커스 워크숍  [Vegetable Ensemble: 그물코 알아채기
교육/체험,도봉구,"[서울시립 사진미술관] 《광채光彩: 시작의 순간들》 연계 토크 프로그램 [스며들며, 넘나드는]"
교육/체험,서초구,[서초문화재단] 22025 국악기 탐구생활 - 6월 프로그램
교육/체험,도봉구,"[도봉문화재단] 둘리뮤지엄 [아기공룡 둘리, 시간여행을 떠나다: 미래의 반려 공룡 로봇]"
전시/미술,중구,"봄 : 머무는 자리, 남겨진 시간"
교육/체험,금천구,[금천문화재단] 2025 금천 가족 예술꽃 프로젝트 (청년대상 돌봄의 순간들) 
독주/독창회,서대문구,이영현 바이올린 독주회
콘서트,마포구,퓨전국악의 선두주자 고스트윈드 : 4집 쇼케이스
축제-문화/예술,종로구,2025 제7회 서울국악축제
교육/체험,종로구,제2회 2P 게임 아케이드
교육/체험,종로구,[서울공예박물관] [가족] 선과 선 사이(6월 7일)
클래식,종로구,[서울역사박물관] 제1회 박물관 토요음악회
연극,구로구,[구로문화재단] 2025 꿈꾸는 극장 매직쇼 [공룡 애니멀쇼]
독주/독창회,서초구,남아연 귀국 첼로 독주회
클래식,서초구,서지수 피아노 독주회
교육/체험,은평구,"문예북흥 No.25 김홍기 - 패션 큐레이터 김홍기, 「옷장 속 인문학」으로 시대와 대중문화사에 새겨진 옷의 목소리를 들려주다."
교육/체험,동대문구,[동대문문화재단] 4인 4색 작가 만남 [이수애 작가]
클래식,종로구,제9회 오벌린 동문음악회 
교육/체험,종로구,[서울공예박물관] 공예로 만드는 하루 [가족 퍼포먼스 드로잉]
교육/체험,송파구,[서울백제어린이박물관] 광복 80주년 기념 [어린이 나라사랑 한마당]
연극,중구,[중구문화재단] 연극 [킬 미 나우]
교육/체험,종로구,"[서울문화재단] 2025 PLAY-UP 아카데미 모집 [감각적 경험, 감각적 신체, 자유로운 음성] 강사 김혜리"
콘서트,종로구,[운현궁 브런치 버스킹 쉬라궁] 6월 일정 안내
연극,종로구,연극 [S고원에서』(S高原から)] - 제46회 서울연극제 해외교류작품
연극,관악구,[관악문화재단] 조선?연정?스캔들 [호야;好夜]
무용,구로구,[구로문화재단] 헨젤과 그레텔
국악,중구,[서울남산국악당] 동해안별신굿 [남산은 본이요]
축제-시민화합,양천구,[신영시장] 67해피버스데이 축제
교육/체험,종로구,[서울생활문화센터 체부] 6월 체부다회 [월야다향(月夜茶香)]
클래식,서초구,본 솔로이스츠 제6회 정기연주회
연극,성북구,2025년 야간 공연 관람권 [모로코로 가다]
무용,광진구,[세종대학교 융합대학원] 발레아티스트 디플로마 1회 정기공연
교육/체험,종로구,[서울공예박물관] [개인] 선과 선 사이(6월 6일)
교육/체험,종로구,[서울공예박물관] 6월 큐레이터와 함께하는 전시해설 | 《염원을 담아》
국악,은평구,[서울돈화문국악당] 2025 국악플러그인(Gugak Plug-in)
전시/미술,노원구,"[서울시립 북서울미술관] 크리스찬 히다카: 하늘이 극장이 되고, 극장이 하늘에 있으니"
교육/체험,종로구,[서울무형유산교육전시장] 2025년 2차 일반교육(18주) 모집안내
교육/체험,송파구,[서울백제어린이박물관] 유아 단체 대상 [서울역사생태탐험대2] 시장놀이
교육/체험,중랑구,[중랑문화재단] 창의융합 유아동 예술프로그램 [말랑말랑 중랑] 6월
교육/체험,광진구,[서울상상나라] 덥기도 하지(夏至)
교육/체험,마포구,[마포구립서강도서관] 6월/읽는 인간 호모부커스 [II. 테드 창 작품 읽기]
콘서트,종로구,[종로문화재단] 2025 어디나 스테이지 6월 공연
축제-문화/예술,마포구,2025 국악의 날 지정 축하공연 [정오의 연희 콘서트]
교육/체험,용산구,[서울문화예술교육센터 용산] 렉처in살롱 [재즈의 매력]
독주/독창회,영등포구,소프라노 조정희 독창회
클래식,종로구,2025 서울시향 뮤지엄 콘서트_서울공예박물관
독주/독창회,종로구,고수경 귀국 바순 독주회
클래식,강남구,[강남문화재단] 제174회 강남마티네콘서트│피아니스트 김정원과 함께하는 아침의 음악정원[고전적 아침]
교육/체험,중구,[국가유산진흥원] 유네스코 인류무형문화유산 인식개선 워크숍
클래식,서초구,바쓰만 콰르텟 정기연주회
클래식,서초구,[서초문화재단] 서리풀청년예술단 [서초M.스타즈] 4기 실내악 시리즈 II [민족의 노래]
교육/체험,노원구,"[서울시립 북서울미술관] 《크리스찬 히다카: 하늘이 극장이 되고, 극장이 하늘에 있으니》 전시 아티스트 토크"
교육/체험,노원구,[서울생활사박물관] 2025년 박물관에서 열린 청소년 생활법정(중?고등학교 단체)
교육/체험,중랑구,[중랑문화재단] 2025 가족 문화예술교육 가가호호 [랑랑패밀리]
교육/체험,구로구,[서울아트책보고] 보이지 않던 것들의 미술사
전시/미술,종로구,두산인문극장 기획전 [Ringing Saga]
전시/미술,은평구,[구립증산정보도서관] 책 따라 걷는 도서관 - 6월 온라인 원화 전시 [어떡하지?! 고양이]
교육/체험,중랑구,[중랑문화재단] 옹기테마체험관 2025년 6월 프로그램
교육/체험,종로구,[중구문화재단] 2025 인현이음 여름 프로그램
교육/체험,중랑구,[중랑문화재단] 나대기 예술아카데미 6월
교육/체험,종로구,[창덕궁] 약다방 (상반기)
콘서트,중구,2025 문화가 흐르는 서울광장 6월
교육/체험,용산구,"[서울문화예술교육센터 용산] 독서가이드 [이토록 끔찍하고 아름다운 세계, 호러와 스릴러]"
전시/미술,마포구,서혜연 [Skin Palette - Bone and Seed]
전시/미술,광진구,[정원에서 꿈꾸다 73°] 이존립 기획초대전
전시/미술,송파구,[송파문화재단] 2025 송파문화예술 활성화 지원사업 선정작 [와닿은 몸짓들]
교육/체험,은평구,[서울우리소리박물관] 2025 상반기 종로구보건소 협업 프로그램 [내 인생이 유행가]
교육/체험,중구,"[서울남산국악당] 청년국악인 공연기획 실무 특강 - 국악, 기술을 만나다"
교육/체험,중구,"[서울도서관] 월간(Monthly)북돋움 육아강연 [0~5세 우리아이 감정조절, 이것만은 꼭!]"
클래식,노원구,2025 서울시향 뮤지엄 콘서트_서울시립 북서울미술관
교육/체험,동작구,[어린이X예술가 생태 워크숍] 보호수로부터 - 숲에 이르기까지
클래식,강동구,[강동문화재단] 마티네 콘서트 낭만드림 Ⅱ: 클래식 기타리스트 박종호 [Homo Plectrum]
영화,서초구,[서초문화재단] 2025 심산 영화관 [태극기 휘날리며]
교육/체험,서대문구,[청년예술청 STEP-UP 실무강의] 함께 만드는 감각: 접근성과 포용성을 향한 예술가의 실천 (김태림 리움미술관 학예연구원)
독주/독창회,서초구,김승미 피아노 독주회
교육/체험,노원구,[서울시립과학관] 2025 과학테마교실
전시/미술,서초구,서울 시민과 함께하는 플라워 페스티벌
클래식,송파구,[서울시립교향악단] 2025 서울시향과 함께하는 뮤지엄 콘서트_한성백제박물관
교육/체험,강서구,리드인 X 고명환 작가와 함께하는 [인문학 콘서트]
영화,성동구,"[성동문화재단] 서울 문화예술교육 지원사업 [영화로 떠나는 예술여행, 시네마 공감]"
교육/체험,종로구,[서울돈화문국악당] 투어 프로그램 [돈화문 샅샅] 6월
교육/체험,은평구,[구립증산정보도서관]  6월 어린이 온라인 독서퀴즈
클래식,성북구,2025 서울시향 작은 음악회
독주/독창회,종로구,현유라 바이올린 독주회
교육/체험,종로구,[서울무형유산교육전시장] 2025년 2차 일반교육 모집안내
교육/체험,동대문구,[동대문문화재단] 다문화 그림책 여행
영화,중구,[청춘극장] 2025년 6월 영화 및 공연 프로그램
교육/체험,송파구,[송파 청년아티스트센터] 예술가와 함께하는 풍납 탐구 생활 6월 프로그램
교육/체험,마포구,[마포구립서강도서관] 6월 문화프로그램
교육/체험,광진구,[서울상상나라] 그림자 쿠키
교육/체험,광진구,[서울상상나라] 하지 감자 뇨끼
교육/체험,광진구,[서울상상나라] 꽃이 만든 비밀지도
교육/체험,노원구,[서울시립과학관] 2025 6월 [과학에 물들다]
국악,중구,2025 창작ing 연희극 [52Hz]
뮤지컬/오페라,종로구,제 3회 광화문광장 야외오페라 마술피리
독주/독창회,서초구,장희재 비올라 독주회
독주/독창회,서초구,박미희 바이올린 독주회 [Johannes Brahms]
교육/체험,은평구,[은평역사한옥박물관] 전통건축 장인과 만나다
뮤지컬/오페라,종로구,뮤지컬 [팬텀] 10주년 기념 공연
교육/체험,도봉구,[서울시립 사진미술관] 《스토리지 스토리》 전시 연계 프로그램 [함께 만든 이야기]
기타,송파구,[서울책보고] 책문화공간 서울책보고 재개관 [봄날의 책온실]
전시/미술,강남구,이은황 개인전 [With You: 너와 함께]
교육/체험,영등포구,[영등포문화도시센터] 2025 예술하는 예술가 [예술가의 이중생활: 낮과 밤의 글쓰기]
축제-자연/경관,,"[서울대공원] 2025 장미원?식물원 축제 [장미, 정원을 품다]"
연극,종로구,연극 [더 나은 휴머니티]
교육/체험,용산구,[서울문화예술교육센터 용산] 다정한 아트라운지 [안녕을 나누는 사이 봄나들이]
축제-문화/예술,종로구,[종로문화재단] 2025 종로 생활문화 [종로랑 축제]
축제-문화/예술,양천구,[서울문화예술교육센터 양천] 온 가족이 함께 즐기는 예술놀이동산! 5월 [예술힐링놀이터]
기타,은평구,[남산골한옥마을] 2025 남산골 전통혼례 시연 [여름빛 한옥에서 보내온 청첩장]
축제-전통/역사,은평구,[은평마을예술창작소] 별별곳간 단오잔치
교육/체험,은평구,문예북흥 No.24 김병욱&백선희- 나의 말과 남의 말 사이에 낀 김병욱+백선희 번역가 부부가 배반의 일상을 말하다.
클래식,서초구,[2025 클래식다방 - 아리스타인아트홀] 고전적 낭만의 봄날
클래식,서초구,프로젝트 K [Regather] - 음악으로 다시 모이다
국악,구로구,[구로문화재단] 이희문 트리오 [5월의 국악]
축제-문화/예술,종로구,[종로문화재단] 2025 종로구 생활문화축제 [종로랑 가족이랑]
클래식,서대문구,신유민 귀국 피아노 독주회
축제-전통/역사,중구,[남산골한옥마을] 2025 남산골 세시절기 [단오]
교육/체험,송파구,[서울백제어린이박물관] 2025 문화나눔 교육 [정다운 박물관]
전시/미술,성북구,[성북문화재단] 2025 성북 N 아티스트 기획전시 [안성석: 그럼 쪼끔씩 가자]
교육/체험,관악구,[서울시립미술관] 2025 예술가의 런치박스 [느린 충돌 Slow Collision]
교육/체험,은평구,[서울시립 미술아카이브] 원문으로 읽는 한국현대미술사
교육/체험,용산구,[서울문화예술교육센터 용산] 창작의 발견 [손으로 그리는 사랑]
연극,종로구,[세종문화회관] 연극 [유령]
연극,종로구,[세종문화회관] 서울시극단 [유령]
축제-시민화합,광진구,2025 제2회 쉬엄쉬엄 한강3종 축제
연극,강북구,[서울문화예술교육센터 강북] 공연 '라이브씨어터' [코 잃은 코끼리 코바]
연극,영등포구,[영등포문화재단] 5월 가정의 달 특별공연 연극 [작은 할머니]
클래식,강남구,[GS아트센터] 윌리엄 켄트리지 [쇼스타코비치 10: 다른 세상을 꿈꿀 수 있었더라면]
교육/체험,관악구,[서울시립 남서울미술관] 예술가의 런치박스 [박선민 BIGTABLEsmallpeople]
교육/체험,중구,[서울시립미술관] 《말하는 머리들》 전시 연계 프로그램 [므브프 프로젝트]
교육/체험,종로구,[서울공예박물관] 5월 큐레이터와 함께하는 전시해설 | 《염원을 담아》
교육/체험,종로구,"[운현궁] 2025 별 헤는 밤, 운현궁(5월)"
교육/체험,중랑구,"[중랑구립정보도서관] 중랑 이음: 인문학 5월 표창원교수 [우리 시대의 가장 중요한 가치, 공존을 통한 지속]"
교육/체험,송파구,[한성백제박물관] 몽촌토성 달빛 탐방(5월)
영화,노원구,[서울시립 북서울미술관] 5월 야외 영화상영회 [코코]
전시/미술,도봉구,[서울시립 사진미술관] 광채光彩: 시작의 순간들
전시/미술,도봉구,[서울시립 사진미술관] 스토리지 스토리 Storage Story
전시/미술,용산구,[갤러리자유] 박지현 개인전 [시간의 가장자리에서 : HYPNAGOGIA]
뮤지컬/오페라,종로구,[세종문화회관] 서울시뮤지컬단 [더 퍼스트 그레잇 쇼]
교육/체험,은평구,[구립증산정보도서관] 우리가 꼭 알아야할 기후변화 이야기 [2025년 은평구 환경교육주간 온라인 북큐레이션]
전시/미술,강남구,[서울문화재단] 2025 신당창작아케이드×LG유플러스 팝업스토어 [도심 속 공예 틈에서 피어나다]
연극,종로구,[종로아이들극장] 2025 키우피우 오브제극축제 [트라포스 : 세 노인과 강아지]
콘서트,영등포구,2025년 국회도서관 문화 콘서트 [고전이 묻고 웃음으로 답하다]
교육/체험,용산구,"[서울문화예술교육센터 용산] 힐링북콘서트 [마음퇴근, 쉼을 읽는 저녁_보고싶은 친구가 있나요?]"
교육/체험,구로구,[서울아트책보고] 책을 품은 아이
클래식,서초구,[2025 클래식다방 - 대주아트엔터뮤직2호점] 시각장애예술가 유지민 작곡&피아노 리사이틀
연극,마포구,[마포문화재단] 2025 마포문화재단 가정의달 축제  [해피 메이 와글와글] 음악동화 [조금은 특별한 피노키오]
교육/체험,중구,"[DDP] AI시대 디자인 씽킹을 통한 창의적, 혁신적인 문제해결 세미나"
교육/체험,은평구,[구립증산정보도서관] 그림책 하브루타 코칭 지도사 1급 양성과정(온라인 자격과정)
교육/체험,중구,[서울시립미술관] 코랄 읽기 모임
콘서트,금천구,[금천구립독산도서관] [예술로 재그르르] 바흐의 집에서 들려오는 선율(바로크첼로/비올라다감바 클래식공연)
교육/체험,구로구,[서울아트책보고] The EGG 영어놀이 A TIME
교육/체험,구로구,[서울아트책보고] The EGG 영어놀이 B TIME
교육/체험,종로구,2025년 수라간 시식공감
전시/미술,종로구,오래된 붓끝에서 [호율민화연구소]
교육/체험,영등포구,"[서울문화예술교육센터 용산] 렉처in살롱 [융합과 개성의 시대, 낭만]"
클래식,서초구,[서초문화재단] 서리풀 고음악 오디세이 [스페인과 남미의 바로크 음악]
독주/독창회,종로구,김민선 귀국 피아노 독주회
콘서트,강북구,[강북문화재단] 주현미 콘서트
전시/미술,강서구,"[서울식물원] 2025년 서울식물원 기획 전시 [우리들의 자연, 행성적 공존]"
전시/미술,종로구,"[국립민속박물관] 오늘도, 기념: 우리가 기념품을 간직하는 이유"
전시/미술,도봉구,2025 김근태기념도서관 민주주의?인권 기획전 [희망이 피어나는 자리]
클래식,동작구,[서울시립교향악단] 2025 서울시향 우리동네 음악회 실내악-동작구
클래식,종로구,한지혜 피아노 독주회
클래식,서초구,[2025 클래식다방 - 르네뮤직홀] 부다페스트에서 파리까지
교육/체험,마포구,[마포문화재단] 2025 마포 사진학교 시시각각 참여자 [포토크루M] 1기 모집
전시/미술,강남구,[한솥아트스페이스] 강남 시각예술기획전 [THE VISU-ABLE OBJECT]
교육/체험,종로구,"[서울생활문화센터 체부] 청년문화기획 [살롱, 내일]"
클래식,금천구,[서울시립교향악단] 2025 서울시향 우리동네 음악회 실내악
교육/체험,서초구,"[서울문화예술교육센터 서초] 주워 담는 클래식 [기보로 더 치밀해진, 스코어]"
기타,마포구,[마포구립서강도서관] 5월/팟캐스트 서강도서관 피셜 56회 [이야기꽃을 피우다]
교육/체험,종로구,[서울생활문화센터 낙원] 낙원 문화로드 동네한바퀴 4회 [창덕궁]
교육/체험,노원구,[서울시립과학관] 과학북토크: 달작한 사이언스 (5월) [좀비영화 속 생명과학 빼먹기]
클래식,서초구,박고운 첼로 리사이틀
교육/체험,성동구,[성동구립도서관] 영어스토리텔링_5월
교육/체험,성동구,[성동구립도서관] 독서는 힙하다 - 건강 지키미 크미와의 만남
클래식,서초구,[2025 클래식다방 - 갤러리반포대로5] 그림과 함께하는 (네 대의) 더블베이스
교육/체험,종로구,[종로문화재단] 윤동주문학관 문학 창작 프로그램 [별 하나에 ○○] (마음책방 서가는 : 별 하나에 고백)
교육/체험,마포구,[서울생활문화센터 서교] 2025 청년작가살롱_청년강사육성아카데미
축제-문화/예술,중구,2025 서울세계도시문화축제 [Seoul Friendship Festival 2025]
교육/체험,서초구,우리동네 레전드 맵: 서울
뮤지컬/오페라,광진구,[광진문화재단] 가족뮤지컬 [넌 특별하단다]
교육/체험,종로구,[서울공예박물관] SeMoCA 글로벌 공예 멘토 워크숍 #2 해외 한국실 큐레이터
영화,종로구,[서울역사박물관] 특별전 연계 영화 상영회 [신기수 다큐멘터리 영화-에도시대의 조선통신사]
뮤지컬/오페라,관악구,[관악문화재단] 가족뮤지컬 [반쪽이전]
교육/체험,종로구,[서울생활문화센터 체부] 체부동아틀리에 [나만의 향수 만들기]
교육/체험,은평구,문예북흥 No.23 나성인&이승은 - 클래식과 탱고로 노래하고 춤추는 나성인+이승은 부부가 부창부수의 진수를 보여주다.
축제-문화/예술,광진구,숲 속에서 즐기는 모두의 예술 피크닉!  2025 예술해봄 축제
무용,광진구,리틀엔젤스예술단 기획공연 [HARMONY] (하모니)
교육/체험,마포구,[마포구립서강도서관] 어린이 도서관초대석 [상추씨] 조혜란 작가
클래식,서초구,[2025 클래식다방 - 대주아트엔터뮤직2호점] Dream It! Do It!
독주/독창회,영등포구,제19회 음악에 기대어 정기연주회
교육/체험,서초구,"[서울문화예술교육센터 서초] 음악의 문장 [음악, 당신에게 무엇입니까]"
클래식,서초구,[서울시립교향악단] 2025 서울시향 키릴 게르스타인의 브람스 피아노 협주곡 2번 ②
축제-문화/예술,광진구,[미래한강본부] 2025 한강 대학가요제
축제-문화/예술,,[광진문화재단] 2025 나루 동요제
전시/미술,서초구,마르크 샤갈 특별전 : BEYOND TIME
전시/미술,송파구,"[서울시] 2025 풍납 조각페스티벌 야외조각전시 《역사의 터, 예술로 깨어나다 Ⅱ》"
교육/체험,관악구,[관악청년청] 2025 청년역량강화사업 커리어트랙 [Track1. 취준진담]
교육/체험,관악구,[관악문화재단] 2025년 관악시민문화기획 아카데미 [우주관문스쿨]
축제-문화/예술,서초구,제30회 국제전자예술심포지엄 [ISEA2025 동동: Creators’ Universe]
전시/미술,관악구,[서울대학교미술관] ISEA2025 [Good Morning Mr. Orwell Ver.2]
교육/체험,용산구,2025 국민참여형 예술치유 프로그램 [치유도 예술로]
전시/미술,마포구,[서울시립 난지미술창작스튜디오] 2025 난지미술창작스튜디오 오픈스튜디오: 스윙바이
무용,서초구,국립현대무용단 [우리는 움직일 수밖에 없었다]
축제-전통/역사,중구,2025 정동야행
뮤지컬/오페라,강북구,[강북문화재단] 가족 뮤지컬 [안녕? 빨강머리 앤]
교육/체험,종로구,[서울시립 미술아카이브] 2025 서울시립 미술아카이브 주제연구포럼 [이후의 미술(관)]
콘서트,종로구,[세종문화회관] 합창과 문학의 만남 [어린 왕자]
교육/체험,종로구,"[운현궁] 맞춤형 전통문화체험 원데이 클래스 [봄, 여름의 향기 다도편]"
콘서트,종로구,"재즈 보컬의 정수 Ella Fitzgerald, 김영미 듀오 [Re : Jazz We Loved]"
교육/체험,중구,[서울 문화의 밤] 5월 방구석 북토크 - 응급실에서 발견한 사랑(남궁인)
기타,송파구,"[한성백제박물관] 2025년 경희대학교 한국고대사?고고학연구소, 한국고대근동학회 공동주최 학술회의"
기타,종로구,"[서울역사박물관] 국제학술대회 [우호와 평화의 사절, 통신사]"
콘서트,구로구,[구로문화재단] 김창완밴드 콘서트
클래식,송파구,[서울시립교향악단] 2025 서울시향 키릴 게르스타인의 브람스 피아노 협주곡 2번 ①
축제-자연/경관,동작구,[서울시청] 2025 서울국제정원박람회
교육/체험,은평구,[세종예술아카데미] 뮤지컬의 탄생 : 21세기 브로드웨이 히트 뮤지컬
전시/미술,종로구,구본아 개인전 [벽에 쓰는 시 Poetry on the Wall]
전시/미술,종로구,이형우 [편백나무]
연극,종로구,[종로아이들극장] 2025 키우피우 오브제극축제 [한밤중의 카주]
뮤지컬/오페라,강남구,[강남문화재단] 제997회 목요예술무대 가족 오페라 [돈 파스콸레 영감님 장가 보내기]
클래식,서초구,[서초문화재단] 서리풀 마스터즈 시리즈 [케빈 케너 쇼팽의 그랜드 판타지]
전시/미술,종로구,[서울공예박물관] 공예동행@쇼윈도 #2. 유연한 기하학(Flexible Geometry)
전시/미술,광진구,[세종뮤지엄갤러리] 무한을 향한 시선 A View Towards Infinity - 이희중 회고전
전시/미술,성북구,[삼청각] 열린 문
교육/체험,양천구,[서울문화예술교육센터 양천] 우리가 궁금했던 예술 [현대를 그려가는 전통: 거문고와 대금]
교육/체험,송파구,[서울백제어린이박물관] 뮤지엄휴휴프로그램9 [우리 옷 우리 문양]
교육/체험,구로구,"[서울아트책보고] 백인교 작가와의 대화 -감정을 깨우는 색, 움직이는 마음"
교육/체험,동대문구,[동대문문화재단] 동대문구 축제 코디네이터 [문워커] 양성 교육 
전시/미술,강동구,[강동문화재단] 에르베 튈레_색색깔깔 뮤지엄
교육/체험,종로구,[서울역사박물관] 미술사학자와 함께 떠나는 통신사 미술 기행
교육/체험,송파구,[서울백제어린이박물관] 초등 1-2학년 학급 대상 [어린이백제연구소2] 물건의변화탐색
전시/미술,종로구,[운현궁] 2025 기획전시 [立夏 이야기]
클래식,종로구,상명플루트앙상블 라 폰타나 [상명대학교 개교 60주년 기념 음악회]
기타,구로구,[서울시50플러스재단] 2025년 서울 중장년 채용박람회 [남부럽게 취업]
클래식,서초구,[서초문화재단] 서리풀 전곡 연주 시리즈 [하이든 교향곡 전곡 시리즈 28]
클래식,서초구,[2025 클래식다방 - 로데아트센터] French vs German：소리의 이중생활 1
독주/독창회,종로구,강유리 바이올린 독주회
전시/미술,도봉구,[도봉문화재단] 둘리뮤지엄 특별전 [K-라면과 구공탄]
뮤지컬/오페라,종로구,[서울생활문화센터 체부] 상반기 생활문화콘서트 8회차 [강남뮤지컬단]
축제-기타,성북구,제 17회 성북세계음식축제 [누리마실]
교육/체험,송파구,[한성백제박물관]  느린학습자 대상 [쏙쏙 알아가는 역사이야기]
교육/체험,금천구,[금천문화재단] 영유아 대상 문화예술교육 [천으로 놀다-천과 실이 머무는 놀이터]
무용,강동구,[강동문화재단] 창작발레 [갓] 
축제-기타,노원구,[서울시립과학관] 제 8회 2025 사이언스 페스티벌: 지구를 품은 생물 대모험
콘서트,관악구,[관악문화재단] 재주소년 7집 발매 기념 콘서트 [머물러 줄래]
축제-문화/예술,,[광진문화재단] 2025 피크닉 in 나루
교육/체험,종로구,[서울공예박물관] SeMoCA 펫크닉: 반려견이 반한 공예(중형견)
교육/체험,종로구,[SeMA 백남준기념관] 관객참여 퍼포먼스 워크숍 [아카이브 리인덱스 아카이브] 메멕스 룸
교육/체험,구로구,[서울아트책보고] 키네틱 아티스트 김동현 작가와 함께하는 오토마타 만들기
축제-문화/예술,광진구,제22회 한강사랑 그림그리기 대회
연극,마포구,[마포문화재단] 2025 마포문화재단 가정의달 축제 [해피 메이 와글와글] 종이봉지공주
축제-문화/예술,강서구,[강서구청] 2025 우장산 그린페스타
클래식,서초구,[2025 클래식다방 - 르네뮤직홀] 피아노 포핸즈로 듣는 [Dance of Spring]
무용,금천구,[관악문화재단] 우수공연 초청 국립현대무용단 [얍! 얍! 얍!]
국악,강남구,[강남문화재단] 5월 키즈예술공연 [배꼽잡는 슬로우]
클래식,서초구,황건영 피아노 독주회
교육/체험,은평구,문예북흥 No.22 장석주&박연준 - 시를 사랑하고 시인을 사랑한 장석주&박연준 부부가 서로에 대해 말하다.
전시/미술,금천구,[서울생활사박물관] 라이징 북서울
전시/미술,용산구,2025 긴급전시행동 [민주주의와 깃발]
전시/미술,종로구,[종로문화재단] 2025 무계원 기획전시 한국의 미(美) 16 《머무름에 빛을 담다》
전시/미술,서대문구,2025 신촌문화발전소 기획전시 [히든시퀀스(Hidden Sequence)]
전시/미술,서초구,전시 [밤으로의 긴 여로]
전시/미술,중구,[남산골한옥마을] 2025 공예주간(Korea Craft Week 2025) [남산골 HOME]
무용,영등포구,제56회 전국초?중?고등학생무용콩쿠르
무용,강남구,[GS아트센터] 개관페스티벌 - 베로날 컴퍼니 & 마르코스 모라우 [파시오나리아]
클래식,종로구,[세종문화회관] 해리 포터와 혼혈 왕자™ 인 콘서트
축제-기타,광진구,[미래한강본부] 2025 한강페스티벌-봄 [Hangang River Festival-Spring]
교육/체험,종로구,"[서울공예박물관] 가사 안 풍경 (5월 16일, 17일)"
콘서트,성동구,[성동문화재단] 2025 소월아트홀에서 떠나는 [유럽 여행 콘서트]
클래식,서대문구,안국선 피아노 독주회
클래식,종로구,예술가곡 연주회 [봄의 향연]
교육/체험,중구,[서울 문화의 밤] 5월 방구석 북토크 - 성찰과 공감을 통한 건강한 관계 맺기(김수인)
교육/체험,종로구,[서울문화재단] 서울예술인지원센터 아카데미
교육/체험,구로구,"[구로기적의도서관] 힙하게 읽자, 힙독!"
전시/미술,용산구,[나의 동화 My Tale] by 변대용
축제-문화/예술,중구,2025 삼일로창고극장 [WHAT'S NEXT PROJECT]
연극,종로구,[종로아이들극장] 2025 키우피우 All Pass 패키지
연극,종로구,[종로아이들극장] 2025 키우피우 오브제극축제 [어둑시니]
클래식,서초구,"[서울시립교향악단] 2025 서울시향 드뷔시와 라벨 ①, ②"
연극,동작구,[서울생활문화센터 서교] 2025 서교예술창작스파크 참가작 마임마미아 [마임즉흥쑈]
교육/체험,종로구,[서울시립미술관] 광복80주년 가나아트컬렉션 특별전 《서시: 별을 노래하는 마음으로》 연계 아티스트 토크 : 전소정 작가 + 최빛나 예술감독
클래식,송파구,"쇼스타코비치 서거 50주년, 라벨 탄생 150주년"
클래식,서초구,[2025 클래식다방 - 브람스앤리스트] 목관악기로 듣는 동화 이야기
전시/미술,종로구,[국립민속박물관] 생활문화 조사 연계 특별전 [사진관 전성시대]
전시/미술,중랑구,[중랑문화재단] 중랑아트센터 기획전시 [하이픈 중랑 2025]
전시/미술,동작구,[동작문화재단] 2025년 동작아트갤러리 전시공간지원사업 [열린 갤러리] 선정전시 《무화과 정원》
기타,구로구,서울팝업야외도서관 X 서울아트책보고
영화,성동구,[성동문화재단] 2025 성동 필름 페스타 [세계 영화 상영회 4회차]
교육/체험,중구,[서울도서관] 월간(Monthly)북돋움 육아강연 [그럼에도 행복한 육아의 가치]
교육/체험,종로구,[대우재단 시민강좌] 스피노자의 편지와 철학
교육/체험,중구,[서울시립미술관] 모두를 위한 예술 프로그램 _ 쉬운글쓰기 X 확장 = 미술관에 갑니다
교육/체험,용산구,"[서울문화예술교육센터 용산] 렉처in살롱 [르네상스의 울림을 찾아서, 고음악의 세계]"
교육/체험,양천구,[서울문화예술교육센터 양천] 예술 작업실 [공연으로 만나는 치유의 시간]
교육/체험,노원구,[서울시립 북서울미술관] 대학(원)생 전시 감상 프로그램 [캠퍼스 옆 미술관]
교육/체험,강북구,"[서울문화예술교육센터 강북] 창작워크숍 'play, play' [소리만리-온 가족 판소리 프로젝트]"
교육/체험,성동구,"[청계천박물관] 5월 개방형교육 [우리들의 친구, 청계천박물관]"
교육/체험,종로구,[서울공예박물관] 또롱또롱 마법사 금도목섬!_5월
전시/미술,종로구,"[운현궁] 2025 기획전시 [바늘 셋, 이야기 하나]"
클래식,서초구,[2025 클래식다방 - 라율아트홀] 플라스틱 아일랜드(Plastic Island)
영화,서초구,"[서초문화재단] 심산 영화관, 심산 추모 특별 상영 [밀정]"
콘서트,종로구,2025 홍난파가곡제
교육/체험,서초구,[서울문화예술교육센터 서초] 마스터클래스 서초 [소프라노 박혜상]
콘서트,서초구,[강남문화재단] 강남심포니오케스트라 제110회 정기연주회
교육/체험,종로구,[서울생활문화센터 낙원] 2025 5월 마스터'스클래스 [JAZZ 음악가 최용민]
국악,강북구,"2025 강북솔밭국악당 기획상설공연 [국악마실, 국악산책]"
전시/미술,서대문구,[서초문화재단] 서리풀 휴(休) 갤러리 [Artchive:다섯 개의 시선]
독주/독창회,종로구,차지희 귀국 바이올린 독주회
교육/체험,중구,[남산골한옥마을] 2025 오작교 프로젝트: 오늘의 작은 판소리 교실
교육/체험,구로구,[서울아트책보고] 나의 그림책 만들기
교육/체험,노원구,[서울시립과학관] 5월 청소년과 함께하는 케미랩
클래식,강북구,리비툼 오케스트라 제2회 정기연주회
영화,은평구,[구립증산정보도서관] 5월 주말영화상영안내
교육/체험,종로구,2025 서울도시건축학교
교육/체험,강북구,"[서울문화예술교육센터 강북] 창작워크숍 'play, play' [내 마음속 비밀극장]"
클래식,서초구,[서초문화재단] 2025 클래식다방
교육/체험,서초구,[서초문화재단] 2025 클래식악기 탐구생활 - 5월 프로그램 신청자 모집
교육/체험,도봉구,[도봉문화재단] 마을극장 흰고무신 근?현대사 인문학 특강 [수안 계훈제]
교육/체험,종로구,[서울공예박물관] 비밀요원 CMI: 밤이와 함께 비밀코드를 해결하라!_5월
교육/체험,종로구,[서울돈화문국악당] 엄마아빠 행복 프로젝트 [훈훈한 우리 가족] 
축제-문화/예술,용산구,[서울시] 2025 서울드럼페스티벌
클래식,종로구,2025 디즈니 인 콘서트
축제-문화/예술,마포구,2025 마포아트센터 광장문화축제 [무대 위의 책방]
교육/체험,중구,[서울시립미술관] 《말하는 머리들》 워크숍 - 격주로 [눈빛이 만지는 곳 - 리뷰 드로잉 토크]
축제-문화/예술,강서구,제9회 겸재문화예술제
클래식,영등포구,제4회 벨디토 피아노 앙상블 정기연주회 
클래식,구로구,[구로문화재단] 제1회 구립예술단 연합공연 [5월 愛 가족사랑 음악회]
클래식,서초구,[2025 클래식다방 - 음악플러스아트홀] 클래식X재즈 : 봄의 스케치
축제-문화/예술,종로구,2025 단오맞이 K-국가무형유산축제
클래식,서초구,박은혜 피아노 독주회
교육/체험,노원구,[서울시립 북서울미술관] 관객참여 퍼포먼스 [러브-레터]
독주/독창회,종로구,이한솔 피아노 독주회
기타,종로구,[서울도서관] 광화문 책마당
교육/체험,노원구,[서울시립 북서울미술관] Buk SeMA 미술사 산책 [회화 반격]
교육/체험,종로구,[서울우리소리박물관] 2025 가족행복교육 프로그램 [아리랑을 담은 소리상자]
교육/체험,종로구,[서울역사박물관] 2025년 [한밤의 역사기행] 수강생 모집
기타,송파구,[한성백제박물관] 서울팝업야외도서관
교육/체험,도봉구,[함석헌기념관] 미니가드닝 [싱그러운 초록생활]
무용,종로구,[세종문화회관] 요한 잉거 [워킹 매드 & 블리스]
연극,종로구,산재일기 - 제46회 서울연극제 공식선정작 
교육/체험,성동구,[청계천박물관] 5월 유아가족교육 [궁금이의 그림책 박물관]
축제-기타,송파구,다시 돌아온! 가락몰 빵 페스티벌 [전국 빵지자랑]
교육/체험,종로구,"[서울공예박물관] 가사 안 풍경 (5월 9일, 10일)"
무용,마포구,[마포문화재단] 2025 M 발레시리즈 [순수의 시대 - The age of Innocence]
연극,강동구,[강동문화재단] 판소리 드라마 [눈 먼사람:심학규이야기]
클래식,서초구,[서울시립교향악단] 2025 서울시향 우리동네 음악회 관현악 - 서초구
전시/미술,용산구,[숙명여자대학교 박물관] 섬유의 시간: 전통을 담고 미래를 잇다
전시/미술,종로구,[경복궁] 2025년 경회루 특별관람 
교육/체험,마포구,[마포구립서강도서관] 동화동무씨동무 - 우리 함께 읽어보자!
교육/체험,종로구,[경복궁] 경복궁 교태전 특별개방
축제-기타,용산구,시즌3 나눔옷장 오픈 [폭싹 털었수다]
교육/체험,종로구,2025 상반기 경복궁 야간관람
교육/체험,중구,[서울시립미술관] 모두를 위한 예술 프로그램_몸으로 만나는 미술관
교육/체험,동작구,[동작문화재단] 동작문화재단×중앙대학교 다문화콘텐츠연구소 [문화다양성 확산 사업]
교육/체험,중랑구,[중랑문화재단] 창의융합 유아동 예술프로그램 [말랑말랑 중랑] 5월
축제-문화/예술,종로구,[종로문화재단] 어디나스테이지 개막축제
클래식,강북구,[서울시립교향악단] 우리동네 음악회 관현악-강북구
콘서트,서초구,[서울시립대학교] The Gift x 별별하모니 오케스트라
뮤지컬/오페라,강남구,[강남문화재단] 제996회 목요예술무대 시리즈 파장 [조형균의 뮤지컬&토크]
교육/체험,노원구,[서울시립 북서울미술관] 청소년 전시 감상 프로그램 [학교 옆 미술관]
교육/체험,중구,[중구문화재단] 2025 중구동네친구 - 취향존중(存中)_2차
전시/미술,은평구,[은평문화재단] 2025 우수 미디어아트 작가 초청전 [Twin Landscape]
교육/체험,관악구,[관악문화재단] 싱글벙글교육센터 5월 특강 수강생 모집
교육/체험,종로구,[서울무형유산교육전시장] 2025년 야간 특별체험 [달빛공방]
교육/체험,강북구,"[서울문화예술교육센터 강북] 창작워크숍 'play, play' [기억의 조각 모음]"
전시/미술,마포구,Project Air Passage [Body In Flux]
전시/미술,영등포구,[술술센터] 예술X기술 전시 [인공의 자연]
전시/미술,광진구,"임진성 기획초대전 [현실과 이상 사이, 금빛 산수로의 여정]"
교육/체험,송파구,[서울역사편찬원] 2025년 서울역사문화답사 5월 신청 안내
축제-문화/예술,종로구,2025 국제기로 미술대축제
교육/체험,은평구,[구립증산정보도서관] 5월 추억 나눔 이벤트 [들려줘요! 도서관과 함께한 순간]
독주/독창회,서초구,김유경 바이올린 독주회
클래식,종로구,최은지 바이올린 독주회
축제-전통/역사,종로구,의정부지 역사유적광장 전통무예행사
교육/체험,광진구,[서울상상나라] 작은정원케이크
교육/체험,광진구,[서울상상나라] 봄빛으로 성장해 봄
교육/체험,광진구,[서울상상나라] 초록 햇살 머핀
국악,중구,[서울남산국악당] 전통판소리 시리즈 1 [귀한 소리]
교육/체험,구로구,"[서울아트책보고] 건축과 미술, 그 오랜 동행의 역사"
콘서트,중구,2025 문화가 흐르는 서울광장 5월
클래식,종로구,[세종문화회관] 5월 누구나 클래식 [배다해의 해설 클래식 - 오페라와 합창]
클래식,서초구,클래시칸 앙상블의 시그니처 콘서트 
축제-문화/예술,마포구,2025 마포문화재단 가정의달 축제 [해피 메이 와글와글]
콘서트,종로구,[운현궁 브런치 버스킹 쉬라궁] 5월 일정 안내
전시/미술,종로구,[운현궁] 2025 기획전시 [봄빛 정원]
전시/미술,마포구,[마포문화재단] [해피 메이 와글와글] 발레체험전 [시간의 춤]
축제-문화/예술,종로구,[청와대] 2025 어린이날 문화 행사  [청와대 어린이 세상]
연극,마포구,[마포문화재단] 2025 마포문화재단 가정의달 축제 [해피 메이 와글와글] 만보와 별별머리
클래식,강동구,[강동문화재단] 핑크퐁 클래식 나라 with 바이올리니스트 대니 구
축제-문화/예술,용산구,2025 전쟁기념사업회 어린이날 문화축제
축제-문화/예술,중구,[남산골한옥마을] 2025 남산골 어린이마을 [놀러가장]
독주/독창회,서대문구,박혜미 피아노 독주회
클래식,종로구,피카스(PICAS) 그림동화 음악회 [정글북]
기타,중구,[서울도서관] 책읽는 서울광장
축제-문화/예술,서초구,[미래한강본부] 2025 차없는 잠수교 뚜벅뚜벅 축제(상반기)
클래식,성동구,빛과 바람의 교향시 - Symphony of Light and Wind
콘서트,종로구,[운현궁] 2025 서울 운현궁 5월 한옥콘서트
교육/체험,종로구,[서울공예박물관] 대대손손 공예
축제-문화/예술,,[서울대공원] 2025 어린이날 기념행사 [모여라! 대공원]
콘서트,강북구,꿈의숲 어린이마술콘서트 쇼프라이즈
클래식,서초구,문지원 바이올린 독주회
클래식,종로구,2025.The Spring flute concert [봄이 오는 소리] 음악회 [k-flutes플루티스트 유지연]
축제-기타,은평구,[서울스프링페스타] 로드쇼 [펀 나이트워크 5K]
클래식,서초구,서울클라리넷앙상블과 함께하는 [어린이날 콘서트]
축제-문화/예술,금천구,[서울시민대학] 5월 모두공연장 : 설레이나봄 Flower Festival
교육/체험,종로구,[종로문화재단] 윤동주문학관 문학 투어 프로그램 [동주와 마실]
축제-문화/예술,중구,2025 서울시 태권도 상설공연
교육/체험,중구,[DDP] 2025 DDP 봄축제 [어린이투어]
교육/체험,중구,[서울시립미술관] 《말하는 머리들》 워크숍 - 격주로 [눈빛이 만지는 곳 - 관람자 심층 인터뷰]
기타,종로구,[청와대] 2025 청와대 태권도 시범공연 [위대한 태권도]
축제-문화/예술,영등포구,[미래한강본부] 2025 책읽는 한강공원
교육/체험,종로구,[서울시립 미술아카이브] 가정의 달 [타이포 패밀리]
교육/체험,양천구,[서울문화예술교육센터 양천] 예술 작업실 [몸으로 예술놀이]
교육/체험,도봉구,[평화문화진지] 2025 상반기 오픈스튜디오
교육/체험,종로구,"[서울공예박물관] 장인의 보물상자(화각공예)[3,4학년]_5월"
교육/체험,종로구,"[서울공예박물관] 장인의 보물상자(화각공예)[5,6학년]_5월"
교육/체험,은평구,[구립증산정보도서관] 5월 어린이 독서퀴즈
교육/체험,관악구,[서울시립 남서울미술관] 《권진규의 영원한 집》 연계 교육 프로그램 [조물조물 동물 친구들]
축제-문화/예술,종로구,[서울한옥포털] 북촌도락 5월 [상상이 현실이 되는 네버랜드]
국악,중구, [서울남산국악당] 2025 남산 마당페스타
축제-문화/예술,용산구,서울서커스페스티벌2025
콘서트,구로구,"[서울아트책보고] 상상하는 대로 되는 매직 벌룬쇼 1,2차"
축제-기타,중구,[서울시] 엄마아빠 함께 달려요! [2025 서울 유아차 런]
교육/체험,은평구,[구립증산정보도서관] 어린이날 기념 [찾아 봐요! 책 속의 달콤함]
클래식,강남구,합창과 쳄버 오케스트라를 위한 [Hoer! unser Lied!]
축제-문화/예술,동대문구,[동대문구] 어린이날 기념행사 [동동동 키즈데이]
축제-문화/예술,성동구,2025 청계천박물관 어린이날 문화놀이터
축제-기타,관악구,[관악문화재단] 제4회 관악별빛사생대회
축제-전통/역사,종로구,[운현궁] 2025 고종 ? 명성후 가례 재현행사
클래식,송파구,[서울시립교향악단] 2025 서울시향 키즈 콘서트 : 클래식 음악 여행
무용,성동구,"[성동문화재단] 어린이날 기념 해설이 있는 발레 [돈키호테, SUITE]"
독주/독창회,종로구,박수진 피아노 독주회
전시/미술,성동구,[청계천박물관] 청계천의 낮과 밤
전시/미술,서초구,2025 앤서니 브라운展: 마스터 오브 스토리텔링
전시/미술,종로구,[서울공예박물관] 염원을 담아-실로 새겨 부처에 이르다
교육/체험,노원구,[서울시립미술관] 《떨어지는 눈》 전시 연계 워크숍 [작도 연습]
기타,중구,[서울도서관] 책읽는 맑은냇가
전시/미술,관악구,[관악문화재단] S1472 기획전시 [손으로 만나는 명화] : 빈센트 반 고흐 레플리카展
교육/체험,종로구,[서울공예박물관] Open Studio : 복슬복슬 모루공예(5월2일)
교육/체험,중랑구,[중랑문화재단] 나대기 예술아카데미 5월
전시/미술,송파구,[한성백제박물관] 야간 갤러리 톡talk톡talk
교육/체험,구로구,[서울아트책보고] 소설로 읽는 인문학
연극,구로구,[구로문화재단] 어린이 환경극 [찌부짜부 친구들]
전시/미술,종로구,2025년 아르코미술관 [예술로(路)소풍] 어린이 작품 전시회 《놀러와요! 예술의 섬으로~》
무용,종로구,[세종문화회관] 동방미래특급
연극,금천구,"[금천문화재단] 더(THE) 작은 공연장 [봄여름가을겨울 슴숨슘], [흔들흔들 우주] 쇼케이스 공연 안내"
교육/체험,종로구,[서울역사박물관] 조선시대 경희궁 체험 [경희궁 별별 유생들]
콘서트,종로구,[2024-25 Theatre 이문세] - 서울
국악,종로구,제 5회 김수민 해금 독주회
교육/체험,중구,[서울 문화의 밤] 5월 방구석 북토크 - 껌지와 딱지(허정윤)
클래식,종로구,비컴 원 시리즈 Ⅱ [Categor]
전시/미술,중구,[서울디자인재단] Prelude to spring_봄을 여는 꽃의 전주곡
전시/미술,중구,[서울시립미술관] 말하는 머리들
교육/체험,광진구,"[서울상상나라] 우리, 캠핑 가요!"
교육/체험,중랑구,[중랑문화재단] 옹기테마체험관 2025년 5월 프로그램
뮤지컬/오페라,노원구,[노원문화재단] 2025 노원어린이극장 공동기획 공연 뮤지컬 [드라랄라 치과]
축제-문화/예술,중구,2025 DDP 봄축제: 디자인 테마파크
영화,중구,[청춘극장] 2025년 5월 영화 및 공연 프로그램
교육/체험,송파구,[송파 청년아티스트센터] 예술가와 함께하는 풍납 탐구 생활 5월 프로그램
교육/체험,종로구,[서울돈화문국악당] 투어 프로그램 [돈화문 샅샅] 5월
교육/체험,마포구,[마포구립서강도서관] 5월 문화프로그램
축제-자연/경관,강서구,[서울식물원] 2025 낭만수국전
교육/체험,구로구,[서울아트책보고] 4일만에 끝내는 서양미술사
축제-문화/예술,종로구,[청와대] 2025 청와대 야간개방 [청와대 밤마실]
축제-기타,종로구,[서울시청] 2025 광화문 가족동행 축제 [펀펀한 광화문광장!]
전시/미술,용산구,13B 갤러리 단체전 [진짜 돌]
전시/미술,강남구,2025 서울 일러스트코리아
축제-기타,중구,"[서울시] 돈 워리, 비 해치! [해치 1주년 팬파티]"
클래식,서초구,콰르텟 플로 제1회 정기연주회
축제-문화/예술,마포구,"2025년, 제 103회 어린이날 큰잔치"
전시/미술,노원구,[서울시립북서울미술관] 《그림이라는 별세계: 이건희컬렉션과 함께》 
전시/미술,노원구,[서울시립 북서울미술관] 떨어지는 눈 Take My Eyes Off
전시/미술,구로구,[서울아트책보고] 움직이다. 상상하다. 다르게 보다
연극,종로구,화이트래빗 레드래빗(WHITE RABBIT RED RABBIT)
전시/미술,광진구,양대원 기획초대전 [내적 감정의 표상]
전시/미술,종로구,2024오사카 공모전 대상 수상자 [고선애 초대전]   우리 함께
축제-문화/예술,마포구,서울스프링페스타 WONDER SHOW_1차 티켓
교육/체험,서초구,[서울문화예술교육센터 서초] 음악의 문장 [이상한 나라의 진은숙]
영화,성동구,[성동문화재단] 2025 성동 필름 페스타 [세계 영화 상영회 3회차]
클래식,서초구,피아니스트 민효인의 음악속으로 시리즈 IV 
전시/미술,구로구,[G밸리산업박물관] 가정의 달 기념 특별기획전 [누군가의 마음이 도착했습니다]
전시/미술,서초구,[서초문화재단] 서리풀청년아트갤러리 전시 [마죽거리(馬竹巨里)]
전시/미술,종로구,[운현궁] 2025 기획전시 [꽃길 FOR YOU]
연극,성북구,"[성북문화재단] 미아리고개예술극장 10주년 공동기획공연 [미수습] 여기는 당연히, 극장"
뮤지컬/오페라,종로구,2025 특별 기획공연 [지상 최대의 오페라 선율]
콘서트,구로구,[구로문화재단] [유성은 X 프로젝트 앙상블 G]_4월의 재즈 & 알앤비
영화,강북구,[꿈의숲아트센터] 4월 꿈의숲 아트시네마 : 한국이 싫어서
클래식,구로구,2025 서울시향 우리동네 음악회 실내악
교육/체험,서초구,"[서울문화예술교육센터 서초] 주워 담는 클래식 [바흐로 더 쫄깃해진, 스릴러]"
콘서트,강북구,[강북문화재단] 퇴근길 콘서트 [오늘도 수고했어요!] ep1. 미아역 1번출구
클래식,종로구,[세종문화회관] 세종 인스피레이션 [리스닝 스테이지]
클래식,노원구,[노원문화재단] 2025 찾아가는 오케스트라
축제-자연/경관,광진구,[미래한강본부] 2025 드론 라이트쇼
축제-기타,용산구,2025 서울재즈페스타
교육/체험,은평구,[구립증산정보도서관] 문화가 있는 도서관 4월 과학의달 특별공연 [과학 마술 콘서트]
교육/체험,은평구,[구립증산정보도서관] 미디어 캠프 [그림책으로 만나는 장승과 사투리]
교육/체험,성동구,[성동구립도서관] 영어스토리텔링_4월
클래식,관악구,[관악문화재단] 2025 서울스프링실내악축제 IN 관악
독주/독창회,서초구,이은숙 피아노 독주회 
영화,종로구,[서울생활문화센터 체부] 체부씨-네마 영화상영
교육/체험,노원구,[서울시립과학관] 과학북토크: 달작한 사이언스 (4월) [흐르는 것들의 역사]
교육/체험,중구,[#좋아요_동대문구] 2025년 동북권 체험형 관광코스
축제-문화/예술,마포구,[마포문화재단] 2025 마포아트센터 광장프로그램 (4~5월 안내)
교육/체험,은평구,[구립증산정보도서관] 성인 유아원서 읽기 동아리 Read & Lead
교육/체험,종로구,2025년 봄 궁중문화축전 [경희궁 밤의 산책]
축제-자연/경관,강서구,2025 서울식물원 해봄축제
전시/미술,마포구,[서울생활문화센터 서교] 스파크옥션-내 방에 들일 첫 번졎 아트워크
교육/체험,은평구,"[구립증산정보도서관] 그림책 보고, 보드게임으로 놀고! : 마라케시"
교육/체험,종로구,[서울역사편찬원] 엄마아빠와 함께하는 교과서 역사기행 신청안내 [제2차]
교육/체험,종로구,[서울공예박물관] SeMoCA 글로벌 공예 멘토 워크숍 #1 옻칠목기
교육/체험,은평구,[구립증산정보도서관] 4월 문화가 있는 도서관 [우리 가족 그림책 원예 테라피]
교육/체험,영등포구,[서울역사편찬원] 2025년 서울역사문화답사 4월 신청 안내
축제-문화/예술,동작구,성대골 공예가와 어린이가 함께만드는 마을축제 [제7회 봉지점빵]
클래식,종로구,뮤지카듀오협회 31주년 기념연주회
뮤지컬/오페라,구로구,[구로문화재단] 뮤지컬 갈라 콘서트 [브로드웨이 in 구로]
교육/체험,은평구,[구립증산정보도서관] 2025 부처님 오신 날 맞이 [문화체험 DAY]
무용,종로구,[세종문화회관] 25세종시즌 발레드림(Ballet Dream)
축제-문화/예술,강남구,[함께걷는아이들] 올키즈스트라 콘서트 [올콘(ALL-CON)]
교육/체험,은평구,[서울기록원] 예비 기록 전문가의 날 [서울기록원 견학 프로그램]
콘서트,영등포구,[영등포문화재단] 2025 음악이 산책이 되는 시간 [어슬렁 어슬렁 콘서트]
전시/미술,중구,[DDP] 현대카드 컬처프로젝트 29 톰 삭스 전
전시/미술,종로구,[서울공예박물관] 염원을 담아-빛을 띄워 마음을 밝히다
전시/미술,중구,[서울디자인재단] DDP 레이저아트 전시 [이원공명 | Resonance of Reality and Virtuality]
전시/미술,종로구,"[서울역사박물관] 마음의 사귐, 여운이 물결처럼"
교육/체험,서초구,[미래한강본부] 2025 한강야경투어
전시/미술,중구,"[DDP] BEST DAY EVER, 아기상어와 최고의 하루"
연극,종로구,[종로아이들극장] 이상한어린이연극-오감도
교육/체험,종로구,[국가유산진흥원] 경복궁 별빛야행
축제-기타,광진구,"2025 커먼, 낭만주막"
무용,강동구,[강동문화재단] 아크로바틱 서커스 [동물의 사육제]
교육/체험,중구,서울특별시 국제학술대회 [이순신 서울에서 만나다]
교육/체험,종로구,[서울공예박물관] Open Studio : 촘촘 직조 코스터 (4월 25일)
교육/체험,중구,[서울시립미술관] 2025년 봄 뮤지엄나이트 서울시립미술관장과 함께하는 《강명희-방문 Visit》 특별 도슨트 투어
교육/체험,종로구,"[운현궁] 2025 별 헤는 밤, 운현궁(4월)"
클래식,중구,[서울시립교향악단] 2025 서울시향 퇴근길 토크 콘서트 ② 
클래식,동대문구,[동대문문화재단] 와인et멜로디(4월) Vol.2 상자루
콘서트,영등포구,[영등포문화재단] 어슬렁 어슬렁 콘서트 #봄 : 스탠딩에그
전시/미술,강남구,"2025년 경운박물관 특별기획전 [재봉틀 연대기, 자봉침]"
교육/체험,종로구,[서울역사박물관] 2025년 상반기 [아이좋은 박물관 교육생 모집]
교육/체험,종로구,[서울역사박물관] 2025년 상반기 [교실 밖 역사탐험] 교육생 모집
전시/미술,종로구,[노화랑] 금박연 김기호 [우주를 새기며]
국악,중구,[서울남산국악당] 판소리렉처콘서트 [판소리 야학당]
무용,종로구,[세종문화회관] 서울시무용단 [스피드]
연극,중구,연극 [Go home(소리 없이)]
무용,종로구,싱가포르-한국 수교 50주년 기념 [T.H.E. 댄스컴퍼니 Infinitely Closer]
콘서트,강북구,[강북문화재단] 마티네 콘서트 [커피소년&정우열 박사 ‘To you’]
콘서트,강남구,[강남문화재단] 제995회 목요예술무대 시리즈 파장 [밴드 다섯]
클래식,송파구,봄의 협주곡 Welcoming Spring
클래식,중구,2025 서울시향 퇴근길 토크 콘서트 II: 식탁 위의 클래식 ①
클래식,서초구,[서초문화재단] 서리풀 아트 프론티어 시리즈 [봄의 정원]
교육/체험,중구,[서울시] 특수학교(학급) 박물관?미술관 관람사업 사업설명회
교육/체험,중구,[서울시립미술관] 《강명희-방문 Visit》 전시 연계 시 쓰기 워크숍 [초록의 목소리를 들으려면]
교육/체험,종로구,[서울공예박물관] 가사 안 풍경 [사전체험단]
전시/미술,영등포구,[서울시] 공공미술 수변갤러리 프로젝트 [선유담담] 작품 전시 개장
클래식,서초구,커피볶는 기타리스트 김성진과 함께하는 커피콘서트
전시/미술,강서구,[서울식물원] 임원경제지 예원지의 꽃식물 [고전 속의 꽃향기] 전시회
기타,마포구,"[마포구립서강도서관] 4월/팟캐스트서강도서관 피셜 55회 [다문화, 영화에서 길을 찾다]"
교육/체험,중구,"[서울시립미술관] SeMA 아카데미: 생태미술, 미술(관)을 벗어난 미술"
교육/체험,서초구,[서울문화예술교육센터 서초] 메이커스 워크숍 [All about String: 현악기의 모든 것]
무용,종로구,2025 젊은안무자창작공연
독주/독창회,종로구,박부경 피아노 독주회
교육/체험,중구,[서울도서관] 세계 책과 저작권의 날 기념 행사 [이슬아 작가와 함께하는 저작권 책크인]
교육/체험,은평구,[구립증산정보도서관] 4월 책 읽어주는 사서 [책으로 자라는 꿈나무]
독주/독창회,강북구,김지은 피아노 독주회
클래식,마포구,[마포문화재단] M 아티스트 2025 바리톤 박주성 리사이틀 Ⅰ
교육/체험,은평구,[구립증산정보도서관] 2025 책과 함께하는 [어린이별별과학놀이터]
교육/체험,중구,[서울시립미술관]《건축의 장면》 전시 연계 [아티스트 토크] 2회차
영화,성동구,[성동문화재단] 2025 성동 필름 페스타 [세계 영화 상영회 2회차]
교육/체험,노원구,[서울시립과학관] 미스터리 보물섬
전시/미술,중구,[중구문화재단] 더 글로리어스 월드
전시/미술,중구,"2025 덕수궁 특별전 [대한제국 황궁에 선 양관] 만나고, 간직하다"
전시/미술,용산구,한국현대미술 거장전 : AGAIN LEGEND AGAIN
축제-문화/예술,서초구,제20회 서울스프링실내악축제 [20 Candles]
전시/미술,종로구,[운현궁] 기획전시 [조선시대 편지글 임서전]
클래식,종로구,김수영 피아노 독주회
무용,마포구,[마포문화재단] 2025 M 댄스 페스티벌 탱고 아르헨티나 [Tango Argentina]
전시/미술,은평구,"2025 종묘 특별전시 [삼가 모시는 공간, 종묘]"
교육/체험,은평구,[구립증산정보도서관] 과학의 날 기념 프로그램 [책 속에 과학이 와글와글]
독주/독창회,종로구,소프라노 박지영 독창회
교육/체험,종로구,[서울공예박물관] 향기로 만나는 공예
교육/체험,서초구,[서울문화예술교육센터 서초] 메이커스 워크숍 [My First Song: 나를 담은 노래]
교육/체험,노원구,[서울시립과학관] 2025 4-5월 [과학에 물들다]
교육/체험,은평구,[서울생활문화센터 체부] 달콤한 재즈교실 - 재즈보컬 애령의 재즈 체험
뮤지컬/오페라,종로구,한국가곡 전상서
콘서트,용산구,[용산역사박물관] 2025 용산역사박물관 월간청음회
교육/체험,강북구,2025년 독립민주시민학교 [무너미에 잠든 독립운동가]
전시/미술,중구,크리스챤 디올 : 디자이너 오브 드림스
전시/미술,용산구,조이솝 개인전 [Voici Voice]
교육/체험,송파구,[서울백제어린이박물관] 어린이 동반 가족 대상 [뮤지엄 휴휴프로그램9] 우리옷우리문양
교육/체험,노원구,"[서울생활사박물관] 2025년 하반기 서울생활문화탐방-경춘선숲길(주말, 초등학생 동반 가족)"
뮤지컬/오페라,관악구,[관악문화재단] 앤서니브라운 가족뮤지컬 [우리가족]
교육/체험,양천구,"[양천중앙도서관] 도서관주간 [함께 읽어요, 한강소설]"
클래식,중구,[DDP] DDPlay 4월 사랑의달팽이
콘서트,강서구,장애인의 날 힐링 콘서트 [한 편의 영화 속에 쓰여진 노래]
교육/체험,송파구,[송파글마루도서관] 이도우 작가와의 만남 [날씨가 좋으면 찾아가겠어요]
연극,노원구,[노원문화재단] 세일즈맨의 죽음
연극,강남구,[강남문화재단] 4월 키즈예술공연 [뜀뛰는 여관]
축제-전통/역사,종로구,[종로구] 제17회 정순왕후 문화제
클래식,서초구,[서초문화재단] 서리풀 작곡가 탐구 시리즈 [라벨 탄생 150주년: 라벨이 사랑한 음악들]
교육/체험,마포구,[마포구립서강도서관] 4월/도서관초대석 [서울 시민의 생활 환경과 양자 이론_과학x도서관주간] 곽재식 작가
교육/체험,중구,[남산골한옥마을] 남산골 전통예술체험 예술가의 시간 [마법놀이터]
교육/체험,종로구,[한양도성박물관] 2025년 상반기 [한양도성 역사기행]
교육/체험,용산구,[서울문화예술교육센터 용산] 음악상영회 [고전문학으로 깊어지는 클래식 명곡]
교육/체험,양천구,[서울문화예술교육센터 양천] 예술 작업실 [소리로 그리는 가족 음악 앨범]
교육/체험,성동구,"[서울디자인재단] My Own Planet, 지구야 놀자"
교육/체험,송파구,[서울백제어린이박물관] 유아?어린이와 양육자 대상 [뮤지엄 휴휴프로그램3] 1차 교육
연극,종로구,이머시브 연극 [인류세 프로젝트]
축제-문화/예술,종로구,뮤지엄김치간 재개관 10주년 기념 행사 [김치 Remix]
축제-전통/역사,동대문구,[동대문문화재단] 2025 제46회 선농대제
연극,강북구,[강북문화재단] 419연극제 - 강북연극협회 [혜자의 눈꽃]
국악,종로구,[세종문화회관] 25세종시즌 데이티켓 [창단 60주년 헤리티지]
교육/체험,종로구,[서울 문화의 밤] 4월 방구석 북토크 - 잃어도 이뤄냈으니까(허우령)
교육/체험,종로구,[서울생활문화센터 낙원] 반짝 악기 공작소 워크숍
기타,송파구,[한성백제박물관] 2025년 [튀르키예-히타이트] 국제학술회의
교육/체험,종로구,[운현궁] 흥선대원군의 초대 [운현유람기]
전시/미술,관악구,[관악문화재단] 기획전시 [뚝딱뚝딱 브릭타운]
축제-문화/예술,용산구,2025 문화가 흐르는 노들 예술섬 [노들노을스테이지: 봄날의 K-비트]
교육/체험,강북구,[서울문화예술교육센터 강북] 오프닝 토크콘서트 [소리꾼 권송희의 사적인 예술]
독주/독창회,서초구,최민혜 피아노 독주회
영화,영등포구,[국회문화극장] 아침바다 갈매기는
클래식,종로구,세종 인스피레이션 [헤리티지 만찬]
클래식,영등포구,[영등포문화재단] 마티네콘서트 #1. 미켈란젤로
클래식,서초구,유성호 피아노 리사이틀
클래식,용산구,바이올리니스트 김혜란의 [Violin Emotion VIII]
교육/체험,종로구,2025년 소울 해치와 떠나는 항일유적 탐방
교육/체험,종로구,[경복궁] 경복궁에서 마주한 특별한 시간 [생과방] (상반기)
교육/체험,용산구,"[서울문화예술교육센터 용산] 한 번쯤, 시 읽기로 맞이하는 봄"
전시/미술,종로구,최성재 작가의 개인전 [찰나의 체획(體劃): 마음으로 그리는 풍경]
교육/체험,용산구,"[서울문화예술교육센터 용산] 음악독서회 [위대한 지휘자, 아바도가 이끄는 음악 세계]"
전시/미술,강남구,2025 화랑미술제 [Galleries Art Fair]
콘서트,도봉구,[도봉문화재단] 2025 마을문화예술프로젝트
클래식,종로구,"[세종문화회관] 서울시합창단 [합창, 피어나다]"
교육/체험,중구,[서울도서관] 주간 기념 행사 [도서관 유산 답사 - 길 위의 도서관]
클래식,종로구,대한민국 제45회 장애인의 날 기념 [제22회 사랑의 음악회]
클래식,강북구,[강북문화재단] 필하모닉 다스 콰르텟 내한공연 (Philharmoniker Das Quartett)
교육/체험,중구,[서울시립미술관]《건축의 장면》 전시 연계 [아티스트 토크] 1회차
교육/체험,은평구,[구립증산정보도서관] 도서관주간 기념 친환경 업사이클링 북커버 만들기 [개관시간연장 지원사업 저녁 & 도서관] 4월 프로그램
클래식,용산구,김지혜 바이올린 독주회
교육/체험,강북구,"[서울문화재단] 2025 서울 문화예술교육 프로그램 [모아, 담아]"
교육/체험,종로구,[서울역사박물관] 2025년도 [다정한 박물관 - 서울 속 세계]
교육/체험,종로구,[서울시립 미술아카이브] 미술로 다시 쓰는 삶의 이야기
교육/체험,용산구,"[서울문화예술교육센터 용산] 독서가이드 [페이지에서 스크린으로: 문학, 빛이 되다]"
교육/체험,용산구,[서울문화예술교육센터 용산] 창작의 발견 [실로 그리는 나의 봄]
교육/체험,용산구,[서울문화예술교육센터 용산] 서울미술산책 [현대미술 마주보기]
전시/미술,구로구,[서울아트책보고] 프로젝트 해시태그 2024 참여전시
교육/체험,은평구,[구립증산정보도서관] 개관 시간 연장 지원 사업 X 도서관 주간 기념 직업탐색 원데이클래스 [내 일(JOB)을 위한 하루[ONE-DAY)]
전시/미술,종로구,[운현궁] 기획전시 [봄의 빛]
콘서트,용산구,[노들섬] 노들인디션 VOL.2 크리스피 단독공연
교육/체험,종로구,[대우재단 시민강좌] 한국 민주주의 어디로 가나: 밀과 토크빌에게 묻다
교육/체험,은평구,[구립증산정보도서관] 유아 독서 동아리 [책책박사]
클래식,서초구,박노을 첼로 독주회
전시/미술,종로구,[서울시] 2025 《한평조각미술관》 3차 전시
전시/미술,성동구,[성동문화재단] 2025 장애인의 날 기념 전시 [견고한 모양새]
교육/체험,은평구,[구립증산정보도서관] 어린이열람실 플리마켓 [북샵북샵]
교육/체험,도봉구,[도봉문화정보도서관] 정여울 작가가 들려주는 [한강 작가의 작품 세계 이야기]
교육/체험,은평구,[구립증산정보도서관] 도서관 주간 기념 시인이 가르쳐 주는 동시 창작 특강 [뒹굴뒹굴 시 쓰기 좋은 날]
독주/독창회,종로구,강초롱 플루트 독주회
클래식,영등포구,[2025 영산아트홀 실내악 시리즈] 울림 색소폰 앙상블 콘서트[ Favorite Songs]
교육/체험,성동구,[서울하수도과학관] 물순환 수비대! 비점오염원이 뭐예요?
교육/체험,노원구,[서울시립과학관] 4월 일상실험실: 실험 체험 프로그램
교육/체험,은평구,[구립증산정보도서관] 4월 주말영화상영안내
교육/체험,은평구,[구립증산정보도서관] 종합자료실 도서관 주간 행사
클래식,서초구,주희성 & 노유리 피아노 듀오 리사이틀
교육/체험,서대문구,"2025 대한민국 임시정부기념관 토크콘서트 [대한민국 임시정부, 문학에 깃들다]"
클래식,종로구,[DDP] DDPlay 4월 뷰티풀데이 & 에릭오비에
교육/체험,용산구,"[용산역사박물관] 꿈틀꿈틀, 용산전자상가 연계 프로그램"
축제-전통/역사,종로구,2025년 수문장 순라의식(상반기)
교육/체험,종로구,[세종문화회관] 어린이 강좌 [세종 어린이 발레 아카데미]
교육/체험,성동구,[서울하수도과학관] 방류수질이 궁금해!
교육/체험,동대문구,[이문어린이도서관] 생태특화 2025년 [숲속 자라미]
교육/체험,성동구,[서울하수도과학관] 주말 교육 프로그램 날아라! [물로켓 자동차]
교육/체험,노원구,[서울시립과학관] 과학관에 찾아온 대학연구실
교육/체험,양천구,[서울문화예술교육센터 양천] 벽면 드로잉 [일상이 만약 그림이 된다면?]
교육/체험,은평구,[서울기록원] 봄맞이 가족 주말 체험 프로그램 [우리 잠시 안녕! 기록으로 다시 만나!]
교육/체험,종로구,[서울공예박물관] 비밀요원 CMI: 밤이와 함께 비밀코드를 해결하라!_4월
교육/체험,노원구,[서울시립과학관] 4월 토요일 오후 가족과 함께하는 바이오랩
전시/미술,중구,Second Life @jeju [제주를 선택한 사람들의 물건과 이야기]
교육/체험,은평구,[구립증산정보도서관] 도서관 주간 기념 [놀면서 읽는 책]
축제-전통/역사,강북구,[강북구] 4?19혁명국민문화제
교육/체험,양천구,[서울문화예술교육센터 양천] 우리가 궁금했던 예술 [춤추는 예술의 세계]
축제-문화/예술,중구,"[서울도서관] 2025 도서관의 날?도서관 주간 기념행사 [나를 봄 책을 봄, 도서관]"
교육/체험,은평구,[구립증산정보도서관] 가족열람실 도서관 주간 기념 프로그램 [도서관과 함께 자라요!]
교육/체험,종로구,[서울아트센터 도암] 전시 연계 워크숍 프로그램 [RE-PAPER 친환경 북마크 만들기]
교육/체험,구로구,[꿈마을도서관] 최지혜 작가와의 만남
콘서트,구로구,"[구로문화재단] 그 시절 우리의, 변진섭"
교육/체험,은평구,"문예북흥 No.18  나희덕 - 수많은 시가 태어나도 달라지지 않는 이 세상에서 시인 나희덕, [시와 물질 또는 시라는 물질에 대해 생각하다.]"
클래식,용산구,[서울문화예술교육센터 용산] 다정한 아트라운지 [클래식콘서트 프롤로그(Prologue)]
교육/체험,중구,[서울도서관] 주간 기념 행사 [그림 에세이 창작 - 그림으로 쓰는 도서관 이야기]
클래식,종로구,라흐마니노프 in 뉴욕
교육/체험,강남구,[서울역사편찬원] 엄마아빠와 함께하는 교과서 역사기행
클래식,강동구,[강동문화재단] 퐁당퐁당 키즈 클래식Ⅰ- 뮤지컬 배우와 함께하는 베토벤 이야기로 퐁당!
축제-문화/예술,송파구,[송파문화재단] 2025 도서관의 날 기념 [행BOOK한 송파]
축제-문화/예술,강서구,2025 강서봄빛페스타
교육/체험,도봉구,[도봉문화정보도서관] 글로 바뀐 인생 : [회색인간] 김동식 작가와의 만남
클래식,강남구,서울클래식음악협회 라이징 아티스트 콘서트 
전시/미술,송파구,[소마미술관] 올림픽조각체험프로젝트 #01
전시/미술,송파구,"[소마미술관] 공원의 낮과 밤 - 만들어진 풍경, 재생되는 자연"
전시/미술,송파구,[소마미술관] 푸룻푸룻 프렌즈_빠씨를 찾아서
전시/미술,중구,[남산골한옥마을] 2025 전통공예관 특별전시 광복 80주년 사진전 [우리들의 태극기]
교육/체험,성동구,[청계천박물관] 2025년 상반기 초등 특수학급 교육 프로그램 [오감으로 만지는 청계천이야기]
교육/체험,송파구,[한성백제박물관] 특별전시 연계 교육 [안녕? 히타이트에서 왔어요]
교육/체험,강북구,[서울문화예술교육센터 강북] 솔샘고전클럽 [셰.바.세 : 셰익스피어가 바라보는 세상]
뮤지컬/오페라,성동구,[성동문화재단] 오페라 [피가로의 결혼]
연극,강북구,[강북문화재단] 419연극제 - 극단 하땅세 [시간을 칠하는 사람]
콘서트,용산구,[서울문화예술교육센터 용산] 오프닝 토크콘서트 [미술 낭독 : 소설가가 미술 작품을 만났을 때]
교육/체험,중랑구,[서울공예박물관] Open Studio : 촘촘 직조 코스터 (4월 11일)
기타,종로구,[서울공예박물관] 2025 공예문화유산 보존복원 성과 학술 컬로퀴엄
교육/체험,종로구,[서울공예박물관] 2025 공예문화유산 보존복원 성과 학술 컬로퀴엄 : Open LAB(유물 현장 공개)
교육/체험,중구,[서울 문화의 밤] 4월 방구석 북토크 - 나를 바꾸는 사소한 습관의 힘(장재열)
교육/체험,성북구,"2025 SMA 아틀리에 [먹의 춤, 사람의 노래]"
전시/미술,성북구,2025 성북구립미술관 기획전시 《조각가의 사람들》展  - 1부 [시대의 조각들]
교육/체험,서초구,[청계천박물관] 2025 상반기 유아 단체 교육 프로그램 [꼬물꼬물 청계천 보물찾기]
교육/체험,종로구,[서울문화재단] 2025 PLAY-UP 아카데미 모집 [중심의 발견(즉흥을 중심으로)] 강사 정영두
무용,중구,2025 [세실풍류] 독각(獨覺) 그리고 득무(得舞) : 우리 시대의 전통춤
뮤지컬/오페라,종로구,25세종시즌 데이티켓 스위트석 [파우스트]
클래식,송파구,[서울시립교향악단] 2025 서울시향 롱 유의 라흐마니노프 교향적 무곡 ① ②
국악,강남구,[강남문화재단] 제994회 목요예술무대 [판소리 그림자 인형극] 와그르르르 수궁가
콘서트,용산구,2025. 상반기 용산예술무대 [힐링콘서트]
교육/체험,강북구,[서울문화예술교육센터 강북] 오프닝 토크콘서트 [배우 박호산의 사적인 예술]
클래식,종로구,정년퇴임 기념 [박명숙 피아노 독주회]
콘서트,용산구,[서울문화예술교육센터 용산] 오프닝 토크콘서트 [봄에 뭐 하세요?]
교육/체험,성동구,"[청계천박물관] 초등 4~6학년 학급단체 교육 프로그램 [졸졸졸 개천, 콸콸콸 준천]"
교육/체험,종로구,[세종예술아카데미] 어반드로잉(야외실습)
전시/미술,중랑구,2025 중랑문화재단 예술교육프로그램 결과발표전시 [선(禪) 선(線)한 동행]
교육/체험,양천구,[양천중앙도서관] 월간도서관 [4월_생성형 AI와 교육의 미래]
클래식,서초구,정욱 클래식기타 독주회
교육/체험,성동구,[성동구립도서관] 부모 영어교육특강 아빠의 영어 비법
클래식,종로구,안희복 교수 가족음악회 [동행]
전시/미술,마포구,"[서울생활문화센터 서교] 최시영 전시회, 2025 서교청년예술창작스파크 지원작품"
전시/미술,종로구,[한양도성박물관] 세계유산과 한양의 수도성곽
교육/체험,중구,[덕수궁] 밤의 석조전 (상반기)
전시/미술,강남구,"[보자르갤러리] 권기자 개인전 [감각의 층위, 색의 울림]"
교육/체험,관악구,[관악청년청] 2025 청년역량강화사업 넥스트트랙 Track1.금융경제플랜
교육/체험,은평구,[구립증산정보도서관] 구립증산정보도서관 스마트 아카데미 기초
교육/체험,은평구,[구립증산정보도서관] 책 따라 걷는 도서관 - 4월 원화 전시 [별 낚시]
영화,중랑구,"[중랑청소년문화예술창작센터] 화요일에 만나요, [작은 가족 영화관] 4월 안내"
교육/체험,성북구,[삼청각] 2025 삼청각 서예 강좌 [초심자도 쉽게 배우는 서예 캘리그라피 원데이 클래스]
전시/미술,종로구,[운현궁] 2025 기획전시 [푸른꽃의 계절]
축제-자연/경관,영등포구,2025 영등포 여의도 봄꽃축제 [모두의 정원]
클래식,종로구,본 투 비 클래식 [클래식 큐레이션 시리즈II - 오페라]
클래식,서초구,왕혜진 첼로 독주회
교육/체험,노원구,[서울생활사박물관] 2025년 서울생활문화탐방-경춘선숲길(초등 3~6학년 학급 단체)
독주/독창회,종로구,이상민 피아노 독주회
독주/독창회,서대문구,이두환 피아노 독주회 
교육/체험,중구,[서울시립미술관] 《말하는 머리들》사전 워크숍 - 격주로[눈빛이 만지는 곳]
교육/체험,강동구,[미래한강본부] #오운한 [한강 웰니스 프로그램]
클래식,서초구,김보라 피아노 독주회
교육/체험,노원구,[서울생활사박물관] 2025년 법정체험실 연계 자율체험 프로그램 [법정 이야기를 담은 박물관]
콘서트,광진구,[광진문화재단] 2025 나루랑 버스킹
기타,광진구,[광진문화재단] 2025 건대프리마켓
교육/체험,광진구,[서울상상나라] 꿈틀! 벽화 놀이터
교육/체험,광진구,[서울상상나라] 뿌지직 똥 쿠키
교육/체험,광진구,[서울상상나라] 달콤 꿀 화전
교육/체험,서초구,[서초문화재단] 2025 클래식악기 탐구생활 - 4월 프로그램 신청자 모집
교육/체험,성동구,[청계천박물관] 2025년 상반기 주말 가족 교육 프로그램 [우리는 청계천 탐험대]
전시/미술,서초구,2025 한세예스24문화재단 국제문화교류전 [태국 현대미술: 꿈과 사유]
교육/체험,종로구,"[서울공예박물관] 장인의 보물상자(화각공예)[3,4학년]_4월"
교육/체험,종로구,"[서울공예박물관] 장인의 보물상자(화각공예)[5,6학년]_4월"
교육/체험,도봉구,[도봉문화재단] 2025 김수영문학관 상반기 인문학 강연
축제-자연/경관,동대문구,2025 동대문구 봄꽃 축제
뮤지컬/오페라,광진구,[광진문화재단] 전래동화 뮤지컬 음악회
축제-전통/역사,중구,[남산골한옥마을] 2025 남산골 세시절기 [한식]
교육/체험,은평구,"문예북흥 No.17 김현철 - 전신의 화가 금릉 김현철, [초상, 그 전신의 세계]로 조선에서 현대를 왕래하며 우리 회화의 진경을 보여주다."
축제-문화/예술,서대문구,"2025 서대문 봄빛과 함께, 꿈을 현실로"
클래식,강북구,2025 꿈의숲 밴드콘서트 : 다양성 / 서도밴드
클래식,서초구,정혜연 피아노 독주회
클래식,서초구,무료 음악회 [다양한 음색의 미로: 지하철 만큼이나 복잡한 호른]
뮤지컬/오페라,노원구,[노원문화재단] 2025 노원어린이극장 기획공연 창작음악극 [달님이 주신 아이]
독주/독창회,종로구,안태준 피아노 독주회
클래식,송파구,[한성백제박물관] 시민동행콘서트 1회차
축제-문화/예술,서초구,[서초구립양재도서관] 2025년 양재천을 품은 야외도서관: 물길따라 독서산책
교육/체험,송파구,[한성백제박물관] 서울 문화의 밤 [문화로 야금야금]
교육/체험,송파구,[서울특별시 미래한강본부] 2025년 한강 역사탐방
교육/체험,송파구,[서울백제어린이박물관] 2025 서울 문화의밤 [문화로 야금야금(夜金)]
전시/미술,종로구,[국립현대미술관] 열린공간7 [우리를 바꾸는 다섯 가지 대화]
전시/미술,강남구,"[한솥아트스페이스] 제인 마시 Jane Massey, With You"
교육/체험,중랑구,[중랑청소년문화예술창작센터] 4월 아트청 프로그램 안내
전시/미술,서초구,소통의 미로 [Lost in Translation]
뮤지컬/오페라,서초구,뮤지컬 [돈 주앙] 프렌치 오리지널 내한공연
교육/체험,송파구,[서울백제어린이박물관] 가족 대상 [뮤지엄 휴휴프로그램3] 야외독서
축제-자연/경관,,[서울대공원] 2025 서울대공원 벚꽃축제
연극,강북구,[강북문화재단] 419연극제 - 강북 청년 연극 포럼 [투표함에 빠져 허우적대던 파리는 보았을까?]
축제-자연/경관,은평구,2025 불광천 벚꽃축제 [은평의 봄]
연극,금천구,[금천문화재단] 연극 [거의 인간]
국악,종로구,음악공장 노올량의 [노래로 만나는 20세기 '우리가 간직함이 옳지 않겠나']
교육/체험,중구,[서울도서관] 4월 방구석 북토크 - 오늘 나를 돌봅니다(문요한)
콘서트,노원구,[노원문화재단] 2025 당현천 벚꽃음악회
연극,노원구,[서울시립 북서울미술관] 4월 뮤지엄 나이트 금요樂  노래극 [뜀뛰는 여관]
전시/미술,중구,[서울시립미술관] 2025년 4월 서울 문화의 밤 [수어 통역 전시 해설]
국악,송파구,[문화로 야금야금] 한성백제박물관 특별공연 [퓨전국악과 댄스 퍼포먼스]
클래식,강서구,"2025 서울시향 퇴근길 콘서트 [고대 이집트, 음악으로 깨어나다]"
교육/체험,송파구,[서울백제어린이박물관] 서울문화의 밤 연계 [반짝반짝 별빛 놀이터] 교육 1차
독주/독창회,종로구,박노훈 피아노 독주회
교육/체험,종로구,[서울공예박물관] Open Studio : 촘촘 직조 코스터 (4월 4일)
클래식,서대문구,방정아 피아노 독주회
국악,종로구,2025 광무대 목요풍류
교육/체험,노원구,[서울시립과학관] 2025 고교탐구교실
교육/체험,노원구,[서울생활사박물관] 조각조각 서울이야기 엮기(초등 5~6학년 학급 단체)
교육/체험,광진구,[서울상상나라] 미션! 캠핑 대작전
전시/미술,종로구,도암갤러리 기획전 [어떤 물질로부터 From a Certain Matter]
교육/체험,중랑구,[중랑문화재단] 창의융합 유아동 예술프로그램 [말랑말랑 중랑] 4월
축제-자연/경관,서초구,[서초문화원] 제7회 양재천 벚꽃 등(燈) 축제
교육/체험,종로구,[돈의문박물관마을] 한옥예술체험 [예술공방 한옥마루] 4월 프로그램
연극,종로구,[서울연극센터] 프로젝트 '봄' [아시아 플레이(Asia Play)]
교육/체험,마포구,[마포구립서강도서관] 마포구청소년사담복지센터와 함께하는 부모 상담 프로그램 [나도 부모가 처음이라]
무용,중구,국립무용단 [미인]
클래식,서초구,김정훈 바이올린 독주회
콘서트,성동구,"[성동문화재단] 다시,봄날처럼 콘서트"
클래식,서초구,Cotton Project III: 낭만이 흐르는 봄의 하모니
클래식,종로구,제26회 한국성악예술학회 정기연주회 [벨칸토 오페라 - 도니제티 & 벨리니]
교육/체험,용산구,노들섬 공간투어 [노들한바퀴2.0]
교육/체험,노원구,[서울생활사박물관] 무브무브 나의 생활사(초등 3~4학년 학급 단체)
교육/체험,종로구,2025년 경복궁 집옥재 작은도서관 개방
교육/체험,광진구,[광진문화재단] 2025 별난극장 놀이터
전시/미술,종로구,"국립중앙극장-대한민국역사박물관 공동기획전 [공연예술, 시대를 담다]"
전시/미술,마포구,[마포구립서강도서관] 4-5월 어린이갤러리 [이야기 귀신이 와르릉 와르릉] 아트프린트 전시
전시/미술,종로구,August is the cruelest 노혜리
교육/체험,노원구,[서울시립 북서울미술관] 2025 도슨트 양성교육
교육/체험,중구,[서울시립미술관] 지역연계 프로그램 [정동과 독립운동]
교육/체험,마포구,[마포구립서강도서관] 4월 동화동무씨동무 [우리 함께 골라볼까?]
교육/체험,은평구,[구립증산정보도서관] 4월 어린이 독서퀴즈
교육/체험,은평구,[구립증산정보도서관] 구립증산정보도서관 스마트 아카데미 활용
콘서트,마포구,[마포문화재단] 2025 제7회 서울 탭댄스 페스티벌
축제-문화/예술,송파구,"[송파구] 아름다운 봄, 벚꽃이야기 호수벚꽃축제"
교육/체험,중구,[서울도서관] 엄마 북(Book)돋움 육아강연 프로그램 [부모성장 프로젝트: 1. 교감]
클래식,강동구,"[강동문화재단] 마티네 콘서트 [낭만드림] 4월, 반도네온 고상지X피아니스트 오은철"
클래식,종로구,루도비코 에이나우디 내한공연
클래식,종로구,CAELIS ENSEMBLE [동행 I]
클래식,서초구,홍은선 첼로 독주회 [낭만속으로]
콘서트,용산구,2025 서울거리공연 구석구석라이브
교육/체험,종로구,[서울생활문화센터 낙원] 좋은노래공작소 시리즈 1 [아낙동]
교육/체험,,[서울대공원] 2025 서울동물원 꼬마동물교실(3~4세 영아반)
교육/체험,,[서울대공원] 서울동물원 동물사랑!유치원 (5~7세 유아반)
교육/체험,종로구,[운현궁] 2025 운현궁 예절교실
교육/체험,,[서울대공원] 2025 동물해설 단체교육
교육/체험,,[서울대공원] 2025 [학교에서 만나는 동물원] 비대면 교육
교육/체험,,[서울대공원] 2025 띵똥! 서울동물원 교육꾸러미 비대면 교육 (초등학교 특수학급 대상)
교육/체험,,[서울대공원] 2025 희망 힐링 주 아카데미
교육/체험,,[서울대공원] 2025 곰두리 동물교실 (장애학급 단체)
교육/체험,관악구,[관악문화재단] 2025년 싱글벙글교육센터 2분기 평생학습 교육프로그램
교육/체험,성북구,[돌곶이생활예술문화센터] 4~5월 프로그램 안내
전시/미술,강서구,"2025 서울식물원 주제정원 봄 전시 [봄의 물결, 튤립을 따라]"
교육/체험,종로구,[세종예술아카데미] 어반드로잉(중급)
교육/체험,중랑구,[중랑문화재단] 나대기 예술아카데미 4월
축제-문화/예술,중구,[중구청] 2025년 명동아트브리즈 MEET @ARTBREEZE [부제 : 명동아트브리즈 봄을 그려봄]
전시/미술,중구,DDP SHOWROOM X 유네스코 국제무예센터
교육/체험,마포구,[마포구립서강도서관] 4월 문화프로그램 안내
교육/체험,송파구,[송파 청년아티스트센터] 예술가와 함께하는 풍납 탐구 생활 4월 프로그램
영화,중구,[청춘극장] 2025년 4월 영화 및 공연 프로그램
교육/체험,종로구,[서울돈화문국악당] 투어 프로그램 [돈화문 샅샅] 4월
교육/체험,성동구,"[청계천박물관] 4월 개방형교육 [우리들의 친구, 청계천박물관]"
교육/체험,은평구,[구립증산정보도서관] 테마로 즐기는 도서관 - 4월 테마전시체험전 [해가 왔다]
축제-문화/예술,강북구,[강북문화재단] 2025 어린이문화예술프로그램 [강북 그림책 아트 플레이]
교육/체험,은평구,[서울공예박물관] 또롱또롱 마법사 금도목섬!
클래식,종로구,2025 서울시향 우리동네 음악회 실내악
클래식,종로구,[세종문화회관] 4월 누구나 클래식 [윤유선의 해설 클래식 - 영아티스트를 만나다]
클래식,서초구,구희원 바이올린 독주회
영화,서초구,[서초문화재단] 2025 심산 영화관 [스타 이즈 본]
클래식,강남구,[강남문화재단] 강남합창단 제46회 정기연주회 [서효정 예술감독 취임 연주]
클래식,종로구,피아노블러바드 듀오 콘서트
전시/미술,종로구,2025 아뜰리에 광화 봄 전시 [여명] 순환하는 감정
전시/미술,종로구,2025 해치마당 미디어월 봄 전시
클래식,종로구,[서울시립교향악단] 2025 서울시향 작은 음악회
클래식,종로구,최세린 피아노 독주회
교육/체험,노원구,[서울시립과학관] 과학북토크 2025 달작한 사이언스 (전체일정)
독주/독창회,서대문구,최민주 귀국 바이올린 독주회 
교육/체험,노원구,[서울시립과학관] 과학북토크: 달작한 사이언스 (3월) [속절없이 빠져드는 화학전쟁사]
콘서트,은평구,"[Musica Pictura, Pictura Musica - 시각으로 향하는 전주] Musica Pictura, Pictura Musica | 보는 음악, 듣는 미술"
클래식,종로구,이선미 피아노 독주회
교육/체험,성동구,[성동구립도서관] 영어스토리텔링_3월
클래식,서초구,양승희 바이올린 독주회 [Violin Sonata Odyssey: From Baroque to Romantic]
교육/체험,종로구,[세종예술아카데미] 스테들러와 함께하는 여행드로잉 클래스
교육/체험,중구,2025 국립극장 어린이 예술학교 유아 일일 체험
교육/체험,노원구,[서울시립과학관] 2025 토요과학강연
교육/체험,노원구,[서울시립과학관] 2025 토요과학강연
교육/체험,종로구,[서울시립 미술아카이브] 바리의 모험
교육/체험,마포구,[마포구립서강도서관] 3월/성인 메이킹 시선이 담긴 미술 글쓰기 / Book Cx클래스
교육/체험,종로구,[서울돈화문국악당] 2025 산조대전 마스터 클래스
클래식,종로구,[서울시립교향악단] 2025 서울시향 실내악 시리즈 I: 알반 게르하르트
콘서트,강동구,"[강동문화재단] 뮤지컬 콘서트 [심포니 오브 뮤지컬] with 옥주현, 이지혜, 김성식"
교육/체험,은평구,문예북흥 No.16 하응백 - 이야기꾼 하응백 첫 소설 [남중南中]으로 인생의 황홀한 순간에서 자기 자신을 낚아 올리다.
콘서트,구로구,2025 봄에 내리는 젠틀레인 Theme Park
교육/체험,종로구,[서울시립 미술아카이브] 《우리는 끊임없이 다른 강에 스며든다》 연계 대화프로그램
뮤지컬/오페라,도봉구,[노원문화원] 2025 노원문화원 국악예술단 정기공연 [홍범도]
교육/체험,은평구,[구립증산정보도서관] 문화가 있는 도서관 3월 로비 체험 [반짝 키링 만들기]
전시/미술,종로구,[서울공예박물관] 공예동행@쇼윈도 #1. 주름진 도시(Wrinkled City)
연극,종로구,[세종문화회관] 서울시극단 [코믹]
전시/미술,강서구,[겸재정선미술관] 김현철 개인전 2부 [진경]
연극,강북구,[강북문화재단] 419연극제 [극단 도시락] 하이타이
클래식,서초구,신윤경 비올라 독주회
기타,종로구,[서울생활문화센터 낙원] 락락 청음회 Vol.1 홍대 1세대 DJ 하성채!
교육/체험,종로구,[서울공예박물관] Open Studio : 촘촘 직조 코스터 (3월 28일)
영화,종로구,[서울역사박물관] 2025 시네마 퀘벡 (Cinema quebec)
기타,중구,[서울디자인재단] 대학 협업 프로그램 사업설명회
클래식,관악구,[서울시립교향악단] 2025 서울시립교향악단 [우리동네 음악회 관현악]
클래식,종로구,소프라노 김은희 리사이틀
클래식,서대문구,성경주 바이올린 독주회
콘서트,강북구,[강북문화재단] 2025 우이천 야외음악회 [우이천 사계콘서트] #Spring
클래식,동대문구,[동대문문화재단] 2025 기획공연 [와인et멜로디] 3월 다니엘 린데만
교육/체험,송파구,[한성백제박물관] 2025 상반기 초등단체 원격교육 [고구려벽화가 들려주는 역사이야기]
교육/체험,송파구,"[한성백제박물관] 2025 상반기 초등단체 대면교육 [백제의 서울, 한성]"
교육/체험,종로구,[세종예술아카데미] 미술사가 이 현의 전시와 함께 보는 서양미술사 : 르네상스와 매너리즘
교육/체험,은평구,[세종예술아카데미] 이야기가 있는 클래식
전시/미술,성북구,2025 성북구립미술관 기획전시 [고동치는 대지: 조문자]
교육/체험,종로구,[세종예술아카데미] 당신의 말이 당신을 말한다
전시/미술,용산구,구민지 개인전 [시간을 넘어 깨어나는 존재 : Ethereal Awakening]
연극,종로구,"요새는 아무도 하려 하지 않는 그, 윷놀이"
전시/미술,강남구,2025 내나라 여행박람회
클래식,강동구,[서울시립교향악단] 2025 서울시향 우리동네 음악회 관현악 - 강동구
교육/체험,금천구,[금천문화재단] 더(The) 작은 공연장 공연 연계 워크숍
교육/체험,은평구,[구립증산정보도서관] 찾아가는 깜짝공연 [요리조리 벌룬셰프가 들려주는 동화이야기]
독주/독창회,종로구,이상회 비올라 독주회 - 비올라의 그림자
교육/체험,종로구,[어린이청소년 국학도서관] 낭만필사
교육/체험,은평구,"[서울기록원] 시니어, 문화소외층 대상 찾아가는 프로그램 [기록으로 기억을 잇다!]"
교육/체험,성동구,[청계천박물관] 2025년 상반기 온라인 교육 프로그램 [톡톡톡 청계천]
교육/체험,종로구,[세종문화회관] 클래식 최고위과정 4기
교육/체험,종로구,[세종예술아카데미] 클래식 브런치
교육/체험,종로구,[세종예술아카데미] 어반드로잉(심화)
축제-자연/경관,성동구,2025년 응봉산 개나리 축제
연극,성북구,[성북문화재단] 미아리고개예술극장 10주년 공동기획공연 [바냐 아저씨]
교육/체험,중구,[서울남산국악당] 청년국악교육 [무대기술교육-음향 기초]
콘서트,용산구,[노들섬] 노들인디션 VOL.1 까치산 단독공연 초면 [임의 추첨 좌석제 운영 안내]
교육/체험,은평구,[구립증산정보도서관] 2025 책과 함께하는 [어린이별별과학놀이터]
콘서트,강서구,[강서문화원] 그 시절 우리가 사랑했던 팝
클래식,용산구,2025년 공연장 상주단체지원사업 [The classic in my life]
교육/체험,은평구,[구립증산정보도서관] 3월 책 읽어주는 사서 [책으로 자라는 꿈나무]
콘서트,도봉구,"[편지문학관] 2025. 편지 낭독 콘서트 [편지의 밤: 사유의 꽃, 시(詩)]"
영화,성동구,[성동문화재단] 2025 성동 필름 페스타 [세계 영화 상영회 1회차]
전시/미술,용산구,2025 서울문화재단 신당창작아케이드 노들섬 상설전시 아뜰리에 [어쩌다 마주친 공예]
교육/체험,노원구,[서울시립과학관] 2025년 학교단체를 위한 돋보기 프로그램 운영안내
교육/체험,종로구,[세종예술아카데미] 히든보이스
교육/체험,송파구,[한성백제박물관] 2025 상반기 초등단체 대면교육 [한강유역의 삼국 이야기]
교육/체험,종로구,[세종예술아카데미] 연극을 읽다
교육/체험,성북구,우리옛돌박물관 [해설이 있는 박물관 산책]
교육/체험,송파구,[서울백제어린이박물관] 어린이백제연구소 [땅속 백제 보물찾기 대작전!]
전시/미술,종로구,적선積善하다 : 빛으로 그린 어진 마음이 사물을 이루고
전시/미술,종로구,[운현궁] 2025 기획전시 [희념(希念)]
교육/체험,은평구,[구립증산정보도서관] 3.1절 기념 프로그램 [1919년으로의 시간여행]
연극,성동구,[성동문화재단] 연극 [Being Leonardo da Vinci - An impossible interview]
교육/체험,종로구,[세종문화회관] 세종예술아카데미 2025 상반기 문화예술교육 정규강좌
교육/체험,종로구,[세종예술아카데미] 올패스 패키지(48% 할인)
교육/체험,은평구,[세종예술아카데미] 뮤지컬 보컬 스테이션
콘서트,용산구,[서울문화예술교육센터 용산] 오프닝 토크콘서트 [올 어바웃 트럼펫]
교육/체험,도봉구,[편지문학관] 2025. 편지 쓰는 날 [3월 편지 주간: 봄 내음과 함께 하는 시작]
교육/체험,종로구,"[서울생활문화센터 체부] 2025 [살롱, 내일] 1회차"
콘서트,강서구,스카이아트홀 초청 [싱어송라이터 박상도 콘서트]
국악,종로구,[서울남산국악당X천하제일탈공작소] 마실가듯 탈춤
교육/체험,동대문구,[이문어린이도서관] 2025년 가족 텃밭
교육/체험,노원구,[서울시립과학관] 3월 청소년과 함께하는 케미랩
클래식,서초구,코리아나 챔버 뮤직 소사이어티 제89회 정기연주회
국악,용산구,[음악집단 태동] 타악콘서트 합 ;合 [HAP]
축제-기타,중구,[DDP] DDPlay 3월 농부시장 마르쉐
교육/체험,송파구,[한성백제박물관] 2025년 상반기 주말가족교육 [문화유산 보존 연구소]
교육/체험,송파구,[한성백제박물관] 2025 상반기 주말문화유산탐방 [백제왕성 몽촌토성 탐방]
교육/체험,동대문구,[답십리영화미디어아트센터] 「영화로 꿈 색칠하기」 컬러링 체험
교육/체험,중구,[서울도서관] 수어교육프로그램 - 손으로 말해요(초급)
기타,마포구,[마포구립서강도서관] 3월/팟캐스트 서강도서관 피셜 54회 [어른의 행복은 조용하다]
교육/체험,성동구,"[청계천박물관] 상반기 주말 가족 교육 [우리들의 친구, 청계천박물관]"
콘서트,종로구,[서울생활문화센터 체부] 2025 3월 생활문화콘서트
클래식,서초구,파체 Romeo and Juliet
교육/체험,은평구,문예북흥 No.15 박종호 - 예술의 의무와 결과를 찾아 그가 던진 질문 [예술은 언제 슬퍼하는가]
클래식,서초구,[강남문화재단] 강남심포니오케스트라 제109회 정기연주회
교육/체험,은평구,"[은평역사한옥박물관] 북한산의 작은 이웃, 새와 만나요"
무용,강동구,[강동문화재단] 최태지의 발레 오픈 리허설
클래식,구로구,[구로문화재단] 클래식의 봄_시즌 3
교육/체험,종로구,[서울역사박물관] 사회복지시설 초청 프로그램 [서울역사박물관 나들이]
전시/미술,강서구,"[허준박물관] 조선의 의사들, 인(仁)을 실천하다"
전시/미술,중구,2025 서울로미디어캔버스 봄 전시
영화,종로구,[국가유산청 궁능유적본부] 봄을 품은 낙선재
클래식,종로구,나은아 바이올린 독주회 
교육/체험,종로구,[서울생활문화센터 체부] 3월 체부다회 모집
클래식,중구,[서울시립교향악단] 서울시향 퇴근길 토크 콘서트Ⅰ: 동갑내기가 꽃피운 바로크 ②
전시/미술,중구,[서울시립미술관] 광복80주년 가나아트컬렉션 특별전 《서시: 별을 노래하는 마음으로》
축제-문화/예술,성북구,[서울연극창작센터] 개관 페스티벌 [무한의 언어로 내일을 비추다]
클래식,종로구,피아니스트 유지혜 반주 리사이틀
교육/체험,종로구,[어린이청소년 국학도서관] 성인독서토론 [이 밤에 책을 잡고]
국악,영등포구,[국회문화극장] 국립국악원과 함께하는 한국의 악?가?무(樂?歌?舞)
전시/미술,강남구,[코리아나 화장박물관] 소장품 테마전 30 [정성을 담은 보자기]
전시/미술,종로구,노화랑 [정의부]
전시/미술,종로구,한국사회와 여성사진가 아키이브전 [HerStories 허스토리]
교육/체험,금천구,[금천문화재단] 연극 [거의 인간] 공연 연계 위크숍
교육/체험,종로구,[대우재단 시민강좌] 한경지략漢京識略 - 19세기 서울 읽기
클래식,서초구,"Clara ? Robert ? Johannes, The Trio"
클래식,서초구,피아니스트 조지현의 쇼팽 시리즈 I
클래식,종로구,[서울시립교향악단] 서울시향 퇴근길 토크 콘서트Ⅰ: 동갑내기가 꽃피운 바로크 ①
교육/체험,은평구,[구립증산정보도서관] 개관시간연장 지원사업 저녁&도서관 3월 프로그램 [제스모나이트 소품 만들기] 원데이 클래스
전시/미술,종로구,서울남산국악당 갤러리
클래식,서초구,[서초문화재단] 서리풀 전곡 연주 시리즈 패키지
교육/체험,노원구,[서울생활사박물관] 유아단체 교육프로그램 [변장나들이]
교육/체험,종로구,[국가유산청 궁능유적본부] 창덕궁 빛?바람 들이기
전시/미술,종로구,"[운현궁] 2025 기획전시 [운현궁, 향기를 담다]"
클래식,서초구,어니스트 필하모닉 오케스트라 제6회 정기연주회 - 위대한 작곡가 탐구 시리즈 3 [노력하는 천재 모차르트]
클래식,서초구,[서초문화재단] 서리풀 전곡 연주 시리즈 [하이든 교향곡 전곡 시리즈 26]
축제-문화/예술,서초구,제3회 싱어송라이터 발굴 프로젝트 [히든스테이지]
교육/체험,종로구,[세종예술아카데미] 스포츠 in 아트스테이션
교육/체험,은평구,[구립증산정보도서관] 봄맞이 프로그램 [겨울잠에서 깨어나요!]
독주/독창회,종로구,박선화 피아노 독주회
교육/체험,동대문구,[용두어울림작은도서관] 2025년 3월 [월간 세계문학]
교육/체험,노원구,[서울시립과학관] 3월 일상실험실: 실험 체험 프로그램
교육/체험,영등포구,[YDP창의예술교육센터] 2025 [나다운 문화예술소풍] 청소년 모집
교육/체험,강서구,[겸재정선미술관] 주말 성인 인문 강좌 [그림의 깊이를 더하는 미술 감상 레시피]
교육/체험,종로구,[아름꿈도서관] 그림책으로 만나는 영어스토리텔링
뮤지컬/오페라,종로구,"2025년 청와대 주말상설 공연 [전설의 그녀들 청와대로, 여성국극 : 선화공주]"
교육/체험,중구,[중구문화재단] 2025 인현이음 봄 프로그램 참여자 모집
교육/체험,중구,[서울시립미술관] 김성환 개인전 《Ua a‘o ‘ia ‘o ia e ia 우아 아오 이아 오 이아 에 이아》 움직임 워크숍
교육/체험,종로구,[종로문화재단] 부모 독서 수업 [숲속에서 읽고 쓰기] 
교육/체험,은평구,"[구립증산정보도서관] 그림책감정표현놀이프로그램 2025 [마음아, 놀자!] : 새학기를 맞이한 설렘"
클래식,서초구,[서초문화재단] 서리풀 작곡가 탐구 시리즈 [비발디 & 헨델: 오선에 그려진 감정들]
콘서트,성동구,[성동문화재단] 2025년 봄바람 콘서트 [너는 나의 봄]
교육/체험,마포구,[서울생활문화센터 서교] 2025 서플앤댄스 [서교플리마켓&댄스]
클래식,영등포구,[영등포문화재단] 기획공연(가족극장) [프렌쥬 클래식 사파리]
교육/체험,마포구,[서울생활문화센터 서교] 2025 생생리페어샵 [사진과 잡지를 이용한 콜라쥬 액자만들기]
콘서트,강서구,[강서문화원] 화이트데이 콘서트 [Bittersweet Whiteday]
교육/체험,은평구,"문예북흥 No.14 천양희 - 시인이라는 사람 천양희, [몇차례 바람 속에서도 우리는 무사하였다]로 한국 시의 가장 아름다운 기슭에 우리를 안착시키다."
전시/미술,마포구,[이한열기념관] 2025년 상반기 특별전시 《쏘지마! 최루탄!》
무용,종로구,[세종문화회관] 오하드 나하린 [데카당스]
연극,강동구,[강동문화재단] 연극 [톡톡]
클래식,종로구,피아니스트 김성현 & 서명현 조인트 리사이틀 
클래식,서초구,프로젝트 솔로이스츠와 함께하는 화이트데이 콘서트 [Love Letter]
클래식,서초구,피아니스트 강세라 & 안희정피아노 듀오 온 리사이틀
교육/체험,중구,[서울남산국악당] 공연장투어 [2025 남산샅샅]
전시/미술,중구,[서울디자인재단] 공산품미학 part 2. Good Appearance展
교육/체험,송파구,[서울백제어린이박물관] 유아ㆍ어린이와 양육자 대상 [서울역사생태탐험대1] 꽃 탐색
국악,종로구,[서울돈화문국악당] 2025 산조대전
교육/체험,마포구,[서울생활문화센터 서교] 3월 너와 나의 교집합 : 소리 내어 읽을 결심
클래식,서초구,Quartet S 제8회 정기연주회
클래식,서초구,김신혜 & 함유진 듀오 리사이틀 [영혼을 적시는 우리가곡-시詩에 목마른 그대에게]
전시/미술,종로구,지훈 스타크 개인전 [LUMI KUKE: 부엌에서 짓는 사한]
전시/미술,성동구,[성동문화재단] Picasso de Malaga by Juan Gyenes [후안 기에네스의 렌즈를 통해 본 파블로 피카소의 삶]
교육/체험,구로구,[서울역사편찬원] 2025년 서울역사문화답사 3월 신청 안내
클래식,서초구,[서초문화재단] 서리풀 고음악 시리즈 [에스테르하치 궁전의 밤]
클래식,종로구,"윤지은 피아노 독주회 [한 건반, 두 이야기]"
교육/체험,은평구,[어린이청소년 국학도서관] 성인독서동아리 [생각 한 스푼]
교육/체험,종로구,[서울시평생교육진흥원] 서울시민대학 2025년 1학기 학습자 모집
전시/미술,종로구,[운현궁] 2025 기획전시 [사랑스러운 기세] 
독주/독창회,서초구,박현정 플루트 독주회 [Russian Drama]
교육/체험,종로구,[서울생활문화센터 낙원] 2025 마스터스클래스 Vol.1 가수 이규석
교육/체험,동대문구,[제기동감초마을현진건기념도서관] 2025년 인문독서프로그램 [영화로운 인문산책]
교육/체험,종로구,[세종예술아카데미] 2025 상반기 세종CEO합창클럽
교육/체험,종로구,[서울돈화문국악당] 투어 프로그램 [돈화문 샅샅] 3월
교육/체험,은평구,{구립증산정보도서관] 3월 패시브프로그램 [내 이름을 새겨봐]
클래식,서대문구,홍승혜 귀국 바이올린 독주회
클래식,종로구,박재린 바이올린 독주회 
클래식,양천구,[서울시립교향악단] 서울시향 작은 음악회
클래식,성동구,춘몽(Spring Reverie) : 피아니스트 김기경
축제-문화/예술,서초구,제3회 대한민국 전통예술 전승축제 & 2025 아트페어
독주/독창회,서초구,이지연 플루트 독주회 : 여성 작곡가들의 플루트 음악 IV 
전시/미술,중구,[DDP] 로맨스 앤드 펑크: 더 팬시풀 월드(Romance and Funk: The Fanciful World)
교육/체험,종로구,[서울시립 미술아카이브] 《우리는 끊임없이 다른 강에 스며든다》 연계 프로그램 [폐허의 잔해로 직조한 시] 구술 직조 퍼포먼스
전시/미술,송파구,[한성백제박물관] 2025 국제교류전 [히타이트]
교육/체험,노원구,[서울생활사박물관]2025년 상반기 가족 생활사 공작소(초등학생 동반 가족)
교육/체험,송파구,[서울역사편찬원] 2024년도 상반기 서울역사강좌 [돌에 새긴 서울史]
교육/체험,동대문구,"[답십리영화미디어아트센터] 카메라 앞의 나, 배우되기 첫 걸음"
교육/체험,종로구,[종로아이들극장] 이상한 차일드 예술클럽 2025
교육/체험,,[서울대공원] 동양관 속 멸종위기 동물 이야기
교육/체험,,[서울대공원] 숲속의 수호자 유인원
교육/체험,,"[서울대공원] 신비한 아마존, 남미관 속으로"
교육/체험,종로구,[서울공예박물관] 비밀요원 CMI: 밤이와 함께 비밀코드를 해결하라!_3월
교육/체험,노원구,[서울시립과학관] 토요일 오전 가족과 함께하는 바이오랩(3월)
축제-기타,종로구,서울 AI 페스타 2025
클래식,서초구,바이올린 주연경&첼로 주연선 듀오 리사이틀
기타,송파구,[한성백제박물관] 백제학회 공동주최 학술회의 개최 [문자와 고고학 자료를 통해 본 백제]
교육/체험,은평구,"문예북흥 No.13 정유정 이번엔 욕망의 투사가 된 정유정, [영원한 천국]으로 가상과 현실을 종횡하며 인간 욕망의 작동원리를 파헤치다."
클래식,강동구,[강동문화재단] 2025 새봄음악회 [Joy of Spring]
클래식,강북구,"[강북문화재단] 강북구청 개청30주년 기념 신춘음악회 [새로운, 봄]"
교육/체험,은평구,"[은평역사한옥박물관] 2025년 [한 사람을 위한 상, 소반]"
클래식,종로구,제 7회 더싱어즈 정기연주회
교육/체험,영등포구,[YDP창의예술교육센터] 예술놀이터 봄 프로그램 참여자 모집
교육/체험,송파구,[서울역사편찬원] 2025년도 상반기 서울역사강좌 [역사 속 서울사람들의 살아남기]
전시/미술,종로구,2025 창경궁 물빛연화(부분상영-3월~4월)
교육/체험,종로구,[황학정국궁전시관] 활쏘기체험프로그램 (3월)
교육/체험,종로구,[서울공예박물관] Open Studio : 촘촘 직조 코스터 (3월 14일)
연극,종로구,[세종문화회관] 연극 [비기닝]
교육/체험,종로구,[우리소리도서관] 인문학 시리즈 [유성기로 떠나는 아리랑 여행]
교육/체험,성동구,[청계천박물관] 3월 유아가족교육 [궁금이의 그림책 박물관]
클래식,노원구,[서울시립교향악단] 2025 서울시향 뮤지엄 콘서트_서울시립북서울미술관
교육/체험,종로구,[서울공예박물관] 특별전 《공예로 짓는 집》 큐레이터와 함께하는 전시해설 | 3월
독주/독창회,종로구,안소연 피아노 독주회
전시/미술,종로구,[서울시립 미술아카이브] 우리는 끊임없이 다른 강에 스며든다
교육/체험,노원구,[노원문화재단] 2025년 1분기 문화강좌 수강생 모집
교육/체험,송파구,[서울백제어린이박물관] 유아 단체 대상 [서울역사생태탐험대1] 꽃 탐색
교육/체험,중랑구,[중랑청소년문화예술창작센터] 3월 아트청 프로그램
교육/체험,종로구,[돈의문박물관마을] 한옥예술체험 [예술공방 한옥마루] 3월 프로그램
전시/미술,서초구,소설보다 낯선 [Stranger Than Fiction]
전시/미술,강남구,GOODS IS GOOD V.2 굿즈이즈굿 V.2
클래식,송파구,[서울시립교향악단] 2025 서울시향 뮤지엄 콘서트_송파책박물관
클래식,종로구,피아니스트 사공유정 & 이호열 듀오 리사이틀
전시/미술,종로구,[세종문화회관] 2025 세종미술관 기획전시 [로봇드림: 백남준의 팩토리 아카이브]
전시/미술,종로구,"갤러리 1010 기획전 맹일선, 염성희, 전효진, 정연화 [느리고 경쾌하게 : Slow and Lively]"
교육/체험,동대문구,"[휘경행복도서관] 고전의 향기, 글씨에 새기다 - 명심보감"
교육/체험,동대문구,[휘경행복도서관] 25년 1분기 예술특성화 프로그램 [예술 읽는 밤]
교육/체험,은평구,[구립증산정보도서관] 책 따라 걷는 도서관 - 3월 원화 전시 [버찌 잼 토스트]
교육/체험,은평구,[서울기록원] 어린이 대상 구연동화&체험프로그램 [너와 나의 무지개색 마음 기록]
기타,중구,[서울문화재단] 기초예술 활성화를 위한 정책토론회
독주/독창회,서초구,최혜빈 귀국 피아노 독주회 
독주/독창회,종로구,이선영 피아노 독주회
클래식,종로구,[서울시립교향악단] 2025 서울시향 뮤지엄 콘서트_서울공예박물관
교육/체험,종로구,"[서울시립 미술아카이브] 진로 탐색 [아하, 아카이브!]"
전시/미술,중구,[서울시립미술관] 강명희 - 방문 Visit
교육/체험,광진구,"[서울상상나라] 산들, 산책가방"
교육/체험,성동구,[성동문화재단] 2025년 성동구립도서관 봄학기(3~5월) 문화강좌
교육/체험,은평구,[구립증산정보도서관] 개관시간연장 지원사업 [책 헤는 밤]
교육/체험,중랑구,[중랑문화재단] 옹기테마체험관 2025년 3월 프로그램
교육/체험,중랑구,[중랑문화재단] 나대기 예술아카데미 3월
교육/체험,중랑구,[중랑문화재단] 창의융합 유아동 예술프로그램 [말랑말랑 중랑] 3월
교육/체험,광진구,[서울상상나라] 숲속 작은 인형
교육/체험,은평구,[구립증산정보도서관] 테마로 즐기는 도서관 - 3월 테마전시체험전 [반짝이]
교육/체험,성동구,"[청계천박물관] 3월 개방형교육 [우리들의 친구, 청계천박물관]"
교육/체험,동대문구,[휘경행복도서관] 25년 1분기 예술특성화 프로그램 [도서관에 피어난 봄]
전시/미술,종로구,[종로문화재단] 2025 아름꿈도서관 기획전시(3월)
교육/체험,송파구,[서울백제어린이박물관] 양육자 대상 교육 뮤지엄 휴휴프로그램6 [우리 아이 생애 첫 도장]
교육/체험,송파구,[서울백제어린이박물관] 다자녀 양육자 우대 교육 [뮤지엄 휴휴프로그램6](도장 만들기)
콘서트,종로구,그룹사운드 마일스톤스 추억의 올드팝 콘서트
클래식,송파구,[서울시립교향악단] 서울시향 뮤지엄 콘서트_한성백제박물관
교육/체험,은평구,[구립증산정보도서관] 새 학기 맞이 행사 [책 속의 행운! 뽑기 문방구]
독주/독창회,종로구,소프라노 이소혜 독창회
영화,서초구,[서초문화재단] 2025 심산 영화관 [샤인]
교육/체험,성북구,[성북여성문화센터] 2025학년도 학력인정 문해교육
교육/체험,종로구,[서울생활문화센터 낙원] 좋은노래공작소 2025
교육/체험,성북구,[성북여성문화센터] [정규강좌] 2025봄학기 수강생 모집
교육/체험,서초구,[서초문화재단] 서리풀 아카데미 2025 봄시즌 안내
교육/체험,종로구,[서울역사박물관] 가족 교육프로그램 [우리 가족 경희궁 탐험대]
전시/미술,종로구,[운현궁] 2025 기획전시 [복(福 )과 24절기] 삶에서 행운을 그리는 세시풍속
독주/독창회,종로구,이윤재 피아노 독주회
교육/체험,은평구,[구립증산정보도서관] 3월 어린이 독서퀴즈
클래식,서초구,[서울시립교향악단] 2025 서울시향 아주 특별한 콘서트
교육/체험,종로구,[서울우리소리박물관] 2025 외국인 전통문화체험 [K-리듬으로 놀아보자]
영화,중구,[청춘극장] 3월 영화 및 공연 프로그램
교육/체험,송파구,[송파청년아티스트센터] 3월 프로그램
교육/체험,마포구,[마포구립서강도서관] 3월 문화프로그램 안내
교육/체험,광진구,[서울상상나라] 개구리 햄버거
교육/체험,광진구,[서울상상나라] 고양이 피자
전시/미술,종로구,"[창덕궁]창덕궁 정전, 인정전에 들다."
전시/미술,노원구,"[노원문화재단] 2025 경춘선숲길 갤러리 기획전시 이호준 초대전 [가벼운 종이, 무거운 조각]"
교육/체험,종로구,"[서울공예박물관] 장인의 보물상자(화각공예)[3,4학년]"
교육/체험,종로구,"[서울공예박물관] 장인의 보물상자(화각공예)[5,6학년]"
축제-전통/역사,종로구,제 106주년 3.1절 기념 보신각 타종행사
독주/독창회,종로구,박지영 바이올린 독주회
클래식,서대문구,정도행 피아노 독주회 클래식 작곡가 시리즈 IV [삶의 의지] 흔들리며 피는 꽃
전시/미술,은평구,[삼각산금암미술관] 등지기엔 아쉬운 - 산을 사랑한 여자들
전시/미술,송파구,"생명의 파동, 경계를 넘어선, Vital Waves, Transcending the Veil [김시우 서울 개인전] "
교육/체험,중구,[서울시립미술관] 김성환 개인전 《Ua a‘o ‘ia ‘o ia e ia 우아 아오 이아 오 이아 에 이아》 연계 워크숍 
전시/미술,강북구,"[강북문화재단] 강북구청 개청30주년 기념 [지나온 30년, 앞으로 30년] 展"
연극,은평구,[은평문화재단] 시간과 기억의 기다림 초월과 진관사 태극기
영화,관악구,[관악문화재단] 2025 관악아트홀 영화상영회 [원더풀 데이즈]
독주/독창회,서초구,이민규 피아노 독주회
교육/체험,종로구,[한양도성박물관] 2025년 전시 연계 특별강의
클래식,송파구,[서울시립교향악단] 2025 서울시향 얍 판 츠베덴의 지휘 펠로십
연극,종로구,연극 [단지 화음을 내고 싶었는데]
클래식,종로구,2024 공연예술창작산실 올해의신작 음악분야 음악극 [사라지네]
연극,종로구,연극 [공란]
교육/체험,중구,[남산XR스튜디오] 25년 기초교육 & 방문 프로그램 신청 모집(2월)
교육/체험,종로구,[어린이청소년 국학도서관] 독서모임 세계와 질문들
전시/미술,성북구,[성북구립미술관] 2025 공공미술 프로젝트《생이 깃든 소나무: 이길래》
무용,서초구,앰비규어스댄스컴퍼니 [바디콘서트]
독주/독창회,종로구,정성희 피아노 독주회 [Inspiration]
독주/독창회,서초구,이우진 하프 독주회
교육/체험,도봉구,[도봉문화원] 2025 편지 인문학 특강 [나답게 산다는 것]
교육/체험,은평구,[구립증산정보도서관] 2월 책 읽어주는 사서 [책으로 자라는 꿈나무]
교육/체험,은평구,[구립증산정보도서관] 2025 책과 함께하는 [어린이 수요공작회]
교육/체험,성북구,[성북구립도서관] 2025 한책추진단 운영위원회 사전설명회
교육/체험,종로구,[대우재단 시민강좌] 글로벌 패권의 미래
교육/체험,은평구,[구립증산정보도서관] 형제자매 협동 프로그램 [영원한 단짝 친구]
클래식,서초구,코리안아츠 브라스 정기연주회 
전시/미술,종로구,"[세종문화회관] 미음완보, 전통정원을 거닐다"
전시/미술,서초구,[서초문화재단] 서리풀 휴(休) 갤러리 [얽힘의 실재]
교육/체험,종로구,[서울우리소리박물관] 2025 상반기 유아 전통문화체험 [우리소리랑 놀자]
기타,중구,[서울시] 2025년 서울청년문화패스 신청자 모집
교육/체험,도봉구,[도봉문화원] 2025. 편지 쓰는 날 [2월의 편지 주간: 애정을 담아 보내는 편지]
교육/체험,서초구,[서초문화원] 서초문화대학 2025년 2월 원데이클래스
클래식,서대문구,손유정 오보에 독주회
클래식,종로구,소프라노 여나현 독창회
교육/체험,마포구,[서울생활문화센터 서교] 해설이 있는 햄릿 낭독회
독주/독창회,서대문구,전세윤 피아노 독주회
클래식,서초구,아트파파라치 - Chasing the Stars [반고흐의 Playlist]
교육/체험,종로구,[서울무형유산교육전시장] 일일체험 | 전통주 일일체험 - 석탄주 빚기
뮤지컬/오페라,성북구,어린이환경뮤지컬 [지구기숙학교]
교육/체험,은평구,"문예북흥 No.12 정호승 - 시인 정호승, [슬픔이 택배로 왔다]로 택배 상자를 풀듯 시의 비밀을 풀다."
교육/체험,종로구,[서울공예박물관] 비밀요원 CMI: 밤이와 함께 비밀코드를 해결하라!_2월
교육/체험,종로구,[어린이청소년 국학도서관] 내일의 나 진로캠프
교육/체험,노원구,[서울시립 북서울미술관] 관객참여 퍼포먼스 [러브-레터]
기타,영등포구,[영등포아트스퀘어] 크로키키 브라더스
클래식,종로구,트리오 스칼라 제2회 정기연주회
기타,광진구,[광진문화재단] 광진어린이공연장 [키크클럽] 멤버십 안내
무용,강북구,[강북문화재단] 안애순 컴퍼니 가족무용극 [어린 왕자]
무용,중구,[서울남산국악당] 서울교방 6인전: 독공독무(獨工獨舞)
클래식,용산구,해설이 있는 권소영 바이올린 독주회 시리즈 IV
전시/미술,용산구,갤러리 자유 : 노경화x최미정 2인전 [마음의 선들로 이어진 하나 : CIRCLE]
전시/미술,강남구,"[슈페리어갤러리] 영재, 풀림 [초록빛 시선]"
클래식,송파구,"[서울시립교향악단] 2025 서울시향 얍 판 츠베덴의 말러 교향곡 7번 ①, ②"
클래식,강북구,"[강북문화재단] 2025 마티네 콘서트 [이지클래식 : 겨울연가, 건축학 개론을 만나다]"
국악,성북구,[삼청각] 수요 상설 공연
교육/체험,종로구,[서울우리소리박물관] 2025 온라인 학교연계 [우리소리 꾸러미]
전시/미술,광진구,[세종뮤지엄갤러리] 정은희 기획초대전
전시/미술,종로구,존 카터 코벨의 [한국불교와 그 미술전] [이순희 하지권 출판사진전]
교육/체험,노원구,[서울시립과학관] 2025 겨울방학 교육 프로그램 [2월 오늘 DO! Science]
클래식,강남구,남유리나 첼로 독주회
콘서트,관악구,[관악문화재단] 2025 관악아트홀 신년음악회 [관악화창(和唱)]
클래식,서초구,이유빈 귀국 플루트 독주회
전시/미술,관악구,[관악문화재단] 2025 S1472 봄 특별전시 [SSS : 글자 사이로 걷는 봄]
전시/미술,서초구,[서리풀청년아트갤러리] 이 전시장 몇평 인가요?
전시/미술,관악구,[관악문화재단] 관악아트홀 기획초청전시 [바람 맞으셨군요]
교육/체험,송파구,[서울백제어린이박물관] 유아와 양육자 대상 [뮤지엄 휴휴프로그램1] 키즈성장요가
교육/체험,노원구,[서울시립 북서울미술관] 《투명하고 향기 나는 천사의 날개 빛깔처럼》 전시 연계 겨울방학 프로그램 [내가 빚는 천사의 향기]
국악,강북구,"[강북문화재단] 소리, 판, 유태평양 X 한웅원 밴드"
전시/미술,서초구,[서리풀 휴(休) 갤러리] 잠들어 있는 사물을 깨우는 몇 가지 방법
전시/미술,중구,2025 국제섬유&패션전시회
클래식,종로구,소프라노 김예은 독창회
클래식,서대문구,최시온 귀국 피아노 독주회
교육/체험,동대문구,[답십리영화미디어아트센터] 1인미디어 AI로 29초 영상만들기 입문반
교육/체험,동대문구,[동대문문화재단] AR로 만나는 세상1 - AR로 만나는 동물캐릭터
독주/독창회,서초구,홍빈 귀국 바이올린 독주회
뮤지컬/오페라,영등포구,[영등포문화재단] 오페라 갈라 콘서트 [Falling in love with Opera]
클래식,서초구,앙상블 에스프리 제8회 정기연주회
교육/체험,종로구,[서울시립 미술아카이브] 땡땡이 예술 상자
교육/체험,종로구,2025년 아르코미술관 예술로(路)소풍 어린이 프로그램 [손끝으로 만나는 향기]
영화,동작구,[동작문화재단] 문화다양성 확산 사업 [시민과 함께하는 다양성 영화제]
클래식,송파구,[서울시립교향악단] SM CLASSICS LIVE 2025 with 서울시립교향악단②
교육/체험,은평구,"문예북흥 No.11 김창일 - 해양민속학자 김창일, [물 만난 해양민속학자의 물고기 인문학]으로 물고기, 사람, 바다를 헤엄치다."
교육/체험,노원구,[서울시립과학관] 권오철 작가와 함께하는 [인생 버킷리스트 2nd] 울프크릭 크레이터 토크쇼
교육/체험,구로구,[서울아트책보고] 강수인 작가 출간 기념 북토크
독주/독창회,종로구,제니윤 바이올린 독주회
뮤지컬/오페라,강서구,[강서문화원] 라디오페라 [리골레토]
클래식,서초구,앙상블 클랑 정기연주회
클래식,노원구,[노원문화재단] 2025 노원구립청소년교향악단 정기연주회
교육/체험,마포구,[서울생활문화센터 서교] 2025 청년작가살롱 - 청년강사육성프로그램
교육/체험,양천구,[서울문화예술교육센터 양천] 모두의 아뜰리에-종이로 그리는 달력그림
교육/체험,양천구,[서울문화예술교육센터 양천] 2~4월 상설 예술교육 프로그램 [모두의 아뜰리에] : 종이로 그리는 달력그림
전시/미술,중구,[DDP 쇼룸 × 쿠키런: 킹덤] 진리와 거짓의 게임 展
뮤지컬/오페라,노원구,[노원문화재단] 2025 노원어린이극장 공동기획 공연 가족 뮤지컬 [알사탕]
뮤지컬/오페라,구로구,[구로문화재단] 제10회 구로청소년 뮤지컬단 온마을 정기공연 - 뮤지컬 소로(좁은길)
무용,마포구,[마포문화재단] 2025 M 발레시리즈 발레 [프란츠 리스트의 밤]
클래식,서초구,[서울시립교향악단] 2025 서울시향 아주 특별한 콘서트①
기타,송파구,[한성백제박물관] 한국고대사학회 공동주최 학술회의 [고대사 연구 방법론의 새로운 모색과 확대 -디지털과 고대사]
클래식,종로구,[세종문화회관] 로맨틱 발렌타인데이 아코르 앙상블 제14회 정기연주회
교육/체험,중구,[서울시립미술관] 김성환 개인전 《Ua a‘o ‘ia ‘o ia e ia 우아 아오 이아 오 이아 에 이아》 연계 강연 프로그램
클래식,종로구,아코르 앙상블 제14회 정기연주회 
전시/미술,용산구,[노들섬] 2025년 노들갤러리 기획전시 [유리그릇(Over Vivarium)]
전시/미술,용산구,[노들섬] Braided 양진희 개인전
교육/체험,중구,2025 국립극장 어린이 예술학교 겨울방학
교육/체험,중구,[서울시립미술관] 김성환 개인전 연계 시각장애인&비장애인 교육 프로그램 [시선 너머의 이야기]
클래식,서초구,이현웅 바이올린 독주회
교육/체험,은평구,[구립증산정보도서관] 정월대보름 X 발렌타인 데이 [달콤 고소 눈사람 초코 쿠키 꾸미기]
클래식,서초구,[서초문화재단] 서리풀 신년음악회 광복 80주년 [빛의 울림]
클래식,마포구,[마포문화재단] 웰컴 투 바로크 #2. 화려한 콘체르토
클래식,종로구,[세종문화회관] 소프라노 송다윤 독창회
교육/체험,종로구,[아름꿈도서관] 저의 꿈이 뭐냐고 물으신다면
전시/미술,종로구,서희선 [연결된 집 Connected-home]
전시/미술,광진구,[세종뮤지엄갤러리] 황치석 기획초대전
교육/체험,종로구,정월 세시풍속 현대적으로 재해석하기
축제-전통/역사,도봉구,[도봉문화원] 2025. 을사년 정월대보름 [소원편지쓰기와 민속놀이 한마당]
축제-문화/예술,중구,[남산골한옥마을] 2025 남산골 정월 대보름 [청사진]
클래식,종로구,피아노매니아 제2회 정기연주회 [Be My Valentine]
클래식,서초구,제6회 누클레오 앙상블 정기연주회 
교육/체험,마포구,[마포구립서강도서관] 개관 17주년 기념 어린이공연 [문어의 여행]
교육/체험,마포구,[마포구립서강도서관] 개관 17주년 기념 도서관초대석 [아주 희미한 빛으로도]
클래식,서초구,서울대학교 음악대학 제14회 관악동문 정기연주회
교육/체험,마포구,[서울생활문화센터 서교] 2025 실전! 라이브사운드 엔지니어링 과정 사운드어택
전시/미술,성동구,[성동문화재단] 사담사담 : 흐릿한 순간의 초점
교육/체험,은평구,[구립증산정보도서관] 2025 예비학부모특강 [우리 아이가 처음 학교에 갑니다]
클래식,종로구,피아니스트 최동욱 반주 리사이틀
교육/체험,은평구,[구립증산정보도서관] 2월 패시브 프로그램 [양말목으로 만드는 행운의 네잎클로버]
교육/체험,강서구,[허준박물관] 2025 주말체험
교육/체험,노원구,[서울시립과학관] 토요일 오후 가족과 함께하는 바이오랩(2월)
교육/체험,동대문구,[제기동감초마을현진건기념도서관] 2025년 2월 개관행사
클래식,마포구,"2025 마포문화재단 창작가곡제 [詩, 노래를 짓다]"
교육/체험,은평구,"문예북흥 No.10 김이정 - [유령의 시간]을 쓰기 위해 소설가가 된 김이정, [유령의 시간]으로 인간의 시간을 묻다."
클래식,종로구,제2회 앙상블 가우디움 정기연주회
클래식,강북구,[강북문화재단] 2025 강북구립 청소년 오케스트라 신년음악회
클래식,영등포구,[영등포문화재단] 2025 영등포아트홀 신년음악회 [영화를 빛낸 클래식]
연극,강북구,[강북문화재단] 즐거운 졸업선물 그림자 인형극 [이야기쏙! 이야기야]
교육/체험,도봉구,[김근태기념도서관] 민주주의 ? 인권 기획전 《예술로 기억하다》 전시연계워크숍 - 작가와의 대화
교육/체험,강동구,[강동문화재단] 계간 생활문화 [우리나라 전통 그림 민화 배우기]
전시/미술,강남구,"[한솥아트스페이스] 안녕, 안녕 (安寧)"
뮤지컬/오페라,강동구,[강동문화재단] 뮤지컬 [이상한 과자가게 전천당 4] - 정체불명의 손님
전시/미술,서초구,"이아영 개인전 [아아,아아,페퍼민트]"
교육/체험,성동구,[청계천박물관] 2월 유아가족교육 [궁금이의 그림책 박물관]
무용,종로구, 2024 창작산실 올해의신작 무용 - 류장현과친구들 [GRAVITY]
연극,성북구,[서울문화재단] 2025년 서울연극창작센터 시범공연 [말린고추와 복숭아향 립스틱]
독주/독창회,서대문구,임예라 귀국 비올라 독주회
클래식,노원구,[노원문화재단] 노원구민과 함께하는 2025 신년음악회
교육/체험,종로구,[서울공예박물관] 특별전 《공예로 짓는 집》 큐레이터와 함께하는 전시해설 | 2월
독주/독창회,종로구,김은찬 피아노 독주회
전시/미술,관악구,[서울대학교미술관] 무기세 武器世
교육/체험,동대문구,[제기동감초마을현진건기념도서관] 백남준 코드: 그의 예술과 철학을 찾아서
교육/체험,종로구,[서울시립미술관] 그림책 비평 모임: ‘알아차림’의 읽기와 쓰기
교육/체험,마포구,[마포구립서강도서관] 2025년 개관 17주년 기념 집중인문학 [타인의 기쁨과 슬픔]
교육/체험,종로구,[우리소리도서관] 책과 함께 얼쑤절쑤
전시/미술,강남구,K-일러스트레이션페어 서울 2025
교육/체험,노원구,[노원문화원] 노원지역학개론서 저자와의 만남
독주/독창회,종로구,소프라노 신일홍 귀국독창회
교육/체험,강동구,"[강동문화재단] 계간 생활문화 [오감치유-요가, 아로마 테라피, 싱잉볼]"
교육/체험,강동구,[강동문화재단] 문화예술아카데미 어린이 연극 [리틀 씨어터]
전시/미술,중구,[서울시립미술관] 김성환 개인전 《Ua a‘o ‘ia ‘o ia e ia 우아 아오 이아 오 이아 에 이아》 연계 상영 프로그램
전시/미술,종로구,[탑골미술관] 노수현 생애 첫 개인전 [불완전한]
교육/체험,강동구,[강동문화재단] 문화예술아카데미 이수민의 [클래식 커넥트]
전시/미술,종로구,"갤러리 1010 기획전 [은가비 - Dreamscape : 빛나던 그때, 꿈꾸는 순간]"
국악,종로구,[서울돈화문국악당] 일소당음악회
교육/체험,마포구,[마포구립서강도서관] 2월/어린이강좌 [키득키독 독서교실]
축제-문화/예술,중구,[DDP] 2025 F/W 서울패션위크
전시/미술,성동구,[성동문화재단] 신원미상
클래식,종로구,제9회 한국플루트학회 신인음악회
전시/미술,강남구,주태석 곽수영 2인전 : 가장 일상적이고 특별한
교육/체험,강동구,[강동문화재단] 문화예술아카데미 어린이 미술 [리틀 아틀리에:두근두근 봄] A반
교육/체험,은평구,[구립증산정보도서관] 2월 어린이 독서퀴즈
교육/체험,은평구,[구립증산정보도서관] 방학 맞이 초등 독서 프로그램 [책 읽는 놀이터]
교육/체험,성동구,"[청계천박물관] 2월 개방형교육 [우리들의 친구, 청계천박물관]"
교육/체험,중구,"[서울시립미술관] 김성환 개인전 연계 청소년 교육 프로그램 [알고 있었지만 몰랐던, 몰랐지만 알고 있었던]"
교육/체험,노원구,[서울시립 북서울미술관] 2025 겨울방학 SAM& 스탬프 에듀투어
교육/체험,송파구,[한성백제박물관] 겨울방학교실2 [쓱싹쓱싹 반달돌칼: 고대인의 농사 도구]
교육/체험,노원구,"[서울시립 북서울미술관] 《멀리서 손바닥으로, 반짝》 전시 연계 프로그램 [움직이는 상자, 머무는 상상]"
독주/독창회,종로구,김초아 피아노 독주회
영화,도봉구,[도봉문화원] 2025. 2월 도봉시네마 상영작 안내
교육/체험,은평구,[서울기록원] 성인대상 주말 기록체험 [일상의 발견 : 기록적 오늘]
교육/체험,강북구,"[강북문화재단] 강북구 개청30주년 기념전시 [지나온 30, 앞으로 30] 관내 어린이 참여프로그램"
클래식,종로구,김수정 피아노 독주회: 해설이 있는 음악
클래식,서초구,서울시립교향악단 2025 우리동네 음악회 실내악
교육/체험,종로구,"[서울무형유산교육전시장] 2025년 1차 일반교육(12주, 18주) 모집안내"
교육/체험,종로구,"[서울무형유산교육전시장] [나전_A] 나전기법 배우고 생활용품(컵받침, 스푼, 포크, 나이프) 만들기"
교육/체험,종로구,"[서울무형유산교육전시장] [나전_B] 나전기법 배우고 생활용품(쟁반, 숟가락, 젓가락) 만들기"
교육/체험,노원구,[서울시립과학관] 2월 일상실험실: 실험실 체험 프로그램
영화,은평구,[구립증산정보도서관] 2월 겨울방학특선 주말영화 상영 [문화가 있는 영화관]
클래식,서대문구,[금호아트홀 연세] 심정은 피아노 리사이틀
교육/체험,종로구,[서울무형유산교육전시장] 일일체험 [홍염 단체체험] 스카프 염색하기
교육/체험,종로구,[서울무형유산 교육전시장] 일일체험 [은공 단체체험] 금부 은반지 만들기
교육/체험,중구,[남산XR스튜디오] 문화예술인 대상 버추얼프로덕션 체험존 프로그램 신청 모집(상반기)
교육/체험,종로구,[서울무형유산 교육전시장] 일일체험 [백모필 단체체험] 전통 세종필 붓글씨 쓰기
전시/미술,종로구,[서울생활문화센터 체부] 제1회 생활문화전시회 [체부도(體府圖)]
연극,종로구,[세종문화회관] 폴리팝
교육/체험,광진구,[서울상상나라] 실패연구소
교육/체험,마포구,[마포구립서강도서관] 개관 17주년 기념 행사 [공감]
영화,중구,[청춘극장] 2025년 2월 영화 및 공연 프로그램
교육/체험,중랑구,[중랑문화재단] 나대기 예술아카데미 2월
교육/체험,중랑구,[중랑문화재단] 창의융합 유아동 예술프로그램 [말랑말랑 중랑] 2월
교육/체험,광진구,[서울상상나라] 뱀처럼 유연하게 놀자
교육/체험,광진구,[서울상상나라] 빛으로 짓는 무지개 마을
교육/체험,광진구,[서울상상나라] 동물 속담 쿠키
교육/체험,광진구,[서울상상나라] 견과류 강정
교육/체험,중랑구,[중랑청소년문화예술창작센터(아트청)] 예비 초6부터 예비 중1을 위한 겨울방학 특별프로그램 [상상하는 조각들 2기]
전시/미술,마포구,[마포문화재단] 2025 기획전시 [김호연 초대전]
교육/체험,은평구,"문예북흥 No.9 정만섭 - '듣는 사람' 정만섭, 『겨울나그네』로 슈베르트의 모노드라마를 들려주다."
기타,강서구,[허준박물관] 2025 입춘첩 써드려요
독주/독창회,종로구,소프라노 박현주 독창회
독주/독창회,종로구,[세종문화회관] 원아영 피아노 독주회 봄으로_프란츠 슈베르트
축제-전통/역사,송파구,[한성백제박물관] 2025 한성백제박물관 설날 박물관 큰잔치
국악,중구,[서울남산국악당] 2025 민혜경 만신 [새해 대운맞이 굿]
축제-전통/역사,종로구,[서울역사박물관] 설맞이 한마당
무용,중구,국립무용단 설명절 기획 [2025 축제 祝?祭]
국악,종로구,청와대 신년음악회 [청사초롱 공연]
축제-전통/역사,중구,[남산골한옥마을] 남산골 설축제 [새해 꽃등]
축제-문화/예술,종로구,[운현궁] 2025 운현궁 운수대통 설맞이
교육/체험,종로구,청와대 설맞이 다례 체험 [청와대 차향풍요]
축제-전통/역사,종로구,청와대 설맞이 [청사초롱 축제] 주간 문화행사?야간 개방행사
클래식,종로구,"강효지 the 3rd. [숨, 내면의, 풍경]"
전시/미술,용산구,"[노들섬] 시간, 공간, 순간, 인간 [노들, 노을]"
전시/미술,용산구,2025년 노들갤러리 기획 전시 [산은 꿈꾸지 않는다_김리아 개인전]
교육/체험,송파구,[서울백제어린이박물관] 예비 초등 1~3학년 대상 겨울방학 교육2 [작은 백제의 겨울] 2차
축제-전통/역사,종로구,[서울우리소리박물관] 2025년 설 맞이 문화행사 [가가호호 설날]
뮤지컬/오페라,관악구,[관악문화재단] 가족뮤지컬 [전설의 놀이왕]
클래식,종로구,2025 콘사노 체임버오케스트라 신년음악회
교육/체험,은평구,"[문예북흥 No.8] 배일동 - 판소리 명창 배일동, 『독공』으로 다다른 수행의 길 끝에서 한국문화의 우주관을 밝히다."
교육/체험,강서구,[겸재정선미술관] 2025 명사석학 미술인문학 강좌
전시/미술,서초구,"[서리풀청년아트갤러리] 넘어지고, 넘어지며, 넘어지는"
연극,성북구,[서울문화재단] 2025년 서울연극창작센터 시범공연 [세상이 이렇게 끝나는구나 쾅 소리 한 번 없이 흐느낌으로]
연극,금천구,"[금나래아트홀 제작공연] 복합 창작극 [환어] - 꿈을 따라 춤추는가, 춤을 따라 꿈꾸는가 "
클래식,종로구,[세종문화회관] 소리클라비어앙상블 특별기획연주 - 하모니
교육/체험,마포구,"[마포구립서강도서관] 독서토론회 [2025년 목, 수다]"
교육/체험,은평구,[구립증산정보도서관] 2025 사서와 함께하는 독서 동아리 [똑똑]
교육/체험,은평구,[구립증산정보도서관] 책 읽어주는 사서 [책으로 자라는 꿈나무]
전시/미술,종로구,두산아트랩 전시 2025
교육/체험,성동구,[서울하수도과학관] 겨울방학 프로그램 측간귀신과 함께 찾는 경복궁 화장실의 비밀 
교육/체험,성동구,[서울하수도과학관] 겨울방학 특별교육프로그램 [하수가 목욕하는 날]
전시/미술,광진구,[세종뮤지엄갤러리] 박은수 기획초대전
교육/체험,노원구,[서울시립과학관] 2025 겨울방학 교육 프로그램 [오늘 DO! Science]
교육/체험,광진구,[서울어린이대공원] 자연생태 체험교실 [복조리 만들기]
교육/체험,은평구,[구립증산정보도서관] 2025 책과 함께하는 [어린이 수요공작회]
교육/체험,동대문구,[동대문문화재단] 초등 학부형을 위한 [로블록스] 디지털 시민 특강
교육/체험,용산구,[서울문화재단] 2025 서울 문화예술교육 지원사업 1차 통합공모 사업설명회
독주/독창회,종로구,[세종문화회관] 윤예슬 귀국 비올라 독주회
뮤지컬/오페라,종로구,[세종문화회관] 뮤지컬 [명성황후] 30주년 기념 공연
전시/미술,종로구,[옥토 OCTO-] 페이지룸8 x 지우헌 전시 커뮤니티
교육/체험,성동구,[서울하수도과학관] 겨울방학 특별프로그램 [맨홀 탐사 로봇을 부탁해!]
독주/독창회,종로구,[세종문화회관] 윤은경 피아노 독주회
교육/체험,중랑구,[중랑문화재단] 옹기테마체험관 2025년 2월 프로그램
교육/체험,도봉구,[편지문학관] 2025. 편지 쓰는 날 [편지 주간: 편지로 여는 새해]
클래식,종로구,[세종문화회관] 박찬식 바이올린 독주회 - 슈만 바이올린 소나타 전곡 연주
교육/체험,은평구,[구립증산정보도서관] 설날 맞이 프로그램 [미션! 설날의 비밀을 풀어라!]
교육/체험,성동구,[서울하수도과학관] 함께해요! 열린 과학 놀이터
교육/체험,동대문구,[동대문문화재단] 답십리영화미디어아트센터 [AR로 만나는 세상2 - AR캐릭터와 숏폼만들기]
교육/체험,동대문구,[답십리 영화미디어아트센터] 1인미디어 프리미어 입문반
교육/체험,동대문구,[제기동감초마을현진건기념도서관] 탄소중립지원센터와 함께하는 [탄소 중립 실천 교육]
전시/미술,강남구,케이고 나카무라 Keigo Nakamura [One Life in Light and Shadow]
전시/미술,성동구,[성동문화재단] 전시 Blow up!
클래식,종로구,[세종문화회관] 제3회 앙상블 누보 정기연주회
교육/체험,은평구,문예북흥 No.7 음악전문기자 김호정 인간으로서의 베토벤』과 『쇼팽을 찾아서』로 지독하게 보수적이고 엄청나게 혁신적인 고전음악의 두 게임체인저를 말하다.
클래식,강서구,[강서문화원] 2025 신년 음악회 - 가곡 스토리
클래식,마포구,[마포문화재단] 2025 신년음악회
클래식,성동구,[성동문화재단] 2025 성동구민과 함께하는 신년음악회
교육/체험,용산구,[작가와 함께 하는 북토크] 명상에서 찾은 경영의 길
교육/체험,강서구,[겸재정선미술관] 2025 겸재 문화학교 강좌 [풍속화의 진수성찬: 조선 문화를 엿보다]
전시/미술,종로구,푸른 뱀띠 해 특별전 [을사 1905-2025 : A New Dream in the year of the Blue Snake]
전시/미술,강남구,[슈페리어갤러리] 무엇이 당신을 설레게 할까요?
전시/미술,강남구,"곽상원, 서원미 [Bon Appetit ! Eating Echoes with Salt air]"
전시/미술,영등포구,[영등포문화도시센터] 안과안 프로젝트 결과전 [박동]
클래식,종로구,[세종문화회관] AYMS 창단연주회
콘서트,강북구,[세종문화회관] 2025 아마추어 콩쿠르 위너와 함께하는 피아노 박사 샵 신년음악회
콘서트,구로구,[구로문화재단] 2025 구로문화재단 신년음악회
교육/체험,은평구,[구립증산정보도서관] 개관시간연장 지원사업 [책 헤는 밤]
전시/미술,강서구,[겸재정선미술관] 김현철 개인전 1부 [전신]
연극,종로구,"극단 나베 창단 10주년 기념공연, 더 시걸: 갈매기"
교육/체험,은평구,[구립증산정보도서관] 내 맘에 착! 나를 끌어당기는 말풍선 자석 꾸미기
교육/체험,강서구,[겸재정선미술관] 겨울방학 어린이 겸재 진경교실
클래식,송파구,"[서울시립교향악단] 2025 서울시향 얍 판 츠베덴의 말러 ‘부활’ ①, ②"
클래식,마포구,[마포문화재단] 웰컴 투 바로크 #1. 슬픔의 샤콘느
독주/독창회,종로구,[세종문화회관] 바리톤 오대희 귀국 독창회
국악,강남구,"제7회 불휘기픈소리: 노늴의 풍류, 민속악과 노닐다"
클래식,노원구,[노원문화재단] 2025 신년음악회 [조수미 & 빈 요한 슈트라우스 오케스트라]
교육/체험,노원구,[서울시립과학관] 루미너스 랩(Luminous Lab) : 겨울방학 특집 실험실 체험
전시/미술,영등포구,[문화도시센터] 시각문화 프로젝트 [집이 영등포니까] 전시 및 특강 신청
전시/미술,서대문구,[Kream! solo exhibition] 조우 encounter
교육/체험,노원구,[서울시립과학관] 2025 겨울방학 교육 프로그램 [사이언스 아뜰리에]
독주/독창회,종로구,[세종문화회관] 이지예 귀국 클라리넷 독주회
교육/체험,중구,[서울시립미술관] 《박광진: 자연의 속삭임》 - 작가와의 대화
교육/체험,성동구,[서울하수도과학관] 2025년 전시해설 프로그램(전시실+재이용수 처리실) 
뮤지컬/오페라,종로구,뮤지컬 [아나키스트]
전시/미술,종로구,[돈의문박물관마을] 돈의문박물관마을X신승우 《나무의 시간》 展
전시/미술,종로구,"[서촌라운지] 박노을, 백인교 [빛나는 시작]"
교육/체험,은평구,[구립증산정보도서관] 유아 독서 동아리 [책책박사]
교육/체험,강서구,[허준박물관] 2025 겨울방학 [건강한 방학나기]
교육/체험,강서구," Stories in Bloom : 요조, 미카 드 리언, 실비아킴과 함께 하는 사랑과 문학 이야기"
교육/체험,종로구,[서울역사박물관] 2025 겨울방학 교육프로그램 [내 친구 박물관]
교육/체험,종로구,[서울무형유산교육전시장] 겨울방학 초등생 일일체험
교육/체험,중구,[서울시립미술관] 김성환 개인전 연계 어린이 교육 프로그램  [우리는 되었다. 우리가 일부가 되어]
클래식,종로구,[세종문화회관] 장혜진 바이올린 독주회
클래식,강북구,[세종문화회관] 더 샵 콩쿠르 위너 콘서트
교육/체험,강동구,[강동문화재단] 문화예술아카데미 성인 미술 [드로잉 아틀리에: 컬러]
교육/체험,동대문구,[동대문문화재단] 장안어린이도서관 - 2025년 겨울(1~2월) 독서문화 프로그램 모집
교육/체험,은평구,[구립증산정보도서관]  제33회 겨울독서교실 [상상 가득 도서관]
독주/독창회,종로구,[세종문화회관] 김기량 피아노 독주회 Winter Romance
콘서트,마포구,[마포문화재단] 밥 제임스 쿼텟 아시아 투어
교육/체험,마포구,[마포구립서강도서관] 1월/어린이메이킹 행복맘껏time [두번째 일요일은 해봄공간 오픈데이]
전시/미술,중구,2024 서울시청 미디어아트 공모선정작 개인전 [미디어 풍광 찬란하고 조화로운] 
클래식,성동구,쇼팽의 겨울왕국 : 피아니스트 김기경
교육/체험,성동구,[청계천박물관] 2025년 주말가족교육 [타임머신 타고 떠나는 청계천 이야기]
클래식,송파구,"영유 클래식: 펑펑, 겨울이야기"
전시/미술,종로구,세계적인 풍경사진 작가 마이클 케나의 건축 사진 전 [건축을 넘어]
전시/미술,송파구,"[김홍성 서울 개인전] 만져진 흔적의 지도, [Map of tangible traces]"
교육/체험,마포구,[마포구립서강도서관] 1월/어린이강좌 [별마트 햄스터와 함께 신나는 겨울방학]
전시/미술,중구,김명찬 개인전 [Synthetic Breath]
교육/체험,송파구,[서울백제어린이박물관] 가족 대상 겨울방학 교육2 [작은 백제의 겨울] 1차
무용,종로구,"[세종문화회관] 발레의 별빛, 글로벌 발레스타 초청공연"
교육/체험,은평구,"문예북흥 No.6 유홍준 - 미술사학자 유홍준, 『유홍준의 한국미술사강의』로 우리문화의 당당한 정체성을 세우다."
클래식,강북구,[세종문화회관] 클래식을 이야기하다
독주/독창회,종로구,[세종문화회관] 정예원 피아노 독주회
클래식,강북구,[강북문화재단] 2025 신년음악회 [한빛예술단＆길병민]
클래식,강동구,[강동문화재단] 율챔버오케스트라와 율앙상블이 함께하는 신년음악회 [2025 New Year's Concert]
전시/미술,노원구,[노원문화재단] 뉴욕의 거장들: 잭슨 폴록과 마크 로스코의 친구들
뮤지컬/오페라,종로구,퍼스트 맨: 카뮈가 남긴 마지막 이야기
교육/체험,동대문구,[동대문문화재단] 2025년 상반기 영화분야 프로그램
전시/미술,종로구,[종로문화재단] 삼청공원숲속도서관 [도서 전시]
전시/미술,용산구,[노들섬] 2025년 노들갤러리 기획전시 [자연과 인간 공존]
교육/체험,종로구,[한양도성박물관] 2025년 겨울방학 [각자성석을 찾아라]
교육/체험,영등포구,[YDP창의예술교육센터] 2025 생명과학 융합예술교육 [바이오 오디세이]
전시/미술,강북구,"[강북문화재단] 강북, 특별한 주민 展"
전시/미술,용산구,[노들섬] 2025년 노돌갤러리 기획전시 [생각의 탄생 : 공-존 시스템]
전시/미술,용산구,[노들섬] 2025년 노돌갤러리 기획전시 [숨 : 호흡의 정원]
교육/체험,성동구,[청계천박물관] 1월 유아가족교육 [궁금이의 그림책 박물관]
콘서트,마포구,[마포문화재단] 2025 신년맞이 M 레트로 시리즈 [어떤가요 #11] 전영록x민해경
클래식,강북구,[세종문화화관] 김완중 피아노 독주회
클래식,종로구,[서울시립교향악단] 2025 서울시향 신년 음악회
독주/독창회,종로구,[세종문화회관] 테너 이승묵 독창회
교육/체험,강동구,[강동문화재단] 문화예술아카데미 성인미술 [드로잉 아틀리에:펜]
교육/체험,종로구,[한양도성박물관] 2025년 겨울방학 [블록으로 배우는 한양도성]
교육/체험,중구,[동대문역사관] 2025년 겨울방학 [어린이 동대문지역의 역사이야기]
교육/체험,중구,[동대문역사관] 2025년 겨울방학 [어린이 동대문지역의 역사이야기]
교육/체험,은평구,[구산동도서관마을] 어린이 영화 제작 워크숍
전시/미술,은평구,[구립증산정보도서관] 책 따라 걷는 도서관 - 1월 원화 전시 [강도와 특수부대]
전시/미술,동작구,"[동작문화재단] 2024년 동작아트갤러리 전시기획공모사업 선정전시 2부 《지도의 끝, 이야기의 시작》"
독주/독창회,강북구,[세종문화회관] 최예나 피아노 독주회
콘서트,양천구,[양천문화재단] 2024 양천문화재단 연말 콘서트 [양천 소유]
클래식,종로구,[세종문화회관] 웨스턴 성악협회 정기연주회 The lives of women in love
교육/체험,종로구,2025년 탑골기획전 전시특강 [전통의복의 미를 찾아 떠나는 인문학 강의]
전시/미술,서초구,[이스랏아트룸] 가로로 부는 찬가
교육/체험,은평구,[구립증산정보도서관] 이루어져라! 새해 소원
교육/체험,성동구,[청계천박물관] 2025년 겨울방학 가족 교육 [뚝딱뚝딱! 청계천 판잣집]
전시/미술,광진구,[세종뮤지엄갤러리] 서정자 기획초대전 [Shared Energy]
교육/체험,노원구,[서울생활사박물관] 조각조각 가족이야기 엮기 [공릉동 할아버지?할머니댁 나들이]
전시/미술,종로구,2025 아뜰리에 광화 4회 전시
연극,종로구,[세종문화회관] 연극 [세일즈맨의 죽음]
교육/체험,종로구,[한양도성박물관] 2025년 겨울방학 [옛 지도 속 한양도성]
교육/체험,종로구,[한양도성박물관] 2025년 겨울방학 [박물관에서 만나는 숭례문]
교육/체험,노원구,[2025 노원수학문화관] 2월 주말가족체험
교육/체험,은평구,[구립증산정보도서관]  1월 어린이 독서퀴즈
교육/체험,송파구,[한성백제박물관] 2025 겨울방학교실 1
교육/체험,송파구,[한성백제박물관] 2025 겨울방학교실 1 [체험! 인류학자의 프로파일링]
교육/체험,종로구,[서울역사박물관] 2025년 우리 가족 박물관 여행(겨울방학)
교육/체험,은평구,[구립증산정보도서관] 2025년 새해맞이 이벤트 [두근두근 새해다짐]
교육/체험,성동구,"[청계천박물관] 1월 개방형교육 [우리들의 친구, 청계천박물관]"
교육/체험,종로구,[서울우리소리박물관] 2025 겨울방학 교실 [우리소리 사물놀이패]
전시/미술,성동구,[성동문화재단] 2025 함께잇다 기획 초대전 [퇴색화-박형호 사진전]
콘서트,종로구,[세종문화회관] 듀오브 콘서트
교육/체험,송파구,[서울백제어린이박물관] 가족 대상 겨울방학 교육1 [어박 사용법+뚝딱뚝딱!백제집!] 1차
교육/체험,동작구,[동작문화원] 상도캠퍼스 제94기 문화강좌
교육/체험,동작구,[동작문화원] 사당캠퍼스 제82기 문화강좌 수강생 모집
영화,도봉구,[도봉문화원] 2025 1월 도봉시네마 상영작 안내
교육/체험,은평구,[구립증산정보도서관]  테마로 즐기는 도서관 - 1월 테마전시체험전 [빅북 박스]
교육/체험,노원구,[서울생활사박물관] 2025년 겨울방학 교육 [우리는 박물관 학예연구사](중학생)
교육/체험,동대문구,"[동대문구청] 답십리도서관 [위인탐험대, 역사 속 영웅을 찾아서] 신청 안내"
교육/체험,동대문구,[동대문문화재단] 용두어린이영어도서관 - 외국인 선생님과 문화를 만나요!
클래식,종로구,[세종문화회관] 김진주 귀국 피아노 독주회
교육/체험,노원구,[서울시립과학관] 1월 일상실험실: 실험실 체험 프로그램
클래식,강남구,첼리스트 신호철이 해설해주는 [앙상블 플레이리스트 Ep.3]
교육/체험,은평구,[구립증산정보도서관] 자녀교육 특화 온라인 북큐레이션 [읽으면서 키우는 우리 아이]
전시/미술,종로구,[돈의문박물관마을] 돈의문박물관마을X정혜성 큐레이터 기획전시 《편지-기록의 수집》展
교육/체험,마포구,[월드컵?보라매?경의선숲길공원] 정원이의 겨울방학 [서부공원 겨울방학 특별 프로그램]
교육/체험,종로구,[서울역사박물관] 2025년 겨울방학 [아이좋은 박물관]
교육/체험,노원구,[서울시립과학관] 메이커페어서울 앵콜 레이싱 [멀리빨리 제작 미니카 레이싱]
전시/미술,용산구,[팔레스타인아동돕기기부단체전] 세상 앞에서 그리고 세상의 침묵 아래에서 : From the river to the sea
영화,은평구,[구립증산정보도서관] 1월 주말영화상영안내
교육/체험,중랑구,[중랑청소년문화예술창작센터] 전환기 청소년을 위한 겨울방학 특별프로그램 [상상하는 조각들]
콘서트,종로구,[세종문화회관] 2025 이은미 라이브투어 [MOVE ON] 서울공연
콘서트,종로구,[세종문화회관] 제3회 트리오 씰(CYL) 정기연주회
클래식,강북구,[세종문화회관] 소프라노 이결 독창회
교육/체험,은평구,"문예북흥 No.5 안도현 시인 - 시인 안도현, [능소화가 피면서 악기를 창가에 걸어둘 수 있게 되었다]로 시의 꽃피움을 말하다."
연극,종로구,[세종문화회관] 두들팝
교육/체험,종로구,[돈의문박물관마을] 2025년 1월 한옥예술체험 [예술가의 시간] 연장 운영 안내
클래식,종로구,[세종문화회관] 소프라노 이우연 독창회
교육/체험,종로구,[서울공예박물관] 특별전 《공예로 짓는 집》 큐레이터와 함께하는 전시해설 | 1월
교육/체험,종로구,[상촌재] 상설 유료 체험 프로그램 [향낭?액막이명태 만들기]
교육/체험,종로구,[서울우리소리박물관] 2025 자율학습 프로그램 [자연에 담긴 우리소리]
전시/미술,송파구,[서울백제어린이박물관] 상설전시 [슝슝! 백제로!]
교육/체험,노원구,[노원문화의집] 2025년 1분기 컴퓨터 강좌 & 재능기부 수채화 기초
교육/체험,도봉구,[도봉문화원] 2025년도 도봉문화원 문화학교 251기 개강 안내
교육/체험,중랑구,[중랑문화원] 2025년 1분기 문화학교 수강생 모집
교육/체험,구로구,[구로문화원] 2025년 1분기 문화예술강좌
교육/체험,관악구,[관악문화재단] 2025년 싱글벙글교육센터 1분기 평생학습 교육프로그램
교육/체험,노원구,[노원문화의집] 2025년 1분기 문화강좌 수강생 모집
교육/체험,동대문구,[용두어린이영어도서관] 2025년 겨울학기(1~3월) 문화강좌 수강생 모집
교육/체험,노원구,[노원문화원] 2025년 1분기(1~3월) 문화강좌
교육/체험,송파구,[송파문화원] 2025 제1분기 송파문화원 수강생 모집 안내!
교육/체험,종로구,"[공평도시유적전시관] 2025년 해결하라! 의금부, 임금님 00 도난사건(1,2월)"
교육/체험,,[서울대공원] 2025년 을사년 푸른 뱀 겨울 탐구생활
교육/체험,마포구,[마포구립서강도서관] 1월/어린이메이킹 해봄아 노올자! [해봄맘껏Time]
교육/체험,마포구,[마포구립서강도서관] 1월 문화프로그램 안내
교육/체험,송파구,[한성백제박물관] 제32회 [송파구 박물관 나들이]
교육/체험,광진구,[서울상상나라] 똬리 튼 뱀 빵
교육/체험,광진구,[서울상상나라] 매생이 조랭이 떡국
교육/체험,종로구,[어린이청소년 국학도서관] 성균관대학교와 함께하는 문해력 향상 교실
교육/체험,송파구,[송파문화원] 2025 제1분기 송파문화학교 신규강좌
독주/독창회,종로구,[세종문화회관] 테너 신지한 독창회
기타,종로구,2025 수문장 교대의식
전시/미술,중구,[DDP] 매거진 라이브러리: 기록에 머물다
교육/체험,중구,DDP 디자인놀이터 디키디키
교육/체험,중구,2025 DDP 투어 프로그램:건축투어
전시/미술,중구,동대문운동장 기념관
전시/미술,중구,동대문 역사관
교육/체험,노원구,[강서문화원] 2025 겸재 아카데미 실기강좌 [예술학교]
전시/미술,용산구,2025 노들섬 [아트 스페이스_엣지]
교육/체험,은평구,[은평구청] 2025 은평문화재단 문화강좌 수강생 모집 - 젬베교실 등
영화,중구,[청춘극장] 2025년 1월 영화 및 공연 프로그램
영화,동대문구,[동대문문화재단] 답십리영화미디어아트센터 답십리시네마 1월 기획전
축제-자연/경관,광진구,[광진구청] 2025 아차산 해맞이 축제
축제-자연/경관,중랑구,[중랑구청] 2025 중랑 해맞이 행사
축제-자연/경관,종로구,[종로구청] 제24회 종로구 인왕산 해맞이 축제
축제-자연/경관,강북구,[강북구청] 2025 을사년(乙巳年) 강북 해맞이 행사
축제-자연/경관,강동구,"[강동구청] 2025년 빛나는 강동, 광진교 새해 ‘첫 빛’ 맞이"
축제-자연/경관,성북구,[성북구청] 2025 을사년 성북 해맞이 축제
축제-자연/경관,강남구,[강남구청] 2025 을사년 강남구 해맞이 축제
축제-자연/경관,성동구,[성동구청] 2025 응봉산 해맞이 축제
축제-자연/경관,은평구,[은평구청] 2025 은평구 봉산 해맞이
축제-자연/경관,동대문구,[동대문구청] 배봉산 해맞이 행사
축제-자연/경관,강서구,[강서구청] 2025 개화산 해맞이
클래식,종로구,[세종문화회관] 앙상블 버라이어티 신년음악회 [클래식 무곡]
교육/체험,송파구,[송파구청] 하하호호 올림픽 눈썰매장
축제-문화/예술,종로구,[서울시청] 2024 제야의 종 타종행사
축제-문화/예술,서대문구,[서대문구청] 신촌 COUNTDOWN 2025
축제-자연/경관,중구,서울라이트 DDP : 새해맞이 카운트다운
클래식,종로구,[세종문화회관] 2024 아듀 콘서트 with 포어스트만 콰르텟 × 다니엘 린데만
클래식,종로구,"[세종문화회관] 노영심 첼로가 좋아서, 홍진호 피아노가 좋아서"
축제-문화/예술,중구,명동스퀘어 카운트다운 축제
클래식,종로구,[세종문화회관] 앙상블 유포리아 Ver.03
클래식,서초구,[서초구립내곡도서관] 재능기부 송년공연 [해설이 있는 오보에 연주회]
클래식,강북구,[세종문화회관] 모두의 클래식
전시/미술,강서구,"[겸재정선미술관] 전기환, 빛과 색채의 바닷속 풍광 적요섬"
전시/미술,강서구,"[겸재정선미술관] 이정희, 시소始笑 ; 비로소 웃다"
축제-문화/예술,동대문구,[서울경제진흥원] 2024 서울콘(SEOULCON)
콘서트,종로구,[세종문화회관] 전진희 단독 콘서트 피아노와 목소리 - farewell
클래식,강북구,[세종문화회관] 앙상블 피오레 제3회 정기연주회
교육/체험,은평구,[구립증산정보도서관] 12월 문화가 있는 도서관 로비체험행사 [겨울 비누 만들기]
클래식,성동구,[성동문화재단] 2024 성동문화나눔 송년 공연 Adios 2024 - 카로스 타악기 앙상블
연극,은평구,[구립구산동도서관마을] 보물섬ㅣ예술의전당 예술 영상화 콘텐츠 상영
무용,양천구,[양천문화재단] 리드미컬 신체극 [구미호의 포옹]
독주/독창회,서초구,신호철 첼로 독주회
뮤지컬/오페라,관악구,[관악문화재단] 가족뮤지컬 [어른들은 몰라요]
축제-시민화합,영등포구,개발도상국어린이들을 위한 힐링슈즈 날개달기 
교육/체험,광진구,[광진정보도서관] 그림책에 찰떡 : 그림책×떡 클래스
콘서트,종로구,[세종문화회관] 제7회 여로 창작 가곡의 밤
교육/체험,영등포구,[YDP창의예술교육센터] 예술놀이터 겨울 프로그램
교육/체험,중랑구,[중랑구청] 중랑구 어린이 눈썰매장
전시/미술,강남구,양수연 개인전 [Liminal Space]
축제-문화/예술,종로구,2025 서울 아시테지 겨울축제
무용,종로구,무용 [noBody]
무용,서대문구,꾸준히 해서 슥
연극,성북구,2024년 야간 공연 관람권_[베로나의 두 신사]
클래식,동대문구,[동대문문화재단] 기획공연 12월 [와인et멜로디]
연극,종로구,2024년 야간 공연 관람권_연극 [로미오 앤 줄리]
교육/체험,영등포구,[영등포문화재단] 강이연 교수의 전시 연계 특별 강연 [장밋빛 미래:모호한 경계]
클래식,강동구,[강동문화재단] 2024년 송년음악회 [Addio 2024!]
교육/체험,중랑구,"[중랑청소년문화예술창작센터] 교사를 위한 예술교육 특강 [일상의 발견, 감각의 확장]"
콘서트,종로구,[세종문화회관] 김푸름 단독 콘서트 푸르스름한 언플러그드 BLUISH Unplugged
독주/독창회,종로구,[세종문화회관] 박진영 바이올린 독주회
전시/미술,관악구,[관악문화재단] 관악+알파색채 협력전시 [IN DA COLOUR]
전시/미술,강남구,서울일러스트레이션페어 V.18
클래식,동대문구,[동대문구청] 2024 동대문아버지합창단 제6회 정기연주회
클래식,종로구,[세종문화회관] 김지수 귀국 피아노 독주회
콘서트,종로구,[세종문화회관] 민수 연말 콘서트: What a 29!
콘서트,양천구,[양천문화원] 2024 제23회 한마음 송년음악회
콘서트,중구,[중구문화재단] 2024 뮤직 퍼레이드 송년음악회
기타,중랑구,[중랑문화원] 서울시 지방문화원 육성사업 [공룡애니멀쇼]
전시/미술,성북구,2024 손경민 기획전시 [사랑이라는 화를 내는 너에게]
전시/미술,종로구,[제6회 크리스마스 선물전] 착한 사진은 버려라
콘서트,종로구,[세종문화회관] 2024 론 브랜튼의 재즈 크리스마스!
콘서트,강북구,[세종문화화관] 해금과 오카리나가 함께하는 신나는 동요파티
콘서트,동작구,[동작문화원] 문화기획공연 [동작크리스마스음악회]
교육/체험,노원구,[서울시립 북서울미술관] 관객참여 퍼포먼스 [러브-레터]
교육/체험,용산구,[노들섬] 노들윈터페스타 크리스마스 클래스 [연인을 위한 클래스2_겨울산타 모루인형 만들기]
교육/체험,종로구,"[돈의문박물관마을] 12월 25일 크리스마스, 돈의문 마을이야기 투어"
전시/미술,중구,[DDP] 행운몬과 함께하는 한국의 건강한 라운드랩 원료 여행
전시/미술,광진구,[세종뮤지엄갤러리] 겹쳐진 흔적 : Overlapped Traces - 손원영 기획초대전
연극,종로구,[종로문화재단] 연말 가족음악극 [행복한 왕자]
축제-문화/예술,종로구,2024년 겨울맞이 [크리스마스 IN 청와대 야간개방]
콘서트,종로구,[세종문화회관] 고상지 단독 콘서트 Christmas in Another World
국악,중구,[서울남산국악당] 입과손스튜디오 [긴긴밤]
교육/체험,용산구,[노들섬] 노들윈터페스타 크리스마스 클래스 [연인을 위한 클래스1_알록달록 티코스터 만들기]
콘서트,종로구,[세종문화회관] 2024 크리스마스 이브 콘서트
콘서트,영등포구,[영등포문화재단] 뮤지컬 갈라 콘서트 Winter's Melody
무용,은평구,[서울문화예술교육센터 은평] 개관 전 특별프로그램 처음 만나는 무용 [루돌프]
클래식,관악구,[관악문화재단] 2024 관악아트홀 송년콘서트 [김도현X한수진]
전시/미술,중구,[서울디자인재단] DDP 10주년 기념 오픈큐레이팅 아카이브 기획전
전시/미술,강서구,[강서문화원] 특별기획전 [공간사용연관]
콘서트,동대문구,[동대문구청] 죠이풀 크리스마스 콘서트(JOYFUL Christmas Concert)
독주/독창회,종로구,[세종문화회관] 한동연 첼로 독주회
콘서트,광진구,"[광진문화재단] 크리스마스 특별기획 '한정림의 피아노 콘서트' [Like, Home]"
교육/체험,중랑구,"[중랑청소년문화예술창작센터] 예술강사를 위한 예술교육 특강 [감각의 경험, 예술교육]"
전시/미술,종로구,[서울무형유산교육전시장] 교육생 특별전시 [학예(學藝) 전통공예를 배우다]
콘서트,종로구,[서울생활문화센터 체부] 12월 크리스마스 브런치 콘서트 [K-Flutes 플루티스트 유지연]
축제-문화/예술,종로구,제62회 대한민국연극인축제 K-Theater Awards
클래식,강남구,2024 파리나무십자가 소년합창단 특별초청공연
교육/체험,용산구,[노들섬] 노들윈터페스타 크리스마스 클래스 [어린이와 가족을 위한 클래스2_나야~산타! 무드등 만들기]
클래식,강북구,[세종문화회관] 도봉청소년오케스트라 2024 송년음악회
교육/체험,구로구,[서울아트책보고] 송태고 작가와 함께하는 북토크
국악,종로구,[서울돈화문국악당] 이정호 [Legacy of J]
콘서트,종로구,[서울생활문화센터 체부] 2024 [생활문화콘서트] 18회차 운영
전시/미술,중구,2024 서울로미디어캔버스 4회전시
축제-자연/경관,서초구,[서초구청] 양재천 겨울 눈놀이터
교육/체험,마포구,마포구 레드로드발전소 체험프로그램
기타,성동구,[성동구청] 성동구 무지개 눈썰매장
교육/체험,은평구,[구립증산정보도서관] 도서관 연말 독서권장 이벤트 [책과 쿠키가 있는 12월의 따뜻한 도서관]
전시/미술,중구,[서울디자인재단] DDP 협력전시 [+SEOUL ESG 국제교류전]
축제-기타,광진구,[서울어린이대공원] 윈터랜드
축제-문화/예술,영등포구,[영등포구청] 메리 문래 크리스마스 빌리지
콘서트,마포구,[마포문화재단] 2024 심규선 팬 콘서트 [MY OLD ＆ UGLY SWEATER PARTY]
교육/체험,종로구,[세종문화회관] 제16기 시민연극교실
콘서트,구로구,"[구로문화재단] 2024 송년콘서트 [박혜신, 별사랑]"
클래식,서초구,고은회 앙상블 : Widmung
교육/체험,은평구,"[구립증산정보도서관] 그림책감정표현놀이프로그램 [마음아, 놀자]"
교육/체험,은평구,[구립증산정보도서관]  미디어 캠프 [그림책으로 마음 헤아리기]
축제-전통/역사,중구,[남산골한옥마을] 2024 남산골 세시울림 동지 [동지섣달]
교육/체험,송파구,[서울책보고] 북콘서트 - 「구두 디자이너 뱀씨」 임윤정 작가와의 만남
클래식,노원구,[노원문화재단] 제13회 노원구립청소년합창단 정기연주회 [Merry Christmas]
교육/체험,성북구,[성북문화재단] 보문숲길도서관 개관특별 프로그램 [우리는 북극곰 지킴이]
교육/체험,강남구,[강남구립논현도서관] 이수연 작가와의 만남
클래식,강북구,[세종문화회관] 제 5회 서울 리조이스 앙상블 정기연주회 [Christmas With Rejoice]
클래식,동대문구,[동대문구청] 제5회 동대문구립소년소녀합창단 정기연주회
교육/체험,강남구,[강남구립논현도서관] 춤과 이야기로 하나되는 우리 : 『환상의 댄스배틀』 작가와의 만남
콘서트,강서구,[강서문화원] 2024 송년특집 구창모X김충훈 듀오 콘서트
콘서트,강남구,Jazz Meets Christmas 송영주 퀄텟
교육/체험,성북구,[돌곶이생활예술문화센터] 휘낭시에 꾸미기
콘서트,강북구,[세종문화회관] 꿈의숲 밴드 콘서트 [Dream Xmas_프롬올투휴먼 / 오월오일]
콘서트,양천구,어린이 마술콘서트 쇼프라이즈 - 양천
콘서트,영등포구,[영등포문화재단] 기획공연(주제극장) [김창완밴드]
교육/체험,성북구,[해오름도서관] 영어 그림책 스토리텔링 READVENTURES
교육/체험,강남구,[강남구립대치도서관] 저자특강 『신기한 맛 도깨비 식당』 김용세 작가와의 만남
교육/체험,구로구,[서울아트책보고] 함께하는 그림책 낭독 with 콕콕콕
교육/체험,종로구,"[운현궁] 2024 운현궁과 함께하는 작은 설, 동지"
클래식,강북구,"2024 강북구립 소년소녀합창단 창단 7주년 정기연주회 [함께, 너와 내가 행복해]"
축제-문화/예술,노원구,[노원구청] 경춘선 공릉숲길 크리스마스 마켓
교육/체험,용산구,[노들섬] 노들윈터페스타 크리스마스 클래스 [어린이와 가족을 위한 클래스1_반짝반짝 샹들리에 만들기]
클래식,종로구,[세종문화회관] 린트리오 기획연주회 [Winter Serenades]
클래식,도봉구,[도봉문화원] 2024. 문화가 있는 날 송년음악회
전시/미술,마포구,[월드컵공원] 억새뱀 부부 전시&겨울 별빛 정원
전시/미술,종로구,[서울공예박물관] 제1회 서울시 유리지공예상 수상작 특별전 [지구의 언어]
기타,광진구,2024 한강공원 눈썰매장
축제-문화/예술,중구,[서울시청] 서울광장 스케이트장
교육/체험,동대문구,[동대문구청] 2024~2025 동대문구 눈썰매장
교육/체험,성북구,[성북구청] 성북구 겨울 썰매장
전시/미술,영등포구,[영등포문화도시센터] 역량강화 워크숍 토끼굴에 빠진 예술가 결과전시 [토끼굴의 두께]
축제-기타,영등포구,[미래한강본부] 2024 한강페스티벌-겨울 [Hangang River Festival-Winter]
축제-문화/예술,영등포구,2024년 로맨틱 한강 크리스마스마켓
축제-문화/예술,영등포구,2024 한강페스티벌 스노우 돔
전시/미술,마포구,[마포문화재단] 2024 지역예술가 전시공간 지원사업 지역작가전 ‘오늘은’
축제-문화/예술,광진구,[광진구청] 2024 로맨틱 광진 크리스마스 마켓
교육/체험,성북구,[성북여성문화센터] 특강 - 12월 원데이클래스 [크리스마스 키리쉬 케이크 만들기]
축제-문화/예술,강북구,[강북구청] 강북 그린 산타 마켓
무용,성동구,[성동문화재단] 성동문화재단과 M발레단이 함께하는 크리스마스 [호두까기 인형]
교육/체험,성동구,"[외:로움이의 집] 저마다의 외로움이 연결되는 곳, 체험형 반짝 공간"
축제-전통/역사,종로구,[북촌문화센터] 북촌도락 12월 [경사로움을 맞이하기 위한 동지]
무용,강북구,[강북문화재단] 동화발레 [눈의 여왕]
교육/체험,종로구,[서울공예박물관] Open Studio : 콕콕 양모공예(12월 20일)
교육/체험,광진구,[광진정보도서관] 60년대생이 온다
교육/체험,송파구,[서울책보고] 인문밴드 레이와 함께하는 [문학 속 폭력을 재즈로 위로하다]
교육/체험,동작구,"[동작문화재단] 불편한 편의점, 나의 돈키호테 저자 [김호연 작가와의 만남]"
교육/체험,강남구,[강남구립청담도서관] 노벨문학상 수상작가 작품 깊이 읽기 - 새로운 사유의 시작 [한강]
교육/체험,중구,[서울도서관] 서울 문화의 밤(12월) 행사 - 송진완 작가와 방구석 북토크
교육/체험,성북구,[서울연극창작센터] 개관 전 특별 프로그램 2024 PLAY-UP 아카데미 [시선 끝의 연극] 5회차
연극,종로구,2024년 야간 공연 관람권_[푸른 늑대의 파수꾼]
콘서트,구로구,[세종문화회관] 메리 크리스마스 & 해피 뮤직 ; 커피소년X유발이
연극,종로구,2024년 야간 공연 관람권_[발사 6개월 전]
교육/체험,종로구,"[서울시립 미술아카이브] 밤마중 미술관: 낭독의 감촉, 두 번째 시간"
교육/체험,종로구,[서울역사박물관] 2024년 겨울특집 [영뮤지엄]
독주/독창회,서초구,2024 라율 영재&영아티스트 독주회 Special 시리즈  [임현수 바이올린 독주회 배리어프리 공연]
교육/체험,종로구,[서울역사박물관] 태평계태평 : 태평성대로 기억된 18세기 서울 전시 해설 안내
클래식,강북구,[세종문화회관] 명지대학교 피아노전공 제1회 정기연주회
기타,종로구,[세종문화회관] 하피스트 곽정의 Sharing Love 13
뮤지컬/오페라,송파구,[송파문화원] 12월 특별 행사 - 해설이 있는 오페라 [라보엠]
전시/미술,중구,[서울시립미술관] 김성환 개인전 《Ua a‘o ‘ia ‘o ia e ia 우아 아오 이아 오 이아 에 이아》
교육/체험,종로구,[종로구립 박노수미술관] 한국화 콜라주 만들기 [만지면서 그리는 한국화그리기]
축제-문화/예술,중구,서울라이트 DDP 2024 겨울
축제-문화/예술,중구,2024 DDP 디자인마켓
무용,종로구,[세종문화회관] 유니버설발레단 [호두까기인형]
뮤지컬/오페라,마포구,[마포문화재단] 2024 M 송년 가족뮤지컬 [산타우체국]
교육/체험,성북구,[성북여성문화센터] 특강 - 초등 재미있는 한자교실
축제-문화/예술,강남구,[강남구청] 2024 서울 미디어아트 페스티벌
무용,중구,[국립무용단] 향연
전시/미술,강남구,K-핸드메이드페어 2024
축제-시민화합,종로구,"[종로구청] 2024 종로 청계야, 놀자"
클래식,송파구,"[서울시립교향악단] 2024 서울시향 얍 판 츠베덴의 환희의 송가 ①, ②"
무용,성북구,[성북문화재단] 아리랑시네센터 - SAC on Screen 발레 [지젤]
클래식,강북구,[세종문화회관] 김지연 피아노 독주회
영화,성북구,[성북문화재단] 아리랑시네센터 - 배리어프리 영화 상영회 [마당을 나온 암탉]
교육/체험,중구,[DDP] 퓨처시티 서울: 빛으로 그린 미래 [스페셜 포럼 Vol.2]
콘서트,용산구,[용산구청] 히든싱어와 함께하는 크리스마스 LOVE 콘서트
클래식,서초구,2024 라율 영재&영아티스트 독주회 Special 시리즈 [이정현 첼로 독주회] 배리어프리 공연
교육/체험,종로구,[종로문화재단] 성인독서토론 [이 밤에 책을 잡고]
콘서트,종로구,[세종문화회관] 제 32회 아티너스 (Art in Us) 정기연주회
교육/체험,동대문구,[제기동감초마을현진건기념도서관] 체인지어스의 '찾아가는 종이팩 재활용 환경교육'
전시/미술,영등포구,[영등포문화재단] 장밋빛 미래: 모호한 경계
전시/미술,중구,DDP 디자인 쇼윈도: 2024 ddp 디자인론칭페어
전시/미술,종로구,[종로문화재단] 2024 무계원 대외협력 전시 [데이트(DATE)]
전시/미술,강동구,[강동문화재단] 숨 그리고 숲 展
전시/미술,강남구,[슈페리어갤러리] 시간을 잇는
전시/미술,광진구,[세종뮤지엄갤러리] 관계의 재구성 - 성기혁 기획초대전
기타,노원구,"[노원문화재단] 2024 노원문화공회, 노원 예술인의 2025년을 이야기하다"
뮤지컬/오페라,금천구,[금천문화재단] 너나나시리즈 [나를 닮은 여름에게]
클래식,강남구,[강남구청] 강남구-청운교회와 함께하는 송년음악회
교육/체험,동대문구,[용두어린이영어도서관] 이화여자외국어고등학교와 함께하는 북리더 영어스토리텔링 - 12월 18일
교육/체험,은평구,[구립증산정보도서관] 책과 함께하는 [어린이 수요공작회] 12월 
콘서트,마포구,[마포문화재단] 2024 마포문화재단 송년음악회 [라포엠 크리스마스 콘서트]
무용,종로구,[세종문화회관] 12월 누구나 클래식 [유니버설발레단 - 호두까기인형]
클래식,종로구,[세종문화회관] 마인츠의 유쾌한 음악가들
클래식,종로구,[세종문화회관] 12월 [누구나 클래식] 신청 안내(다자녀 가족)
축제-기타,중구,2024 행복한 소잉 나눔 페스티벌 
무용,종로구,[세종문화회관] 2024년 판댄스컴퍼니 정기공연 [꿈틀]
교육/체험,마포구,[마포중앙도서관] 2024년 연말 명사초청강연 [물리학이 우주와 인간에 대해 알려준 것들]
교육/체험,도봉구,[편지문학관] 2024. 편지 인문학 특강 [편지로 보는 인문학: 행복과 위로의 시작]
기타,동대문구,[답십리영화미디어아트센터] 원데이 무비 클래스 - 영화기행: 홍콩 영화로 보는 홍콩의 역사
클래식,서초구,[서초문화원] 2024 송년기념공연: 푸치니 오페라 라보엠
영화,강남구,[강남구립도곡정보문화도서관] 문화가 있는 날 12월 영화상영 [프린스 코기]
전시/미술,노원구,"[서울시립 북서울미술관] 2024 유휴공간 전시 《멀리서 손바닥으로, 반짝》"
전시/미술,종로구,[세종문화회관] 2025 한글일일달력전
전시/미술,은평구,[은평문화재단] 지역작가 초대전 - 이병옥 [전환 : CONVERSION]
전시/미술,노원구,[노원문화원] 2024 노원문화원 문화강좌 수강생 전시회&발표회
영화,종로구,2024 공예영화제
축제-문화/예술,관악구,"[관악문화재단] 2024년 관악 우수창작 문화콘텐츠 지원사업 [관희씨를 찾습니다 시즌4] 성과공유회[ 찾았다, 관희씨!]"
교육/체험,성북구,[성북여성문화센터] 특강 - 12월 원데이클래스 [손뜨개 크리스마스 리스 만들기]
콘서트,마포구,[마포문화재단] 마포구립합창단 제15회 정기연주회 [첫사랑]
교육/체험,은평구,[구립증산정보도서관] 12월의 힐링 문화클래스 - 시들지 않는 모루 꽃다발
클래식,영등포구,2024 송년음악회 한국오페라연구회 제 55회 정기연주회
클래식,강북구,[세종문화회관] 조현진(Flute)&조현수(Piano) 듀오콘서트
클래식,종로구,[세종문화회관] 메조 소프라노 정현아 & 테너 이인학 두오 리사이틀
전시/미술,종로구,[세종문화회관] 2024 세종문화회관 공간큐레이팅 [The Corner]
기타,성북구,[성북문화예술교육센터] 장애/비장애 통합 문화예술교육 연구 모임 [누구를 만날지 모르니까]
교육/체험,은평구,[구립증산정보도서관] MAKE A WISH 나만의 새해 캘린더 만들기
교육/체험,은평구,[구립증산정보도서관]  명지대학교 문헌정보학과 재학생 재능기부 프로그램 [생각 쑥쑥 그림책 놀이터Ⅱ]
독주/독창회,종로구,[세종문화회관] 최재원 피아노 독주회 [추억]
교육/체험,관악구,[관악청년청] 2024 청년 역량 강화사업 넥스트트랙 확장판 [이야기를 담다]
콘서트,종로구,[서울생활문화센터 체부] 2024 [생활문화콘서트] 17회차 운영
클래식,강북구,[세종문화회관] 오아미 첼로 독주회
교육/체험,마포구,[마포구립서강도서관] 12월/어린이메이킹 [행복맘껏time] (일요일은 해봄공간 오픈데이)
교육/체험,성북구,[성북정보도서관] 어린이 환경 프로그램 [업사이클링 추억의 액자 만들기]
교육/체험,도봉구,[도봉기적의도서관] 그림책과 함께하는 베어브릭 페인팅
교육/체험,동대문구,[이문어린이도서관] 그림책 바느질 공방 - 크리스마스 펠트 소품 만들기 (초등 1~2학년)
교육/체험,구로구,[서울아트책보고] 아트책보고 해피홀리데이_12월 15일
교육/체험,동대문구,[이문어린이도서관] 그림책 바느질 공방 - 크리스마스 펠트 소품 만들기 (초등 3~4학년)
클래식,성동구,겨울 바람속의 쇼팽 : 피아니스트 김기경 Chopin in the Winter Winds
연극,성북구,[미아리고개예술극장] 미아리고개에술극장 상주단체 신작 [멸망의 로맨스]
교육/체험,종로구,[종로문화재단] 우리소리도서관 [나도 소리꾼!]
교육/체험,강서구,[강서문화원] 2024년 겨울 체험 특강
축제-문화/예술,성북구,[성북문화재단] 오동숲속도서관 2024 연말 프로그램 [룰루랄라! 오동숲속도서관 크리스마스 파티]
무용,성동구,Brachiation
뮤지컬/오페라,강북구,[세종문화회관] 루돌프와 산타할아버지
교육/체험,은평구,[구립증산정보도서관] 공연 연계형 가족 독서체험 [신비의 세계로! 우리 가족 상상 모험] 2탄 - 비밀의 도서관
교육/체험,동대문구,[제기동감초마을현진건기념도서관] 한국외대 EU연구소 특강 - 영어로 유럽 문화 알아보기
교육/체험,성북구,"[성북문화재단] 달빛마루도서관 - 12월, 책으로 놀자! [꽁꽁! 추워도 괜찮아]"
교육/체험,도봉구,[도봉문화재단] 도봉구 반려견 방범대 [오!써방 히어로] 간담회
축제-기타,관악구,[관악청년청] 2024 관악청년청 오픈하우스 [겨울방학숙제] 참여자 모집
클래식,은평구,"[구립구산동도서관마을] 겨울날, 피어오른 마을음악회"
교육/체험,송파구,[송파문화재단] 마음공감 특별프로그램 [어린이와 마음공감]
축제-문화/예술,노원구,[노원문화재단] 노원어린이극장 축제프로그램 [와따가따 가족극장 겨울축제]
교육/체험,구로구,[구로문화원] 우리 모두 꽃이야!
교육/체험,동대문구,[용두어울림작은도서관] 2024년 연말 행사 노래하는 크리스마스
클래식,서초구,[서리풀청년예술단 서초M.스타즈] 4기 기획공연 [합;Innovation] 
교육/체험,구로구,[서울아트책보고] 예술놀이터: 크리스마스 하우스/ 크리스마스 2단 케이크 보관함
교육/체험,송파구,[송파문화재단] 김수현 작가와의 만남 [나는 나로 살기로 했다]
교육/체험,종로구,[서울공예박물관] 비밀요원 CMI: 밤이와 함께 비밀코드를 해결하라!_12월
클래식,종로구,[서울시립교향악단] 2024 서울시향 실내악 시리즈 VII: 베토벤과 스메타나
교육/체험,성북구,[돌곶이생활예술문화센터] 크리스마스 파스타 만들기
교육/체험,강남구,[강남구립대치도서관] 『명탐정 닭다리 탐정』 정인아 작가와의 만남
콘서트,구로구,[구로문화재단] 2024 구로락페
콘서트,종로구,[운현궁] 2024 운현궁 한옥콘서트(12월)
교육/체험,마포구,[월드컵공원] 2025 억새풀 워크숍 : 억새뱀 가족 만들기 
콘서트,구로구,"2024 카즈미 타테이시 트리오 내한공연-크리스마스, 재즈를 만나다-(서울)"
클래식,성북구,[성북문화재단] 아리랑어린이도서관 - 나의최애도서관의 연말행사 [모두의 음악]
연극,영등포구,[영등포문화재단] 기획공연(주제극장) [호야:好夜]
교육/체험,성북구,[성북문화재단] 아리랑어린이도서관 - 나의최애도서관의 연말행사 [가능성의 세계]
콘서트,성북구,[성북문화재단] 윈터콘서트 스탠딩에그 : 길을 잃지 않은 우리
교육/체험,마포구,[마포중앙도서관] 책 읽어주는 책솔이 11회차
콘서트,종로구,[세종문화회관] 2024 SOMEDAY PLEROMA
교육/체험,마포구,[마포소금나루도서관] 「이상한 나라의 헌책방」 윤성근 작가가 알려주는 성장하는 독서 방법
교육/체험,성북구,[성북문화재단] 아리랑어린이도서관 - 나의최애도서관의 연말행사 [깡충깡충 토끼깡충]
교육/체험,광진구,[서울상상나라] 자연속으로
콘서트,강북구,[강북문화재단] 샹송 콘서트 [당신 곁에 파리]
축제-문화/예술,노원구,[노원문화재단] 제2회 노원예술인의 밤
축제-문화/예술,성동구,[성동구청] 성동 글로벌 문화체험 축제
축제-기타,종로구,[돈의문박물관마을] 돈의문 윈터 빌리지 : 재주 많은 산타요정
연극,동대문구,[서울문화재단] 2024 서울시민예술학교 연극 마스터 과정 발표 공연 [체호프 단편선 입체 낭독극]
무용,서초구,[서초구청] Christmas in 서초
콘서트,강북구,[세종문화회관] 영레이디스싱어즈 제3회 정기연주회
교육/체험,마포구,[서울생활문화센터 서교] 생생리페어샵_크리스마스 양말 장식 만들기
전시/미술,노원구,서울시립과학관 2024년 특별기획전 [언제나 미래였던 : 우주유영]
전시/미술,종로구,[서울역사박물관] 태평계태평太平繼太平: 태평성대로 기억된 18세기 서울
축제-문화/예술,종로구,[서울관광재단] 2024 서울빛초롱축제
축제-기타,종로구,2024 서울윈터페스타
축제-문화/예술,종로구,[서울관광재단] 2024 광화문 마켓
전시/미술,종로구,2024 아뜰리에 광화 3회 전시
축제-자연/경관,종로구,2024 서울라이트 광화문
축제-문화/예술,중구,"2024 겨울, 청계천의 빛"
전시/미술,노원구,[제3회 노원구 민간기록물 수집 공모전] 수상작 및 출품작 전시 & 전시 오프닝
전시/미술,노원구,[노원문화재단] 2024 경춘선숲길 갤러리 연말 기획전시 김신아 초대전 [약속된 자리]
클래식,관악구,[관악문화재단] 2024 관악아트홀 송년콘서트
무용,종로구,[세종문화회관] 에이플러스
무용,마포구,[마포문화재단] 2024 M 송년 발레 [호두까기인형]
뮤지컬/오페라,강서구,[강서구청] 강서구립극단 20주년 특별공연 창작 뮤지컬 [도연]
무용,종로구,전통춤 원류의 세 가지 색 [2024 전통춤 류파전]
연극,금천구,"[금천문화재단] 공연장상주단체 창 낭독극 [크노크, 어쩌면 의학의 승리]"
연극,구로구,[구로문화재단] 연극 [나쁘지 않은 날]
교육/체험,중구,[서울도서관] 서울 문화의 밤(12월) 행사 - 김보희 작가와 방구석 북토크
클래식,관악구,[관악문화재단] 2024 관악아트홀 송년콘서트 [Winterland]
클래식,강북구,[세종문화회관] 이야기와 음악이 흐르는 콘서트 2-김미령 바이올린 독주회
기타,용산구,제2회 호수문화재단 정기연주회 [석암제 시조의 脈]
기타,송파구,[한성백제박물관] 중부고고학회 공동주최 기획학술대회 개최 [2024년 중부지역 문화유적 조사성과]
교육/체험,관악구,"[서울시립 남서울미술관] 《건축의 장면》 전시 연계 프로그램 [건축적으로 전시보기: 이윤석(참여 작가, 건축가) × 방소연(큐레이터)]"
교육/체험,강남구,[강남구립 하늘꿈도서관] 주당별곡 #4 민족의 흥
클래식,서초구,[살롱클래식] 엄희원 방지윤 듀오 연주회
교육/체험,강남구,[강남구립청담도서관] 노벨문학상 수상작가 작품 깊이 읽기 - 새로운 사유의 시작 [오르한 파묵]
교육/체험,광진구,[자양한강도서관] 자기 앞의 生(12월): 백희성 작가와의 만남
연극,마포구,"2024년 야간 공연 관람권_산울림 편지콘서트 [쇼팽, 블루노트]"
연극,종로구,2024년 야간 공연 관람권_[화성골 소녀]
영화,은평구,"[구립구산동도서관마을] 영화상영 및 차담회 - 만남이 계속되는 지구마을, 네팔"
콘서트,도봉구,[도봉구청] 크리스마스 함께 콘서트
클래식,종로구,[세종문화회관] 소노로스 앙상블 기획연주 시리즈 I
교육/체험,은평구,[은평구립도서관] 오감톡톡 상상동화놀이터
교육/체험,종로구,[서울공예박물관] Open Studio : 콕콕 양모공예(12월 13일)
교육/체험,성북구,[서울연극창작센터] 개관 전 특별 프로그램 2024 PLAY-UP 아카데미 [시선 끝의 연극] 4회차
축제-기타,성북구,"[성북문화재단] 석관동미리내도서관 연말행사 [도란도란, 공유의 밤] 참여자 모집"
교육/체험,송파구,[한성백제박물관] 백제 왕도 달빛 기행 [구석구석 박물관 탐험]
클래식,서초구,[서초문화재단] 2024 클래식다방 갈라콘서트
전시/미술,강서구,[스페이스K 서울] 최민영: 꿈을 빌려드립니다 (Minyoung Choi: Dreams for Hire)
전시/미술,중구,[서울시립미술관] 《박광진: 자연의 속삭임》 
전시/미술,은평구,[은평역사한옥박물관] 싱그러움을 그러모아
전시/미술,마포구,문화비축기지 2024 기획전 [기억의 정경:사라지는 여운]
뮤지컬/오페라,종로구,[세종문화회관] 뮤지컬 「맥베스」
전시/미술,노원구,"[노원문화재단] 문화공간 정담 연말 기획전 [그러나, 크리스마스!]"
교육/체험,관악구,[관악구문화도시센터 전문가 특강 시리즈] 2024 우주관문 더 클래스 THE CLASS
교육/체험,강남구,[강남구립논현도서관] 안전한 내 집 마련(주거교육)
교육/체험,성북구,[돌곶이생활예술문화센터] 바늘 없이 내 손으로 만드는 털모자&목도리
전시/미술,마포구,[마포문화재단] 2024 지역예술가 전시공간 지원사업 - 지역작가전 [느슨한 걸음으로]
연극,종로구,연극 [식탁]
연극,종로구,[종로문화재단] 음악동화 [행복의 파랑새]
클래식,송파구,"[서울시립교향악단] 2024 서울시향 얍 판 츠베덴의 브루크너 교향곡 7번 ①, ② "
기타,종로구,[종로문화재단] 음악동화 [행복의 파랑새]
연극,강북구,[세종문화회관] 전기수
교육/체험,은평구,[은평문화재단] 불광천미디어센터 미디어 기획특강 -AI와 문화예술의 현재와 미래-
기타,성북구,[돌곶이생활예술문화센터] 2024 돌곶이 송년 음악회
연극,구로구,[구로문화원] 한겨울 전래동화 소리극
국악,종로구,[서울돈화문국악당] 복미경 [복미경의 참춤 ‘井’]
교육/체험,강남구,[강남구립논현도서관] 다시 읽는 『토지』
기타,마포구,[마포구립서강도서관] 12월/낭독회 [누구라도 괜찮아 열한 번째 낭독회]
클래식,은평구,[은평문화재단] 2024 알테무지크서울 은평송년음악회 [Good Bye 2024!]
클래식,서초구,[서초문화재단] 2024 서리풀 송년음악회
교육/체험,강북구,[강북구청] 2024년 세계인권선언의 날 기념 명사 특강
교육/체험,강남구,[강남구립역삼푸른솔도서관] 휴먼살롱 시즌2 : 고전문학
콘서트,강북구,[세종문화회관] 개교59주년 영훈에이레네 합창단 정기연주회
독주/독창회,종로구,[세종문화회관] 소프라노 서보란 독창회
교육/체험,송파구,[송파문화재단] 최재천 교수 강연 [최재천의 곤충사회]
연극,도봉구,"[도봉문화재단] 도봉아트극장 [삼양동화-헨젤과 새엄마, 거울을 깬 왕비]"
축제-문화/예술,서대문구,한국가곡페스티벌 [한글과 음악의 만남]
전시/미술,강남구,유석일 개인전 [Penetrating Vision]
축제-문화/예술,강서구,[강서구청] 제2회 마곡 위시빌리지
전시/미술,광진구,[세종뮤지엄갤러리] 서정 이승연 기획초대전
교육/체험,동대문구,[동대문문화재단] 2024년 동대문구 N개의 서울 수평과 수직들 체험존 운영
전시/미술,중랑구,"[중랑아트센터 대관전] 서울과학기술대학교 전시기획 동아리 _Blank 《내(나의, 안)》"
교육/체험,노원구,[서울시립 북서울미술관] 청소년들을 위한 연말 특별 전시해설
클래식,성동구,[성동구청] 정오의 문화공연
교육/체험,강남구,[강남구립논현도서관] 할미언니와 함께하는 재테크 첫걸음
교육/체험,종로구,[서울시립교향악단] 2024 서울시향 마스터클래스 시리즈: 호른 케이티 울리 
클래식,강북구,[세종문화회관] 개교59주년 영훈오케스트라 정기연주회
클래식,송파구,[송파문화재단] 2024 송파 송년음악회
기타,서대문구,[서울문화재단] 청년예술청 연말 네트워킹 파티 [닿음; NEXT UP]
교육/체험,동대문구,[장안어린이도서관] 메리 해피 플라워: 드라이 플라워로 고체 방향제 만들기
영화,구로구,[서울아트책보고] 상영회 - 영화살롱 12월 [장손] + GV
교육/체험,성북구,[돌곶이생활예술문화센터] 산타 할아버지 가방 만들기
콘서트,종로구,[세종문화회관] 서울센트럴남성합창단 제12회 정기연주회
교육/체험,동대문구,[장안어린이도서관] 메리 크리스마스 키링: 크리스마스 리스 키링 만들기
클래식,종로구,[세종문화회관] 2024 트리아 트리오 정기연주회
전시/미술,종로구,[서울시] 2024 해치마당 미디어월 4회전시 [여정]
전시/미술,광진구,[서울상상나라] 특별전시ㅣ상상 우주여행
전시/미술,관악구,[관악문화재단] 크리스마스랜드
전시/미술,동작구,[동작문화재단] 2024 사육신역사관 기획전 [켜켜이 상도동]
영화,중랑구,[중랑아트센터] 12월 중랑독립영화관
축제-문화/예술,중구,[서울도서관] 「2024 세계노벨문학축제」 - 한국 문학의 미래: 박상영
축제-문화/예술,중구,[서울도서관] 「2024 세계노벨문학축제」 한강 작가 작품 낭독 및 축하공연
클래식,종로구,[세종문화회관] 제54회 메시아 연주회
클래식,종로구,[세종문화회관] 서울시국악관현악단 실내악 시리즈 II [남다른 기품]
축제-문화/예술,중구,[서울도서관] 2024 세계노벨문학축제 - 노벨문학상의 과거: 오르한 파묵
축제-문화/예술,중구,[서울도서관] 「2024 세계노벨문학축제」 - 노벨문학상의 현재: 밥 딜런
축제-문화/예술,중구,[서울도서관] 「2024 세계노벨문학축제」 - 노벨문학상의 현재: 한강
클래식,강북구,[세종문화회관] 2024 유망신예 데뷔콘서트
축제-문화/예술,중구,[서울도서관] 「2024 세계노벨문학축제」 - 한국 문학의 미래: 최은영
클래식,서초구,달항아리를 위한 시 [이신우의 가지 않은 길 II]
기타,중랑구,[문화N중랑] 중랑문화재단 송년기획 [최현우의 라스베가스 매직 쇼]
교육/체험,동대문구,[용두어울림작은도서관] 이주윤 작가가 전하는 필사 이야기 [더 좋은 문장을 쓰고 싶은 당신에게]
축제-문화/예술,중구,[서울도서관] 「2024 세계노벨문학축제」 - 노벨문학상의 과거: 헤르만 헤세
교육/체험,종로구,[종로문화재단] 우리소리도서관 [해금과 시 낭송]
교육/체험,서초구,[서리풀청년예술단 서초M.스타즈] 4기 실내악 집중 코칭 위크 Open Class
독주/독창회,종로구,[세종문화회관] 최명지 귀국 피아노 독주회
영화,노원구,[서울시립과학관] 12월 일상실험실: 실험실 체험 프로그램
교육/체험,구로구,[서울아트책보고] 12월 책보고 마술보고
교육/체험,구로구,[서울아트책보고] 아트책보고 해피홀리데이_12월 08일
클래식,서초구,[살롱클래식] 블랑누아 앙상블
교육/체험,은평구,[구립증산정보도서관] 공연 연계형 가족 독서체험 [신비의 세계로! 우리 가족 상상 모험] 1탄
교육/체험,동대문구,[이문어린이도서관] 꿈을 이뤄주는 마법의 주문 - 임수정 작가와의 만남 (초등 1~3학년)
클래식,강북구,[세종문화회관] 조이 클라리넷 앙상블 제9회 정기연주회
국악,관악구,[관악문화재단] 엄마와 딸이 함께 듣는 가야금 테라피 [관악실록]
국악,종로구,[서울돈화문국악당] 서공철류 가야금산조 전바탕 - 김철진
교육/체험,성동구,[성동구립매봉산숲속도서관] 정은주 작가와의 만남 [산타를 믿습니까]
콘서트,종로구,[서울생활문화센터 체부]  2024 [송년 생활문화콘서트]
축제-문화/예술,동대문구,2024 동대문구 송년 트로트 대축제
연극,서초구,[서초구립내곡도서관] 산타의 크리스마스
영화,강남구,[강남구립논현도서관] 12월 논현 나잇 토요시네마
영화,은평구,[구립증산정보도서관] 12월 주말영화상영안내
영화,중랑구,[중랑아트센터] 12월 토요키즈극장
교육/체험,중랑구,"[양원숲속도서관] 대중음악, 인문학과 만나다"
교육/체험,종로구,"[서울공예박물관] 장인의 보물상자_나전공예편 5, 6학년]_12월"
교육/체험,종로구,"[서울공예박물관] 장인의 보물상자_나전공예편 [3, 4학년]_12월"
전시/미술,종로구,[서울시립 미술아카이브] 2024 서울시립 미술아카이브 대학연계프로그램 결과보고전 《다시 만난 세계》
교육/체험,종로구,[종로문화재단] 진로 탐색 능력을 기르는 독서활동(겨울방학특강)
교육/체험,성북구,"[돌곶이생활예술문화센터] 겨울날, 시와 함께 메탈 듣기"
클래식,광진구,[광진문화재단] 이야기가 있는 키즈 클래식 [빨간모자와 늑대]
기타,중구,서울역 개장 100주년 기념 리서치 프로젝트 [레일웨이 0]
축제-문화/예술,중랑구,제3회 중랑별빛영화제
교육/체험,동대문구,[용두어울림작은도서관] 2024년 연말 행사 [산타는 가방이 필요해]
기타,강남구,[강남구립정다운도서관] 2024 정다운 책송년회 [정다운 울림]
연극,노원구,[노원문화재단] 2024 문화강좌 연극교실 낭독발표회 [겨울 밤의 낭독극 다섯 편]
콘서트,종로구,[종로문화재단] 연말연시(詩) 북콘서트
클래식,종로구,[서울역사박물관] 제5회 박물관 토요음악회
교육/체험,중구,[서울시립미술관] 2024 도슨트 역량강화 교육 'Part 2. 다양한 문화 배경'
콘서트,강북구,[세종문화회관] 고려대 82학번 본세아바합창단 정기공연
클래식,서대문구,[서대문구청] 2024 행복과 환희의 서대문구 송년음악회
교육/체험,구로구,"[서울아트책보고] 예술놀이터: 오리연못 연필꽂이, 캐릭터 하트 거울 보석함"
클래식,종로구,[세종문화회관] 세종CEO합창단 제16회 정기연주회
교육/체험,은평구,[구립증산정보도서관]  그림책보드게임지도사 양성과정 후속 프로그램 [그림책 보고 보드게임으로 놀고] : 맨해튼편
콘서트,구로구,어린이 마술콘서트 쇼프라이즈 - 구로
교육/체험,관악구,[관악문화재단] 2024 [로열 인문학] 안은미 무용가와의 만남
클래식,서초구,[살롱클래식] 강수현 바이올린 독주회
교육/체험,동대문구,[제기동감초마을현진건기념도서관] 권오준 작가와의 만남 : 자연에서 만나는 지혜
콘서트,은평구,[은평문화재단] 2024 수요맞춤형 우수공연 뮤지컬 갈라 콘서트 [3 Star Concert]
교육/체험,동대문구,[장안어린이도서관] 호호호호박! 한연진 작가와의 만남
콘서트,강서구,[강서문화원] 리턴 투 대학가요제 with 전유나
콘서트,강남구,[서울시립교향악단] 2024 서울시향과 함께하는 미라클(美樂Classic) 서울 : 크리스마스 선물
콘서트,구로구,구로구립소년소녀합창단 제14회 정기연주회 [Tout ira bien : 다 잘 될 거야]
교육/체험,금천구,[서울시민대학] 크리스마스와 함께 하는 비르투오소 인 클래식
국악,종로구,[서울돈화문국악당] 김준수의 수궁가
클래식,마포구,[마포문화재단] 2024 꼬레아 리듬터치 四. 판소리 레미제라블 [구구선사람들]
무용,광진구,[리틀엔젤스예술단] 정기공연 HARMONY (하모니)
뮤지컬/오페라,종로구,오페라 갈라
전시/미술,중구,JJ: op. 1&2
교육/체험,광진구,[서울상상나라] 47기 영유아요리학교
영화,은평구,[은평구립도서관] 은평 겨울 극장
영화,중랑구,[중랑아트센터] 12월 미술관 속 작은 영화관
전시/미술,강남구,[아르떼케이] Where Dreams have no end: 별 품은 돛 - 이고운
전시/미술,동작구,[동작문화재단] 2024 동작아트갤러리 전시기획공모사업 선정전시 1부 [흔적의 깊이]
축제-문화/예술,노원구,[서울시립 북서울미술관] Buk-SeMA 뮤지엄 나이트 가족 프로그램 [배낭 탐험가 전시 투어+천사 가랜드 만들기]
연극,종로구,[서울문화재단] 쿼드초이스 - 박근형 계절 연작 시리즈 [겨울은 춥고 봄은 멀다]
교육/체험,강동구,[강동문화재단] 계간 생활문화 프로그램 : 커스텀 펫 패션 소품 만들기
교육/체험,도봉구,[도봉문화원] 2024. 도봉구 문화 관광 프로그램
연극,노원구,[노원문화재단] 2024 노원어린이극장 기획공연 동화 발레 [백조의 호수]
교육/체험,강북구,"[서울문화재단] 도란도란 이야기따라, 쓰담쓰담 민화 속으로 [전기수전]"
교육/체험,종로구,[한양도성박물관] 기획전시 연계 특강
클래식,서초구,[서초문화재단] 서초교향악단 & 오케스트라 아카데미 [세레나데 SERENADE]
클래식,서초구,[서초구청] 제1259회 서초금요음악회 [노래로 전하는 러시아 음악이야기]
뮤지컬/오페라,노원구,[서울시립 북서울미술관] 뮤지엄 나이트 금요樂 「신비한 빨간모자」
기타,성북구,[성북구청] 2024 정릉사계 겨울음악회 [정릉 크리스마스]
무용,강북구,"[세종문화회관] 세류지맥-춤, 그 영원한 이야기"
클래식,강북구,[세종문화회관] 테너 방명원 귀국독창회
콘서트,동작구,[동작구청] 동작방과후꿈터 발표회 [동작꿈키움 드림콘서트]
기타,동작구,[동작문화재단] 2024 동작 예술인의 밤
교육/체험,성북구,[서울연극창작센터] 개관 전 특별 프로그램 2024 PLAY-UP 아카데미 [시선 끝의 연극] 3회차
교육/체험,은평구,[서울공예박물관] Open Studio : 콕콕 양모공예(12월 6일)
기타,성동구,[성동문화재단] 2024년 N개의 서울 [브라보 마이 시니어 패션쇼]
교육/체험,종로구,[서울공예박물관] 특별전 [공예로 짓는 집] 큐레이터와 함께하는 전시해설 | 12월
콘서트,종로구,[종로문화재단] 무라카미 하루키와 만나는 재즈살롱
콘서트,종로구,[서울 문화의 밤] 라이브공연 [최진주트리오&하이매직]
연극,종로구,2024년 야간 공연 관람권_[인생 오후 그리고 꿈]
영화,종로구,[서울 문화의 밤] 야간영화제 [이프:상상의 친구](2024)
클래식,마포구,[마포문화재단] M 아티스트 2024 김동현 바이올린 리사이틀 II
클래식,강남구,"[강남문화재단] 강남합창단 제45회 정기연주회 [슈베르트, 그리고 겨울의 회상]"
축제-문화/예술,금천구,[금천구청] 2024 금천 송년 합창 페스티벌
전시/미술,노원구,[서울시립 북서울미술관] 2024 타이틀 매치: 홍이현숙 vs. 염지혜 《돌과 밤》
전시/미술,용산구,[갤러리더씨] Taylor Seo: Bodies
기타,마포구,[마포구립서강도서관] 12월/어린이메이킹 [해봄아 노올자! 해봄맘껏Time]
교육/체험,강남구,[강남구립역삼푸른솔도서관] 웰 에이징:건강하게 나이 들기
교육/체험,중구,[중구문화재단] 인현이음 12월 문화예술 ? 원데이 프로그램
축제-문화/예술,성동구,2024 서울숲 겨울축제 [서울숲 속 그림책방]
교육/체험,용산구,[서울문화예술교육센터 용산] 한 해 동안 고생한 모두에게 따뜻함을! [팥-UP 데이]
전시/미술,성동구,2024 동아방송예술대학교 디지털영상디자인과 미디어디자인전 : 새로운 계절로 향하는 청춘의 프리즘 [약동; 躍動]
교육/체험,종로구,2024년 서울예술인지원센터 [팝업! 예술로 자브로(Art JOBRO)]
클래식,종로구,[세종문화회관] Cantores 제11회 정기연주회
클래식,마포구,[마포문화재단] 제9회 M 클래식 축제 [마사야 카메이 피아노 리사이틀]
기타,종로구,"[세종문화회관] 송년의 빛, 합창의 울림"
클래식,동작구,[동작구청] 제5회 동작구립 소년소녀합창단 정기연주회
클래식,종로구,서울시합창단 송년음악회
클래식,강북구,[세종문화회관] 소프라노 이결 독창회
클래식,강남구,[강남문화재단] 제172회 강남마티네콘서트│GREAT COMPOSER SERIES
콘서트,강남구,"[강남문화재단] 제992회 목요예술무대 [여덟번째 파장, 웅산]"
교육/체험,중랑구,[중랑청소년문화예술창작센터] 개관기념 예술교육 학부모 특강: 청소년기의 예술경험이 삶에 미치는 영향
클래식,서초구,[살롱클래식] 최규정 바이올린 독주회
교육/체험,광진구,[서울상상나라] 63기 어린이요리학교
교육/체험,영등포구,[영등포문화재단] 문화도시 영등포 [시민 모니터링단] 준비교육 [발견하는 도시기록자 되기]
콘서트,노원구,[노원문화재단] 노원즐거운콘서트X찾아가는 버스킹_12월
전시/미술,광진구,[세종뮤지엄갤러리] 존재의 신비 - 윤미숙 기획초대전
교육/체험,구로구,[서울생활문화센터 신도림] 2024 나도 모르는 나의 취미 [전통매듭공예 원데이클래스]
무용,종로구,2024 SICF 서울국제안무페스티벌
교육/체험,도봉구,[도봉문화재단] 예술치유워크숍 [예술가 힐링 스페이스]
축제-기타,서초구,2024 서울포토페스티벌(제9회 대한민국 사진축전)
축제-기타,은평구,[은평문화재단] 우열 없이 N차를 꿈꾸는 은평 문화박람회
클래식,마포구,[마포문화재단] M 연가곡 시리즈 [베이스 연광철]
클래식,종로구,[세종문화회관] 피아니스트 서필원의 쇼팽 에튀드 전곡 연주회
교육/체험,마포구,[마포소금나루도서관] 내 마음을 담은 그림 에세이 쓰기
연극,중랑구,[중랑문화재단] 2024 망우열전 강소천편 [보물찾기]
콘서트,강동구,"[강동문화재단] 마티네 콘서트 [낭만드림] 12월, 낭만을 넘어"
전시/미술,종로구,[어반스케쳐스 서울X딜쿠샤] 기쁜 마음을 그리다
전시/미술,송파구,[서울책보고] 기획전시 - 책장 드로잉_박연 작가
교육/체험,성동구,[성동문화재단] 2025년 성동구립도서관 겨울학기(12~2월) 문화강좌
전시/미술,종로구,[종로문화재단] 삼청공원 숲속도서관 [생태도서 전시]
교육/체험,중랑구,[중랑문화재단] 옹기테마체험관 2024년 12월 프로그램
교육/체험,중랑구,[중랑문화재단] 나대기예술아카데미_12월
전시/미술,종로구,2024 서울문화재단×서울공예박물관 친환경 상품개발 결과전시 [다시 공예]
교육/체험,서초구,[서초구립내곡도서관] 내곡도서관 트리를 꾸며라!
전시/미술,성북구,2024 국민대학교 회화전공 졸업전시 : 엔트로피 스파이크 (Entropy Spike)
교육/체험,중구,[서울시립미술관] 2024년 서울시립미술관 미술아카데미 [SeMA 아카데미 : 서양미술사 속 풍경]
교육/체험,서초구,[서초구립내곡도서관] 이야기와 함께하는 서양미술 감상
전시/미술,도봉구,[도봉문화재단] 2024년 평화문화진지 7기 입주작가 결과보고전
전시/미술,노원구,[노원문화재단] 2024 상계예술마당 기획전시 김영훈 초대전 [아주 가볍고 투명한 고요]
교육/체험,금천구,[만천명월예술인家] 공예-인공지능과 예술창작 교육 프로그램
교육/체험,송파구,[송파문화재단] 특별프로그램 [그림책과 함께하는 입체 낭독 교실]
교육/체험,동대문구,"[제기동감초마을현진건기념도서관] 책과 실, 따뜻한 겨울"
교육/체험,금천구,[금천구청] 노동자를 위한 문화힐링 인문학 프로그램 [영화 속 와인 이야기]
전시/미술,종로구,[운현궁] 2024 기획전시 [소복소복(小福小福)]
전시/미술,종로구,"[종로문화재단] 창신소통공작소 예술인 레지던시 결과전시 [시간의 궤적, 감각의 흔적]"
전시/미술,성북구,[성북문화재단] 길에서 *만난* 스튜디오
전시/미술,성동구,[성동문화재단] Return of Artist
클래식,서초구,[강남문화재단] 강남심포니오케스트라 제107회 정기연주회 [유럽속의 낭만속으로]
콘서트,강북구,[강북문화재단] 찾아가는 문화공연 [고3 수고했어!]
영화,성북구,[아리랑시네센터] SAC on Screen 연극 [돌아온다] 상영
클래식,종로구,[세종문화회관] 2024 기업인을 위한 서경 송년음악회
기타,강북구,[강북문화재단] 2024년 N개의 서울 성과공유회 강북다움 문화 도약
클래식,서초구,[서초문화재단] 서리풀 고음악 시리즈 [바로크 노엘]
독주/독창회,종로구,[세종문화회관] 김애리 피아노 독주회
클래식,성북구,[서울시립교향악단] 2024 서울시향 우리동네 음악회(실내악)
전시/미술,종로구,[서울시] 2024 《한평조각미술관》 2차 프로젝트
교육/체험,마포구,[마포문화재단] 2024년 문화예술아카데미 겨울학기(12월~2월)
전시/미술,성동구,[성동문화재단] 2024 크리스마스 특별기획전
교육/체험,은평구,[구립증산정보도서관] 12월 어린이 독서퀴즈
콘서트,종로구,[종로문화재단] 찾아가는 종로 모던댄스 [렉처 콘서트]
교육/체험,은평구,[구립증산정보도서관] 개관연장 프로그램 [책이 빛나는 밤]
교육/체험,은평구,[구립증산정보도서관]  12월 테마전시체험전 [테마로 즐기는 도서관Ⅱ] - 고롱고롱 하우스
교육/체험,도봉구,[도봉문화원] 2024. 인문학과 함께 떠나는 이집트여행
교육/체험,은평구,[구립증산정보도서관]  책 따라 걷는 도서관 - 12월 원화 전시 [달님이랑 꿈이랑]
전시/미술,관악구,[관악구청] 스팟 갤러리 특별전시회
전시/미술,노원구,[노원문화재단] 2024 노원서예협회 정기전 [池水盡墨展]
전시/미술,강남구,[강남문화재단] 2024 강남특별전시 THE REAL BEYOND
전시/미술,성동구,[성동문화재단] Oh! My Style
교육/체험,동대문구,"[장안어린이도서관] 마음을 쓰는 시간, 그림책 캘리테라피"
클래식,종로구,[세종문화회관] 제16회 숙명 플라비올 플루트 앙상블 정기연주회
교육/체험,동대문구,[장안어린이도서관] 사이다 작가와의 만남: 내가 그림책이 되는 그림책
교육/체험,은평구,[구립증산정보도서관] 개관시간 연장지원 사업 [연말 기념 포근포근 자이언트얀 가방 만들기]
교육/체험,성북구,[성북여성문화센터] 정규강좌 - 2024 겨울학기 수강생 모집
전시/미술,강서구,"[서울식물원] 전시온실 겨울전시 [오늘, 난[蘭]] "
교육/체험,서초구,[서초문화재단] 서리풀 아카데미 2024 겨울시즌 안내
축제-자연/경관,강서구,[서울식물원] 윈터 페스티벌
전시/미술,강북구,우이천 빛 조형물 전시 [우이천 빛나다]
영화,중구,[청춘극장] 2024년 12월 영화 및 공연 프로그램
교육/체험,동대문구,[용두어울림작은도서관] 당신의 한 문장
영화,동대문구,[동대문문화재단] 답십리시네마 12월 기획전
교육/체험,송파구,[송파청년아티스트센터] 12월 프로그램
영화,동대문구,[답십리영화미디어아트센터] 답십리시네마 영화 상영시간표(2024.12.1~12.31.)
기타,동대문구,[제기동감초마을현진건기념도서관] 「도서관은 핫하다」 캠페인 행사
교육/체험,성북구,[서경로꿈마루도서관] 24년 서경로꿈마루도서관 연말행사 [두근두근 행복한 크리스마스]
기타,마포구,[마포구립서강도서관] 12월/행사[12월 문화프로그램 안내]
교육/체험,광진구,[서울상상나라] 해와 우리들
교육/체험,광진구,[서울상상나라] 눈사람 도넛
교육/체험,광진구,[서울상상나라] 눈사람 도시락
교육/체험,송파구,[서울책보고] 가족 체험 프로그램 - 가족 예술 학교(12월)
교육/체험,강남구,[강남구립논현도서관] 어린이 진로체험 프로그램 [오늘은 나도 어린이 북큐레이터]
교육/체험,종로구,[황학정국궁전시관] 활쏘기체험프로그램 (12월)
교육/체험,구로구,[글마루한옥어린이도서관] 2024년 하반기 프로그램 [말랑말랑 포근한 자이언트얀 공예]
교육/체험,동대문구,[용두어린이영어도서관] 2024년 연말 행사
기타,종로구,[서울시립 미술아카이브] 2024 신진미술인 지원 프로그램 - 연계 전시 리뷰
기타,종로구,[세종문화회관] 앙상블 위로 Sound Maker Project Series I 융합 : [모던 남사당]
콘서트,종로구,[서울생활문화센터 체부] 2024 [생활문화콘서트] 16회차 운영
뮤지컬/오페라,강북구,[세종문화회관] 뮤지컬 퍼포먼스 갈라콘서트
클래식,종로구,[서울문화재단] 2024 쿼드겨울클래식 [조성현X함경 듀오 리사이틀]
클래식,종로구,[서울문화재단] 2024 쿼드겨울클래식 [조성현X함경 듀오 리사이틀]
클래식,종로구,[세종문화회관] HPO 제13회 정기연주회
클래식,강북구,[세종문화회관] 어뮤징 오케스트라 제2회 정기연주회
무용,강북구,[서울문화재단 강북] 개관페스티벌 [제(祭) . 타오르는 삶]
국악,강남구,손세빈 복합예술 프로젝트 무한 감각 공간 [Infinite Sensory Space] - 국악의 혁신을 선보이다.
전시/미술,종로구,[서울생활문화센터 체부] 서촌탐구 [서촌바닥展] 전시
전시/미술,송파구,Compensation For Arche-agent [김철환 서울 개인전]
뮤지컬/오페라,강동구,[강동문화재단] 뮤지컬 [산타와 빈양말]
기타,마포구,[마포구립서강도서관] 11월/팟캐스트 서강도서관 피셜 51회 [등을 쓰다듬는 사람]
전시/미술,종로구,2024 아르코미술관 예술로(路)소풍 어린이 작품전시회 《요리조리 아트 레시피》
교육/체험,송파구,[송파문화재단] 특별프로그램 [힐링원예로 준비하는 크리스마스_크리스마스 트리만들기]
교육/체험,은평구,[구립증산정보도서관] 11월 문화가 있는 도서관 로비체험행사 [디폼블럭 캐릭터 저금통 만들기]
교육/체험,중구,[서울시립미술관] SMB13 사전프로그램 II 《강령을 위한 노트》
교육/체험,동대문구,[동대문문화재단] 제2회 「이달의 작가」 3차 전시 연계 교육프로그램
무용,강북구,[세종문화회관] 모던 아트 콜렉션 /혼
콘서트,강북구,[세종문화회관] 경희대학교 합창단 GLEE 제43회 정기연주회 《GLEE NIGHT》
교육/체험,은평구,[은평구립도서관] (부부 동반) 푸드테라피 : 밤 티라미수 만들기
국악,서초구,[서초구청] 서초국악축제
클래식,서초구,[살롱클래식] 김유정 윤호근 듀오 연주회
클래식,서초구,[서초문화재단] 서리풀 영재음악회 [강리아 with 서초교향악단]
콘서트,종로구,[세종문화회관] 히사이시 조 영화음악 콘서트 2024_서울(세종)
교육/체험,중구,[서울디자인재단] 그래픽 디자이너들의 교집합과 차집합
축제-문화/예술,영등포구,[영등포문화재단] 2024 생활문화예술동아리축제 [포롱문화제]
기타,종로구,[세종문화회관] 한국기타협회 정기연주회
교육/체험,종로구,"[서울공예박물관] 그리고, 날려연(성인)"
콘서트,도봉구,[도봉기적의도서관] 50+기적의 하모니 발표회
클래식,서대문구,[서대문구청] 제2회 정기연주회 - 서대문구 주니어 윈드 오케스트라
교육/체험,구로구,"[서울아트책보고] 예술놀이터: 마카롱 메모판 꾸미기, 반짝반짝 하트 응원봉"
교육/체험,종로구,"[서울공예박물관] 그리고, 날려연(어린이)"
클래식,성북구,[성북구민회관] 꿈의 오케스트라 '성북'
교육/체험,도봉구,[도봉문화재단] 청소년예술공간 채움 [채움의 반짝반짝 크리스마스]
교육/체험,은평구,[구립증산정보도서관] 그림책보드게임지도사 양성과정 후속 프로그램 [그림책 보고 보드게임으로 놀고] : 마헤편
교육/체험,은평구,[은평구립도서관] (초 4~6학년) 영화도 보고! 그려도 보고!
콘서트,은평구,[은평문화재단] 11월 숲속라이브 대학연합공연 [Atr 4 You]
교육/체험,은평구,[은평구립도서관] 11월 그림책 북아트 책놀이
교육/체험,양천구,[양천문화재단] 데굴데굴 책놀이 : 겨울 꽃잠
클래식,은평구,[은평구립도서관] 신비한 클래식 연주회
교육/체험,마포구,[마포소금나루도서관] 개관3주년 기념 ['햇빛초 대나무 숲' 시리즈 작가와의 만남]
교육/체험,은평구,[은평구립도서관] 4차 산업혁명과 생성형 인공지능 강연
교육/체험,종로구,[서울공예박물관] 소장품 연계 교육 [도자기는 지금 분장 중!]
무용,관악구,[관악문화재단] 2024 꿈의 무용단 관악 [2024 관악 으라차찬]
무용,노원구,[노원문화재단] 2024 꿈의 무용단 노원 성취발표회 [다섯 번째 계절]
기타,마포구,[마포구립서강도서관] 해봄+ing '메리 해봄 크리스마스! 호호호'
영화,구로구,[서울아트책보고] 영화 [풀숲을 헤매다] 상영 및 GV
클래식,광진구,[광진문화재단] 슬기로운 오케스트라 연주회 [유쾌한 음악여행]
연극,송파구,[송파문화재단] 2024 송파인생학교: 엄마배우 프로젝트 앙코르 공연 [그때의 너에게]
기타,은평구,[구산동도서관마을] 호두까기인형ㅣ예술의전당 예술 영상화 콘텐츠 상영
무용,성동구,[성동문화재단] 제2회 성동 꿈의 무용단 정기공연
콘서트,양천구,[양천문화재단] 2024 월간뮤지크 [송영주 트리오]
축제-문화/예술,강북구,[강북문화재단] 강북문화대학 페스티벌 [꿈빛]
국악,종로구,"[서울돈화문국악당] 우리음악집단 소옥 [쉼이 필요한 순간, 소옥]"
교육/체험,은평구,[은평구립도서관] 행복한 책 이야기
전시/미술,중구,[서울디자인재단] 퓨처시티 서울: 빛으로 그린 미래
축제-자연/경관,양천구,[양천구청] 2024 양천 비체나라 페스티벌
전시/미술,종로구,[돈의문박물관마을X백석대학교] AI와 예술의 대화 : 비트와 붓질 展
전시/미술,종로구,[서울디자인재단] 반짝반짝 DDP (Twinkle DDP)
전시/미술,서초구,[서초구청] 2024 서리풀청년작가특별전 [신선한 조각을 호흡하시오]
콘서트,서초구,[서리풀청년예술단 서초M.스타즈] 3기 앨범발매 기념 공연 [Dawn]
전시/미술,강남구,2024 서울 일러스트코리아 winter
축제-문화/예술,관악구,[관악문화재단] 지역문화?생활예술 활성화 지원사업 N개의 서울 X 관악동행 [살롱 드 취향]
콘서트,관악구,[관악문화재단] 월간관악 스페셜 스테이지 [관악인디위크]
콘서트,용산구,[서울문화재단] 창립 20주년 기념 연중기획 서울스테이지 2024 [IDEOLOGY / 날개를 만드는 법]
연극,구로구,[구로문화재단] 연극 [멀티버스 시어터_재난유토피아]
무용,중구,[서울남산국악당] 99아트컴퍼니 [회랑(回廊)에서; 총체성으로의 회귀]
연극,구로구,[구로문화재단] 구로꿈나무인형극제 국악인형극 [옛날 옛날 금강산에 - 선녀와 나무꾼]
클래식,종로구,"2024 카즈미 타테이시 트리오 내한공연-지브리, 재즈를 만나다-(서울 세종)"
클래식,동작구,[동작구청] 제21회 동작구립합창단 정기연주회
교육/체험,영등포구,[YDP창의예술교육센터] 2024 창터 포럼 [배움의 여정]
교육/체험,중구,[서울시립미술관] 2024년 하반기 서울시립미술관 서소문본관 뮤지엄나이트 [다 함께 만드는 미술관 크리스마스 트리]
콘서트,송파구,[송파구청] 송파구립합창단 35주년 기념 정기연주회
뮤지컬/오페라,종로구,2024년 야간 공연 관람권_뮤지컬 [여신님이 보고 계셔]
영화,구로구,[서울아트책보고] 영화살롱 11월 [진주의 진주] + GV
국악,종로구,[세종문화회관] 최수열×서울시국악관현악단 Re-프로젝트 [국악관현악의 재(再)배치]
콘서트,성북구,[성북문화재단] 브런치콘서트 [11시 11분] 베네치아
교육/체험,중구,"[서울도서관] 엄마북돋움 연계 프로그램 국경복 교수의 '임산부의 건강, 꿈, 그리고 태몽'"
교육/체험,중구,[서울도서관] 서울 문화의 밤(11월) 행사 - 당신의 인생에 클래식을 선물합니다 [2강]
교육/체험,송파구,[서울책보고] 인문학강연 11월 - 『초등 공부 습관 바이블』
기타,강동구,[강동문화재단] 11월 한밤의 공연 산책 [서커스 올림픽+특별한 순간들]
클래식,금천구,[금천문화재단] 2024 금천우리동네오케스트라 정기연주회 [빛으로 그리는 하모니]
교육/체험,종로구,[서울공예박물관] 2024 SeMoCA 공예강좌 #6
교육/체험,중구,[퓨처시티 서울 : 빛으로 그린 미래] 연계 포럼
독주/독창회,종로구,[세종문화회관] 허원경 기타 리사이틀
콘서트,마포구,[마포문화재단] 2024 마포구립실버합창단 창단연주회 [추억소나타]
클래식,서초구,"[서울시립교향악단] 2024 서울시향 행복한 음악회, 함께! Ⅱ"
국악,종로구,서울시국악관현악단 제362회 정기연주회
교육/체험,종로구,"[서울역사박물관] 2024년 기증유물특별전 [나의 보물, 나의 유산] 전시 연계 교육 "
교육/체험,종로구,[서울공예박물관] Open Studio : 콕콕 양모공예(11월 29일)
전시/미술,중구,[서울시립미술관] 모두를 위한 예술프로그램 《어떻게 나에게 빨강이 없다고 생각할 수 있어요?》
전시/미술,서초구,"[서초구립반포도서관] 겨울의 마법, 책이 살아난다"
교육/체험,은평구,[구립증산정보도서관] 유아 독서 동아리 [책책박사 2기]
전시/미술,용산구,유영서 개인전 《이름 모를 풀들에게》
기타,노원구,2024 지방문화원 문화육성사업 [노원문화원] 2024 창작인형극 [산비이야기]
전시/미술,마포구,[마포문화재단] 2024 마포 시시각각 MAPO LOG : 사진으로 그리는 마포 사진전
연극,종로구,"음악극 [도와줘요, 엔피씨!]"
전시/미술,송파구,[송파문화재단] 2024 송파인생학교: 예술치유 프로젝트 결과 전시 [그림일기로 엮은 직장인들의 이야기]
무용,강북구,[서울문화재단 강북] 개관페스티벌 [춤이되고 말이되고]
전시/미술,종로구,"몸의 미학 : 현존하는 몸, 살아있는 아름다움"
교육/체험,종로구,[서울시립 미술아카이브] 2024 서울시립 미술아카이브 주제연구포럼 [생산하는 아카이브]
콘서트,광진구,[광진문화재단] 제24회 광진구립여성합창단 정기연주회 [소풍]
영화,마포구,[마포문화재단] 음악감상실 X SAC ON SCREEN [예술의전당 공연영상화사업]
교육/체험,강남구,[강남구립논현도서관] 지역서점과 함께하는 과학기술 특강.3: 양자 문명
교육/체험,서대문구,[서울문화재단] 2024 SAPY 청년예술인 거버넌스 프로젝트 [자본주의살이;예술가편] 마지막 워크숍
클래식,종로구,[세종문화회관] 국립심포니오케스트라 실내악 시리즈 ll - 정화된 밤
클래식,서초구,[살롱클래식] 트리오 프란츠
클래식,강북구,[세종문화회관] 소프라노 강진희 독창회
국악,양천구,2024 특별기획 국악공연 [우리소리의 맥(脈)을 찾아서]
영화,성북구,[아리랑시네센터] 배리어프리 영화 상영회 [남매의 여름밤]
교육/체험,양천구,[양천문화재단] 하반기 북콘서트 - 초식마녀 박지혜 작가의 [오늘 조금 더 비건] 
클래식,금천구,[금천구청] 제3회 금천구립시니어합창단 정기연주회
전시/미술,종로구,[서울무형유산교육전시장] 단청장
전시/미술,종로구,[서울무형유산교육전시장] 칠장(옻칠)
전시/미술,광진구,[세종뮤지엄갤러리] 황현숙 기획초대전
전시/미술,종로구,[2024 제9회 종로한복축제] 배화여대 연계전시
클래식,서초구,"[서초문화재단] 서리풀 오페라 오디세이 [Quartet of Masterpieces, Puccini]"
교육/체험,도봉구,"[편지문학관] 2024 편지 인문학 특강 [편지와 예술로 보는 인문학: 우리 김치에 담긴 역사와 문화, 정서 그리고 건강]"
교육/체험,구로구,[구로문화원] 11월 문화가있는날 : 구수정 작가와의 만남 - 마음을 다독이는 나만의 음악 레시피
교육/체험,송파구,[송파문화재단] 퇴근길의 인문학/11월 [나이듦의 지혜]
교육/체험,서초구,[서초구립내곡도서관] 내곡 인문산책 「빛의 거장 카라바조를 만나다」
교육/체험,동대문구,[휘경행복도서관] 11월 문화가 있는 날 [우리동네 예술배움]
독주/독창회,종로구,[세종문화회관] 이양경 피아노 독주회
국악,종로구,[서울돈화문국악당] 김나영 [김나영의 남도소리: 향연]
콘서트,강북구,2024 강북구립시니어합창단 제19회 정기연주회 [우리가 어느 별에서]
클래식,종로구,"[세종문화회관] 제41회 세진음악회 [하모니, 함께하는 새로운 시작]"
교육/체험,은평구,[구립증산정보도서관]  책과 함께하는 [어린이 수요공작회] 11월 
클래식,송파구,HK와 함께하는 행복나무플러스의 [2024 삶과 나눔 콘서트]
교육/체험,중구,[서울디자인재단] 2024 서울디자인국제포럼(Seoul Design International Forum 2024)
교육/체험,종로구,[서울공예박물관] 2024 SeMoCA 공예강좌 #5
교육/체험,동대문구,"[장안어린이도서관] 11월 문화가 있는 날 (장안 예술 산책, 장안 예술 놀이)"
기타,마포구,[마포문화재단] [음악공간 : PLAYLIST]＇보헤미아의 숲＇브람스가 드보르자크를 만난 날
전시/미술,종로구,"[한양도성박물관] 한양도성의 사라진 옛문, 소의문 展"
전시/미술,도봉구,2024 김근태기념도서관 민주주의?인권 기획전 《예술로 기억하다》
교육/체험,서초구,[서초구립반포도서관] 어린이작업실 [모야] 기획행사 
교육/체험,중랑구,[중랑청소년문화예술창작센터] 중랑아트틴즈상설프로그램
교육/체험,성북구,[해오름도서관] 친환경 독서프로그램 [내일을 위한 100가지 이야기]
교육/체험,동대문구,[동대문문화재단] 한국외국어대학교 일본연구소 협력 프로그램 - 퇴근길 인문학: 함께 알아보는 홋카이도 문화와 역사
전시/미술,영등포구,[영등포문화재단] [술술센터] 신생(어) : 낭독회 展 | 둘(이지원)
축제-문화/예술,영등포구,[영등포문화재단] [YDP창의예술교육센터] 2024 결과공유축제 [둥둥제]
교육/체험,송파구,[한성백제박물관] 청소년 특강 [Turkiye Welcomes You]
전시/미술,종로구,"[운현궁] 2024 기획전시 [열쇠패, 운현궁을 열다]"
전시/미술,중구,Play. Net : Zero-sum Game
클래식,종로구,[세종문화회관] Korea Fantasy
클래식,마포구,[마포문화재단] 제9회 M 클래식 축제 모던가곡 Ⅲ
클래식,강동구,[서울시립교향악단] 2024 서울시향 작은 음악회
영화,강북구,[세종문화회관] 11월 꿈의숲 아트시네마 : 땅에 쓰는 시
클래식,종로구,[서울문화재단] 2024 쿼드겨울클래식 [고잉홈프로젝트]
독주/독창회,종로구,[세종문화회관] 제3회 아크 피아노 콰르텟 리사이틀
교육/체험,노원구,"[노원문화재단] 어느 날, 내가 꽃사진을 찍고 있더라.. [5060 자유비행]"
교육/체험,종로구,[2024 PLAY-UP 아카데미 모집] 특별과정5. 판소리 마스터 클래스 - 소리꾼 되어보기 (강사 이자람)
전시/미술,노원구,[노원문화재단] 2024 제28회 노원미술협회 정기전
전시/미술,성동구,[성동문화재단] FIELD OF ‘0’
교육/체험,중구,[DDP] 2024 서울 기후테크 컨퍼런스
축제-기타,중구,2024 서울 저탄소 식생활 박람회
기타,양천구,[양천문화재단] 양천 문화매거진 [모양모양] 북콘서트: 지역과 삶의 사이
교육/체험,양천구,"[양천중앙도서관] 월간도서관 Vol.4 음악, 제3장. 문학, 재즈를 만나다"
교육/체험,서대문구, 2024 SAPY 청년예술인 거버넌스 프로젝트 [시나락] 멘토 특강
클래식,종로구,[세종문화회관] 라 메르 에 릴(바다와 섬) 제18회 정기연주회
클래식,은평구,[서울시립교향악단] 2024 서울시향 우리동네 음악회(실내악)
클래식,강북구,[세종문화회관] 제 27회 Bel di 성악회 정기연주회
국악,종로구,[서울돈화문국악당] 유태평양 [유태평양의 미산제 수궁가 완창]
교육/체험,노원구,[서울시립과학관] 과학북토크: 달작한 사이언스(11월) [그림 속 천문학]
교육/체험,은평구,[구립증산정보도서관]  우리 가족 융합독서 [책 더하기 마술 : 이야기 마술사로 변신한 가족들]
교육/체험,동대문구,[답십리영화미디어아트센터] 미디어융복합교육 [AR로 만나는 세상 - AR로 만나는 동물캐릭터]
교육/체험,동대문구,[답십리영화미디어아트센터] 리틀 스토리 크리에이터 - 오디오 카드 만들기
교육/체험,종로구,[서울시립 미술아카이브] 미술아카이브 [인사이드 박스 - 예술가의 그림일기]
교육/체험,송파구,[서울백제어린이박물관] 초등 1-3학년 동반 가족 대상 뮤지엄 휴휴프로그램3 [우리 아이 체험활동을 위한 어린이박물관 활용법]
교육/체험,중랑구,[중랑아트센터] 장애?비장애 통합예술놀이 [그리장 비추장 만들장]
뮤지컬/오페라,용산구,북한인권 창작오페라 [냉면]
클래식,강북구,[강북문화재단] 2024 강북구립여성합창단 정기연주회
영화,동작구,[동작문화재단] [2024 문화예술교육사 현장 역량강화 사업] 문화예술교육 프로그램 [비영화인] 2기 영화 상영회
클래식,구로구,"구로구립여성합창단 제8회 정기연주회 - 구로, 열정을 노래하다(Passion of Guro)"
무용,은평구,"[은평문화재단] 명가월륜 : 불멸의 춤, 원왕생무"
교육/체험,성동구,[성동구립도서관] 문화가 있는날 특강: 크리스마스 리스 만들기 
교육/체험,강북구,[강북구청] 북 콘서트 (2024년 독서문화진흥 프로그램)
교육/체험,도봉구,"[민주화운동사 강연 및 도슨트역량강화교육] 청년들, 탄압에 맞서다"
클래식,서초구,[서초문화재단] 서리풀 영재 음악회 Trumpet & Violin
콘서트,서초구,The Jazz Serenity IV (한잔의 여유 시리즈)
국악,노원구,[노원문화재단] 2024 노원구립민속예술단 제11회 정기연주회
교육/체험,용산구,[서울문화재단] 십장생 : 안녕의 풍경 [음악에 밑줄 긋는 시간: 책에 스며든 클래식 음악 읽고 듣기]
축제-문화/예술,강동구,"[강동문화재단] 강동, 문화로 더하고 나누기"
뮤지컬/오페라,영등포구,[영등포문화재단] 기획공연(열린극장) [꿈의 아리아]
교육/체험,구로구,"[서울아트책보고] 예술놀이터: 똑똑!나만의 방문걸이, 보석십자수 뽀글동물 아크릴 키링"
축제-문화/예술,종로구,[세종문화회관] 2024 코리아 반도네온 페스티벌
교육/체험,마포구,[마포중앙도서관] 그림책 읽는 아이 - 김성라 작가와의 만남 『귤 사람』
전시/미술,관악구,[서울시립 남서울미술관] 건축의 장면
전시/미술,종로구,마리아 스바르보바 : 어제의 미래
전시/미술,종로구,"[서울역사박물관] 2036 서울, 두 번째 올림픽"
전시/미술,용산구,"[노들섬] 아모레퍼시픽재단 초청 협력 야외 전시 [다시 보다, 희망의 빛 1332]"
전시/미술,종로구,Beyond Genre [장르탈출 Ⅱ]
축제-문화/예술,용산구,[노들섬] 노들원터페스타 [산타의 노들공장]
전시/미술,종로구,[공근혜갤러리] 그린란드 - 티나 이코넨
전시/미술,강남구,김도플 개인전 [Highway Tactics]
연극,종로구,[종로문화재단] 어린이판타지극 [젬마와 판타지]
무용,광진구,[광진문화재단] 홀로홀로 보라보라
뮤지컬/오페라,동작구,[동작문화원] 마음을 움직이는 요리사
교육/체험,종로구,[서울공예박물관] Open Studio : 콕콕 양모공예(11월 22일)
클래식,서초구,이근화 바이올린 독주회
콘서트,강동구,"[강동문화재단] Dear Next Generation, standing egg"
교육/체험,중구,[서울시립미술관] 2024 SeMA 도슨트 역량강화 교육
국악,구로구,[구로문화재단] 새판소리 [마당을 나온 암탉]
콘서트,동작구,[동작문화재단] 2024 상도어울마당 아트홀 개관 1주년 기념공연 [하우스콘서트]
교육/체험,중구,[서울도서관] 서울 문화의 밤(11월) 행사 - 당신의 인생에 클래식을 선물합니다 [1강]
콘서트,서대문구,[서대문구청] 2024 서대문 청소년 행복콘서트
콘서트,강북구,[세종문화회관] 국민대학교 합창단 코러스
콘서트,종로구,[세종문화회관] 2024 서울시 음악영재 콘서트
연극,종로구,"2024년 야간 공연 관람권_[한 입, 한 소절]"
연극,종로구,2024년 야간 공연 관람권_[나는 XXX를 사랑한다]
교육/체험,송파구,[서울책보고] 문학낭독공연 - 11월의 책 『엄마를 부탁해』
교육/체험,용산구,[서울문화재단] [마음퇴근] 쉼을 읽는 저녁_친구이야기
클래식,성동구,[성동문화재단] 제13회 성동구립 꿈의 오케스트라 정기연주회
전시/미술,마포구,"[마포구립서강도서관] 11-12월/어린이갤러리 [이상교 글, 김성희 그림 『나가서 놀래』 원화전시]"
교육/체험,종로구,[세종예술아카데미] 퇴근길 미술 한잔 : 냉정과 열정사이
전시/미술,동작구,"[동작문화재단] 2024 사육신역사관 기획전 [동작, 시선]"
교육/체험,종로구,[종로문화재단] 2024 청운문학도서관 완독클럽 [가을의 시]
교육/체험,종로구,[서울우리소리박물관] 2024 하반기 우리소리 노래교실 [내 인생이 유행가]
교육/체험,성북구,[성북문화재단] 성북정보도서관 양육자 특강 및 워크숍 [엄마표 우리아이 언어발달 놀이]
뮤지컬/오페라,종로구,[세종문화회관] 라보엠
국악,중구,[서울남산국악당] 판소리아지트 놀애박스 [판소리 ?스토리 II : 모파상편]
교육/체험,은평구,"[구립증산정보도서관] 가족열람실 책 나들이 [가을 잘가, 겨울 안녕!]"
독주/독창회,종로구,[세종문화회관] 소현정 피아노 독주회
교육/체험,중구,[중구문화재단] 윈도우 갤러리 전시 연계 프로그램 [페인팅 온 스톤]
교육/체험,종로구,[종로문화재단] 성인독서토론 [이 밤에 책을 잡고]
기타,강남구,[강남문화재단] [제991회 목요예술무대] 해설이 있는 스트릿 댄스 [카르페디엠]
국악,송파구,[한성백제박물관] 2024 국제박물관협회 고고역사위원회 국제학술대회 연계 [국악의 세계]
클래식,서초구,[서초문화재단] 서리풀 무반주 시리즈 [판타지아와 파사칼리아]
교육/체험,은평구,[구립증산정보도서관] 자녀교육 특성화 [우리 아이 수학 로드맵 만들기]
콘서트,관악구,[관악문화재단] 제15회 관악구립여성합창단 정기연주회
클래식,마포구,[마포구립서강도서관] 개관 3주년 엄마아빠 행복 프로젝트 [도서관 속 클래식]
교육/체험,성북구,[성북문화재단] 발달장애-비장애 문화예술교육 [사이_마주보기] - 움직임 워크숍 [사이]
무용,성동구,[성동문화재단] 라 노떼 델라 타란타
연극,마포구,[서울생활문화센터 서교] 소셜드라마클럽 - 낭독극 [디어 마이 프렌즈]
교육/체험,은평구,[구립증산정보도서관] 개관연장지원사업 - 향기로운 저녁 [디퓨저 만들기]
연극,중구,[중구문화재단] 연극 [테베랜드]
전시/미술,종로구,구와바라 시세이 베스트 사진전 [다시 돌아본 한국]
교육/체험,강남구,[도곡정보문화도서관] 시그니처 인문학 강연 프로그램 [2024 브런치 인문학]
축제-문화/예술,서초구,[서울문화재단] 서울문화예술교육센터 서초 개관페스티벌 OVERTURE
전시/미술,광진구,[세종뮤지엄갤러리] 유토피아는 있던가요? 명상展 - 왕 열 기획초대전
전시/미술,중구,DDP 협력전시 [제19회 차세대 문화공간공모전/ 제9회 국제초대전]
전시/미술,성동구,[성동문화재단] 이영애 개인전 [너의의미]
기타,송파구,[한성백제박물관] 2024 ICOM ICMAH 국제학술회의
무용,강북구,[강북문화재단] 발레&스트릿 [비트 온 포인트]
독주/독창회,종로구,[세종문화회관] 조윤정 피아노 독주회
교육/체험,성북구,[성북문화재단] 2024 성북구 올해의 한 책 『우리가 겨울을 지나온 방식』 문미순 작가와의 만남
교육/체험,종로구,"[서울생활문화센터 낙원] 2024 낙원 속 생활문화 클래스 [페이퍼 콜라주, 인테리어 액자 만들기]"
전시/미술,종로구,[서울역사박물관] 2024년 작은 전시 [신수新收유물전2: 양호처사가도]
뮤지컬/오페라,중구,[충무아트센터] 뮤지컬 [스윙 데이즈_암호명 A]
전시/미술,노원구,[노원구청] 「Adieu 2024 2대 특별전시」 스크래치보드 & 마블히어로즈 피규어
교육/체험,종로구,[세종문화회관] 제15회 광화문광장 휘호대회
전시/미술,서초구,서리풀청년아트갤러리] 11월 기획전시 [Transeptum]
교육/체험,강북구,[서울문화재단] 서울예술교육랩 강북 [콩닥콩닥 콩다라락] 음악극 *1회기
교육/체험,종로구,[서울역사박물관] 2024 온라인 교육프로그램 [경교장은 어떻게?!]
교육/체험,동대문구,[휘경행복도서관] 예술 특성화 [출발! 도서관 미디어 여행] 3부. 드라마편.
축제-문화/예술,종로구,[종로문화재단] 청운문학도서관 개관 10주년 기념 행사
전시/미술,중랑구,2024년 [장애예술인 창작활성화 지원] 선정 프로젝트 [구슬 유희]
전시/미술,노원구,[노원문화원] 기획전시 [노원 기억] 2차
전시/미술,종로구,[운현궁] 2024 하우스뮤지엄 [조선 여인의 冠帽(관모)]
전시/미술,종로구,[운현궁] 2024 기획전시 [한옥에 피어난 꽃 이야기…]
전시/미술,금천구,[금천구청] 모두의 예술
전시/미술,성동구,[성동문화재단] 박기환 개인전
교육/체험,광진구,[서울문화재단] 2024 서커스 역량강화 사업 [아크로바틱]
교육/체험,성동구,[성동문화재단] 2024 성동구 구립도서관 도종환 작가와의 만남
독주/독창회,종로구,[세종문화회관] 김회진 바이올린 독주회
교육/체험,송파구,[송파문화원] 2024 음악이 있는 인문학 특강 [힐링화요데이: '삶'을 시와 음악으로 나눠요]
교육/체험,종로구,"[서울생활문화센터 체부] 2024 [살롱, 낯선] 5회차 운영 안내"
클래식,강북구,[세종문화회관] 2024 Young Artists Festival
교육/체험,종로구,[서울문화재단] 창작자를 위한 이미지 생성 AI 워크숍
클래식,서초구,[배리어프리] 최재용 & 곽동규 바이올린 듀오 리사이틀
클래식,종로구,[세종문화회관] 베루스 트리오 실내악 연주회
교육/체험,종로구,수채화 원데이 클래스
교육/체험,은평구,[서울공예박물관] 시범운영프로그램 [이루미 프로젝트] (4주완성)
교육/체험,강서구,[강서문화원] 2024 하반기 프리미엄 상상클래스
교육/체험,은평구,[구립증산정보도서관] 작고 소중한 미니어처 어린이 힐링 클래스
뮤지컬/오페라,성동구,[성동문화재단] 반쪽이전
교육/체험,구로구,[서울아트책보고] 2024 서울아트북위크 작가와의 만남: 노란 발걸음을 따라 사랑스러움이 차오른다(고상미작가)
클래식,강북구,[세종문화회관] 마음과 음악 [힐링 온 더 스테이지]
교육/체험,구로구,[서울아트책보고] 2024 서울아트북위크 작가와의 만남: 작은 그림이 그림책이 되기까지(이명애작가)
전시/미술,마포구,[서울함공원] 테디베어와 함께하는 [크리스마스 특별전시]
전시/미술,양천구,[양천문화재단] 기획전시 [신비한 브릭사전]
교육/체험,동대문구,[휘경행복도서관] 약자와의 동행_글씨 따라 마음 따라(시니어 캘리그라피 과정)
교육/체험,영등포구,[영등포문화도시센터] 문화도시 영등포 시각문화 디자인 워크숍 : 색상추상
교육/체험,은평구,"[서울기록원] 가족 대상 [겨울밤, 기록으로 밝히다 : 크리스마스 풍경 등 만들기]"
영화,은평구,[구립증산정보도서관] 11월 주말영화상영안내
교육/체험,광진구,[서울상상나라] 우주 축제 야간 프로그램 「밤마다 별」
교육/체험,양천구,[서울문화재단] [우리가 궁금했던 예술] 오케스트라의 신스틸러 마림바와 하프
클래식,광진구,[광진문화재단] 이야기가 있는 키즈 클래식 [꿀벌 마야의 모험]
클래식,노원구,"[노원문화재단] 노원예술씨앗 지원사업 노원음악협회 [봄, 여름, 가을, 겨울]"
교육/체험,용산구,[서울문화재단] 십장생 : 안녕의 풍경 [다 큰 어른이 그림책을 읽는 방법]
클래식,서초구,[서초문화재단] 서리풀 영재 음악회 Chamber Music
연극,노원구,[노원문화원] 노원예술씨앗 지원사업 노원연극협회 [초안산 내시가 아이를 점지하는 비법]
클래식,강서구,[강서문화원] 웹툰 클래식 - 피아노포르테
교육/체험,구로구,[서울아트책보고] 2024 서울아트북 위크 작가와의 만남: 나에게 딱 맞는 집을 찾아보자!(송선옥작가)
클래식,강북구,[세종문화회관] 유지수 피아노 독주회
교육/체험,구로구,[서울아트책보고] 2024 서울아트북위크 작가와의 만남: 이야기의 멜로디를 그리다(신유미작가)
클래식,강동구,"[강동문화재단] 클래식 시리즈 5, 노부스 콰르텟 리사이틀"
기타,도봉구,[도봉문화재단] 김수영문학관 개관 11주년 기념 시낭독 행사
클래식,종로구,[세종문화회관] 모아기타앙상블 정기 연주회
교육/체험,금천구,"[서울시민대학] 모두의 지구를 위한 토크콘서트 with 줄리안, 초식마녀"
교육/체험,종로구,[종로문화재단] 영어 그림책 PLUS 과학탐구놀이(24.11.16.)
클래식,서초구,[살롱클래식] 김경아 신수정 듀오 리사이틀
클래식,종로구,"[서울역사박물관] 제5회 재능나눔콘서트 [바라보는 음악, 인상주의 음악]"
교육/체험,은평구,[구산동도서관마을] 개관 9주년 기념 동아리 한마당
무용,강북구,[강북문화재단] 어머니-달의 신화
교육/체험,종로구,[운현궁] 2024 운현궁 아트 플리마켓
연극,강남구,[강남문화재단] 11월 키즈예술공연 [목림삼]
전시/미술,강북구,[서울문화예술교육센터 강북] 상설전시 [찰랑찰랑 알록달록]
전시/미술,송파구,[서울백제어린이박물관] 개관기념특별전 [선사시대로의 소소(昭蘇)한 탐험]
교육/체험,종로구,[서울생활문화센터 체부] 2024 체부 오감 다회
전시/미술,종로구,[2024년 서울공예박물관 X 서울문화재단] 공예@쇼윈도 #6. 오파츠의 숲(Forest of OOPArt)
교육/체험,강북구,[서울문화재단] [서울예술교육랩 강북] 찰랑찰랑 알록달록 *2차*
교육/체험,동작구,[동작문화원] 문화시민강좌 - 인문학과 동행하는 유럽문화여행
전시/미술,중구,DDP 협력전시 [마카오 디자인 어워드 - 서울(DDP)]
교육/체험,강남구,[강남구립논현도서관] 한 편의 시를 그대에게: 도서관이 詩끌詩끌 시 감성 찾기 프로젝트
연극,종로구,[세종문화회관] 연극 [더 파더]
전시/미술,강남구,최승윤 개인전 [곡선 Curve]
전시/미술,중구,[서울문화재단] 2024 신당 프로젝트 전시(SPE) [공예의 움직임-Through The Passage] 여덟번째 전시 강인규 l 이시평
교육/체험,중구,[서울도서관] 「서울 문화의 밤」 11월 '방구석 북토크' 행사 안내
기타,은평구,[은평문화재단] 2024 문화예술교육 성과공유회 [多가치 성장한多]
축제-문화/예술,구로구,[서울아트책보고] 2024 서울아트북위크
전시/미술,노원구,[서울시립 북서울미술관] 제16회 언리미티드 에디션 - 서울아트북페어 2024
교육/체험,동작구,[동작문화재단] 2024 지역문화발굴사업 [사육신 프로젝트] 선정 사업 : (주)아이어드림 - 사육신 탈출기
축제-문화/예술,노원구,[노원문화재단] 2024 N개의 서울 노원예술상점
국악,중구,[서울남산국악당] 2024 한국명작무대제전
연극,성동구,[성동문화재단] 강아지똥
교육/체험,구로구,[서울아트책보고] 2024 서울아트북위크 작가와의 만남: 커피챗_ 그림책 작가들과의 만남
교육/체험,중구,[서울도서관] 서울 문화의 밤(11월) 행사 - 장은교 작가와 방구석 북토크
클래식,중구,[서울시립교향악단] 2024 서울시립교향악단 퇴근길 토크콘서트 Ⅲ : 이집트 ②
교육/체험,종로구,[서울시립 미술아카이브] 밤마중 미술관: 낭독의 감촉
클래식,강북구,[세종문화회관] 송영현 오보에 독주회
연극,종로구,2024년 야간 공연 관람권_[킬롤로지]
클래식,마포구,[마포문화재단] M 실내악 시리즈 김도현 & 최송하 듀오 리사이틀 [보헤미안 하모니]
국악,종로구,[서울돈화문국악당] Jinchan
교육/체험,구로구,[서울아트책보고] 2024 서울아트북위크 작가와의 만남: [이상한 구십구]와 이예숙작가의 책이야기
연극,종로구,2024년 야간 공연 관람권_[홀로]
기타,송파구,[한성백제박물관] 고대 동아시아와 백제의 장송의례 - 국제학술대회
교육/체험,종로구,[서울공예박물관] Open Studio : 콕콕 양모공예(11월 15일)
교육/체험,강북구,[서울문화재단 강북] 개관페스티벌 [포럼 : 전통예술 기반 예술교육센터의 내일을 위한 첫인사]
클래식,서초구,[살롱클래식]  유지연 바이올린 리사이틀
전시/미술,중구,[남산골한옥마을] 2024 남산골하우스뮤지엄 [백야]
전시/미술,노원구,"[노원문화재단] 경춘선숲길 갤러리 기획전 [잇는 마음, 각자의 시선: 박수근 家 화업전]"
교육/체험,송파구,[서울백제어린이박물관] 유아와 양육자 대상 [뮤지엄 휴휴프로그램4] 요가
교육/체험,송파구,[서울백제어린이박물관] 유아와 양육자 대상 [뮤지엄 휴휴프로그램4] 동화
교육/체험,중구,[중구문화재단] 인현이음 11월 문화예술 ? 원데이 프로그램
전시/미술,강서구,[서울식물원]  2024 국내 육성 포인세티아 품평회
전시/미술,영등포구,[영등포문화도시센터] 이웃문화대사 양성 과정 [소문의 진상]
축제-문화/예술,종로구,[서울우리소리박물관] 5주년 기념행사 [어제의 이야기 오늘의 소리 내일의 기억]
연극,노원구,[노원문화재단] 2024 노원연극잔치
클래식,종로구,[세종문화회관] 서울시합창단 [시공의 하모니]
교육/체험,종로구,[서울우리소리박물관] 임석재 기증자료 해제 콜로키움
교육/체험,구로구,[서울아트책보고] 관객의 취향 - 희곡 낭독회 [2회차]
클래식,강북구,[강북문화재단] 2024 마티네 콘서트 [유니크 클래식 with 블래져 목관앙상블]
클래식,중구,[서울시립교향악단] 2024 서울시향 퇴근길 토크 콘서트 Ⅲ : 이집트 ①
클래식,강북구,[세종문화회관] 테너 박성원과 함께하는 루체끼아라 제18회 정기음악회 이태리가곡과 아리아의 밤
교육/체험,종로구,[종로문화재단] 공유워크숍 [서울트립 : 돈의문에서 청량리까지]
클래식,마포구,[마포문화재단] M 연가곡 시리즈 소프라노 홍혜란＆테너 최원휘
교육/체험,서대문구,2024 SAPY 청년예술인 거버넌스 프로젝트 [자본주의살이;예술가편] 특별강의(3회차)
전시/미술,종로구,유의정 개인전 [The 백자]
전시/미술,종로구,한나 허 개인전 《한나 허: 8》
교육/체험,서초구,[서리풀아트스튜디오] 서리풀 LP 라운지
교육/체험,은평구,"[은평문화재단] 2024 꿈의 오케스트라 '은평' 마스터클래스, 원데이클래스 참여 모집"
전시/미술,종로구,[노화랑] 방앤리 [카나리아 배포: 모든 거짓말에 대한 증명]
교육/체험,은평구,[구립증산정보도서관] 11월 책 읽어주는 사서 [책으로 자라나는 우리!]
국악,금천구,[금천문화재단] 청년 대상 공공프로그램 [귀명창 프로젝트]
전시/미술,광진구,[세종뮤지엄갤러리] 신동수 기획초대전
교육/체험,은평구,[구립증산정보도서관] 컬러풀! 원더풀! : 치유와 소통의 그림책컬러테라피
교육/체험,중구,"[서울시립미술관] 모두를 위한 예술프로그램 [되기, 기억하기, 함께 움직이기]"
클래식,마포구,[마포문화재단] 제9회 M 클래식 축제 -  교향악 시리즈 Ⅲ [네 남자 이야기]
기타,종로구,[세종문화회관] 우리가곡연구회 51회 정기연주회
영화,구로구,[서울아트책보고] 상영회 - 영화살롱 11월 [땅에 쓰는 시] + GV
콘서트,성동구,[성동문화재단] 2024 이소선합창단 정기연주회 - 상한 영혼을 위하여
클래식,종로구,[세종문화회관] 11월 누구나 클래식 - 윤유선의 해설 클래식 [영아티스트를 만나다. 드보르자크 X 리스트]
교육/체험,동대문구,[휘경행복도서관] 도서관은 핫하다 연계_천연 핫!팩 만들기(팥 한가득 붕어빵 핫팩)
전시/미술,종로구,[세종문화회관] 2024 세종미술관 기획전시 [판화 오디세이]
교육/체험,용산구,[용산구청] 2024년 겨울학기 도자 정규교육과정
교육/체험,광진구,"[서울상상나라] 24기 열린연극학교 「출발, 시간 여행!」"
교육/체험,강동구,[강동문화재단] 이수민의 [클래식 커넥트]
교육/체험,강북구,[서울문화예술교육센터 강북] 개관페스티벌 [토크콘서트 X]
교육/체험,강동구,[강동문화재단] 어린이 창의력 자연미술 [반짝반짝 나의 계절 : 겨울놀이]
교육/체험,송파구,[한성백제박물관] 2024 하반기 한성백제박물관 성인 교육 아카데미
교육/체험,강북구,"[서울문화예술교육센터 강북] 개관페스티벌 [변주하는 시선: 김수인, 조유아의 춘향가]"
교육/체험,영등포구,[영등포문화재단] 영등포문화도시센터 [문화도시 영등포 시각문화 워크숍 : 형태추상]
교육/체험,마포구,[마포문화재단] 명사와 함께하는 예술 공감 프로그램 [2024 다방정담(茶房情談)]
전시/미술,은평구,"[구립구산동도서관마을] 만남이 계속되는 지구마을, 첫 번째 이야기 : 네팔"
교육/체험,성북구,[성북문화재단] 2024 성북정보도서관 어린이 환경 프로그램 [친환경 아트 캠핑]
교육/체험,용산구,"[서울문화재단] [렉처in살롱] 융합과 개성의 시대, 낭만"
전시/미술,성동구,"[성동문화재단] 나에게 편안함을 주는 색, 시간 그리고 공간"
교육/체험,은평구,[구립증산정보도서관]  2024 참여예산 지원사업 [이렇게 즐거운 한글!]
전시/미술,종로구,[운현궁] 2024 기획전시 [古;Objet뎐(고브제전)]
전시/미술,성동구,[성동문화재단] 생활예술 활성화 프로젝트 [메모리아(MEMORIA) 작품 전시회]
클래식,마포구,"2024 카즈미 타테이시 트리오 내한공연-지브리, 재즈를 만나다-(서울 마포)"
교육/체험,종로구,"[대우재단 시민강좌] 퇴계와 예, 그리고 우리"
독주/독창회,종로구,[세종문화회관] 바리톤 권용만 독창회
국악,종로구,[서울돈화문국악당] 받은 노래 전한 노래Ⅱ 김윤서
축제-자연/경관,관악구,[관악구청] 제4회 관악 별빛 산책
전시/미술,마포구,"[마포구립서강도서관] 11월-12월 특별전시 [천천히 오래오래, 한강]"
교육/체험,중구,[서울시립미술관] 2024년 서울시립미술관 미술아카데미 학교 연계 프로그램
연극,종로구,[세종문화회관] 연극 [퉁소소리]
교육/체험,종로구,[2024 PLAY-UP 아카데미 모집] 특별과정4. 드라마와 포스트드라마 사이에서 연기하기 혹은 존재하기 (강사 나경민)
교육/체험,은평구,"[구립증산정보도서관] 아이키우기 좋은 서울, 독서 증진 프로그램 [둘도 없는 우리 사이!]"
전시/미술,성동구,[성동문화재단] 예술로 떠나는 그림책 감정여행
교육/체험,양천구,[건강힐링센터] 2024년 11월 원데이 힐링프로그램 안내
클래식,종로구,[세종문화회관] 이화쳄버오케스트라 제23회 정기연주회
교육/체험,중랑구,"[중랑문화재단] 창의융합 유아동 예술프로그램 [말랑말랑, 중랑] 12월"
교육/체험,중구,"[서울시립미술관] SeMA 옴니버스 《끝없이 갈라지는 세계의 끝에서》 전시 연계 프로그램 아티스트 토크 : 오민, [동시]"
국악,중구,제1회 대한민국 전통예술 대제전 
교육/체험,구로구,[서울아트책보고] 11월 책보고 마술보고 2차
교육/체험,구로구,[서울아트책보고] 11월 책보고 마술보고 1차
교육/체험,구로구,[서울아트책보고] 번역가의 서재 - 사진가와 그의 책
클래식,강북구,[세종문화회관] 疾走(질주) : O.nof X 슈드
콘서트,노원구,[노원문화재단] 2024 찾아가는 오케스트라
독주/독창회,도봉구,[평화문화진지] 컬러풀 랩소디: 잼 위드 오디언스
클래식,영등포구,[영등포문화재단] 2024 영등포청소년챔버오케스트라 네번째 정기연주회 [가을밤음악회]
교육/체험,서초구,"[서울문화재단] [서울예술교육랩] #동물의 사육제, AI와 몸으로 쿵짝"
전시/미술,서대문구,[청년예술 창작지원사업 선정작] Tact to Tact
교육/체험,종로구,[종로문화재단] 윤동주문학관 별뜨락 원데이 클래스
교육/체험,영등포구,[영등포문화재단] 영등포문화도시센터 [문화도시 영등포 시각문화 워크숍 : 색상추상]
교육/체험,종로구,[종로문화재단] 2024 상촌재 절기 프로그램 [계절의 향기]
교육/체험,동대문구,[제기동감초마을현진건기념도서관] 고려대학교 AIESEC - FaiRE Tale
전시/미술,종로구,[돈의문박물관마을] 2024 문화예술교육지원사업 예술누림 [나 서는 사진] 프로그램 결과전시 [나 서는 사진]展
교육/체험,종로구,[서울공예박물관] 비밀요원 CMI: 밤이와 함께 비밀코드를 해결하라!_11월
교육/체험,종로구,2024 우리소리도서관 [국악로 명인명창]
전시/미술,종로구,2024 종로 옛 사진전 [옷장 속 사진첩]
연극,종로구,2024 혜화동1번지 동인 페스티벌 '장르 대축제' 열린 연극회 : 오픈 오케스트라 쇼
교육/체험,강남구,"[강남구립논현도서관] 이론보다 실제, 세계 여행지에서 느낀 다문화"
뮤지컬/오페라,성동구,[성동문화재단] 오페라 [사랑의 묘약]
뮤지컬/오페라,성동구,[성동문화재단] 오페라 [사랑의 묘약]
교육/체험,종로구,[종로문화재단] 책&숲체험 - 이끔이와 만나는 숲
콘서트,종로구,[세종문화회관] 2024 최유리 콘서트 : 우리의 언어
전시/미술,성동구,2024 서울 미디어아트의 날 Emotions of Youth - 청년의 마음 예술로 색칠하다
무용,강동구,[강동문화재단] 국립현대무용단 [구두점의 나라에서]
연극,성북구,2024 지역아동센터 아동청소년 뮤지컬 공연 [마이마더]
국악,종로구,[서울생활사박물관] 국악과 함께하는 가을음악회 
무용,강남구,"주연희의 춤 - 한영숙류 이애주 춤의 기억 '삶의 몸짓, 완판 승무'"
교육/체험,종로구,[종로문화재단] 청운문학도서관 [서촌 그리는 마음] 저자 강연
기타,종로구,[The Artist Project] 스타데이
교육/체험,용산구,"[서울문화재단] 십장생 : 안녕의 풍경 [한 폭의 수묵화같은, 종이 호접란]"
국악,중구,[서울남산국악당] 청년공동기획 상자루 [플러그 인 남산]
콘서트,노원구,[서울생활사박물관] 국악과 함께하는 가을음악회
콘서트,마포구,[마포문화재단] 마포구립소년소녀합창단 창단 20주년 기념 정기연주회 [스물]
콘서트,관악구,[관악문화재단] 제35th cj`유재하음악경연대회 본선 경연
클래식,강북구,[세종문화회관] 그린필오케스트라 정기연주회
콘서트,중구,[중구문화재단] MUSIC PARADE : 가을곁에 서소문
클래식,서초구,[딜레탄토] 바로크 속 아름다운 영혼들
전시/미술,노원구,[서울생활사박물관] 서울 가족 삼대의 결혼이야기 展  
전시/미술,송파구,"[한성백제박물관] 2024년 가을 특별전 [백제人: 죽은 자의 이야기, 산 자의 해석]"
교육/체험,관악구,[관악문화재단] 2024년 약자와의 동행 도서관 건강 인문학 [서여양로(書與養老)]
교육/체험,용산구,[서울문화재단] [독서가이드]최신 SF에 접속하기
교육/체험,도봉구,[김수영문학관] 2024년 상주작가와 함께하는 동시대 문학과 호흡하기
교육/체험,성북구,[돌곶이생활예술문화센터] 만들Go! 움직이Go! 나에게로 떠나는 여행
교육/체험,성동구,[청계천박물관] 2024년 11월 유아가족교육 [궁금이의 그림책 박물관]
축제-기타,용산구,2024 서울미식주간
축제-문화/예술,종로구,잠시 안녕! 서울야외도서관 [광화문 책마당]
연극,성북구,[성북문화재단] 성북 메모리워크: Q로부터 [공연]
축제-시민화합,종로구,"[종로문화재단] 2024 창신마을축제 창신을 잇다, 창신과 잇다"
교육/체험,종로구,[서울공예박물관] Open Studio : 콕콕 양모공예(11월 8일)
뮤지컬/오페라,종로구,2024년 야간 공연 관람권_[경종수정실록]
뮤지컬/오페라,노원구,[노원문화재단] 2024 인문학북콘서트 [인지하지 못했던 사사로운 것들] 2회차 혼자가 체질
교육/체험,종로구,"[운현궁] 2024 별 헤는 밤, 운현궁(11월)"
클래식,강동구,[강동문화재단] 디토 오케스트라 정기 연주회: 톡톡 클래식 [MOZART]
기타,송파구,[서울책보고] [예술 소통 프로그램] 책보고 쌀롱(11월) ; 반려견
기타,종로구,"[세종문화회관] 이ㅅ음 IV - 제47회 신음악회 정기작품발표회 - 소리, 한국 추상화의 미학"
연극,강북구,2024년 야간 공연 관람권_[회수조]
교육/체험,중구,"[서울시립미술관] 천경자 탄생 100주년 기념 《격변의 시대, 여성 삶 예술》 展 연계 프로그램 [작가와의 대화 Part.3]"
교육/체험,성북구,[서울문화재단] 서울연극창작센터 개관 전 특별 프로그램 2024 PLAY-UP 아카데미 [시선 끝의 연극]
전시/미술,강동구,[강동문화재단] #우리의 순간-35개의 풍경展
전시/미술,은평구,"[은평역사한옥박물관] Blue, Hidden nature"
기타,마포구,[서울생활문화센터 서교] 너와나의 교집합 11월 _함께 읽는 셰익스피어 햄릿
교육/체험,송파구,[서울백제어린이박물관] 2024 유아ㆍ어린이와 보호자 대상 [서울역사생태탐혐대]
축제-문화/예술,중구,[서울문화재단] 제3회 서울융합예술페스티벌 언폴드엑스(Unfold X) 2024 《2084: 스페이스 오디세이(A Space Odyssey)》
전시/미술,중구,서울융합예술페스티벌 '언폴드엑스(Unfold X) 2024'
교육/체험,노원구,[서울시립 북서울미술관] 영화로 만나는 미술가들 [명화극장]
교육/체험,종로구,[종로문화재단] 국학도서관 [쉼표가 되는 단어들]
교육/체험,용산구,"[서울문화재단] 한 번쯤, 에세이 쓰기"
기타,마포구,[11월/읽는 인간 호모부커스] Ⅳ 프란츠 카프카 작품 읽기
전시/미술,종로구,[돈의문박물관마을] 2024서울문화예술교육지원사업 [사진it수다] 프로그램 결과전시회 [사진X수다]展
교육/체험,송파구,[송파문화재단] 송파공간x예술인 연대프로젝트: 듀엣쏭
연극,구로구,[구로문화재단] 보이첵
영화,성북구,제4회 성북청춘불패영화제
전시/미술,강남구,[강남문화재단] 2024년 강남문화재단 회원 작품 전시회
뮤지컬/오페라,종로구,[종로문화재단] 창작국악뮤지컬 [반쪽이의 대모험]
축제-문화/예술,중구,잠시 안녕! 서울야외도서관 [책읽는 맑은냇가]
축제-문화/예술,중구,잠시 안녕! 서울야외도서관 [책읽는 서울광장]
클래식,종로구,2024년 종로구립어르신합창단 정기연주회
교육/체험,용산구,[서울역사박물관] 2024년 하반기 서울역사박물관대학(46기) 현장 답사
클래식,서초구,[서초문화재단] 서리풀 무반주 시리즈 [바흐-잊혀진 소리의 재발견]
클래식,강남구,[강남문화재단] 제171회 강남마티네콘서트 [엘가vs드보르작]
클래식,종로구,[종로문화재단] 2024년 종로구립어르신합창단 정기연주회
클래식,종로구,[세종문화회관] 미래악회 제49회 작품발표회
뮤지컬/오페라,강남구,[강남문화재단] 제990회 목요예술무대 오페라뮤지컬 [연애의 기술]
콘서트,강북구,[세종문화회관] 가을 바람꽃 향연
교육/체험,구로구,[서울아트책보고] 관객의 취향 - 희곡 낭독회 [1회차]
전시/미술,중랑구,[중랑문화재단] 실감미디어로 보는 그림책 [수박 수영장]
교육/체험,성북구,[성북문화예술교육센터] 2024년 성북문화예술교육센터 가을 프로그램 11~12월
교육/체험,송파구,[서울백제어린이박물관] 2024 유아 단체 대상 [서울역사생태탐혐대2]
무용,종로구,제 14회 2인무 페스티벌
콘서트,종로구,서울연극센터 프로젝트 가을 [리플레이(Re; Play)]
교육/체험,용산구,[서울문화재단] 미술의 속사정 : 질문으로 보는 기초 개념
전시/미술,마포구,[마포문화재단] 생활문화예술 활성화 사업 [2024 꿈의전시 : 공동기획전시 - 모두의 일상]
교육/체험,마포구,[마포구립서강도서관] 서울시 북스타트 엄마 북(Book)돋움 연계 프로그램 [잘한다! 자란다]
전시/미술,광진구,"[세종뮤지엄갤러리] 보리, 생명의 씨앗 - 송계 박영대 기획초대전"
교육/체험,성북구,[성북문화예술교육센터] 2024 문화예술시작학교 참여자 모집
전시/미술,종로구,금강산 [이향지 사진전]
전시/미술,중랑구,[중랑문화재단] 연희집단 The 광대 [나는 광대 : 당신은 어떤 광대인가요?]
전시/미술,성동구,[성동문화재단] 예술누림 : 우리들의 이야기
기타,마포구,[마포문화재단] AUDIO VISUAL PAVILION [MAFO:REST_ 힐링의 숲]
교육/체험,강남구,[강남구립논현도서관] 우주를 향해 발사 2탄
클래식,강북구,[세종문화회관] 슈베르트와 함께하는 낭만의 정원
클래식,서초구,[서초문화재단] 서리풀 오후의 실내악 [바이올린 연가]
뮤지컬/오페라,종로구,[세종문화회관] 카프카의 [변신]으로 만나는 316앙상블 음악극 시리즈 Ⅱ
전시/미술,성동구,"[청계천박물관] 그때, 이곳의 기록-청계천 판자촌"
전시/미술,종로구,"[서울역사박물관] 보이드를 통한 서울 읽기, [서울의 작은 산] 展"
교육/체험,광진구,[서울상상나라] 만원 속에 숨은 별
교육/체험,종로구,[서울시민대학] 2024년 서울시민대학 2학기 2차 학습자 모집
전시/미술,중구,[서울디자인재단] 오픈큐레이팅 vol.35 [칼레이도] 展
교육/체험,종로구,[서울공예박물관] Open Studio Plus+ : 작가반 프로젝트
교육/체험,중랑구,"[중랑문화재단] 창의융합 유아동 예술프로그램 [말랑말랑, 중랑] 11월"
교육/체험,동대문구,[용두어린이영어도서관] 예술로 만나는 세상 [이건희 컬렉션 Ⅱ]
영화,중랑구,[중랑아트센터] 11월 중랑독립영화관
교육/체험,은평구,[구립증산정보도서관] 책 따라 걷는 도서관 - 11월 원화 전시 [볼품없는 상]
교육/체험,성북구,[성북문화재단] 우리 동네 [만드는] 이야기
전시/미술,종로구,[운현궁] 2024 기획전시 [단청 복(福)을 전하다]
전시/미술,성동구,[성동문화재단] 디지털 회화 in 성수
국악,마포구,[마포문화재단]  2024 꼬레아 리듬터치 三. 첼로가야금 [2.0] 콘서트
콘서트,종로구,[세종문화회관] 2024홍난파가곡제
뮤지컬/오페라,성북구,[성북문화재단 아리랑시네센터] SAC on Screen 오페라 [마술피리] 상영
클래식,서초구,[서초문화재단] 제 14회 서초구립여성합창단 정기연주회
교육/체험,중구,[서울시립미술관] 예술가의 런치박스 [전보경 - 물의 즉흥곡: 정형과 비정형 사이에서]
국악,용산구,[노들섬] 라이브하우스_뜻밖의 토크콘서트 [4th. 이희문 경기소리꾼]
클래식,종로구,[세종문화회관] 제3회 대한음악예술과비평학회 정기연주회 헤겔과 음악
연극,종로구,제5회 여주인공 페스티벌
교육/체험,강북구,[서울문화재단] [서울예술교육랩 강북] 삼제비와 함께하는 박흥보 대박났네 *1회기
교육/체험,강동구,[강동문화재단] 계간 생활문화 프로그램 : 내 손으로 만드는 가죽공예
교육/체험,은평구,[구립증산정보도서관] 독서문화 - 11월 어린이 독서퀴즈
교육/체험,서초구,[서초문화재단] 탄소제로 클래스 11월
교육/체험,은평구,[구립증산정보도서관] 11월 테마전시체험전 [테마로 즐기는 도서관Ⅱ] - 나는 안내견이야
교육/체험,동대문구,[장안어린이도서관] 기초부터 튼튼한 시니어 스마트폰
축제-문화/예술,강북구,[강북문화재단] 세계양금축제 in 서울
콘서트,서초구,[딜레탄토] 변이언 하프시코드 독주회
콘서트,중구,[중구문화재단] 월요극장 7 - 히즈피아노 온 브로드웨이
독주/독창회,종로구,[세종문화회관] 김지선 바이올린 독주회
교육/체험,동대문구,[동대문문화재단] 1인미디어 AI로 영상크리에이터 되어보기 심화반
축제-문화/예술,종로구,"[서울생활문화센터 체부] 시민이 만드는 시민의 음악 축제, [2024 서울시민음악제] 개최!"
콘서트,노원구,노원즐거운콘서트x찾아가는 버스킹_11월
교육/체험,노원구,[서울시립과학관] 과학에 물들다
교육/체험,송파구,[서울책보고] 가족 체험 프로그램 - 가족 예술 학교(11월)
교육/체험,노원구,[서울시립과학관] 11월 일상실험실: 실험실 체험 프로그램
클래식,성동구,[성동문화재단] 강재훈 트리오
교육/체험,은평구,"[구립증산정보도서관] 차 한 모금, 가족 티 클래스"
교육/체험,구로구,[서울아트책보고] 콩떡콩떡 줄넘기 - 그림책 놀이
클래식,강북구,[세종문화회관] Pathos Vocal Ensemble Opera Galla Concert
축제-문화/예술,관악구,[관악문화재단] 2024 문화취약계층을 위한 찾아가는 공연장 [관광버스 대잔치]
클래식,서초구,로데아트센터 개관시리즈 Ⅳ [보로메오 스트링 콰르텟 콘서트]
교육/체험,광진구,[서울상상나라] 도형 마을 건축가
교육/체험,강남구,"[강남구립논현도서관] AI시대, 일상 속 인공지능 톺아보기"
교육/체험,서초구,[서울문화재단] [서울예술교육랩] 2024 골든레코드: 움직이는스코어
교육/체험,광진구,[서울상상나라] 가족요리 - 오트밀 사과 쿠키
교육/체험,광진구,[서울상상나라] 오감요리 - 사과 퀘사디아
영화,강남구,[강남구립논현도서관] 2024년 11월 논현 나잇 토요 시네마
교육/체험,중랑구,[중랑문화재단] 옹기테마체험관 2024년 11월 프로그램
교육/체험,양천구,[서울문화재단] 몸으로 예술놀이
교육/체험,종로구,[종로문화재단] 2024 무계원 전통문화체험 [보자기 계절을 담다]
영화,중랑구,[중랑아트센터] 11월 토요키즈극장
교육/체험,동대문구,[제기동감초마을현진건기념도서관] 대학생 교육기부 함성소리 - 지구별 놀이터
교육/체험,종로구,"[서울공예박물관] 장인의 보물상자_나전공예편 5, 6학년]_11월"
교육/체험,강북구,근현대사기념관 어린이 역사동화전 [사할린 아리랑] 작가와의 만남
교육/체험,종로구,"[서울공예박물관] 장인의 보물상자_나전공예편 [3, 4학년]_11월"
교육/체험,동대문구,[장안어린이도서관] 사랑 돋움 가족 책 놀이
국악,종로구,[서울돈화문국악당] 서울소리:잡가雜歌
교육/체험,종로구,[세종문화회관] 2024 하반기 어린이 예술탐험대 - 싱잉키즈
교육/체험,강북구,[서울문화재단] [서울예술교육랩] 이상한 동화나라의 어린이 탐정단
교육/체험,양천구,[서울문화재단] [우리가 궁금했던 예술] 발레와 친해지는 시간
축제-기타,종로구,[돈의문박물관마을] 2024 두레미마켓 : 전국 두레 자랑
축제-문화/예술,서초구,[매헌시민의숲] 2024 매헌시민의숲 가을축제
무용,마포구,[마포문화재단] 마포가을 와글와글 - 발레 [피터팬]
콘서트,종로구,[세종문화회관] 2024 이승철 콘서트 [오케스트락2] 서울공연
축제-문화/예술,용산구,2024년 남산둘레길 가을소풍 개최!
축제-문화/예술,강북구,제1회 꿈의숲 단풍문화축제
교육/체험,종로구,[서울공예박물관] 뮤지엄 멘토: MUSEUM人을 만나다 #10
전시/미술,강동구,[강동문화재단] 마비노기 자라섬재즈빅밴드 LIVE
뮤지컬/오페라,강북구,수도토요음악회 [오페라카니발 . 김주택X조병익X박회림]
교육/체험,강남구,[강남구립논현도서관] 직장인을 위한 AI로 PR하기
연극,영등포구,[영등포문화재단] 2024 서울인형극제 영등포아트홀 기획공연 [그림자극 랑랑별때때롱]
무용,종로구,[종로문화재단] 2024년 종로구립 궁중무용단 정기공연
교육/체험,구로구,"[서울아트책보고] 예술놀이터 : 토끼 휴대폰 거치대 꾸미기, 나만의 미니 장바구니"
클래식,종로구,2024년 종로구립소년소녀합창단 정기연주회 [세상에서 가장 아름다운 이름 엄마]
콘서트,성동구,[성동문화재단] 2024 성동예술정원 '아트마켓' & 청춘 버스킹 in 성동 공연
클래식,서초구,[살롱클래식] 석유리 오보에 리사이틀
클래식,강북구,[세종문화회관] 경희대학교 합창단 GLEE OB 제8회 정기연주회 [Morning Has Broken]
클래식,영등포구,2024 대한민국 합창축제 Korea Harmony Festa
뮤지컬/오페라,노원구,[노원문화재단] 2024 노원어린이극장 기획공연 [페페의 꿈]
교육/체험,종로구,[서울생활문화센터 낙원] 2024 낙원 생활문화축제 [낙원로드: 모루인형 만들기]
교육/체험,마포구,[마포구립서강도서관] 11월/도서관 초대석 [등을 쓰다듬는 사람]
교육/체험,은평구,[구립증산정보도서관] 그림책보드게임지도사 양성과정 후속 프로그램 [그림책 보고 보드게임으로 놀고]
교육/체험,종로구,[서울생활문화센터 낙원] 2024 낙원 생활문화축제 [낙원로드: 베어브릭 페인팅]
교육/체험,마포구,[서울생활문화센터 서교] 생생리페어샵_미니어쳐 소파만들기
클래식,종로구,[서울역사박물관] 제4회 박물관 토요음악회
축제-문화/예술,관악구,2024 관악 도림천 생태계 런웨이
교육/체험,성북구,[성북문화재단] 체험 프로그램 사전 접수 [어색한 축제 2024]
전시/미술,은평구,[서울기록원] 어린이 기록체험실 [꼬불꼬불 기록 탐험]
교육/체험,종로구,[서울공예박물관] 특별전 [공예로 짓는 집] 큐레이터와 함께하는 전시해설 | 11월
전시/미술,구로구,[서울아트책보고] 공중 만화탕
전시/미술,종로구,[돈의문박물관마을] 미디어파사드 프로젝트 [Let's play!] 展
교육/체험,강서구,[강서문화원] 남도민요판소리
교육/체험,강서구,[강서문화원] 경기민요
교육/체험,광진구,[서울상상나라] 에너지 장난감
교육/체험,광진구,[서울상상나라] 몸 튼튼 마음 튼튼
전시/미술,종로구,"황학정국궁전시관 기획전시 [금빛 명중, 전설을 쏘다]"
교육/체험,송파구,[서울백제어린이박물관] 서울 문화의 밤 연계 교육 [작은 백제의 겨울]
영화,동대문구,[답십리영화미디어아트센터] 답십리시네마 - 영화 상영시간표(2024.11.1~11.30.)
전시/미술,은평구,[은평구립도서관] 전시_11월 신간을 달리는 은평
교육/체험,송파구,[송파청년아티스트센터] 11월 프로그램
전시/미술,은평구,[은평구립도서관] 11월 빅데이터 책을 읽다
전시/미술,은평구,[은평구립도서관] 11월 지은이를 찾아서
교육/체험,마포구,[마포구립서강도서관] 11월 문화프로그램 안내
교육/체험,영등포구,[이문어린이도서관] 2024년 개관 기념 행사
전시/미술,은평구,[은평구립도서관] 전시_이달의 직업 - 지식재산 전문가
교육/체험,송파구,[한성백제박물관] 백제왕도 달빛기행 [몽촌토성 달빛 탐방]_11월
교육/체험,마포구,[마포구립서강도서관] 11월/어린이메이킹 [해봄아 노올자! 해봄맘껏Time]
영화,중랑구,[중랑아트센터] 11월 미술관 속 작은 영화관
기타,마포구,[11월/어린이강좌](박은정 강사) 도서관에서 떠나는 세계탐험
교육/체험,중구,[서울디자인재단] DDP루프탑 투어
전시/미술,관악구,[관악문화재단] 유재하 특별 전시 [가리워진 길]
교육/체험,성동구,"[성동구립도서관] 어린이 타임지 뉴스 리딩 (11,12월)"
전시/미술,도봉구,[도봉문화재단] 함석헌기념관 씨알갤러리 7차 전시 
콘서트,중구,2024 문화가 흐르는 서울광장 11월
축제-문화/예술,중구,제2회 월드판소리페스티벌
콘서트,중구,[충무아트센터] 뮤지컬 콘서트 [히즈피아노 온 브로드웨이]
축제-문화/예술,서초구,제5회 장난감음악제
국악,중구,[서울남산국악당] 청년공동기획 조용진 ? 황태인 [조금만 바꿔볼까?]
클래식,종로구,"[세종문화회관] 노래는 맛있게, 표정은 밝게, 마음은 즐겁게 Ⅱ"
축제-시민화합,금천구,[금천문화재단] 금천마을활력소 어울샘 생활문화축제 [어울씨구나]
교육/체험,종로구,[서울생활문화센터 낙원] 2024 낙원 생활문화축제 [낙원로드: 보자기 가방 만들기]
콘서트,종로구,[서울문화의 밤] 버스킹라이브(J앙상블&포엣)
클래식,용산구,2024년 용산구 공연장 상주단체지원사업 [영화 속 클래식]
교육/체험,송파구,"[서울백제어린이박물관] 뮤지엄 휴휴프로그램 [마음 쉼표, 뜨개질]"
연극,종로구,2024년 야간 공연 관람권_[카운팅]
클래식,서초구,[살롱클래식] 스트링 듀오의 밤
영화,노원구,[서울시립 북서울미술관] 영화로 만나는 미술가들 [뮤지엄나이트] 4. 에드워드 호퍼
교육/체험,중구,"[서울시립미술관] 천경자 탄생 100주년 기념 《격변의 시대, 여성 삶 예술》 展 연계 프로그램 [작가와의 대화 Part.2]"
콘서트,강북구,[세종문화회관] 서울사대부고선농합창단 정기연주회
교육/체험,종로구,[서울생활문화센터 낙원] 2024 낙원 생활문화축제 [낙원로드: 반려동물 액자 만들기]
교육/체험,종로구,[서울생활문화센터 낙원] 2024 낙원 생활문화축제 [낙원로드: 붕어빵 찜질팩 만들기]
교육/체험,구로구,"[구로기적의도서관] GQ 에디터 이재위 작가 북토크 : 아웃도어, 취미, 일상의 선순환"
교육/체험,종로구,[서울생활문화센터 낙원] 2024 낙원 생활문화축제 [낙원로드: 재즈 라이브 클래스]
전시/미술,종로구,[서울공예박물관] 손으로 빚어낸 팔레트
영화,성북구,[아리랑시네센터] 배리어프리(Barrier Free) 영화 상영회 
교육/체험,동대문구,[장안어린이도서관] 알고 키우는 기질 육아
교육/체험,종로구,"[서울문화재단] 함께하는 글쓰기, 마주하는 글쓰기 공개강의(Public Open)"
전시/미술,강서구,[강서문화원] 박경묵 개인전 [묵암전도(默巖全圖)]
전시/미술,강서구,[강서문화원] 제미영 개인전 [다정한 풍경]
기타,마포구,[마포구립서강도서관] 10월/팟캐스트 서강도서관 피셜 50회 [소년이 온다]
교육/체험,강남구,[강남문화재단] 취향을 발견하는 아트컬렉팅 입문
연극,종로구,[세종문화회관] 김성녀의 뮤지컬모노드라마 [벽 속의 요정]
전시/미술,중구,[시립청소년미디어센터]제24회 KYMF대한민국청소년미디어대전 사진 전시회
전시/미술,종로구,2024우리아트스쿨 전시회 [우리가 걷는 길]
전시/미술,성동구,[성동문화재단] 그리美 5회전시
무용,중구,국립무용단 [2024 안무가 프로젝트]
무용,종로구,"[세종문화회관] 국수호, 김재덕의 사계"
기타,마포구,"[마포문화재단] [음악공간 : PLAYLIST]＇음표로 된 치유제＇당신에게 숙면을, 앰비언트 뮤직"
교육/체험,종로구,[서울시립 미술아카이브] 2024 연구교류 《행동의 아카이브》
콘서트,종로구,[세종문화회관] 웅산 ALL THAT JAZZ
교육/체험,중구,[남산XR스튜디오] 방문 및 기초 교육 프로그램
교육/체험,구로구,"[서울아트책보고] Chaek보고 Chaek놀고: 동물 종이컵 볼링놀이, 풍선 놀이"
클래식,강북구,[세종문화회관] 제 19회 서울기독대학교 휴먼힐링예술학부 음악 정기연주회
클래식,서초구,[살롱클래식] 홍의연 바이올린 독주회
클래식,서초구,[서초문화재단] 서리풀 재즈 페스타 [CLAZZ Concert]
교육/체험,중구,[서울시립미술관[ SeMA 아카데미 : 소장품으로 만나는 서양현대미술사
전시/미술,광진구,"[세종뮤지엄갤러리] 최혜인 기획초대전 [온기, 살아있는 것들을 위한]"
전시/미술,노원구,2024 시각예술지원사업 창작지원사업 10인전 [나만의 언어는 기계에 집어넣으면 무조건 빨간 불이 뜬다]
교육/체험,양천구,[서울문화재단] [우리가 궁금했던 예술] 나의 첫 해외미술관
축제-문화/예술,중구,2024 The Art Plaza
클래식,종로구,[세종문화회관] 오현정의 Piano Spirit XII
교육/체험,중구,[남산XR스튜디오] XR체험존 운영
교육/체험,동대문구,[휘경행복도서관] 10월 문화가 있는 날 [우리동네 예술배움]
콘서트,중구,[문화가 흐르는 서울광장] 10월 30일 특별공연 안내
축제-시민화합,종로구,광화문 하늘을 25색 문화로 물들이는 [2024 서울 문화원 축제 한마당]
국악,강북구,[강북문화재단] 김준수와 함께하는 국악 콘서트
교육/체험,종로구,[국립민속박물관] 박물관 민속학 교실 [국악인 이희문의 한국인의 흥]
콘서트,양천구,[양천문화재단] 2024 월간뮤지크 육중완밴드 공연
클래식,강북구,[세종문화회관] 플라르플루트앙상블 15회 정기연주회
교육/체험,은평구,[구립증산정보도서관] 책과 함께하는 [어린이 수요공작회] 10월
교육/체험,동대문구,"[장안어린이도서관] 10월 문화가 있는 날 (장안 예술 산책, 장안 예술 놀이)"
콘서트,종로구,[세종문화회관] LOVE and DREAM
전시/미술,용산구,《우리는 어디에나 있다》
전시/미술,종로구,2024 신당창작아케이드X신세계L&B 공예상품 개발 프로젝트 결과전시
전시/미술,종로구,[서울공예박물관] 2024년 서울공예박물관×서울문화재단 기획전시  [공예직감(工藝直感)]
교육/체험,구로구,[서울생활문화센터 신도림] 2024 나도 모르는 나의 취미_다이어트댄스 원데이클래스
전시/미술,종로구,[운현궁] 2024 기획전시 [망수. 맥을 잇다]
전시/미술,성동구,[성동문화재단] With you
클래식,종로구,"[세종문화회관] 제3회 수수성악회 정기연주회 [베르디, 푸치니의 숨겨진 여인]"
콘서트,중구,2024년 서울시 구립여성합창단 합창 페스티벌
영화,강북구,[세종문화회관] 10월 꿈의숲 아트시네마 : 샤인
클래식,마포구,[마포문화재단] 제9회 M 클래식 축제 - 보헤미아의 숲에서 Ⅴ [아시아 피아노 트리오]
클래식,서초구,[서초문화재단] 서리풀청년예술단 《서초M.스타즈》 4기 쇼케이스 [곁;Introduction]
교육/체험,동대문구,[장안어린이도서관] 도서관은 핫하다 : 폭신 따땃 독서방석 만들기
교육/체험,은평구,[구립증산정보도서관] 그마음 동아리 후속 프로그램 [도서관이 들려주는 그림책 2기]
기타,강북구,[2024년 예술기반지원 연구활동지원 선정단체 결과 공유회] 판소리 교육 교재 개발-일반인 및 외국인을 중심으로
교육/체험,강서구,[강서문화원] 스케치 뎃생
교육/체험,서초구,Bravo 서초문화버스 해설투어
클래식,종로구,제5회 울림 색소폰 앙상블 정기연주회
교육/체험,서초구,[서초문화재단] 서리풀 예술로 산책 [Open Your Ears - 소리가 내게 말하는 것]
축제-문화/예술,관악구,[관악문화재단] 김덕수 명인과 함께하는 어린이라운지 전통연희 앙상블
교육/체험,동대문구,[답십리영화미디어아트센터] 리틀 스토리 크리에이터-오디오 카드 만들기 10월 회차 오픈
교육/체험,동대문구,[동대문문화재단] 2024 동대문구 북페스티벌 [원조 K-문화의 美 : 청사초롱과 자개] 운영
교육/체험,노원구,[서울시립과학관] 과학북토크: 달작한 사이언스(10월) [김상협의 무지개 연구]
축제-시민화합,양천구,[양천문화재단] 제1회 양천가족 거리축제
콘서트,종로구,[서울생활문화센터 체부] 2024 [생활문화콘서트] 15회차 운영
클래식,강북구,[세종문화회관] 유로챔버오케스트라 2024 연주회
교육/체험,동대문구,[답십리영화미디어아트센터] 미디어융복합교육 AR로 만나는 세상 - AR로 만나는 동물캐릭터
교육/체험,광진구,[서울상상나라] 아빠랑 나랑 - 운석을 찾아라!
교육/체험,노원구,[서울시립과학관] 열린과학나눔터
기타,마포구,"[10-12월/성인메이킹] (오호선 작가, 박미애 화가) 쓰고 그리는 옛이야기 / Book Cx클래스"
영화,중랑구,[중랑문화재단] 중랑청소년문화예술창작센터 [중랑틴즈시네마] 독립영화 상영회
교육/체험,용산구,"[용산역사박물관] 용산LAB: 도시역사편 [한 컷, 용산도감]"
전시/미술,마포구,"2024 공공미술 작가발굴 작품전시 [다시 숨쉬는 땅, 피어나는 예술]"
교육/체험,광진구,[서울상상나라] 자연속으로 - 몸으로 그리는 하늘
전시/미술,,[서울대공원] 2024년 야외전시 [동물원 밖 동물원]
교육/체험,관악구,[관악문화재단] 지속가능성을 위한 주민참여형 생태전환교육 [2024 Green In Library]
교육/체험,은평구,"[은평역사한옥박물관] 북한산의 작은 이웃, 새와 만나요"
콘서트,종로구,[세종문화회관] 2024 라포엠 단독 콘서트 [LA POEM SYMPHONY]
교육/체험,종로구,[광화문광장 탐방투어] 2024 빛모락 가을산책
축제-문화/예술,영등포구,2024 문화잇지오
클래식,노원구,[서울생활사박물관] 노원구립 청소년교향악단 가을연주회 [음악이 흐르는 박물관]
클래식,양천구,[양천문화재단] 르엘오페라단 [미술관에서 만난 음악가들] 
교육/체험,중구,[서울도서관] 서울-아일랜드 문학 축제 - 세션B: 제임스 조이스의 위대함
교육/체험,양천구,[서울문화재단] 10월 예술힐링놀이터 [향기로 느끼는 그림]
국악,성북구,[성북문화재단] 풍류마치2024 : 일장일단
교육/체험,은평구,[구립증산정보도서관] 《우다다 책크닉》책과 함께하는 우리가족 가죽공예
교육/체험,은평구,[구립증산정보도서관] 《우다다 책크닉》 책 읽어주는 음악회 - 꿈의 목록
클래식,강남구,[강남마티네콘서트 특별공연] GSO x 시네마 뮤직 클래시컬 레트로
교육/체험,중구,[서울도서관] 서울-아일랜드 문학 축제 - 세션C: 아일랜드의 문학적 부흥과 독립
교육/체험,은평구,[구립증산정보도서관]  우리가족 다같이 다독다독 책크닉 [책과 사랑으로 이어지는 패밀리 쿠키!]
교육/체험,용산구,[서울문화재단] [십장생  안녕의 풍경] 무한한 음악 속 유한한 인생을 기록하다
국악,종로구,제2회 호수문화제 [湖樹風流]
연극,용산구,1인극 음악회 [10월의 어느 ㅁㅊ날에]
국악,종로구,[세종문화회관] 대한민국국악관현악축제-서울시국악관현악단
교육/체험,구로구,"[서울아트책보고] 예술놀이터: 할로윈 촛대 꾸미기, 나만의 자석칠판 꾸미기"
축제-기타,성동구,[성동구청] 용답나들시장 맥주축제
축제-문화/예술,성동구,[성동문화재단] 2024 성동구 구립도서관 북페스티벌
축제-문화/예술,양천구,"[서울문화예술교육센터 양천] 온 가족이 함께 즐기는 문화예술 축제, 10월 [예술힐링놀이터]"
클래식,은평구,[구립구산동도서관마을] 미클로시 페레니 & 피닌 콜린스 듀오 콘서트ㅣ예술의전당 예술 영상화 콘텐츠 상영
무용,강북구,[세종문화회관] 국가무형문화재 제34호 강령탈춤 정기공연 면허개전
교육/체험,중구,[서울도서관] 서울-아일랜드 문학 축제 - 세션A: 번역의 예술
교육/체험,도봉구,[서울역사편찬원] 2024년 서울역사문화답사 10월 신청 안내
교육/체험,중구,[서울도서관] 서울-아일랜드 문학 축제 - 아일랜드 작가와의 만남
국악,종로구,서울우리소리박물관x노올량 [섬 아리랑] 쇼케이스
독주/독창회,종로구,[세종문화회관] 유재아 플루트 리사이틀
축제-문화/예술,영등포구,2024 아시아송 페스티벌
교육/체험,노원구,[서울시립 북서울미술관] SeMA 옴니버스 《나는 우리를 사랑하고 싶다》 전시 연계 작가 워크숍 [산이 되는 몸]
전시/미술,종로구,"[서울역사박물관] 나의 보물, 나의 유산"
축제-문화/예술,송파구,[송파구청] 석촌호수의 가을과 겨울 그리고 루미나리에
클래식,동대문구,[동대문문화재단] 기획공연  시리즈 [와인et멜로디]
영화,중구,[청춘극장] 11월 영화 및 공연 프로그램
교육/체험,종로구,[서울우리소리박물관] 가족행복교육프로그램 [아리랑을 담은 소리상자]
전시/미술,마포구,[서울시립 난지미술창작스튜디오] 2024 난지미술창작스튜디오 오픈스튜디오: 다 카포
연극,성동구,[성동문화재단] 피노키오 트라이얼
영화,동대문구,[동대문문화재단] 페스타! 레트로60: 답십리
축제-문화/예술,영등포구,제1회 영등포선유도원축제
콘서트,성동구,[성동문화재단] 2024 소월아트홀에서 떠나는 국내 여행
축제-문화/예술,중구,제16회 서울문학축제 [2024 문학의 도시 서울]
축제-기타,종로구,2024 서울 익스트림스포츠 페스티벌
교육/체험,은평구,"[서울기록원] 2024 서울기록페어 : 즐거운 서울, 즐기는 기록"
축제-문화/예술,서초구,서초책있는거리 [10월 북캠프]
교육/체험,중구,"[서울시립미술관] 천경자 탄생 100주년 기념 《격변의 시대, 여성 삶 예술》 展 연계 프로그램 [작가와의 대화 Part.1]"
축제-문화/예술,중구,[서울디자인재단] 서울디자인어워드 2024  컨퍼런스 및 시상식
교육/체험,송파구,[서울책보고] 인문학강연 [열대 식물들의 여행_식물이 나에게 오기까지]
기타,송파구,제25회 쟁점백제사 학술회의 개최 [백제 고분 연구의 쟁점과 향후과제]
국악,광진구,2024 공연봄날 야외 특별 공연 [가을피크닉 : K-WIND Soul Beat]
교육/체험,구로구,[구로기적의도서관] 조승원 기자의 [술과 예술인 이야기]
교육/체험,중구,[서울시립미술관] 김인순 컬렉션 《일어서는 삶》 전시연계 콜로키움 [한국 여성미술 궤적을 그리다]
교육/체험,강남구,[강남구립논현도서관] 지역서점과 함께하는 과학기술 특강. 2 : 조선이 만난 아인슈타인
연극,종로구,2024년 야간 공연 관람권_[가족입니다] 10주년 : 극단웃어
영화,구로구,[서울아트책보고] 상영회 영화살롱 10월 - 생츄어리
클래식,강북구,[세종문화회관] 테너 오승환 리사이틀
영화,노원구,[서울시립 북서울미술관] 영화로 만나는 미술가들 [뮤지엄나이트] 3. 루시안 프로이드
클래식,서초구,[서초문화재단] 서리풀 거장 초대석 [Composer 이영조]
국악,종로구,서울시국악관현악단 실내악 시리즈 Ⅱ
기타,종로구,[세종문화회관] 제11회 이데일리 문화대상
콘서트,종로구,[운현궁] 뜰 안의 역사콘서트(10월)
클래식,종로구,[세종문화회관] 마크와 친구들
국악,종로구,[세종문화회관] 대한민국국악관현악축제-부산시립국악관현악단
교육/체험,송파구,[한성백제박물관] 백제왕도 달빛기행 [몽촌토성 달빛 탐방]_10월
교육/체험,종로구,[서울시립 미술아카이브] SeMA 옴니버스 《아카이브 환상》 전시연계 프로그램
교육/체험,종로구,[서울역사박물관] 2024년 딜쿠샤 온라인 교육프로그램 [딜쿠샤에서 온 편지]
전시/미술,영등포구,[영등포문화재단] 2024 예술기술도시 [TIME AND NARRATIVE 시간과 이야기]
축제-문화/예술,종로구,"제1회 국제 인피오라타 페스티벌, 꽃 피어 오르는 서울"
클래식,송파구,"[서울시립교향악단] 2024 서울시향 얍 판 츠베덴의 베토벤 교향곡 5번 ①, ②"
국악,종로구,[세종문화회관] 대한민국국악관현악축제-영동난계국악단
교육/체험,노원구,[서울시립 북서울미술관] SeMA 옴니버스 《나는 우리를 사랑하고 싶다》 전시 연계 아티스트 토크
클래식,종로구,[세종문화회관] Guitar Trio 프로젝트54 두번째 에피소드
교육/체험,종로구,[서울역사박물관] 2024년 [SEMU-YEOL LECTURE] (10월)
콘서트,성동구,[성동문화재단] 골목 바이브 5회차 공연
교육/체험,구로구,"[서울아트책보고] Chaek보고 Chaek놀고 :플레이콘 놀이, 마스킹 테이프 놀이"
클래식,서초구,[서초문화재단] 서리풀 재즈 페스타 [Jazz Recomposed]
교육/체험,관악구,[서울시 관악복합평생교육센터] 중장년 입사지원서 작성 방법
국악,강남구,"[강남문화재단] 제989회 목요예술무대 [일곱번째 파장, 김준수&두번째달]"
전시/미술,서초구,이성민 개인전 [새가 부른 사람]
전시/미술,성북구,[성북문화재단] 우리동네 [ ] 이야기
전시/미술,관악구,[관악문화재단] 관천로문화플랫폼 S1472 특별전 [두 번째 생각; on second thought]
교육/체험,동대문구,[답십리영화미디어아트센터] 허위정보와 사이버범죄 이해하기
축제-문화/예술,종로구,[세종문화회관] 우리는 지금 광화문으로 간다
축제-문화/예술,종로구,2024 광화문국제아트페스티벌
연극,종로구,프로젝트 10minutes-행운
국악,종로구,[세종문화회관] 대한민국국악관현악축제-대구시립국악단
교육/체험,종로구,[서울공예박물관] 2024 SeMoCA 공예강좌 #4
뮤지컬/오페라,강북구,"[강북문화재단] 세종문화회관 2024 누구나 예술로, 동행 [뮤지컬 갈라 콘서트]"
클래식,마포구,[마포문화재단] 제9회 M 클래식 축제 - 보헤미아의 숲에서 Ⅳ [林 림]
교육/체험,구로구,[서울아트책보고] 힐링 강연쇼 - 거인의 어깨 1부 [최열]
교육/체험,강남구,[불안 해방 일지] 전시 연계 큐레이터 토크
국악,종로구,"[세종문화회관] 장사익소리판 꽃을 준다, 나에게"
교육/체험,구로구,[서울아트책보고] 힐링 강연쇼 - 거인의 어깨 2부 [김대수]
교육/체험,은평구,"[구립증산정보도서관] 우리 아이 성교육, 어떻게 할까?"
국악,종로구,[서울돈화문국악당] 서정민 [25현가야금 가락푸리]
교육/체험,은평구,[구산동도서관마을] 노명우 작가와 함께하는 [우리 사회의 '안녕' 묻기]
전시/미술,종로구,"[돈의문역사관] 작은 전시 [별별 마을, 별별 친구들]"
전시/미술,동대문구,[동대문문화재단] 페스타 레트로60답십리 특별기획전시 [CMYK 색색깔깔 그림자]
전시/미술,광진구,[서울상상나라] 발견가방 수학놀이마켓
전시/미술,종로구,[세종문화회관] 한글_이음展
교육/체험,동대문구,[휘경행복도서관] 예술 특성화 [출발! 도서관 미디어 여행] 2부 웹툰&애니메이션	
교육/체험,송파구,"[서울책보고] 가족 체험 프로그램 - 읽는 약, '책'을 처방해 드립니다! [가족 독서 상담소(11월)]"
연극,성북구,[성북문화재단] 미아리고개예술극장 공동기획공연 - 생활의 비용
전시/미술,종로구,[운현궁] 2024 기획전시 [우리들의 휴식 을야람]
전시/미술,성동구,[성동문화재단] 성수 & ART : 2024 성동작가 단체전
전시/미술,성동구,[성동문화재단] 생활예술 활성화 프로젝트 [인생자기(人생瓷기) 작품 전시회]
교육/체험,노원구,[서울시립 북서울미술관] SeMA 옴니버스 《나는 우리를 사랑하고 싶다》展 연계 드로잉 워크숍 [춤추는 사람 그리기- 보깅댄스]
콘서트,용산구,용산구립합창단 제18회 정기연주회 [소월 가는길]
클래식,성북구,[성북문화재단 아리랑시네센터] SAC on Screen 음악회[조진주&김규연 듀오 콘서트] 상영
국악,종로구,[세종문화회관] 대한민국국악관현악축제-강원특별자치도립국악관현악단
교육/체험,중구,"[서울시립미술관] SeMA 비평연구 프로젝트 컨퍼런스 [매체, 테크놀로지, 그리고 '증언 이후']"
전시/미술,서초구,서리풀 휴(休) 갤러리 [빛 이후 표상]
전시/미술,성동구,"[성동문화재단] 따로, 또 같이"
클래식,종로구,[세종문화회관] 제64회 동아음악콩쿠르 본선
교육/체험,서초구,[서초문화재단] 서리풀 예술로 산책 [내 인생을 바꾼 명화 한 점]
교육/체험,동대문구,[동대문문화재단] 초등 인문학 프로그램 [지금 여기 그리스 로마 신화]
클래식,종로구,동화 속 아름다운 플루트선율을 담다-가을음악회 [K-Flutes플루티스트 유지연]
교육/체험,동대문구,[이문어린이도서관] 교육기부 - 책속으로 풍덩!
교육/체험,동대문구,[동대문문화재단] 연극으로 친구와 함께해요!
축제-문화/예술,마포구,[마포문화재단] 2024 꿈의무대M 40개 마포구 생활예술동아리 축제
전시/미술,송파구,Compensation For NonExistence [이현배 서울 개인전]
교육/체험,용산구,[서울문화재단] [독서가이드] 서점에서 미스터리를 고를 때
교육/체험,강동구,[송파문화재단] 유아 예술교육 프로그램 [펼쳐진 너의 예술]
교육/체험,노원구,[서울시립과학관] 과학관에 찾아온 대학연구실
국악,중구,[서울남산국악당] 2024 젊은국악 단장
축제-문화/예술,중구,[중구문화재단] 2024 중구 문화예술주간 What's Your Color?
축제-자연/경관,마포구,제23회 서울억새축제 [억새 ‘바람’을 품다]
축제-문화/예술,성동구,[성동문화재단] 2024 라라미댄스페스티발
클래식,영등포구,2024 한강페스티벌 [해질녘 가을 음악회]
뮤지컬/오페라,용산구,2024 [한강노들섬클래식] 한강노들섬오페라 [카르멘]
독주/독창회,종로구,[세종문화회관] 제5회 소프라노 이효숙 독창회
축제-문화/예술,도봉구,[도봉문화재단] 반려문화행사 [같이 행복하개]
콘서트,강북구,[서울의 공원] 예술품은 매력정원 [음악이 흐르는 정원 10월]
교육/체험,종로구,[서울생활문화센터 낙원] 2024 낙원 속 생활문화 클래스 [문화의 날 & 악기 입문 클래스]
교육/체험,구로구,"[서울아트책보고] 예술놀이터 : 나만의 시크릿 일기장, 캐릭터 온도계 꾸미기"
연극,금천구,[금천문화재단] 넌버벌 공연 [네네네]
콘서트,도봉구,2024 OPCD STAGE : SOUL
콘서트,용산구,"찬양콘서트 [찬양, 희망의 발견]"
교육/체험,서초구,[서초구립내곡도서관] 우리 가족 테라리움 만들기
축제-문화/예술,중구,[중구] 2024 남산자락 다산성곽길 예술문화제
축제-기타,강서구,[서울퓨처랩] 서울퓨처랩 축제 : 미래기술 놀이터 
국악,종로구,[세종문화회관] 대한민국국악관현악축제-천안시충남국악관현악단
교육/체험,송파구,"[서울책보고] 가족체험프로그램 - 읽는 약, '책'을 처방해 드립니다! - 가족 독서 상담소(10월)"
교육/체험,마포구,[서울생활문화센터 서교] 같이로운 하루
콘서트,송파구,[한성백제박물관] 시민동행콘서트 5회차
연극,강남구,[강남문화재단] 10월 키즈예술공연 [신나는 빨강모자와 친구들]
영화,강남구,[강남구립논현도서관] 10월 논현 토요 시네마
교육/체험,용산구,[서울문화재단] [십장생  안녕의 풍경] 오래 살고 볼일이다 내가 뚝딱 그림책을 만들다니(성인편) 
축제-문화/예술,강북구,제 3회 우이령 옛길 색소폰 문화축제
클래식,강북구,[세종문화회관] 《동행 시리즈2》 브람스와 슈만
콘서트,종로구,[서울역사박물관] 제27회 백인제가옥 북촌음악회 [추상]
뮤지컬/오페라,마포구,뮤지컬 [슈퍼거북 슈퍼토끼]
전시/미술,구로구,"G밸리산업박물관??서울시립과학관 협력 특별전시 [무선통신, 일상을 만들다]"
교육/체험,성북구,[성북문화예술교육센터] 흰머리 예술 놀이터 참여자 모집
축제-문화/예술,노원구,[노원문화재단] 2024 공공미술 빛조각축제 [노원 달빛산책]
전시/미술,종로구,[서울공예박물관] 2024년 서울공예박물관×서울문화재단 공예@쇼윈도#5 LIVILD(Living+Build)
축제-문화/예술,성북구,"[서울야외도서관] 책읽는 성북: 숲, 색을 입히다"
축제-문화/예술,송파구,2024년 서울야외도서관 - 책 읽는 송파 [공원에서 만난 도서관]
교육/체험,금천구,[N개의금천] 독산수집가 : 독산산책+예술로 감각하기
교육/체험,성동구,2024 서울 확장현실(XR) 페스티벌 
축제-문화/예술,서대문구,[서대문구] 2024 서대문 문화유산 야행
축제-전통/역사,종로구,2024 한양도성 달빛야행
축제-문화/예술,서대문구,2024 서대문 문화유산 야행 [문학의 밤]
교육/체험,송파구,[서울책보고] 문학낭독공연 - 10월의 책 『가시고기』
클래식,강북구,[세종문화회관] 2024년 서울예술콘서바토리 성악교수음악회
연극,종로구,2024년 야간 공연 관람권_[바다를 넘어온 나무]
교육/체험,구로구,[구로기적의도서관] 최고민수 박민수 작가의 주식특강
클래식,마포구,[마포문화재단] 제9회 M 클래식 축제 - 교향악 시리즈 Ⅱ [메인콘서트]
연극,종로구,[운현궁] 운현궁 스토리텔링 음악극 [상현망]
교육/체험,중구,"[서울시립미술관] 천경자 탄생 100주년 기념 《격변의 시대, 여성 삶 예술》 큐레이터 토크"
클래식,노원구,[서울시립교향악단] 2024 서울시향 뮤지엄 콘서트
교육/체험,중구,[서울도서관] 서울 문화의 밤(10월) 행사 - 김선지 작가와 방구석 북토크
국악,종로구,[세종문화회관] 대한민국국악관현악축제-국립국악원 창작악단
교육/체험,송파구,[한성백제박물관] 24년 하반기 초등 4~6학년 단체 대면 교육 [마을을 넘어 한성으로]
교육/체험,종로구,[서울역사박물관] 2024년 하반기 서울역사박물관대학 46기
전시/미술,노원구,[노원문화재단] 경춘선숲길 갤러리 기획전시 [당신의 흐릿해진 기억 속]
전시/미술,마포구,"오온의 기획전: 친하게 벗하며, 나가고 머물기"
전시/미술,성북구,2024 성북 신문인사 프로젝트 [이태준: 달밤은 그에게도 유감한 듯하였다] 展
전시/미술,중구,[서울시립미술관] 미술관 접근성 향상 프로그램 [움직여보자! 몸으로 만나는 미술관]
축제-기타,중구,[서울디자인재단] 2024 그린칩스 페스티벌
전시/미술,중구,[서울디자인재단] 중소기업 산업디자인개발 전시
축제-기타,중구,[서울디자인재단] DDP디자인론칭페어
축제-문화/예술,중구,[서울디자인재단] 서울디자인 2024
축제-시민화합,종로구,2024 불교문화대전
기타,마포구,"[10월/도서관 초대석] 해피 워키 엔딩, 잘 살려고 하는 일이니까 (총 2강좌)"
연극,송파구,[송파문화재단] 연극 《낯선사이》
기타,중구,[책읽는 서울광장] 10월 3주차 프로그램 안내
콘서트,종로구,[세종문화회관] 2024 이적 콘서트 [이적의 노래들]
무용,강서구,[국립현대무용단] 내가 물에서 본 것
연극,용산구,[보광극장] 사신수는 내 친구
국악,서대문구,지역 & 청년 우수공연 [끌올 프로젝트]
연극,강북구,[강북문화재단] 연극 [로제타]
클래식,종로구,[세종문화회관] 낭만적인 낭만
콘서트,종로구,[서울역사박물관] 서울시립교향악단 뮤지엄 콘서트
교육/체험,중구,[서울도서관] 책읽는 서울광장 특별강연 직장인을 위한 근사하게 나이드는 7P
클래식,마포구,[마포문화재단] 제9회 M 클래식 축제 - 트리오 오원 리사이틀
클래식,서초구,[살롱클래식] 백은교 바이올린 독주회
콘서트,강남구,[강남문화재단] 제988회 목요예술무대 [피아니스트 고희안과 떠나는 JAZZ TRIP CONCERT]
국악,종로구,[세종문화회관] 대한민국국악관현악축제-전북특별자치도립국악원 관현악단
클래식,서초구,[서초문화재단] 서리풀 재즈페스타 [Jazz & Classic]
클래식,강북구,[세종문화회관] 제2회 서울 음악교사 정기연주회
교육/체험,구로구,"[서울아트책보고] Chaek보고 Chaek놀고 :색깔 뽑기 놀이, 나비 만들기"
교육/체험,강남구,2024 가을학기 무용학교 [몸으로 좋은 이야기 하기]
전시/미술,마포구,[서울생활문화센터 서교] 여성캘리그라피 작가협회 개인부스전
전시/미술,강남구,진영 개인전 [사이]
전시/미술,광진구,[세종뮤지엄갤러리] 정일영 기획초대전 [걸어 들어 가다]
교육/체험,은평구,[구립증산정보도서관]  10월 책 읽어주는 사서 [책으로 자라나는 우리!]
전시/미술,광진구,[세종뮤지엄갤러리] 박동윤 기획초대전 : 한국의 전통과 현대를 융합한 예술적 탐구
교육/체험,양천구,[서울문화재단] [우리가 궁금했던 예술] 우리 삶 속의 연극
전시/미술,종로구,길 위의 의자 [이보령 사진전]
전시/미술,종로구,"[세종문화회관] 한국화여성작가회 제 25회 정기전 [한국화의 전통과 변주, 그 양날의 칼]"
연극,강북구,[세종문화회관] 연극 [코다]
축제-자연/경관,영등포구,[2024 한강페스티벌-가을] 겸재 정선 그림 뱃놀이
클래식,마포구,[마포문화재단] 제9회 M 클래식 축제 보헤미아의 숲에서 Ⅲ
교육/체험,은평구,[구립증산정보도서관] 2024 참여예산 지원사업 [행복을 전하는 요술풍선 원데이 클래스]
클래식,송파구,[서울시립교향악단] 2024 서울시향 뮤지엄 콘서트
국악,종로구,[서울돈화문국악당] 구이임 [노래의 자세 ; 한아하고 흐드러진]
국악,종로구,[세종문화회관] 대한민국국악관현악축제-평택시립국악관현악단
교육/체험,중구,[서울시립미술관] 예술가의 런치박스 [황문정 '지구상회 : 초밥 팩토리']
전시/미술,중구,[서울디자인재단] 공산품미학
전시/미술,송파구,[소마미술관] 상설조각체험전_올림픽조각체험프로젝트#01
교육/체험,강동구,[강동문화재단]  계간 생활문화 프로그램 : K-pop과 함께하는 스트릿 강동 파이터!
축제-문화/예술,서대문구,[서대문구] 2024 신촌문화발전소 청년예술 창작지원사업 발표주간
전시/미술,강남구,[슈페리어갤러리] 고마운 공존(共存)
전시/미술,노원구,[서울시립 북서울미술관] 2024 신진미술인 지원 프로그램 - 감동환 개인전 《비버의 집으로》
교육/체험,은평구,[구립증산정보도서관]개관시간 연장 지원 사업 [나의 첫 마카 드로잉 수업]
교육/체험,동대문구,[제기동감초마을현진건기념도서관] 인도 인문 강좌 - 식탁 위의 인도사
교육/체험,노원구,[서울시립 북서울미술관] SeMA 옴니버스 《나는 우리를 사랑하고 싶다》展 연계 특수학급 프로그램 [도란도란 전시 만지기]
전시/미술,종로구,"[운현궁] 2024 기획전시 [Bravo, My Life!]"
전시/미술,성동구,[성동문화재단] XON 개인전
국악,종로구,[세종문화회관] 대한민국국악관현악축제-KBS국악관현악단
독주/독창회,종로구,[세종문화회관] 박혜현 피아노 독주회
클래식,마포구,[마포문화재단] M 연가곡 시리즈 바리톤 최현수
교육/체험,종로구,[대우재단 시민강좌] 법의 딜레마
전시/미술,서초구,오아시스 20주년 기념 특별전시 [웹트로 : 디지털 기억 (Webtro : Digital Memory)]
교육/체험,종로구,[서울문화재단] [2024 PLAY-UP 아카데미 모집] 정규과정7. 심화과정 - 중심의 발견 (강사 정영두)
연극,종로구,2024 제3회 연극 판 (PAAN) 페스티벌
전시/미술,성동구,[성동문화재단] 제 19회 성동미술협회전
클래식,종로구,[세종문화회관] 세종PICK 미술관 옆 공연장 : 페인팅 더 뮤직
교육/체험,서초구,[서초문화재단] 서리풀 예술로 산책 [발레와 함께라면..]
교육/체험,종로구,[서울무형유산교육전시장] 전통주 일일체험 - 석탄주 빚기(10월~11월 체험 운영)
전시/미술,성북구,[성북문화재단] 길에서 만난 스튜디오
교육/체험,송파구,[서울책보고] 가족 체험 프로그램 - 가족 예술 학교(10월)
교육/체험,구로구,[서울아트책보고] 책보고 마술보고 10월 1차
축제-시민화합,광진구,이주민과 선주민이 하나되는 [우리마을 동행축제]
독주/독창회,종로구,[세종문화회관] 기타리스트 임홍재 독주회
국악,종로구,의정부지 봉산탈춤 공연
축제-기타,송파구,[2024 한강페스티벌-가을] #오.운.한(오늘 운동 한강에서 완료)-한강별밤무소음DJ파티
교육/체험,구로구,[서울아트책보고] 책보고 마술보고 10월 2차
교육/체험,성동구,[서울하수도과학관] 균균이와 함께 아랫물길 탐험대
교육/체험,성동구,[서울하수도과학관] 휴지가 없으면 어쩌지?
교육/체험,광진구,"[한강이야기전시관] 2024년 한강이야기전시관 전시해설 프로그램 ‘물의 고향, 한강 이야기’"
전시/미술,종로구,[서울생활문화센터 체부] 2024 제 2회 생활문화전시회 그대얼굴展 [내가 사랑하는 그대 얼굴]
교육/체험,동작구,[동작문화원] 2024 생생국가유산 동작구 에코 역사탐방
전시/미술,서초구,[서리풀청년아트갤러리]10월 기획전시 [나눔지구_네버랜드]
전시/미술,중구,[YK Presents] Koyaanisqatsi
축제-문화/예술,서대문구,서대문 핫플에서 200% 즐기는 야외도서관 [책읽는 서대문]
연극,마포구,[마포문화재단] 2024 마포문화재단 가을 가족어린이 축제 [마포가을 와글와글] 인형극 [이야기꾼 호랑호랑이]
전시/미술,은평구,[구립증산정보도서관] 예술인파견지원-예술로 기획사업 지역주민이 함께 만든 [모두의 지도: 증산에 로그-인 하다]
교육/체험,용산구,"[용산역사박물관] 용산LAB: 도시역사편 [한 컷, 용산도감]"
교육/체험,중랑구,[중랑문화재단] 2024 중랑예술반상회 예술가 오픈스튜디오
교육/체험,종로구,[서울공예박물관] 비밀요원 CMI: 밤이와 함께 비밀코드를 해결하라!_10월
뮤지컬/오페라,송파구,2024 오페라 투란도트 - 아레나 디 베로나 오리지널
무용,용산구,2024 [한강노들섬클래식] 한강노들섬발레 [잠자는 숲속의 미녀]
축제-문화/예술,도봉구,[도봉구] 2024 도봉 그린뮤직 동행 페스타
축제-문화/예술,성동구,[성동문화재단] 서울숲재즈페스티벌 2024
축제-문화/예술,송파구,2024 사각사각 예술축제
축제-기타,중구,2024 메이커 페어 서울
뮤지컬/오페라,강북구,[세종문화회관] 바다탐험대 옥토넛3
축제-기타,동대문구,2024 동대문페스티벌_이동무대
축제-기타,강서구,[강서구청] 제22회 허준축제
축제-기타,중구,[서울시립과학관] 메이커 페어 서울 (Maker Faire Seoul) 2024
독주/독창회,종로구,[세종문화회관] 테너 염성호 독창회
축제-기타,마포구,[2024 한강페스티벌-가을] #오.운.한(오늘 운동 한강에서 완료)-점핑 피트니스
축제-기타,동작구,2024  N개의 서울 공동프로젝트 [아니 근데 진짜]
콘서트,구로구,시노합창단 제6회 정기공연
교육/체험,구로구,"[서울아트책보고] 예술놀이터 : 나비 노리개와 쉐이커, 아이스크림 저금통 만들기"
국악,종로구,"[2024 체부동골목길축제 프로그램] 가을, 국악으로 느껴 보는 오감!"
연극,노원구,[노원문화재단] 2024 노원어린이극장 10월 기획공연  그림자극 [늙은 개]
축제-문화/예술,서초구,2024 제7회 서울아프리카페스티벌
전시/미술,종로구,[종로문화재단] 무계원 개관 10주년 기념 기획전시 [오진암(梧珍庵)]
교육/체험,광진구,"[서울상상나라] 자연속으로 - 짹짹, 산책가방"
교육/체험,강동구,[강동문화재단]  계간 생활문화 프로그램 : 우리나라 전통 그림 민화 그리기
교육/체험,마포구,[마포구립서강도서관] 도서관 자원활동가 [서강도서관프렌즈]
전시/미술,종로구,"[추니박 개인전] 가보지 않은 길, 낯선 풍경 "
교육/체험,강남구,[강남구립논현도서관] 시니어 스마트폰 활용교육 : 나는 실버서퍼다!(2차)
교육/체험,마포구,"[MINDBOOM 2024] 발 아래 처음, 하늘 아래 마지막(The First Here, and the Last on the Earth)"
축제-문화/예술,마포구,[문화비축기지] 2024 탱크예술제 [미래를 그리다]
교육/체험,성북구,2024 성북 신문인사 프로젝트 [달밤 강좌: 이태준 冊]
교육/체험,종로구,[서울역사박물관] 2024년 서울역사박물관 '다정한 박물관' 전시 연계 교육 [서울의 지하철]
전시/미술,영등포구,2024 영등포아트스퀘어 기획 특별전시 [고서화 속의 매듭전]
교육/체험,광진구,[서울상상나라] 보름달처럼 둥실둥실
교육/체험,광진구,[서울상상나라] 내 마음대로 돛단배
축제-기타,성동구,[미래한강본부] 2024 한강페스티벌-가을[Hangang River Festival-Fall]
교육/체험,종로구,[서울역사박물관] 2024년 보존과학성과전 [관서명승도첩] 전시 연계 교육
축제-문화/예술,종로구,[서울생활문화센터 체부] 2024 골목길 축제 [골목길 오감] 사전 모집 프로그램 안내
축제-문화/예술,종로구,제12회 북촌우리음악축제
축제-기타,관악구,[관악문화재단] 2024 관악강감찬 축제
축제-문화/예술,종로구,[서울생활문화센터 체부] 2024 체부동골목길축제 : 오감 전체 프로그램 안내
축제-문화/예술,강동구,제29회 강동선사문화축제
국악,종로구,[세종문화회관] 제19회 창신제
축제-문화/예술,마포구,2024 서울와우북페스티벌
축제-문화/예술,종로구,[종로문화재단] 2024 종로한복축제 
클래식,송파구,춘천시립교향악단 제175회 정기연주회 
클래식,서초구,[서초문화재단] 서리풀 거장 초대석 [Violinist 김민]
클래식,마포구,[마포문화재단] 제9회 M 클래식 축제 교향악 시리즈 Ⅰ [지휘 정나라 × KBS교향악단 × 바이올린 김동현]
클래식,강북구,[서울시립교향악단] 2024 서울시향 우리동네 음악회 - 강북구
축제-시민화합,강동구,[2024 한강페스티벌-가을] #오.운.한(오늘 운동 한강에서 완료)-댄스 음악 줄넘기
클래식,성동구,[성동문화재단] 영화와 사랑에 빠지다 - 톡톡 클래식 위대한 작곡가 Ⅴ
기타,송파구,[서울책보고] [예술 소통 프로그램] 책보고 쌀롱(10월) ; 사진
연극,종로구,2024년 야간 공연 관람권_[어메이징 그레이스]
무용,성북구,2024년 제14회 빛소리친구들 정기공연
교육/체험,중구,[서울도서관] 서울 문화의 밤(10월) - 프랑스 그림 작가 까미유 주르디와 방구석 북토크
클래식,강북구,[세종문화회관] 소리궤적 (Sound of Trace : Step by Step)
클래식,종로구,[세종문화회관] 희연회 제17회 정기연주회
영화,노원구,[서울시립 북서울미술관] 영화로 만나는 미술가들 [뮤지엄나이트] 2. 메리 카사트
교육/체험,종로구,[서울시립 미술아카이브] SeMA 이콜로지 × 북클럽 『오버레이』
교육/체험,종로구,[운현궁] 구름재 다실: 이로당 티타임(10월)
교육/체험,은평구,[구립증산정보도서관] ChatGPT를 활용한 책 만들기
교육/체험,은평구,[구립증산정보도서관] 태블릿PC 활용하기
국악,종로구,[서울돈화문국악당] 야광명월(夜光明月)
축제-문화/예술,종로구,[종로문화재단] 2024 키우피우 오브제극축제[ All Pass 패키지]
전시/미술,종로구,[세종문화회관] 제11회 종근당예술지상
교육/체험,노원구,[서울시립 북서울미술관] SeMA 옴니버스 《나는 우리를 사랑하고 싶다》 전시 연계 강연 프로그램
기타,강남구,[서울시] 스마트라이프위크(SLW) 
기타,용산구,[국립한글박물관] 2024년 제2회 국제박물관포럼
교육/체험,구로구,"[서울아트책보고] Chaek보고 Chaek놀고 :무엇이든 할 수 있는 손손손, 말랑말랑 물렁물렁"
콘서트,성동구,[성동문화재단] 한양대학교 미래인재교육원 실용음악학 제15회 정기공연 [한마디]
클래식,마포구,[마포문화재단] 제9회 M 클래식 축제 [모던가곡 Ⅱ]
축제-시민화합,성동구,[서울하수도과학관] 과학관 X 놀다! 그리다! 꿈꾸다!
뮤지컬/오페라,강북구,[세종문화회관] 베이스 배승민 독창회
클래식,강남구,[강남문화재단] 제170회 강남마티네콘서트 [차이콥스키vs브람스]
국악,종로구,[서울돈화문국악당] 류경화의 동해안별신굿
클래식,영등포구,[서울시립교향악단] 2024 서울시향 작은 음악회
독주/독창회,종로구,[세종문화회관] 윤형숙 피아노 독주회
교육/체험,광진구,[서울상상나라] 가을의 빛과 그림자
교육/체험,양천구,[서울문화재단] 달리기로 춤
전시/미술,종로구,[세종문화회관] 제51회 춘추회전- 한국채색화의 현재와 미래
무용,종로구,[세종문화회관] 서울시발레단 더블 빌 [한스 판 마넨×차진엽]
클래식,송파구,[서울시립교향악단] 2024 서울시향 키즈 콘서트 - 클래식 음악여행
기타,송파구,2024 서울백제어린이박물관 융?복합 문화행사 [나는야 백제 어린이 마술사]
뮤지컬/오페라,강북구,[세종문화회관] 오페라 갈라 콘서트 우리가 다시쓰는 오페라 마술피리
영화,구로구,[서울아트책보고] 상영회 - 영화살롱 10월 [샤인]
교육/체험,종로구,[서울공예박물관] 펫크닉 SeMoCA Petcnic
교육/체험,은평구,[은평역사한옥박물관] 강연 프로그램 [영화는 왜 박물관을 좋아하는가]
연극,금천구,[금천문화재단] 2024 금나래아트홀 특별기획공연 연극 [빵야]
클래식,종로구,[세종문화회관] 소리울앙상블 제40회 정기연주회 [음악시향]
축제-기타,강서구,2024 서울스트리트댄스페스티벌 [SSDF]
교육/체험,광진구,[서울상상나라] 정원속으로 - 이끼 정원
교육/체험,광진구,[서울상상나라] 아빠랑 나랑 - 만원 속에 숨은 별
전시/미술,동대문구,[동대문문화재단] 제2회 선농단역사문화관 [이달의 작가] 전시
교육/체험,종로구,[서울공예박물관] 공예가 워크숍: 오늘의 옻칠
교육/체험,은평구,[구립증산정보도서관] 은평구 도서관형 메이커 창작 문화 확산 사업 [이야기가 있는 코딩] 초등 1~3학년
교육/체험,송파구,[서울백제어린이박물관] 2024 하반기 학급 대상 교육 [어린이백제연구소]
교육/체험,중구,"[서울시립미술관] 천경자 탄생 100주년 기념 《격변의 시대, 여성 삶 예술》 큐레이터의 전시 설명"
교육/체험,은평구,[구립증산정보도서관] 은평구 도서관형 메이커 창작 문화 확산 사업 [2024 이야기가 있는 코딩] 초등 4~6학년
교육/체험,은평구,[구립증산정보도서관] 책 따라 걷는 도서관 - 10월 원화 전시 [오누이 이야기]
교육/체험,은평구,[구립증산정보도서관] 2024 참여예산 지원사업 [유전자를 이기는 독서법]
축제-문화/예술,강북구,[강북문화재단] 우이천 등(燈)축제 [강북 꿈꾸는 물고기]
전시/미술,종로구,[운현궁] 2024 기획전시 [정원(靜遠): 조선선비의 서재]
교육/체험,동작구,[동작문화재단] 공간발굴 프로젝트 [아트 셀렉트 스토어]
영화,중구,[시민청] 2024 화요시네마 10월 상영작 안내
클래식,마포구,[마포문화재단] 제9회 M 클래식 축제 [현의 앙상블]
영화,성북구,[성북문화재단 아리랑시네센터] SAC on Screen 연극 [여자만세]
독주/독창회,종로구,[세종문화회관] 최희훈 색소폰 독주회
클래식,강북구,[세종문화회관] 오한나 독창회
클래식,서초구,[서초문화재단] 서리풀 고음악 시리즈 [코렐리를 좋아하세요?]
교육/체험,도봉구,"[편지문학관] 2024. 편지 인문학 특강 [편지로 보는 인문학: 나의 삶, 내가 사랑한 동시]"
교육/체험,동대문구,[휘경행복도서관] 엄마아빠랑 그림책 잼잼!
교육/체험,은평구,[구립증산정보도서관] 10월 테마전시체험전 [테마로 즐기는 도서관Ⅱ] - 기뻐의 비밀
축제-문화/예술,성동구,[성동문화재단] 2024 크리에이티브x성수
독주/독창회,종로구,[세종문화회관] 피아니스트 송윤원 독주회
교육/체험,관악구,[서울시립 남서울미술관] SeMA 옴니버스 《제9행성》 전시 연계 어린이 워크숍 [몸의 경계를 넘어 협력하기]
클래식,중구,서울시민과 함께하는 한우리오케스트라  명동대성당연주회 
교육/체험,강남구,[강남구립논현도서관] 다문화강사와 함꼐하는 다문화 체험교실(2차)
교육/체험,노원구,[서울시립과학관] 10월 일상실험실: 실험실 체험 프로그램
교육/체험,구로구,[서울아트책보고] 나랏말싸미
교육/체험,동대문구,[답십리영화미디어아트센터] 1인미디어 블로그 심화반
축제-전통/역사,종로구,2024 정조대왕 능행차 공동재현
축제-기타,종로구,[돈의문박물관마을] 돈의문골목시장X꾸러기 기술 마켓
클래식,종로구,[세종문화회관] 2024 누구나꿈나무오케스트라 정기연주회
전시/미술,은평구,[은평역사한옥박물관] 생일大잔치
교육/체험,노원구,[서울생활사박물관] 2024년 하반기 가족 생활사 공작소(초등학생 동반 가족)
교육/체험,종로구,[서울시립 미술아카이브] 미술아카이브 [인사이드 박스 - 바리의 모험]
교육/체험,성북구,[성북문화예술교육센터] 독백스테이지 창작자 CLASS in 성북
무용,종로구,[종로문화재단] 2024년 종로구립 궁중무용단 정기 프로그램(가을공연 및 춘앵전 오픈클래스)
전시/미술,종로구,[돈의문박물관마을] 돈의문박물관마을XPaTI 협력 전시 [신학생 : New Student]
교육/체험,중구,[서울시립미술관] 2024년 서울시립미술관 미술아카데미 소장작품 연계 프로그램
교육/체험,광진구,[서울상상나라] 밤 마들렌
영화,강남구,[강남구립논현도서관] 10월 논현 나잇 토요시네마
교육/체험,성동구,[금호도서관] 2024년 이야기가 있는 코딩
전시/미술,송파구,[송파문화재단] PROJECT RE;TRASH
교육/체험,노원구,"[서울생활사박물관] 2024년 하반기 서울생활문화탐방-경춘선숲길 (주말, 초등학생 동반 가족)"
교육/체험,마포구,[마포구립서강도서관 홍보협조/마포FM] 람사르습지 밤섬학교
교육/체험,강남구,[강남구립논현도서관] 2024년 이야기가 있는 코딩
연극,마포구,[마포문화재단]  2024 마포문화재단 가을 가족어린이 축제 [마포가을 와글와글] 인형극 [도서관 생쥐]
교육/체험,종로구,"[서울공예박물관] 장인의 보물상자_나전공예편 5, 6학년]_10월"
교육/체험,종로구,[서울공예박물관] 가지각색 조각보
교육/체험,종로구,"[서울공예박물관] 장인의 보물상자_나전공예편 [3, 4학년]_10월"
교육/체험,종로구,[서울생활문화센터 낙원] 2024 낙원 기획 사업 [수리수리 공작소 인테리어 소품 만들기] 10월 4차
전시/미술,성북구,[스페이스 아텔] YES I’M PARALYZED 독고
축제-전통/역사,용산구,"제5회 효창원독립평화축제, [효창원 새로고침 F5]"
국악,종로구,[서울돈화문국악당] 광대생각 [열매달]
축제-자연/경관,영등포구,2024 서울세계불꽃축제
클래식,강북구,[세종문화회관] 김소연 & 김지은 피아노 듀오 리사이틀
연극,영등포구,"[영등포문화재단] 기획공연(주제극장) [꽃, 별이 지나]"
뮤지컬/오페라,강동구,[강동문화재단] 그랜드오페라갈라쇼 [GREAT PUCCINI]
축제-문화/예술,광진구,[광진문화재단] 2024 피크닉 in 나루
콘서트,종로구,[서울공예박물관] 2024 공예콘서트 Craft Concert
교육/체험,종로구,[서울공예박물관] 뮤지엄 멘토: MUSEUM人을 만나다 #9
축제-전통/역사,마포구,[마포문화재단] 2024 마포문화재단 가을 가족어린이 축제 [마포가을 와글와글] 줄광대의 아주 특별한 여행 《판줄》
교육/체험,구로구,"[서울아트책보고] 예술놀이터 : 유니콘 무드등, 과일손거울 만들기"
교육/체험,구로구,[서울아트책보고] 힐링 강연쇼 - 거인의 어깨 1부 [의심의 거인 박준영]
교육/체험,종로구,[서울아트책보고] 힐링 강연쇼 - 거인의 어깨 2부 [빌드업의 거인 이주호]
축제-문화/예술,종로구,[종로문화재단] 생활예술의 마음을 잇다 [종로랑 축제 : 2024]
축제-문화/예술,중랑구,[중랑문화재단] 2024 용마폭포문화예술축제
독주/독창회,종로구,[세종문화회관] 김재준 첼로 독주회
콘서트,노원구,[노원문화재단] 2024 경춘선숲길 가을음악회
축제-문화/예술,송파구,"[2024 아트 포레스트 페스티벌] 문화예술 가치 확산, 예술후원 뮤직페스티벌 "
클래식,종로구,[세종문화회관] 10월 누구나 클래식 [김정현의 해설 클래식 - 목소리를 만나다]
축제-문화/예술,은평구,은평역사한옥박물관 개관 10주년 생일잔치
전시/미술,강서구,[강서문화원] 곱돌온심(溫心)
교육/체험,,[서울대공원] 2024 식물원 지구여행
기타,마포구,[마포구립서강도서관] 10월/팟캐스트 서강도서관 피셜 49회 [빛을 걷으면 빛]
교육/체험,중구,[서울시립미술관] SeMA 정동 투어
영화,노원구,[서울시립 북서울미술관] 명화극장
교육/체험,마포구,[마포구립서강도서관] 10월/어린이메이킹 [해봄아 노올자! 해봄맘껏 Time]
교육/체험,종로구,[서울공예박물관] Open Studio : 조물조물 캔들(10월)
교육/체험,노원구,[서울시립 북서울미술관] 《나는 우리를 사랑하고 싶다》 展 연계 시각장애 아동 가족 전시 감상 프로그램 : 톡톡아이(Talk Talk Eye)
교육/체험,종로구,[운현궁] 운현궁과 함께하는 [우리집 가훈쓰기] (10월)
전시/미술,종로구,화교 - 김보섭 사진전
축제-문화/예술,영등포구,2024 서울라이트 한강 빛섬축제
교육/체험,종로구,[광화문광장] 2024 광화문광장 빛모락 강연회
교육/체험,송파구,[서울백제어린이박물관] 2024 서울백제어린이박물관 야간 교육 [반짝반짝 별빛 놀이터]
기타,용산구,대한민국예술원 개원 70주년 기념식 및 심포지엄 
교육/체험,중구,[서울도서관] 서울 문화의 밤(10월) - 과학 커뮤니케이터 루카 작가와 방구석 북토크
클래식,마포구,[마포문화재단] 2024 M 마티네 시리즈 Ⅲ [도슨트와 함께하는 전람회 속 멜로디 Ⅱ]
클래식,금천구,[서울시립교향악단] 2024 서울시향 우리동네 음악회 실내악 - 금천구
뮤지컬/오페라,강동구,[강동문화재단] 가족오페라 [마님이 된 하녀]
클래식,성동구,[성동문화재단] 가을과 사랑에 빠지다 - 톡톡 클래식 위대한 작곡가 Ⅴ
뮤지컬/오페라,종로구,[세종문화회관] 오페라 로미오와 줄리엣 : 2024 라벨라 그랜드 갈라
연극,종로구,2024년 야간 공연 관람권_[걸리버스]
독주/독창회,종로구,[세종문화회관] 유진섭 바이올린 독주회
콘서트,종로구,[서울역사박물관] 서울 문화의 밤 [국악&재즈콘서트 Turn Around]
교육/체험,광진구,[서울상상나라] 고구마 빵
축제-문화/예술,은평구,[은평문화재단] 2024 은평누리축제
축제-문화/예술,마포구,2024 잔다리 페스타
축제-기타,종로구,2024 서울목공한마당
무용,종로구,[세종문화회관] ESG 장애인식개선 무용극 - 아버지의 봄
콘서트,강동구,[강동문화재단] 10월 목요예술무대 [오페라&뮤지컬 BIG CONCERT]
축제-전통/역사,중구,"2024 서울 전통춤 문화제 [춤을 잇다, 하늘에 닿다]"
클래식,강북구,[세종문화회관] 사랑이 들리는 풍경 명품콘서트
축제-문화/예술,동작구,[동작문화재단] 2024 동작댄싱데이(Dongjak Dancing Day) 페스티벌
독주/독창회,종로구,[세종문화회관] 이정선 피아노 독주회
교육/체험,구로구,"[서울아트책보고] 메이드 인 책보고: 캔버스 라인 드로잉 그리기, 현대미술 팝아트 그리기"
전시/미술,중구,[중구문화재단] ICONS OF URBAN ART - 어반아트: 거리에서 미술관으로
전시/미술,마포구,[4분기/특별전시] 카프카의 모든 것
교육/체험,동대문구,[용두어린이영어도서관] 가을학기(10~12월) 문화강좌 안내
교육/체험,강동구,[강동구립도서관] 2기 특성화 프로그램
교육/체험,송파구,"[한성백제박물관] 2024 초등4~6학년 단체 원격 교육 [성큼성큼! 고구려, 한강으로]"
교육/체험,노원구,[서울생활사박물관] 무브무브 나의 생활사(초등학교 3~4학년 학급단체)
기타,은평구,[구립증산정보도서관] 개관연장 프로그램 [책이 빛나는 밤]
전시/미술,은평구,[삼각산금암미술관] 공예 전시 공모전 선정자展-형형색색 (形形色色)
교육/체험,은평구,[구립증산정보도서관] 10월 어린이 독서퀴즈
전시/미술,중구,제16회 서울건축문화제
교육/체험,동대문구,[답십리영화미디어아트센터] 우리는 유튜브 크리에이터
콘서트,중구,2024 문화가 흐르는 서울광장 10월
전시/미술,종로구,[노화랑] 최영욱전
연극,종로구,연극 [지도를 읽는 시간]
전시/미술,광진구,"[세종뮤지엄갤러리] 이희돈 기획초대전 [緣 : 인연, 세상과의 소통]"
축제-문화/예술,영등포구,2024 영등포네트워크예술제
콘서트,종로구,[운현궁] 2024 운현궁 국악콘서트(10월)
축제-문화/예술,도봉구,"[도봉문화원] 제13회 도봉한글잔치 [언문(諺文), 국문(國文)이 되다]"
클래식,서대문구,[서울시립교향악단] 2024 서울시향 우리동네 음악회 관현악 - 서대문구
콘서트,강동구,"[강동문화재단] 마티네 콘서트 [낭만드림] 10월, 또 한 번의 낭만"
클래식,서초구,[서초문화재단] 서리풀 오후의 실내악 [현 사이의 사랑과 우정]
교육/체험,종로구,[대우재단 시민강좌] 조선후기 서울의 시전과 시폐
국악,중구,[남산골한옥마을] 노인의 날 기념 - 남산골 한옥콘서트 [가을마실]
클래식,종로구,[세종문화회관] LE POREM Piano Duo Recital
전시/미술,중구,2024 서울시청 미디어아트 공모선정작 단체전 [#서울시간 여행]
교육/체험,광진구,[서울상상나라] 전시야놀자 - 도형 마을 건축가
교육/체험,,"[서울대공원] 사이, 쉼 토닥토닥 프로그램"
교육/체험,서초구,[서초문화재단] 클래식악기 탐구생활 11월 참여자 모집
교육/체험,송파구,[서울백제어린이박물관] 뮤지엄 휴휴프로그램1 [서울백제어린이박물관 나들이]
교육/체험,노원구,[서울시립 북서울미술관] 북서울미술관×캠퍼스 : 대학생을 위한 도슨트 투어
콘서트,종로구,2024 서울거리공연 구석구석  라이브 (10월)
교육/체험,마포구,[마포구립서강도서관] 10월 문화프로그램 안내
교육/체험,송파구,[송파청년아티스트센터] 예술가와 함께하는 풍납탐구생활_10월
교육/체험,중랑구,[중랑문화재단] 옹기테마체험관 2024년 10월 프로그램
전시/미술,종로구,[운현궁] 2024 기획전시 [장원괴갑(壯元魁甲)을 펼치다]
축제-기타,중구,2024 서울뷰티위크
연극,마포구,[마포문화재단] 2024 마포문화재단 가을 가족어린이 축제 [마포가을 와글와글] 교육인형극 『따라가면 안돼』
교육/체험,구로구,"[서울아트책보고] 그림책, 함께하는 낭독"
축제-문화/예술,관악구,서울시 민간축제 [k-인문愛 빠지다]
영화,서초구,[서초문화재단] 2024 심산 영화관 [영웅]
독주/독창회,종로구,[세종문화회관] 이상정 피아노 독주회
클래식,종로구,런던 심포니 [안토니오 파파노 & 유자 왕]
전시/미술,중구,DDP 디자인 쇼윈도
콘서트,종로구,[서울생활문화센터 체부] 2024 [생활문화콘서트] 14회차 운영
클래식,종로구,[세종문화회관] 이화성악회 제23회 정기연주회
교육/체험,동대문구,[답십리영화미디어아트센터] 미디어융복합교육 AR로 만나는 세상 - AR로 만나는 동물캐릭터
축제-문화/예술,마포구,2024 서울함 페스티벌 [가을편]
축제-시민화합,종로구,2024 서울 걷자 페스티벌
콘서트,종로구,[서울생활문화센터 체부] 2024 [생활문화콘서트] 13회차 운영
클래식,강북구,[세종문화회관] 2024 한국슈베르트협회 특별연주회
축제-기타,중구,2024 서울무형문화축제 [결련택견대회] 
클래식,강동구,[강동문화재단] 마리아 조앙 피레스 피아노 리사이틀
교육/체험,중구,[남산골한옥마을] 2024 남산골 전통혼례 시연 [혼인잔치:가을편]
전시/미술,노원구,[서울시립과학관] 울프크릭 크레이터에서 '별'을 담다 GRAND OPEN
축제-기타,종로구,[돈의문박물관마을] 2024 자투리 마켓
축제-자연/경관,광진구,2024 한강불빛공연 드론라이트쇼 (하반기)
교육/체험,중구,2024 국립극장 가족 예술교육 프로그램 [다 함께예술]
축제-문화/예술,종로구,2024 종로축제 [렛츠종로]
교육/체험,중구,[서울시립미술관] SeMA 옴니버스 《끝없이 갈라지는 세계의 끝에서》 연계 프로그램 [대화 X]
교육/체험,노원구,[서울시립과학관] 메이커 페어 서울 [영메이커 프로젝트: 내맘대로 공작소]
콘서트,종로구,[세종문화회관] [반지의 제왕: 두 개의 탑] 인 콘서트
축제-문화/예술,노원구,2024 [댄싱노원]거리페스티벌
무용,성동구,[성동문화재단] 새 균 색
무용,영등포구,무용 [TRANS]
축제-문화/예술,서초구,[서초구/서초문화재단] 2024 서리풀 페스티벌
클래식,성동구,[서울시립교향악단] 2024 서울시향 우리동네 음악회 실내악 - 광진구
교육/체험,강남구,[코리아나미술관] 2024년 기획전 《불안 해방 일지》 연계 아티스트 토크
클래식,서초구,[강남문화재단] 강남심포니오케스트라 제106회 정기연주회
교육/체험,은평구,[구립증산정보도서관] 9월 문화가 있는 도서관 [와글와글 문화체험 클래스]
교육/체험,중구,"[서울시립미술관] 천경자 탄생 100주년 기념 《격변의 시대, 여성 삶 예술》 학술대회"
뮤지컬/오페라,금천구,[금천문화재단] 2024 기획공연 주크박스 뮤지컬 [트리아웃]
축제-문화/예술,광진구,[관악구청] 제6회 관악청년축제 [별걸 다하는 축제]
교육/체험,구로구,"[서울아트책보고] 토끼 왕관 구슬 핸드백, 꽃길 정원 하우스"
축제-문화/예술,양천구,[서울문화재단] 9월 예술힐링놀이터 [내 안의 리듬을 찾아서]
콘서트,강북구,[세종문화회관] Whispers in Autumn _ 일레인/PATZ
교육/체험,종로구,[서울공예박물관] 속속들이 옻칠
축제-전통/역사,종로구,2024 사직대제 
축제-문화/예술,성북구,[성북문화재단] 2024 성북거리문화축제 [다다페스타]
축제-문화/예술,송파구,[서울문화재단] 2024 서울생활예술페스티벌
클래식,강북구,[세종문화회관] 가을이 보내는 편지
콘서트,서초구,로데아트센터 기획공연 시리즈 Ⅲ [DANCE WITH DVORAK]
교육/체험,중구,[시민청] 2024 시민청 시즌프로그램 [당신의 낮: 마켓 ? 체험]
콘서트,마포구,"[문화비축기지] 가을음악회 [아름다운 우리말, 우리 노래]"
교육/체험,구로구,[용두어울림작은도서관] 9월 독서의 달 기념 [변호사 선생님이 들려주는 어린이가 알아야 할 법 이야기] 신주영 작가와의 만남
축제-기타,영등포구,2024 한강 종이비행기 축제
콘서트,양천구,[양천문화재단] 드림 페스티벌 인 양천
영화,은평구,[구립구산동도서관마을] 라 바야데르ㅣ예술의전당 예술 영상화 콘텐츠 상영
기타,중랑구,[중랑문화재단] 2024 이중섭 어린이 미술대회
교육/체험,은평구,[구립증산정보도서관] 우리 가족 융합독서 책 더하기+ 시리즈 3 [책 더하기 원예 테라피] 3-4학년
교육/체험,은평구,[구립증산정보도서관] 우리 가족 융합독서 책 더하기+ 시리즈 3 [책 더하기 원예 테라피] 1-2학년
축제-문화/예술,송파구,[서울문화재단] 2024 서울생활예술페스티벌
축제-문화/예술,양천구,[양천문화재단] 2024 양천 락(樂) 페스티벌
축제-문화/예술,중구,"[시민청] 시즌 프로그램 [당신의 낮, 우리의 밤]"
클래식,서초구,[살롱클래식] 최유미 하프시코드 독주회
기타,마포구,"[마포구립서강도서관] 9월/어린이강좌 [할머니의 이불장, 어린이도서관 초대석] (양선하 작가)"
독주/독창회,종로구,[세종문화회관] 김성은 비올라 독주회
교육/체험,종로구,[서울도서관] 2024 움직이는 책방(이동형 서울형 책방) 10회 : 바람길
교육/체험,중구,[시민청] 2024 시민청 시즌프로그램 [당신의 낮: 강연]
콘서트,중구,[시민청] 2024 시민청 시즌프로그램 [우리의 밤: 공연]
전시/미술,송파구,"[소마미술관] 공원, 쉼, 사람들"
전시/미술,송파구,[소마미술관] 장소와 통로_고리타분한 조각이야기
전시/미술,중구,[DDP] LOOK PLAY KEEP.
교육/체험,종로구,한양도성박물관 성인 교육 [한양도성 답사: 순성기행]
교육/체험,종로구,[서울역사박물관] 2024년 하반기 [영뮤지엄]
전시/미술,마포구,[마포문화재단] 2024 마포문화재단 가을 가족어린이 축제 [마포가을 와글와글] 무민가족의 모험전
교육/체험,종로구,가을날의 도심 역사 산책 [항일유적답사] 프로그램
전시/미술,중구,[서울디자인재단] 오픈큐레이팅 vol.34 [문자의 다양한 형태들]
전시/미술,종로구,[세종문화회관] 스테들러와 함께하는 세종예술아카데미 여행드로잉 展 ‘Everybody can draw!’
연극,종로구,[세종문화회관] 연극 [트랩 Trap]
전시/미술,강남구,김병관 개인전 [Redrawn Icons]
전시/미술,종로구,윤장호 개인전: 가시가 된 껍데기는
교육/체험,노원구,"[서울시립 북서울미술관] SeMA 옴니버스 《나는 우리를 사랑하고 싶다》 전시 연계 프로그램 [『휘말린 날들』+-×÷, 서로에게 감염하며 옆줄에서 주석 달기]"
전시/미술,종로구,[세종문화회관] 회화의 시간 2024_종근당 예술지상 역대 선정작가전
축제-문화/예술,종로구,제2회 2024 서울한옥위크
축제-문화/예술,중구,[서울시] 2024 서울무형문화축제
축제-문화/예술,용산구,2024 서울뮤직페스티벌
축제-문화/예술,송파구,제24회 한성백제문화제
축제-문화/예술,구로구,[구로구] 2024 구로G페스티벌
축제-문화/예술,서대문구,2024 신촌글로벌대학문화축제
콘서트,용산구,"너드커넥션 2024 TOUR ［And yet, We still］- 서울"
축제-문화/예술,종로구,"[종로구] 제12회 자문밖문화축제  [자문밖, 예술과 삶의 이음]"
축제-전통/역사,성북구,2024 성북동 문화유산 야행
교육/체험,송파구,[송파문화재단] 2024 송파 예술단지프로젝트 [송들바람] 예술 투어
콘서트,성북구,[성북문화재단] 브런치콘서트 [11시11분]-로마
클래식,마포구,[서울시립교향악단] 2024 서울시향 우리동네 음악회 실내악 - 마포구
교육/체험,은평구,[구산동도서관마을] 「서울 건축 여행」 김예슬 작가와의 만남 | 2024년 9월 독서의 달
콘서트,강북구,[세종문화회관] 오르페우스오페라단 초청콘서트 2인 음악회 콘서트 감사
국악,마포구,[마포문화재단] 2024 꼬레아 리듬터치 二. 정가곡 콘서트 [풍류가곡]
교육/체험,종로구,[서울도서관] 서울 문화의 밤(9월) - 재즈를 사랑한 작가 [2강]
클래식,성동구,[성동문화재단] 음악과 사랑에 빠지다 - 톡톡 클래식 위대한 작곡가 Ⅴ
클래식,성동구,[살롱클래식] 이예진 홍유진 듀오 리사이틀
영화,구로구,[서울아트책보고] 상영회 - 영화살롱 9월 [다섯 번째 방]
영화,노원구,[서울시립 북서울미술관] 야외 영화상영회 『퍼피 구조대 더 무비』
클래식,종로구,[세종문화회관] 2024 제56회 서울음악제
교육/체험,송파구,[서울책보고] 인문학강연 - 『걱정 불안과 잘 살아가는 법』
클래식,마포구,[마포문화재단] 2024 M 마티네 시리즈 Ⅱ [도슨트와 함께하는 전람회 속 멜로디 Ⅰ]
교육/체험,마포구,[마포구립서강도서관] 내 나이가 참 좋다 - 품격 있는 나이듦을 위한 인문학 2강 (박미애 강사) 
기타,강동구,[강동문화재단] 9월 한밤의 공연 산책 [혼둘 혼둘 + 벽 앞에 서서]
콘서트,종로구,[운현궁] 2024 운현궁 국악콘서트(9월)
전시/미술,강남구,2024 경운박물관 소장품 전시 [기억하고 추억하는]
교육/체험,송파구,[한성백제박물관] 24년 하반기 초등4~6학년 단체 비대면교육 [가자 백제의 서울 한성으로]
교육/체험,종로구,[세종예술아카데미] 이야기가 있는 클래식
교육/체험,노원구,[서울생활사박물관] 추가모집-2024년 조각조각 서울이야기 엮기(초등학교 5~6학년 학급 단체)
교육/체험,종로구,[세종예술아카데미] 미술사가 이 현의 전시와 함께 보는 서양미술사 : 중세/르네상스 I
교육/체험,종로구,[세종예술아카데미] 뮤지컬의 탄생
전시/미술,용산구,구헌주 x 지알원 Duo Show _[변곡점 變曲點 : INFLECTION POINT]
교육/체험,은평구,[구립증산정보도서관] 유아 독서 동아리 [책책박사]
축제-문화/예술,성북구,[성북문화재단] 로컬을 더 재미있게 즐기는 방법 [스테이성북]
축제-문화/예술,강남구,2024 강남페스티벌
축제-기타,광진구,2024 청춘대로
교육/체험,송파구,[서울책보고] 인문학강연 - 도심 속 책방 드로잉 여행 『책 있는 도시』
뮤지컬/오페라,강남구,"[강남문화재단] 제987회 목요예술무대 [여섯번째 파장, 민경아]"
기타,동작구,[동작문화재단] 제6회 문화정책포럼
클래식,종로구,[세종문화회관] 운지회 체임버 오케스트라 시리즈 XIX
영화,종로구,[서울역사박물관] 배리어프리영화관 [미나리] 
축제-문화/예술,성동구,2024 세계 민속춤 축제
교육/체험,중구,[시민청] 9월 세대공감 프로그램 [한지 공예 체험]
국악,종로구,[세종문화회관] 2024 믹스드 오케스트라 「조화 그리고 에너지」
클래식,강북구,[강북문화재단] 2024 마티네 콘서트 [유니크 클래식 with 해금 천지윤]
교육/체험,중구,[서울시립미술관] [학급] 《투명하고 향기 나는 천사의 날개 빛깔처럼》 연계 온라인 교육자료 [미술관 속 천사의 비밀]
교육/체험,종로구,[세종예술아카데미] 클래식 브런치
교육/체험,종로구,[세종예술아카데미] 당신의 말이 당신을 말한다
교육/체험,종로구,[세종예술아카데미] 어반드로잉(심화)
축제-문화/예술,마포구,서울 라이프스타일 투어 (SEOUL LIFESTYLE TOUR)
영화,중구,[청춘극장] 10월 영화 및 공연 프로그램_제10회 청춘스타영화제
교육/체험,종로구,[서울시립 미술아카이브] 서울 탐구생활
전시/미술,광진구,[세종뮤지엄갤러리] 유진구 기획초대전
전시/미술,강남구,[슈페리어갤러리] 예술과 함께 쑥쑥! 아이프칠드런 성장축제 [AiF children 2nd Anniversary SPECIAL ART FESTA]
클래식,마포구,[마포문화재단]  제9회 M 클래식 축제 보헤미아의 숲에서 Ⅱ
교육/체험,구로구,[서울아트플랫폼] 지구? Zine 구! 지구를 지키는 환경그림책 만들기
교육/체험,은평구,[구립증산정보도서관] 책과 함께하는 [어린이 수요공작회] 9월 
교육/체험,동대문구,[휘경행복도서관] 9월 문화가 있는 날 [우리동네 예술배움]
영화,성동구,[성동 필름 페스타] 세계 영화 상영회 9회차 중국 영화 [데이 드림(Day Dreaming)]
교육/체험,관악구,[서울시관악복합평생교육센터] TA 교류 분석을 활용한 긍정적인 소통?관계 방법
기타,마포구,"[마포문화재단] [음악공간 : PLAYLIST]＇바로크와 빨간 맛＇클래식을 품은, 케이팝"
국악,양천구,[양천문화재단] 2024 월간뮤지크 이상밴드X케이소리
교육/체험,마포구,[마포구립서강도서관] 한 몸 되기 - 세대 간 이해와 연대 (성해나 작가)
클래식,서초구,[서울시립교향악단] 외르크 비트만 & 서울시립교향악단
교육/체험,동대문구,"[장안어린이도서관] 9월 문화가 있는 날 (장안 예술 산책, 장안 예술 놀이)"
기타,종로구,[세종문화회관] 2024 김종균 작곡발표회 Verfremdungseffekt
교육/체험,종로구,[세종예술아카데미] 연극을 읽다
교육/체험,종로구,[세종예술아카데미] 히든보이스
교육/체험,노원구,[서울시립과학관] 자연을 담은 생태화 그리기
교육/체험,동대문구,[휘경행복도서관] 예술 특성화 [출발! 도서관 미디어 여행]
교육/체험,은평구,[구립증산정보도서관] 2024 참여예산 지원사업 [초등 책놀이 지도사 양성과정]
교육/체험,종로구,[세종예술아카데미] 어반드로잉(기초)
전시/미술,마포구,[마포문화재단] 2024 생활 속 꿈의무대M : [꿈의전시 : 작은전시]
국악,중구,[서울남산국악당] 춤추는 여자들 [당신은 지금 바비레따에 살고 있군요 Ver.2]
교육/체험,송파구,"[서울백제어린이박물관] 탄생응원 서울 프로젝트 연계 교육 [뮤지엄 휴휴프로그램5] 마음쉼표, 요가"
전시/미술,종로구,[운현궁] 2024 기획전시 [운현의 미]
뮤지컬/오페라,성북구,[성북문화재단 아리랑시네센터] SAC on Screen 오페라 [춘향탈옥]
교육/체험,중구,[서울시립미술관] 예술가의 런치박스 : 최수정 『여행으로의 초대 - 화양연화』
영화,강북구,[세종문화회관] 9월 꿈의숲 아트시네마 : 양치기
클래식,마포구,[마포문화재단]  제9회 M 클래식 축제 보헤미아의 숲에서 Ⅰ
교육/체험,성동구,[성동구립도서관] 이주헌 작가와의 만남
뮤지컬/오페라,종로구,[세종문화회관] 9월 누구나 클래식 [조민규의 해설 오페라 Essential Opera]
국악,종로구,[세종문화회관] 2024 여름시즌 서울시청소년국악단 프로젝트 오케스트라 [비상]
독주/독창회,종로구,[세종문화회관] 소프라노 백경원 독창회
교육/체험,동대문구,[휘경행복도서관] 2024년 하반기 정규 프로그램
교육/체험,동대문구,[장안어린이도서관] 2024년 하반기(9~11월) 정규 프로그램 모집
교육/체험,종로구,[세종예술아카데미] 뮤지컬 보컬 스테이션
교육/체험,은평구,[구립증산정보도서관]독서의 달 기념 추천도서 표지 전시회 [열두달 책풍경: 동행]
교육/체험,은평구,[구립증산정보도서관] 북스타트 엄마북(BOOK)돋움 사업 [그림책과 함께하는 창의융복합 놀이]
기타,강남구,2024 에듀테크 코리아 페어
교육/체험,종로구,"[서울생활문화센터 체부] 2024 [살롱, 낯선] 4회차 운영 안내"
독주/독창회,종로구,[세종문화회관] 플루티스트 강초롱 파가니니 카프리스 전곡 시리즈 II
기타,서대문구,[서울문화재단] 제7회 서울문화예술포럼
교육/체험,도봉구,[도봉문화재단] 아티스트와 함께하는 전시 연계 프로젝트: 1제곱미터 프로젝트
교육/체험,강남구,[강남구립논현도서관] 2024년 북스타트 그림책 책놀이
교육/체험,동대문구,[용두어린이영어도서관] 영어로 배우는 인도 수학
국악,강북구,[세종문화회관] 긍만고 시리즈 세 번째 [이음과 짜임]
클래식,강북구,[세종문화회관] 《동행 시리즈1》 브람스와 슈만
교육/체험,종로구,[서울도서관] 2024 움직이는 책방(이동형 서울형 책방) 9회 : 조은이책
국악,마포구,[마포문화재단] 2024 꼬레아 리듬터치 一. 악단광칠 콘서트 [매우춰라!]
교육/체험,성동구,[성동구립도서관] 영어스토리텔링_9월
교육/체험,동대문구,[답십리영화미디어아트센터] 리틀 스토리 크리에이터-오디오 카드 만들기
무용,송파구,[송파문화재단] 두 점 사이
콘서트,성동구,[성동문화재단] 빛의 음악
콘서트,종로구,[세종문화회관] 서울시예술단 가을음악회 [서울시뮤지컬단 갈라 콘서트]
교육/체험,노원구,[서울시립과학관] 쉿! 미스터리 실험실
교육/체험,송파구,[한성백제박물관] 24년 하반기 주말가족교육 [찾아라! 백제 왕성 속 비밀들]
교육/체험,동대문구,[제기동감초마을현진건기념도서관] 2024년 가을학기 문화강좌 모집
교육/체험,송파구,[한성백제박물관] 24년 하반기 주말문화유산탐방 [서울 속 백제를 찾아서]
교육/체험,강남구,"[금천문화재단] 2024 N개의 금천 [금천피플 : 지역, 사람, 삶을 기록하기]"
뮤지컬/오페라,광진구,[광진문화재단] 아름다운 숲 뮤지컬 [수피아의 노래]
교육/체험,강서구,[강서문화원] 2024 도심 속 역사 문화 투어
전시/미술,성동구,[서울시립미술관] 2024 신진미술인 지원 프로그램 [정서희 개인전 《사랑의 요람》]
국악,종로구,[서울돈화문국악당] 엄마아빠 행복 프로젝트 [아롱다롱 우리가족 : 자연을 담은 우리소리]
무용,강동구,안무가 매칭 프로젝트 제26회 생생 춤 페스티벌
축제-문화/예술,도봉구,[도봉구] 2024 도봉 등축제
연극,강북구,[강북문화재단] 연극 [물질]
기타,종로구,[세종문화회관] Pokemon the Orchestra
무용,종로구,[세종문화회관] 실과 철: 몸의 현
교육/체험,마포구,[서울생활문화센터 서교] 청년 작가와의 만남_My Art Navigatio
축제-전통/역사,성동구,"[성동문화재단] 성동 人, 살곶이 달빛 나들이 2024 태조 이성계 축제"
교육/체험,은평구,[구립증산정보도서관] 황보름 작가와 함께하는 Book토크
교육/체험,종로구,2024년 아르코미술관 예술로(路)소풍 [숨겨진 보물 탐험기] 투어프로그램 안내
교육/체험,송파구,"[서울책보고] 가족체험프로그램 - 읽는 약, '책'을 처방해 드립니다! - 가족 독서 상담소(9월)"
축제-문화/예술,용산구,2024 용산구 책축제 북포레스트(Book for Rest)
콘서트,성동구,[서울시립교향악단] 비그림파워코리아와 함께하는 2024 서울시향 파크 콘서트
콘서트,종로구,[서울역사박물관] 제26회 백인제가옥 북촌음악회
교육/체험,구로구,[서울아트책보고] 번역가의서재 - 예술가와 그의책 II
교육/체험,종로구,[대우재단 시민강좌] 과학기술의 미래
교육/체험,종로구,[서울도서관] 2024 움직이는 책방(이동형 서울형 책방) 8회 : 송정북스
콘서트,종로구,[세종문화회관] 산드로 보티첼리 콘서트
교육/체험,은평구,[구립증산정보도서관] 마음 이끄미 선생님들과 함께 하는 그림책감정표현놀이프로그램 [마음아 놀자]
콘서트,강북구,[세종문화회관] 영훈고 OB 합창단 제7회 정기연주회 Family
연극,강남구,[강남문화재단] 9월 키즈예술공연 [낭만유랑극단]
축제-문화/예술,종로구,제 14회 광화문광장 어린이 그리기 대회
교육/체험,은평구,"[구산동도서관마을] 어느 날, 아버지에게 치매가 왔다 ㅣ 2024년 9월 독서의 달"
교육/체험,구로구,"[서울아트책보고] 예술놀이터 : 청소 세트, 과일 손거울 만들기"
국악,강동구,보름달 아래에서 추는 춤
교육/체험,금천구,[금천문화재단] 2024 N개의금천 - 독산권역 특화 로컬 투어 기획자 양성과정 [독산은 놀이터]
교육/체험,종로구,[서울시립 미술아카이브] 원문으로 읽는 한국현대미술사
전시/미술,성동구,[성동문화재단] 2024 시멘트 커넥트 투어연계 사진공모 수상작전 (2)
전시/미술,성동구,[성동문화재단] 2024 공명
교육/체험,종로구,[운현궁] 운현궁과 함께하는 '우리집 가훈쓰기'(9월)
국악,용산구,"[노들섬] 2024 문화가 흐르는 예술섬 노들_창작공연 [그리고.. 그 사랑, 일렉트로 국악] "
교육/체험,동대문구,[동대문문화재단] 제2회 [이달의 작가] 전시 연계 교육프로그램
교육/체험,종로구,[대우재단 시민강좌] 페트라르카의 사랑과 삶의 노래: 『칸초니에레』
뮤지컬/오페라,노원구,[서울시립 북서울미술관] 뮤지엄나이트 금요樂 『어사 박문수 출두요!』
교육/체험,구로구,[서울아트책보고] 강연 - 이루리 작가와 그림책 친구들
콘서트,종로구,[세종문화회관] 서울시예술단 가을음악회 [서울시합창단 달과 별의 하모니]
교육/체험,종로구,[서울도서관] 서울 문화의 밤(9월) - 재즈를 사랑한 작가 [1강]
뮤지컬/오페라,종로구,[세종문화회관] 제33회 한국성악앙상블Noi 정기연주회
콘서트,중구,2024 문화가 흐르는 서울광장 9월
교육/체험,마포구,[마포구립서강도서관] 은퇴의 정석 - 품격 있는 나이듦을 위한 인문학 1강 (문진수 작가)
교육/체험,동대문구,"[답십리영화미디어아트센터] 성우 더빙 마스터 클래스: 동화 낭독, 목소리 연기, 영화 더빙 프로그램 모집"
교육/체험,은평구,"[구립증산정보도서관] 독서의 달 [우연히 봄, 블라인드북]"
전시/미술,구로구,[서울아트책보고] 전시 - 이루리 작가와 그림책 친구들
전시/미술,종로구,"2024 한오공감예술페스타 [아름다운 동행, 함께하는 예술]"
국악,종로구,"[서울돈화문국악당] 1984년, 김정자의 가야금정악 지정덕방(至靜德方)-이지영"
독주/독창회,종로구,[세종문화회관] 이 솔 피아노 독주회
클래식,강북구,[세종문화회관] 소프라노 이정수 독창회
독주/독창회,종로구,[세종문화회관] 현아람 피아노 독주회
축제-전통/역사,종로구,[서울역사박물관] 한가위 한마당
축제-전통/역사,송파구,[서울백제어린이박물관] 한가위 큰잔치
국악,용산구,[노들섬] 2024 문화가 흐르는 예술섬 노들_창작공연 [연희땡쇼]
축제-전통/역사,송파구,[한성백제박물관] 한가위 큰잔치
국악,종로구,[서울돈화문국악당] 낮잠콘서트
교육/체험,마포구,"[월드컵공원 추석 특별 프로그램] 정원에서 달뜬다, 정원에서 달뜨다- 어디에 떴나 월드컵 보름달"
교육/체험,중구, [서울남산국악당] 2024 추석맞이 전통놀이체험
축제-문화/예술,종로구,2024 제6회 서울국악축제
독주/독창회,종로구,[세종문화회관] 이은새 바이올린 리사이틀
전시/미술,종로구,[운현궁] 2024 기획전시 [호랑愛夢]
축제-전통/역사,종로구,[운현궁] 2024 운현궁 한가위 민속한마당
축제-문화/예술,중구,[서울문화재단] 서울거리예술축제 2024
영화,종로구,[서울도서관] 광화문 책마당 [추석 연휴 특별 달빛 낭만 극장] 
국악,중구,"[서울남산국악당] 발탈 전승교육사 김광희의 [만足, 풍족, 한가위]"
독주/독창회,종로구,[세종문화회관] 박미희 바이올린 독주회
교육/체험,,[서울대공원] 우아한 물새들과의 공존 (초등생 가족)
축제-전통/역사,중구,2024 남산골 한가위축제 [삼삼오락]
교육/체험,종로구,[서울공예박물관] 대대손손 공예
기타,종로구,[세종문화회관] Deformation et mutation
축제-전통/역사,종로구,[우리소리박물관] 추석맞이 공연 [보름달과 함께 강강술래]
교육/체험,종로구,[서울공예박물관] 비밀요원 CMI: 밤이와 함께 비밀코드를 해결하라!_9월
영화,은평구,[구립증산정보도서관] 9월 주말영화상영안내
클래식,강북구,[세종문화회관] 합창으로 떠나는 세계여행/제8회 서울주니어합창단 정기연주회
교육/체험,은평구,[은평역사한옥박물관] 한 사람을 위한 상 소반
클래식,종로구,[서울시립교향악단] 2024 서울시향 실내악 시리즈 VI: 리처드 이가
교육/체험,종로구,[서울역사박물관] 2024년 하반기 유아 교육프로그램 [아이 좋은 박물관]
전시/미술,중구,CHI X Danha [Beauty of Korea]
전시/미술,종로구,[서울공예박물관] 2024년 서울공예박물관×서울문화재단 공예@쇼윈도#4 [Rite of Passage 통과의례]
전시/미술,강남구,임승현 개인전 [Pilgrim]
전시/미술,서초구,동그리드 두번째 개인전 : 틈
전시/미술,중구,[시민청] 공간지원사업 [피드백 feedback : ∞]
축제-문화/예술,강북구,국제상호문화교류대축전
축제-문화/예술,중구,서울남산국악당 X SIDance 공동사업 [유파전 - 서울교방 - 김경란류 권번춤 예맥: 반월(半月)]
콘서트,송파구,[서울책보고] 문학낭독공연 - 9월의 책 『시인 동주』
클래식,송파구,[서울시립교향악단] 2024 서울시향 리처드 이가의 모차르트와 하이든
콘서트,강북구,[강북문화재단] 강북문화예술회관 대공연장 개관 페스타 [추석맞이 김영임&김용임 희희낙락 孝 콘서트]
교육/체험,종로구,[운현궁] 2024 운현궁 뜰 안의 역사 콘서트(9월)
교육/체험,구로구,[서울아트플랫폼] 나의 작은 고양이 : 도자기 접시 만들기
콘서트,강북구,[세종문화회관] 박재홍 성기문 RECITAL 소곡집
교육/체험,노원구,[서울시립 북서울미술관] 시각장애인과 비장애인이 함께 하는 대화형 감상 프로그램 《나는 우리를 사랑하고 싶다》 展 연계 [나란히 보는 미술관]
교육/체험,강북구,[서울시립 북서울미술관] 북서울미술관-리움미술관 [에어로센 백팩 워크숍]
교육/체험,성동구,[성동문화재단] 2024 성동구립도서관 길 위의 인문학 [박태웅 작가 초청 강연] 
교육/체험,중구,[남산골한옥마을] 남산골 전통체험 성인특별판 [여과시간]
클래식,종로구,[세종문화회관] 앙상블 조이너스 제3회 정기연주회
전시/미술,중구,[서울디자인재단] 미나 페르호넨 디자인 여정: 기억의 순환
교육/체험,강서구,[강서문화원] 제15회 허준 건강?의학교실
전시/미술,관악구,"[서울대학교 미술관] 예술, 보이지 않는 것들의 관문"
교육/체험,양천구,2024년 서울시민예술학교 가을 시즌 양천
전시/미술,노원구,[서울시립 북서울미술관] 2024 신진미술인 지원 프로그램 - 김규림 개인전 《흔들리는 그림자》
전시/미술,영등포구,"[서울시립미술관 SeMA벙커] 2024 신진미술인 지원 프로그램 - 이혜원 기획전 《빛나는 도시, 어두운 황홀경?현대 도시의 디스토피아적 이미지들》"
교육/체험,관악구,[서울시관악복합평생교육센터] 나의 마음(스트레스) 관리법
교육/체험,송파구,[한성백제박물관] 상설전시 연계 교육 [서울백제어린이박물관 사용법]
교육/체험,종로구,[서울역사박물관] 제2회 이산가족의 날 기념 전시 및 문화행사 
무용,종로구,[세종문화회관] 2024 공연봄날(초중고등학생 문화공연 관람 지원)
교육/체험,강남구,[강남구립논현도서관] 지역서점과 함께하는 과학기술 특강 1. AI와 문화예술
연극,도봉구,[도봉문화재단] [도봉아트극장] 상상력 넘치는 매직스크린 가족극 『오버코트』
독주/독창회,종로구,[세종문화회관] 김보람 피아노 독주회
클래식,강북구,[세종문화회관] 바리톤 김보람 독창회
클래식,용산구,[서울시립교향악단] 2024 서울시향 우리동네 음악회 관현악 - 용산구
기타,종로구,의정부지 역사유적광장 개장식
콘서트,중구,"[시민청] 9월 바스락콘서트 [그런 하늘, 구름 한 스쿱 : 신인류]"
무용,성동구,[성동문화재단] 수평적곡선-숨쉬는 몸
기타,종로구,[서울문화재단] 청소년 문화예술인 권익보호 포럼 개최
교육/체험,용산구,[서울문화재단] 서울시민예술학교 가을시즌 프로그램 안내
교육/체험,노원구,[노원문화재단] 노원어린이극장 예술교육프로그램 [방과후 공연놀이터]
교육/체험,은평구,[구립증산정보도서관] 개관시간 연장지원 사업 다문화 프로그램 [책구석 세계 문화 탐험]
교육/체험,마포구,연극체험프로그램 [함께라면 나라라~ 써니] 2기
교육/체험,성북구,[성북문화재단] 생애주기별 문화예술교육 [스스로학교-무대 위 나로 서기] 참여자 모집 안내
교육/체험,은평구,[서울기록원] 2024 가족 타임캡슐 - 우리의 특별한 토요일 기록 
교육/체험,송파구,[한성백제박물관] 유아단체 대면 교육 [서울역사생태탐험대]
전시/미술,서초구,2024 서초X관악문화재단 교류형 아트페어 [artBnB : Bite Art and Buy]
전시/미술,광진구,"[세종뮤지엄갤러리] 송인옥 기획초대전 [보이는 것, 보이지 않는 것]"
무용,중구,[서울남산국악당] 2024 SIDance  [도깨비 꿈터]
교육/체험,강동구,[강동문화재단] 천호도서관 책의 변신: 미디어세대를 위한 매체 통합 독서교육
교육/체험,은평구,[구립증산정보도서관] 책 읽어주는 사서와 함께하는 [북 데이트!]
축제-문화/예술,중구,서울남산국악당 X SIDance 공동사업 [한국의 춤 - 영남무악(嶺南舞樂)]
축제-문화/예술,종로구,제1회 극 신문고 민정진언 축제
클래식,종로구,[세종문화회관] 앙상블 신 제3회 정기연주회
교육/체험,종로구,2024 서울시향 마스터클래스 시리즈: 플루트 김유빈
영화,구로구,[서울아트책보고] 상영회 - 영화살롱 9월 [양치기]
뮤지컬/오페라,종로구,서울특별시여성콘서트합창단 [그들의 노래]
교육/체험,마포구,[마포구립서강도서관] 9월/길위의인문학 [이츠 마이 라이프 / 후속모임] (한경은) 
교육/체험,용산구,서울문화예술교육센터 용산 [십장생: 안녕의 풍경] 소개 및 오프닝 데이 
전시/미술,송파구,[서울책보고] 기획전시 - 책장 드로잉_정희기 작가
전시/미술,중구,"문화역서울284 기획전시 [생명광시곡, 김병종]"
교육/체험,은평구,[서울기록원] 성인 대상 체험프로그램 [나의 사적인 기록시간]
교육/체험,동대문구,[용두어울림작은도서관] 2024년 개관 2주년 기념 프로그램 [펼치면 자라는 북아트]
전시/미술,종로구,[운현궁] 2024 기획전시 [허난설헌?평화]
전시/미술,성동구,[성동문화재단] 진명은 개인전
전시/미술,강남구,시작된 시작 展
클래식,강북구,[세종문화회관] 제41회 대학생을 위한 프랑스 가곡과 아리아의 밤
교육/체험,구로구,[서울아트플랫폼] 핸드메이드 키링 만들기
클래식,종로구,[세종문화회관] Two Pianos Four Pianists 제2회 정기연주회
클래식,광진구,[광진구청] 광진가족 클래식 음악산책 [지브리 콘서트]
전시/미술,서초구,[서초문화재단] 서리풀 휴(休) 갤러리 [술렁이는 원룸]
교육/체험,은평구,[구립증산정보도서관] 나뭇잎도 책 읽는 계절 [우리식구 전집 데이]
교육/체험,은평구,[구립증산정보도서관] 책 따라 걷는 도서관 - 9월 원화 전시 [이파라파냐무냐무]
교육/체험,은평구,[구립증산정보도서관]  우리만의 명절 즐기기 [추석이 왔어요~!]
전시/미술,성동구,[성동문화재단] 2024년 한국의 디카시 전
독주/독창회,종로구,[세종문화회관] 이주희 피아노 독주회
축제-문화/예술,금천구,[금천문화재단] 금천구 도서관 북페스티벌
클래식,강북구,[세종문화회관] 김소연 피아노 리사이틀 [모차르트 피아노 솔로 전곡 시리즈 II]
교육/체험,구로구,[서울아트책보고] 9월 책보고 마술보고
축제-문화/예술,성북구,천장산우화예술제 제8탄 [서울의 변신이야기]
교육/체험,강동구,[강동문화재단] 암사도서관 [다정하지만 만만하지 않습니다] 정문정 작가와의 만남
축제-문화/예술,성북구,[천장산우화극장] 천장산우화예술제 제8탄 [서울의 변신 이야기]
교육/체험,동대문구,[용두어린이영어도서관] 2024 9월 독서의 달_이재영 작가와의 만남 운영 안내
콘서트,종로구,[서울생활문화센터 체부] 2024 생활문화콘서트 12회차 운영
교육/체험,구로구,[서울아트책보고] 「흔들리는 몸 고요한 마음」 북토크
교육/체험,종로구,"[돈의문박물관마을] 야외 미션 게임 [돈의문, 100년 마을의 비밀-비밀지도]"
교육/체험,종로구,[서울역사박물관]  2024년 하반기 우리가족 박물관 여행
교육/체험,종로구,[서울역사박물관] 2024년 하반기 [우리가족 경희궁 탐험대]
교육/체험,성동구,[청계천박물관] 초등 1~6학년 주말가족 교육 프로그램 [우리는 청계천 탐험대]
기타,영등포구,한강수계법 제정 25주년 기념 한강수계 걷기행사
축제-문화/예술,영등포구,[미래한강본부] 2024 책읽는 한강공원
교육/체험,마포구,[마포구립서강도서관] 9월/어린이갤러리 양선하 작가 [할머니의 이불장] 원화 전시
영화,강남구,[강남구립논현도서관] 9월 논현토요시네마 & 논현나잇시네마
교육/체험,도봉구,[도봉문화재단] 작사작곡 프로그램 [나의 첫 노랫말 짓기]
교육/체험,종로구,[서울역사박물관] 2024년 청소년 자원봉사 [서울역사지킴이]
콘서트,노원구,[노원문화재단] 노원즐거운콘서트x찾아가는 버스킹 9월
교육/체험,은평구,[구립증산정보도서관] 어린이 그림책 작가展 출간 기념 사인회 및 전시회
교육/체험,종로구,[백인제가옥] 2024년 온라인교육 [백인제가옥의 숨겨진 비밀을 찾아라!] (9월)
교육/체험,종로구,"[서울공예박물관] 장인의 보물상자(나전공예)[3, 4학년]_9월"
교육/체험,종로구,"[서울공예박물관] 장인의 보물상자(나전공예)[5, 6학년]_9월"
교육/체험,은평구,[구립증산정보도서관] BOOKBOOK 오락실 [문해력up! 이야기 보드게임]
축제-기타,종로구,[돈의문박물관마을] 돈의문골목시장 [할미마켓]
연극,송파구,[송파문화재단] 연극 버져 비터 (buzzer beater)
뮤지컬/오페라,강동구,[강동문화재단] 뮤지컬 「알사탕」
축제-문화/예술,송파구,제5회 송파전국국악경연대회
축제-문화/예술,영등포구,제2회 여민락 문화교류축제 - 통:로
콘서트,용산구,[노들섬] 서울스테이지 2024 노들섬 9월 공연 X 문화가 흐르는 예술섬 노들_인디음악 특별주간 [파도 속으로]
기타,영등포구,[영등포아트스퀘어] 매직 인사이드: 마술사 J의 아카이브
클래식,강북구,[세종문화회관] Seoul Soloists Harmonica Orchestra 2024 정기연주회
클래식,구로구,[구로문화재단] 2024년 제13회 구로구립청소년오케스트라 정기연주회
연극,구로구,[구로문화재단] 마당극 [청아 청아 내딸 청아]
클래식,서초구,[서초문화재단][2024 클래식다방 - 샤론아트홀] 기린(GuiLin)과 함께 영화 구경
기타,노원구,[서울시립과학관] 음악이 보인다 과학이 들린다
교육/체험,종로구,"[서울생활문화센터 낙원] 2024 낙원 속 생활문화 클래스 [9월 전통공예: 빚다,엮다,담다(보자기)]"
교육/체험,종로구,[서울공예박물관] 뮤지엄 멘토: MUSEUM人을 만나다 #8 박물관 교육
클래식,종로구,[세종문화회관] 2024 서울시향 실내악 시리즈 V: 크리스티안 테츨라프
교육/체험,구로구,"[서울아트책보고] 예술 놀이터: 책모양 보석함 만들기, 토끼 액자 만들기"
클래식,마포구,[마포문화재단] 제9회 M 클래식 축제 [M 파크 콘서트]
교육/체험,관악구,[관악문화재단] 2024 약자와의 동행 [같이+]
교육/체험,동대문구,"[동대문문화재단] 2024 생생국가유산 - 제신농씨, 지구를 지켜줘"
교육/체험,강남구,[강남구립논현도서관] 2024년 작가의 서재 ④ [권오준 작가와의 만남]
연극,중랑구,[중랑문화재단] 연극 아카데미 [아인슈타인의 별]
클래식,강남구,서초심포니 오케스트라 정기연주회 
콘서트,은평구,[은평문화재단] 존노X고영열 콘서트
교육/체험,강동구,[강동문화재단] 강일도서관 [기리네 집에 다리가 왔다] 강인송 작가와의 만남
축제-문화/예술,강동구,[강동문화재단] 성내도서관 [나의 비거니즘 만화] 보선 작가와의 만남
국악,종로구,[서울돈화문국악당] 「사이」 vol.4 [가야금 무악展]-가야금 Library 「사이」
콘서트,종로구,2024 홍난파가곡제 사전행사 [홍난파가옥 선셋콘서트 & 봉숭아 물 들이기]
교육/체험,성북구,[성북여성문화센터] 정규강좌 - 가을학기 신규강좌 [왕초보영어]
교육/체험,광진구,[서울상상나라] 알록달록 색깔 요리
교육/체험,서초구,2024 한강이야기여행 [한강야경투어]
교육/체험,성동구,"[성동구립도서관] 어린이 타임지 뉴스 리딩_ 9,10월 "
교육/체험,강남구,[강남구립논현도서관] 시니어 스마트폰 활용 교육 : 나는 실버서퍼다!
기타,종로구,의정부지 역사유적광장 9월 문화 프로그램 안내
교육/체험,중구,[중구문화재단] 인현이음 9월 재능기부 프로그램 : 손으로 맞이하는 가을
교육/체험,종로구,[서울공예박물관] Open Studio : 조물조물 캔들(9월)
교육/체험,구로구,[구로구립 궁동어린이도서관] 성인 색연필 드로잉
전시/미술,종로구,2024 그림마실 세번째 이야기
축제-문화/예술,금천구,[금천문화재단] 제4회 금천패션영화제
축제-기타,동대문구,[서울시청] GES(Game Esports Seoul) 2024
기타,종로구,[세종문화회관] 우국원 「ORIGINALLY」 _싱크넥스트24
뮤지컬/오페라,성동구,[성동문화재단] 2024 한양대학교 음악대학과 함께하는 오페레타 [박쥐]
축제-문화/예술,마포구,2024 아트프로젝트 바림 : 광흥동락2
축제-문화/예술,강서구,[강서구] 한국창작오페라 페스티벌
축제-기타,도봉구,2024 강북 백맥축제
전시/미술,성북구,[성북문화재단] 길에서 *만난* 스튜디오
클래식,강북구,[세종문화회관] 소프라노 서희정 독창회
교육/체험,구로구,[서울아트책보고] 힐링 강연쇼 - 거인의 어깨 2부 [황해도 로켓 전문가]
콘서트,용산구,[노들섬] 서울스테이지 2024 노들섬 9월 공연 X 문화가 흐르는 예술섬 노들_인디음악 특별주간 [PERFECT DAYS]
교육/체험,중구,[서울도서관] 서울 문화의 밤(9월) 행사 - 엄주 작가와 방구석 북토크
콘서트,중구,[시민청] 공간지원사업 [당신이 있어 행복합니다. 《행복우체국 앙상블아랑》]
뮤지컬/오페라,강북구,[강북문화재단] 강북문화예술회관 대공연장 개관 페스타 [뮤지컬 3DIVA 콘서트]
클래식,송파구,[서울시립교향악단] 2024 서울시향 크리스티안 테츨라프의 브람스 바이올린 협주곡 ②
기타,광진구,[광진문화재단] 제1회 나루 네트워크 정책포럼
교육/체험,종로구,[운현궁] 구름재 다실: 이로당 티타임(9월) 
기타,종로구,"금요일, 문화로 열다! 9월 [서울 문화의 밤]"
클래식,마포구,[마포문화재단] 제9회 M 클래식 축제 바이올리니스트 김동현 [ Moon Sonata ]
기타,종로구,[서울역사박물관] 2024년 서울학 공동 학술대회 [레일 위의 서울]
교육/체험,관악구,[관악문화재단] 관점 : 역사가 작품이 되는 시선
독주/독창회,종로구,[세종문화회관] 박지원 피아노 독주회
교육/체험,구로구,[서울아트책보고] 힐링 강연쇼 - 거인의 어깨 1부 [서거원 양궁 前감독]
교육/체험,용산구,[서울문화재단] 토크콘서트: 울림이 있는 플룻
교육/체험,종로구,[서울공예박물관] 기념전 연계 공예 강좌 [아티스트 토크 Artist Talk]
콘서트,노원구,[노원문화재단] 2024 인문학북콘서트 「인지하지 못했던 사사로운 것들」 1회차 [다들 지지 마시길]
기타,송파구,[서울책보고] 예술 소통 프로그램 - 책보고 쌀롱(9월) ; 브릭아트
교육/체험,중랑구,"[서울생활문화센터 낙원] 2024 낙원 속 생활문화 클래스 [9월 전통공예: 빚다,엮다,담다(도자기)]"
전시/미술,종로구,[서울공예박물관] 특별기획전 [공예로 짓는 집]
전시/미술,강남구,"[코리아나 화장박물관 ] 신발, 차림의 완성_소장품 테마전 29"
기타,중구,2024 운동하는 서울광장
교육/체험,마포구,[홍익대학교] 2024 길 위의 인문학 [미래를 여행하는 인류를 위한 안내서]
교육/체험,종로구,[돈의문역사관] 2024 유아 교육프로그램 [서쪽 대문의 비밀] (유아 개인)
전시/미술,동대문구,[서울시립미술관] 자치구 협력전시 《SeMA Collection: 이야기》
교육/체험,마포구,[마포구립서강도서관] 9월/어린이메이킹 [해봄아 노올자! 해봄맘껏Time]
교육/체험,종로구,[서울무형유산교육전시장] 2024년 야간 특별체험 [달빛공방]
교육/체험,관악구,[관악문화재단] 책과 함께 인생을 시작하자! 북스타트 9월 책놀이 프로그램 
교육/체험,마포구,[마포구립서강도서관] 9월/읽는 인간 호모부커스 Ⅲ - 성장의 문화
뮤지컬/오페라,종로구,[세종문화회관] 토스카
전시/미술,금천구,2024 금천예술공장 오픈스튜디오 [비하인드 더 하이라이트: 교차하는 장면들]
교육/체험,용산구,[서울문화재단] 토크콘서트: 일과 어른의 태도
기타,은평구,[은평문화재단] 융복합예술 지역탐색 보이지 않는 것들을 위한 가이드 [라운드테이블]
콘서트,관악구,[관악문화재단] 국악과 케이팝의 만남 [온도]
클래식,강남구,[강남문화재단] 제169회 강남마티네콘서트│GREAT COMPOSER SERIES
클래식,종로구,[세종문화회관] 앙상블 비트윈 제 7회 정기연주회
클래식,서초구,[서울시립교향악단] 2024 서울시향 크리스티안 테츨라프의 브람스 바이올린 협주곡 ①
콘서트,강남구,[강남문화재단] 제986회 목요예술무대 [이웃집 춤선생]
콘서트,금천구,[금천문화재단]  2024 금천라이브 [AI X ART: 퇴근길 라이브]
클래식,강북구,[세종문화회관] 김소연 피아노 리사이틀 [모차르트 피아노 솔로 전곡 시리즈 I]
교육/체험,양천구,[서울문화재단] 서울시민예술학교 시각예술 마스터과정 [아는 만큼 재미있는 미술]
교육/체험,양천구,[서울문화재단] [마스터 과정] 아는 만큼 재미있는 미술
교육/체험,중구,[서울시립미술관] SeMA 공용공간 프로젝트 《커플링》 전시 연계 퍼포먼스 [당신의 진실을 아름답게 만드세요]
교육/체험,은평구,[은평문화재단] 시니어 작사교실 [노랫말쓴이]
교육/체험,광진구,[서울상상나라] 맛있는 이솝우화 요리
교육/체험,도봉구,[도봉문화재단] 아티스트와 함께하는 전시 연계 프로젝트
전시/미술,종로구,[갤러리 지우헌] Ingoing Escape
교육/체험,관악구,[서울시 관악복합평생교육센터] English 아뜰리에 for Kids (어린이 미술+영어 프로그램)
전시/미술,중구,[시민청] 공간지원사업 [Life with Flowering]
연극,성북구,연극 [시뮬라시옹]
연극,종로구,연극 [횃불]
연극,성동구,[성동문화재단] 2024 성동 공연예술프로젝트 연극 [설흔]
연극,성동구,[성동문화재단] 2024 성동공연예술프로젝트 세번째 작품 연극 [설흔]
축제-기타,종로구,서울 국제 컴퓨터음악 페스티벌 SICMF 2024 
축제-문화/예술,강남구,Kiaf SEOUL 2024 (한국국제아트페어)
전시/미술,강남구,2024 프리즈 서울
축제-문화/예술,중구,[서울남산국악당] 제14회 [춤&판 고무신춤축제]
교육/체험,종로구,[서울문화재단] 2024 서울예술인지원센터 [환경을 위한 원데이워크숍 '지속가능한무대 : 일상의 오브제 제작하기']
클래식,서초구,[서초문화재단] 서리풀 오후의 실내악 [여름날의 향수]
국악,도봉구,[도봉문화재단] 우정문의 해설이 있는 한승호제 판소리 적벽가 [수어지교 (水魚之交)]
교육/체험,구로구,[서울아트플랫폼] 따로 그리고 같이 : 나의 마음 상자 (팝업북) 만들기
교육/체험,용산구,"[서울문화재단] 토크콘서트: 사진, 그리고 자유낙하"
클래식,강북구,[세종문화회관] 앙상블 에클랑의 뮤직 살롱
교육/체험,금천구,[금천문화재단] 희곡 창작 프로그램 [희희낭락] 희곡쓰고 낭독하고 연극하고
교육/체험,노원구,[서울생활사박물관] 2024년 하반기 변장나들이 (유아 단체)
교육/체험,성북구,[성북문화예술교육센터] 2024년 성북문화예술교육센터 가을 프로그램 9~10월
교육/체험,종로구,2024년 아르코미술관 예술로(路)소풍 청소년 감상 프로그램 [우리들의 리듬을 찾아서]
교육/체험,성북구,[돌곶이생활예술문화센터] 9~10월 프로그램 통합 신청 접수 안내
교육/체험,종로구,[서울우리소리박물관] 온라인 학교연계프로그램 [농악놀이 풍경상자] 참여기관 모집
전시/미술,중구,[남산골 한옥마을] 국가무형유산 연속 기획 전시 [채상장 서신정]
교육/체험,금천구,[금천문화재단] 독서문화체험 [그림책과 함께하는 책놀이]
교육/체험,서초구,[서초구립내곡도서관] 문학으로 역사에 물들다 - 윤동주에서 박완서까지
전시/미술,종로구,[돈의문박물관마을] 자원봉사 아카이브 10주년 특별전 [기록-기억-다시 빛나다] 展
교육/체험,은평구,[구립증산정보도서관] 9월 어린이 독서퀴즈
교육/체험,중랑구,[중랑문화재단] 옹기테마체험관 2024년 9월 프로그램
교육/체험,광진구,"[서울상상나라] 올림픽, 그 다음은?"
기타,강북구,[강북문화재단] 2024년 N개의 서울 - 강북 인디 음악 여행 [퇴근길 메들리] 공연 안내
교육/체험,은평구,[구립증산정보도서관] 도닥도닥 [모두의 지도: 증산에 로그-인 하다]
콘서트,중구,[시민청] 활력콘서트 9월 공연
교육/체험,종로구,[서울역사박물관] 2024년 9월 세뮤 틴즈 '접속하라 조선시대 한양'
영화,중구,[시민청] 2024 화요시네마 9월 상영작
전시/미술,종로구,[창덕궁 낙선재] K-헤리티지展 낙선재 유(遊) 이음의 결
전시/미술,종로구,[운현궁] 2024 기획전시 [은가비의 꽃그림이야기]
전시/미술,성동구,[성동문화재단] 제 3회 모리진 개인전 [만남]
콘서트,마포구,[마포문화재단] 2024 M 마티네 시리즈 I 클래식 히스토리 콘서트 [한낮의 클래식 산책]
독주/독창회,종로구,[세종문화회관] 박미숙 피아노 독주회_베토벤의 표현적 사고
콘서트,용산구,2024 세계민주주의의 날 기념 1+7분 민주주의 토크콘서트
클래식,마포구,2024 M 마티네 시리즈 I 클래식 히스토리 콘서트 [한낮의 클래식 산책]
교육/체험,노원구,[서울시립 북서울미술관] 서울시립 사진미술관 국제세미나 [사진의 자리]
클래식,강북구,[세종문화회관] 앙상블 크로이츠 제2회 정기연주회 비상
무용,중구,[서울시립미술관] SeMA 옴니버스 《끝없이 갈라지는 세계의 끝에서》 연계 퍼포먼스 [5100 : 오각형]
연극,성북구,"[성북문화재단 아리랑시네센터] SAC on Screen 연극 [추남, 미녀]"
영화,서초구,[서초문화재단] 심산 영화관 [늑대와 춤을]
교육/체험,강남구,[강남구립논현도서관] 릴레이 낭독으로 낭만 읽기 3기 : 박경리 [토지]
교육/체험,종로구,[세종예술아카데미] 올패스 패키지(42% 할인)
교육/체험,종로구,"[세종예술아카데미] 스포츠 in 아트스테이션 B (에어로빅힙합, 요가, 리듬체조)"
교육/체험,종로구,"[세종예술아카데미] 스포츠 in 아트스테이션 A (댄스스포츠, K-POP, B-BOYING)"
교육/체험,,[서울대공원] 산림치유센터_여유드림 9월
교육/체험,,[서울대공원] 치유의 숲_행복숲 9월
교육/체험,,[서울대공원] 힐링숲_9월
교육/체험,,[서울대공원] 치유의 숲_하늘빛 마중숲 9월
전시/미술,종로구,SEOUL SCULPTURE FESTIVAL 서울조각페스티벌
교육/체험,종로구,"[종로문화재단] 무료예술교육, 시민과 함께 만드는 영화 [종로영화국]"
교육/체험,관악구,[서울시관악복합평생교육센터] 일상을 바꾸는 리빙랩 Design Thinking 문제해결과정
교육/체험,,[서울대공원] 자유학년제 청소년을 위한 동물원 두드림 교육_9월
교육/체험,,[서울대공원] 곰두리 동물교실
영화,중구,[청춘극장] 2024년 9월 영화 및 공연 프로그램
교육/체험,,[서울대공원] 2024 활력드림_9월
교육/체험,,[서울대공원] 행복드림_9월
교육/체험,,[서울대공원] 동물해설 단체교육_9월
교육/체험,,[서울대공원] 희망 힐링 주 아카데미_9월
교육/체험,은평구,[구립증산정보도서관] 9월 테마전시체험전 [테마로 즐기는 도서관Ⅱ] 달님이랑 꿈이랑
교육/체험,동대문구,[장안어린이도서관] 2024년 독서의 달 행사
축제-문화/예술,종로구,SEOUL ART WЕЕК 서울아트위크
전시/미술,성동구,[성동문화재단] 한가위.아트는.맛있다.2인전
축제-전통/역사,중구,2024 추석 서울장터 행사
교육/체험,송파구,[송파문화원] 예술특별강연회 이근배 시인 
클래식,종로구,[세종문화회관] 트리오 르쏭 제3회 정기연주회
교육/체험,중구,[서울시립미술관] 2024 찾아가는 미술감상교실
교육/체험,,[서울대공원] 산림치유센터_활력드림
교육/체험,중구,[서울시] 중장년 1인가구 문화과학 체험프로그램 [혼자 또 함께! 씽글이의 문화?과학여행]
교육/체험,성북구,[성북여성문화센터] 정규강좌 추가접수 안내_[바이올린]
교육/체험,성북구,[성북여성문화센터] 정규강좌 2024 가을학기 수강생 모집
교육/체험,성북구,[성북여성문화센터] 정규강좌안내_[어린이 토탈공예]
전시/미술,강서구,[서울식물원] 주제정원 가을전시 [풀결 속 항해]
교육/체험,성북구,"[성북여성문화센터] 정규강좌_발레 (성인, 초등, 유아)"
전시/미술,종로구,[돈의문박물관마을] 미디어아트페스티벌 [경계의 변환] 展
축제-문화/예술,서초구,2024 잠수교 뚜벅뚜벅 축제
축제-문화/예술,종로구,제7회 1번 출구 연극제
교육/체험,광진구,[서울상상나라] 매작과
기타,동대문구,[용두어울림작은도서관] 개관 2주년 기념 행사
전시/미술,은평구,[구립증산정보도서관] 2024 마음치유 봄처럼 [사진과 그림으로 떠나는 추억여행] 후속 전시 [이렇게 나를 그린다]
교육/체험,송파구,[송파 청년아티스트센터] 예술가와 함께하는 풍납 탐구 생활 [풍납토성 예술 산책]
교육/체험,은평구,[구산동도서관마을] 2024년 9월 독서의 달 독서문화행사
기타,은평구,[구립증산정보도서관] 독서의 달 기념 도서대출권수 확대 및 대출정지 해제 이벤트 [마음 편한 독서의 달]
교육/체험,동대문구,[동대문문화재단] 용두어울림작은도서관 - 2024년 9월 독서의 달 행사
교육/체험,동대문구,"[용두어린이영어도서관] 9월 독서의 달 [책 읽는 즐거움, 함께 나눠요] 운영 안내"
교육/체험,동대문구,[동대문문화재단] 2024년 동대문구 N개의 서울 [찾아보기] 9월 프로그램
교육/체험,송파구,[한성백제박물관] 2024년 서울 문화의 밤 [백제왕도 달빛기행]_9월
교육/체험,동대문구,[휘경행복도서관] 9월 독서의 달 행사
교육/체험,마포구,[마포구립서강도서관] 9월 문화프로그램 안내
교육/체험,동대문구,[제기동감초마을현진건기념도서관] 9월 독서의 달 행사
교육/체험,광진구,[서울상상나라] 한가위 그라탕
교육/체험,노원구,[서울시립과학관] 과학에 물들다
영화,동대문구,[답십리시네마] 영화 상영시간표(2024.9.1~9.30.)
교육/체험,광진구,[서울상상나라] 누구나 미니 올림픽
교육/체험,노원구,[서울시립과학관] 9월 일상실험실: 실험실 체험 프로그램
영화,동대문구,[인디서울 2024] 9월 우리동네 독립영화관 - 상영작&GV 행사 안내
교육/체험,서초구,[서초문화재단] 클래식악기 탐구생활 10월 참여자 모집
축제-문화/예술,중구,제27회 서울세계무용축제 (SIDance2024)
교육/체험,광진구,[서울상상나라] 뚝딱 응원가 제작소
축제-문화/예술,종로구,[세종문화회관] Hip-hop StreetDance Night
축제-문화/예술,송파구,2024 송파문화예술 활성화 지원사업 선정작 [Force 서커스 축제 판]
콘서트,종로구,[서울생활문화센터 체부] 2024 [생활문화콘서트] 11회차 운영
클래식,종로구,플루트와 사랑에 빠지다 - 정오의 음악회 [K-Flutes유지연 플루트 독주회]
국악,은평구,[서울돈화문국악당] 2024 실내악축제페스티벌 앙상블Ⅱ
국악,강북구,[세종문화회관] 2024년 소리여울국악관현악 정기공연
기타,마포구,"[서울생활문화센터 서교] 서교아트페어 스파크2024 참가작, 얼레벌레 [Sparkling bug]"
교육/체험,강서구,[서울식물원] 전시 연계 상설 프로그램 [리듬 사용설명서]
클래식,마포구,[마포문화재단] 제9회 [M 클래식 축제]
축제-기타,광진구,2024 제로플 페스타(ZERO+FESTA)
축제-문화/예술,강서구,2024 서커스페스티벌 [서커스데이]
축제-문화/예술,종로구,[세종문화회관] Retro StreetDance Night
클래식,서초구,[서초문화재단] [2024 클래식다방 - 라율아트홀] 고고(古古)한 바로크 - 신용천의 노트북 Vol.3
교육/체험,은평구,[구립증산정보도서관]  우리 가족 융합독서 책 더하기+ 시리즈 2 [책 더하기 음악] 1-2학년
콘서트,양천구,[양천문화재단] 2024 월간뮤지크 플라워 공연
독주/독창회,종로구,[세종문화회관] 테너 김민석 리사이틀: 그대 있음에
콘서트,마포구,[서울생활문화센터 서교] 서교아트페어 스파크2024 - 참가작 서승현콘서트 『Hound』
무용,송파구,2024 송파 문화 예술 활성화 지원사업 선정작 [세계수: 하늘과 땅을 잇는 이야기]
영화,은평구,[구산동도서서관마을] 심청ㅣ예술의전당 예술 영상화 콘텐츠 상영
교육/체험,강서구,[강서문화원] 전시연계 [수묵동물 그리기]
클래식,강북구,[세종문화회관] Shunji Hirota 피아노 독주회
교육/체험,은평구,[구립증산정보도서관]우리 가족 융합독서 책 더하기+ 시리즈 2 [책 더하기 음악] 3-4학년
연극,구로구,[구로문화재단] 농촌총각과 우렁각시 [상주단체 공공프로그램]
클래식,구로구,Summer Jazzbreak 2024 [재즈 속으로 떠나는 여름 힐링 음악 여행]
축제-문화/예술,양천구,"[서울문화재단] 8월 예술힐링놀이터 [극장에서 즐기는, 여름의 끝자락]"
콘서트,동작구,[동작문화재단] 2024 상도어울마당 아트홀 [PLAY 180] 8월 공연
교육/체험,중구,[DDP] 자녀와 함께 듣고 체험한는 DDP 디자인가구 이야기
국악,종로구,"[세종문화회관] SMTO 무소음 [광광,굉굉] _싱크넥스트24"
콘서트,도봉구,[도봉문화재단] 2024 도봉 예술인?단체 지원사업 [청슬의 미니 콘서트]
영화,강남구,[강남구립논현도서관] 8월 논현토요시네마 & 논현나잇시네마
교육/체험,종로구,[서울도서관] 2024 움직이는 책방(이동형 서울형 책방) 7회 : 과학책방 갈다
클래식,마포구,[마포문화재단] 제9회 M 클래식 축제 - 모던가곡 Ⅰ
전시/미술,중구,[서울시립미술관] 2024 서울아트위크×SeMA 난지
전시/미술,종로구,"윤형선 [Dance of Flowers, Voice of Nature - 춤추는 꽃]"
전시/미술,강남구,"노한솔, 박소은, 현오 [FLASH!]"
전시/미술,송파구,[송파문화재단] 전시 - 식탁
전시/미술,종로구,[시민청] 공간지원사업 [일요일 오후 1시]
기타,마포구,[서울생활문화센터 서교] 서교아트페어_스파크2024
국악,노원구,[노원문화원] 2024 연희마당놀이 방자전
전시/미술,중구,[YK Presents] He’s Got A Nose
교육/체험,종로구,"[서울시립 미술아카이브] 그림책의 방: 어린이, 예술, 비평"
국악,종로구,[서울돈화문국악당] 2024 실내악축제 [이화 국악 앙상블]
국악,종로구,[서울우리소리박물관] 야금야금夜金 토크 콘서트- 2회차 [나도 귀명창이다]
연극,종로구,2024년 야간 공연 관람권_[로풍찬 유랑극장]
독주/독창회,종로구,[세종문화회관] 장은제 피아노 독주회
콘서트,마포구,[마포문화재단] 마포아트센터 M 레트로 시리즈 [어떤가요 #10] 추억의 댄스가수 특집
영화,구로구,[서울아트책보고] 영화살롱 8월 [돌핀]
콘서트,도봉구,[도봉문화원] 2024. 편지 낭독 콘서트 [편지의 밤: 사랑을 담은 글자들]
클래식,송파구,[서울시립교향악단] 2024 서울시향 투간 소키예프의 무소륵스키 전람회의 그림 ②
교육/체험,종로구,[중구문화재단] 인현이음 8월 원데이 프로그램 : 나만의 힙-팟(pot) 2차
클래식,강북구,[세종문화회관] 음대생 연합 오케스트라 C.O.M.S Symphony Orchestra 제4회 정기연주회
축제-문화/예술,종로구,[세종문화회관] Mash-up DJing Night
클래식,강남구,뮤직 배틀 콘서트 - 음악의 마에스트로
기타,송파구,[한성백제박물관] 서울특별시-충청북도 공동주최 학술회의 [한성백제와 중원]
클래식,강북구,[강북문화재단] 강북문화예술회관 대공연장 개관 페스타-  개관기념 국립합창단 [한국 가곡의 밤]
전시/미술,중구,[DDP] 색 모양 움직임
전시/미술,중구,[서울시립미술관] 김인순 컬렉션 [일어서는 삶]
전시/미술,종로구,[서울시립 미술아카이브] SeMA 옴니버스 [아카이브 환상]
교육/체험,은평구,[구립증산정보도서관] 2024 사서와 함께하는 독서 동아리 [똑똑 2기]
기타,마포구,[마포구립서강도서관] 8월 팟캐스트 / 서강도서관 피셜 48회 [너에게 들려주는 단단한 말]
기타,은평구,"[구립증산정보도서관]  2024 길 위의 인문학 [파트3 - 우리의 문자, 한글]"
축제-기타,동작구,서울우먼업 페어 2024
교육/체험,강남구,[강남구] 강남아트 2024 스탬프 투어
전시/미술,중구,[DDP] 야외전시 [아퍼쳐(APERTURE) ; Atelier SISU]
전시/미술,중구,[DDP] 야외전시 [아워비팅하트(Our Beating Heart)]
기타,관악구,2024 제3회 별사리 플리마켓 [별빛바캉스]
전시/미술,중구,서울라이트 DDP 2024 가을 [퓨처로그 Future Log]
교육/체험,중구,DDP 아트 토크&투어
무용,중구,국립무용단 [행 +-] (행 플러스마이너스)
클래식,강동구,[강동문화재단] 제6회 강동청소년교향악축제
연극,관악구,[관악문화재단] 연극 [갑신의 거]
뮤지컬/오페라,도봉구,[도봉문화재단] 2024 도봉 예술인?단체 지원사업 [털이 뭐길래]
독주/독창회,종로구,[세종문화회관] 지유경 피아노 독주회
콘서트,강남구,"[강남문화재단] 제985회 목요예술무대 - 다섯 번째 파장, 김창완밴드"
교육/체험,구로구,[서울아트플랫폼] 지구?Zine구! : 지구를 지키는 환경그림책 만들기
축제-문화/예술,종로구,[세종문화회관] Jazz Swing Night
클래식,강북구,[세종문화회관] 테너 박성원과 함께하는 행복한동행 열네번째
무용,송파구,"[송파문화재단] 흐름, 탈의 이야기"
클래식,송파구,[서울시립교향악단] 2024 서울시향 투간 소키예프의 무소륵스키 전람회의 그림 ①
교육/체험,중구,[서울시립미술관] SeMA 옴니버스 《제9행성》 전시 연계 강연 [행성적 사유와 인문학]
교육/체험,종로구,"[종로문화재단] 청운 야간 문화프로그램 [별 헤는 밤, 책 읽는 밤]"
전시/미술,송파구,[한성백제박물관] 기증자료 특별전시회 [토기에 담긴 고대 문화]
교육/체험,은평구,[구립증산정보도서관]  초등학생 유튜버한다! 크리에이터 기초
전시/미술,종로구,[세종문화회관] 2024년 호반미술상
전시/미술,종로구,[노화랑] 잇은 inter- (사이)
교육/체험,종로구,[돈의문역사관] 2024 유아 교육프로그램 [서쪽대문의 비밀] (유아 단체)
전시/미술,광진구,[세종뮤지엄갤러리] 폴정 기획초대전
콘서트,용산구,"2024 공공외교랩소디 - VIBE VOYAGE 교류하는, 여행"
연극,동작구,[동작문화재단] 연극 [달이거나 달빛이거나]
교육/체험,동대문구,"[장안어린이도서관] 8월 문화가 있는 날 (장안 예술 산책, 장안 예술 놀이)"
콘서트,송파구,"[송파문화재단] 세상의 모든 재즈, 핑크하와이 with 고희안"
축제-문화/예술,종로구,[세종문화회관] Modern & Latin Dance Night
무용,마포구,[마포문화재단] M 발레시리즈 2024 해설이 있는 발레 - 내 삶 속의 발레들(The Ballets in My Life)
교육/체험,은평구,[구립증산정보도서관] 책과 함께하는 [어린이 수요공작회] 8월 
연극,금천구,[금천구립시흥도서관] 금빛노을인형극단 창작 인형극 [칼바위 전설] 
영화,성동구,[성동 필름 페스타] 세계 영화 상영회 8회차: 중국 영화 [블루 송(A Song Sung Blue)]
독주/독창회,종로구,[세종문화회관] 장영수 바이올린 독주회
교육/체험,동대문구,[휘경행복도서관] 8월 문화가 있는 날 「우리동네 예술배움」
국악,용산구,[서울돈화문국악당] 2024 실내악축제 [페스티벌 앙상블Ⅰ]
교육/체험,구로구,[서울아트책보고] 2024년 하반기 구로구 동네배움터 평생학습 프로그램
전시/미술,종로구,[서울공예박물관] 제1회 서울시 유리지공예상 기념전
전시/미술,종로구,"한글,이륙하다(K26) 展"
전시/미술,종로구,"[세종문화회관] K, 이륙하다展"
전시/미술,서초구,2024 서리풀 악기제작 전시회
전시/미술,마포구,[마포문화재단] 2024 지역예술가 전시공간 지원사업 지역작가전 [밀실스튜디오:연결의 미학]
전시/미술,성북구,[스페이스 아텔] 이름으로부터 명명된 것
전시/미술,성동구,[성동문화재단] 김리연 개인전
축제-문화/예술,은평구,제2회 7080 DJ 문화축제
영화,은평구,[구립증산정보도서관] 청년들을 위한 힐링의 밤 [달빛 문화 산책]
독주/독창회,종로구,[세종문화회관] 정서연 피아노 독주회
콘서트,종로구,[세종문화회관] 서울팝스오케스트라 창단36주년 기념음악회
클래식,구로구,[구로문화재단] 8월의 브라스_브런치콘서트 [퍼니밴드]
연극,성북구,[성북문화재단 아리랑시네센터] SAC on Screen 연극 [늙은 부부이야기] 
교육/체험,구로구,"[서울아트책보고] 그림이 향기를 만났을 때, 향기의 미술관: 현대미술"
교육/체험,은평구,[구립증산정보도서관] 명지대 재능기부 [생각 쑥쑥 그림책 놀이터 - 견우와 직녀편]
영화,강북구,[세종문화회관] 8월 꿈의숲 아트시네마 : 목화솜 피는 날
교육/체험,중구,[서울시립미술관] 예술가의 런치박스 [심래정 '두 개의 눈 담그기']
교육/체험,은평구,"[구립증산정보도서관] 아이키우기 좋은 서울, 독서 증진 프로그램 [아이를 삶의 주인으로 만드는 문해력]"
교육/체험,종로구,[세종문화회관] 2024 하반기 세종 CEO합창클럽
축제-자연/경관,광진구,2024 대한민국 정원산업박람회
교육/체험,종로구,[서울생활문화센터 낙원] 2024 낙원 기획 사업 [수리수리 공작소 인테리어 소품 만들기] 9월 3차
국악,중구,[서울남산국악당] 제30회 창무국제공연예술제
클래식,종로구,"[세종문화회관] 노민영, 황보 영 피아노 듀오 연주회"
콘서트,강북구,[세종문화회관] New Artist Concert
무용,중구,류무용단 2024 서울시 전통문화 발굴 및 계승 지원사업 선정작 [호남춤을 잇다]
교육/체험,성동구,[성동구립도서관] 8월 영어스토리텔링 수업 (6-7세 / 8-9세)
교육/체험,동대문구,[휘경행복도서관] 2024년 8월 엄마아빠 행복 프로젝트
국악,종로구,[서울돈화문국악당] 2024 실내악축제 [가야금앙상블 사계]
축제-문화/예술,종로구,[서울문화재단] 쿼드페스타 - HAEPAARY 해파리
교육/체험,노원구,[서울시립과학관] 과학북토크: 달작한 사이언스(8월) [나노 화학]
기타,영등포구,[영등포아트스퀘어] 퍼니스트 코미디 서커스 쇼
교육/체험,구로구,[서울아트책보고] 나다울 작가와 상상스위치를 켜다!
교육/체험,강남구,"[강남구립논현도서관] 2024년도 메이트(MATE)와 함께하는 과학, Shall We Mate? (하반기)"
교육/체험,종로구,[서울시립 미술아카이브] 인사이드 박스 - 소소한 만찬
교육/체험,종로구,[서울역사박물관] 제44기 중학생 인턴제 수강생 모집
교육/체험,동대문구,[장안어린이도서관] 책장 위 세계여행
교육/체험,송파구,"[서울시립미술관] 『오픈 에어 뮤지엄_풍납토성』 이승택, [지구야 놀자], [바람아 놀자] 워크숍 "
전시/미술,성동구,[성동문화재단] 꽃말 : 꽃의언어
교육/체험,종로구,[서울생활문화센터 낙원] 2024 낙원 기획 사업 [수리수리 공작소 인테리어 소품 만들기] 8월 2차
영화,종로구,[광화문 책마당] 8월 4주차 프로그램 안내
축제-문화/예술,양천구,2024 서서울호수공원 수변음악회 [올랑올랑 뮤지컬 페스타]
축제-문화/예술,종로구,[서울문화재단] 쿼드페스타 - Nohys 노이스 (윤상 X 이준오)
무용,성동구,[성동문화재단] 동화 발레 [프린세스 오로라]
클래식,강동구,[강동문화재단] 디토 오케스트라 정기연주회: 톡톡 클래식 「MENDELSSOHN」
콘서트,서초구,[서초문화재단][2024 클래식다방 - 서리풀 아트홀] 김주엽밴드의 그루브 투나잇
교육/체험,구로구,[구로기적의도서관] 구로에서 나를 마주하다 [구로동 헤리티지] 박진서 작가와의 만남(8/24 14:00)
축제-문화/예술,강북구,[강북문화재단] 2024 강북Festa - 생활문화페스티벌 안내(8월 24일 토요일)
클래식,서초구,"[서초문화재단] 서리풀 작곡가 탐구 시리즈 [The Spirit of Russia, Tchaikovsky]"
연극,성동구,[성동문화재단] 2024 성동공연예술프로젝트 두번째 작품 음악극 [모두를 위한 음악동화-Oscar]
클래식,서초구,[서울문화재단] 한수진의 피아졸라사계&이어진의 반도네온 [디아트원 제8회 정기연주회]
교육/체험,구로구,"[서울아트책보고] 앝!북! 트레일러BOOK: 원숭이 엉덩이가 빨갛대, 왜?"
영화,성북구,[성북문화재단 아리랑시네센터] 인디서울2024 [두 사람을 위한 식탁]
콘서트,서초구,The Jazz Serenity III (한잔의 여유 시리즈)
교육/체험,종로구,"[종로문화재단] 아빠와 함께하는 독서캠프 : 독캉스! (초등 3, 4학년)"
클래식,종로구,[세종문화회관] 본 투 비 클래식 「클래식 큐레이션I - 바로크」
클래식,도봉구,[도봉문화원] 개원 30주년 축하음악회 [흐름]
무용,관악구,[관악문화재단] 공상물리적 춤
기타,영등포구,서울달(SEOULDAL)
교육/체험,구로구,"[구로문화재단] 2024 꿈다락 문화예술학교[나의동네, 나의 이야기]"
교육/체험,영등포구,[영등포문화도시센터] YDP크리에이터 문화기획자 양성 과정 [기획자의 땅] 참여자 모집(~8.14)
교육/체험,종로구,"[종로문화재단] 감각으로 check, 책"
전시/미술,종로구,[공근혜갤러리] 청색변주  특별전시회
교육/체험,은평구,[은평문화재단] 은평 건축 체험 학교 (3~4기)
전시/미술,마포구,[마포구립서강도서관] [8월/전시] 독자 큐레이션 전시회 - 도서관에 내 서점을 열었습니다
전시/미술,강남구,"[여덟을 꺼내는, 여는, 세는 시간] 이희조, 임지민 "
연극,영등포구,[영등포문화재단] 기획공연 [펜스 너머로 가을바람이 불기 시작해]
전시/미술,중구,[서울문화재단] 2024 신당 프로젝트 전시(SPE) [공예의 움직임-Moving Memory-Ooparts in dream]
연극,종로구,[종로문화재단] 시네마음악극 [빨간풍선]
교육/체험,종로구,"[공평도시유적전시관] 기획전시 [보신각, 시간의 울림] 전시 연계 교육"
전시/미술,성북구,색의 만남 [A Meeting Of Colors]
콘서트,서대문구,백광흠 1ST CONCERT
축제-문화/예술,용산구,2024 서울거리공연 구석구석 라이브 [서울 버스커 페스티벌]
무용,종로구,[세종문화회관] 서울시발레단 창단 공연 「한여름 밤의 꿈」
뮤지컬/오페라,구로구,[구로문화재단] 연극 [맨 끝줄 소년]
콘서트,종로구,[세종문화회관] 이스트허그X64ksana [군문열림] _싱크넥스트24
클래식,송파구,[서울시립교향악단] 2024 서울시향 뮤지엄 콘서트 :  송파책박물관
교육/체험,마포구,[서울생활문화센터 서교] 서울청년문화기획네트워크 '2024 서교 청년 다 잇다'
교육/체험,중구,"[서울역사편찬원] 이현시장에서 DDP까지, 동대문 공간의 도시적 변화"
국악,은평구,[서울돈화문국악당] 2024 실내악축제 [여성국악실내악단 다스름]
축제-문화/예술,종로구,[서울문화재단] 쿼드페스타 - Glen Check 글렌체크
교육/체험,송파구,[서울책보고] [문학낭독공연] 8월의 책 「그 사람을 본 적이 있나요?」
콘서트,중랑구,[중랑문화재단] Disney&Cinema OST FESTA
교육/체험,중구,[서울도서관] 서울 문화의 밤(8월) 행사 - 「소용돌이: 아마존 밀림과 인간」 방구석 북토크
교육/체험,중구,[중구문화재단] 인현이음 [8월 원데이 프로그램 : 향으로 빚는 보석]
연극,종로구,2024년 야간 공연 관람권_연극 [이기동 체육관]
클래식,용산구,김가빈 바이올린 독주회 [바이올린과 컴퓨터]
콘서트,강북구,[강북문화재단] 강북문화예술회관 대공연장 개관 페스타 [강석우의 시네마 콘서트]
클래식,종로구,[세종문화회관] 미네소타 컨템퍼러리 앙상블 MCE 정기연주회
콘서트,강동구,"[강동문화재단] Dear Next Generation, Catch The Young"
전시/미술,중구,[서울시립미술관] SeMA 공용공간 프로젝트 [커플링]
전시/미술,중구,[서울시립미술관] SeMA 옴니버스[끝없이 갈라지는 세계의 끝에서]
전시/미술,노원구,[서울시립 북서울미술관] SeMA 옴니버스 [나는 우리를 사랑하고 싶다]
교육/체험,종로구,[종로문화재단] 종로모던 시대를 음미하다
전시/미술,강남구,2024 핸드아티코리아
기타,중구,[책읽는 서울광장] 8월 4주차 프로그램 안내
교육/체험,구로구,[서울아트플랫폼] 섬세하게 오려내고 붙여서 완성하는 나만의 아트북
교육/체험,노원구,[서울시립 북서울미술관] 『투명하고 향기 나는 천사의 날개 빛깔처럼』 전시 연계 강연 프로그램 [르네상스 미술에 나타난 천사들]
콘서트,성동구,[성동문화재단] 2024년 N개의 서울 [골목 바이브] 공연 3회차 
영화,종로구,[서울역사박물관] 배리어프리영화관(막걸리가 알려줄꺼야) 상영
축제-문화/예술,종로구,[서울문화재단] 쿼드페스타 - KIRARA 키라라
교육/체험,중구,[시민청] 8월 세대공감 프로그램 [비건 수제 드로잉북 만들기]
국악,금천구,제4회 금천청소년국악단 정기연주회 [다문화와 함께하는 우리소리]
클래식,종로구,[세종문화회관] 성우회 제28회 정기연주회
클래식,종로구,[서울시립교향악단] 2024 서울시향 뮤지엄 콘서트 :  서울공예박물관
전시/미술,성동구,[성동문화재단] 2024년 제 3회 성동문화재단 신진 청년작가 공모전시
전시/미술,서대문구,[서울시립미술관] 2024 신진미술인 지원 프로그램 [임노식 개인전 - 그림자가 머무는 곳]
전시/미술,광진구,[세종뮤지엄갤러리] 소원섭 기획초대전 [자연의 숨결]
교육/체험,은평구,[구립증산정보도서관] 가족열람실 무박 여름 독서 캠프 [여름이 다 가기 전에...]
교육/체험,노원구,[서울시립 북서울미술관] 『투명하고 향기 나는 천사의 날개 빛깔처럼』 연계 작가 워크숍 [향기를 머금은 날갯짓]
클래식,노원구,[서울시립교향악단] 2024 서울시향 뮤지엄 콘서트 : 서울시립북서울미술관
국악,구로구,[구로문화재단] 전남도립국악단[국악 한아름]
교육/체험,송파구,[송파문화재단] 초등학생 학부모를 위한 성교육 여름특강
교육/체험,강남구,[코리아나미술관] 『불안 해방 일지』 전시 연계 감정 토크 
기타,은평구,[구립증산정보도서관] 개관시간 연장지원 사업 [생각이 톡톡 그림책 읽기]
교육/체험,영등포구,[영등포문화재단] 영등포문화도시센터 - YDP크리에이터 시민활동가 양성 과정 [소문의 진상]
국악,중구,[서울남산국악당] 2024 한국장단음악축제 [장단유희]
교육/체험,동대문구,[휘경행복도서관] 2024년 도서관은 쿨하다 콤부차 만들기
클래식,종로구,[세종문화회관] 황지원 & 정은영 피아노 듀오 리사이틀
교육/체험,도봉구,[도봉문화재단] 8월 반려문화 클래스 [매달 행복하개] - 재밌개! 터그 장난감 뜨개!
기타,서대문구,2025 서울문화재단 예술지원 운영안 현장공유회
교육/체험,구로구,"[서울아트책보고] 그림이 향기를 만났을 때, 향기의 미술관: 조선미술"
교육/체험,종로구,[서울공예박물관] 2024 SeMoCA 공예강좌 #3
교육/체험,종로구,[종로문화재단] 내 마음에 시가 소담소담
교육/체험,강북구,[강북문화재단] 나도! 강북 파브르
교육/체험,종로구,[서울문화재단] 2024 예술인 심리상담 [예술가의 마음수업] - 1단계 나와 너를 이해하기
기타,중구,[서울시립미술관] SeMA 옴니버스 『끝없이 갈라지는 세계의 끝에서』 연계 퍼포먼스 [5100 : 오각형] 퍼포머 모집
교육/체험,종로구,[서울역사박물관] 기획전 [서울의 지하철] 연계 교육
교육/체험,동대문구,[제기동감초마을현진건기념도서관] 시니어 디지털 금융 교육 : 넌 은행가니? 난 스마트폰으로 한다!
교육/체험,동작구,2024년 서울마이칼리지 챌린지업! 점프업! 릴레이 특강
교육/체험,동대문구,[장안어린이도서관] 우리 동네 국가 유산으로 보는 역사 이야기
독주/독창회,종로구,[세종문화회관] 소프라노 박재은 독창회
교육/체험,은평구,[구립증산정보도서관] 2024 구석구석 동네문화예술교육 [AI로 새롭게 태어난 은평 설화 이야기]
교육/체험,강남구,[강남구립논현도서관] 이토록 문학이 끌리는 순간이: 한국ㆍ독일문학에서 삶을 배우다(2차)
교육/체험,강서구,[강서문화원] 주말체험_8~12월
교육/체험,종로구,[서울역사박물관] 제 46기 고등학생 인턴제 모집안내
연극,마포구,[마포문화재단] M 연극시리즈 2. 「보도지침」 티켓 오픈 안내
전시/미술,도봉구,[도봉문화재단] 함석헌기념관 씨알갤러리 하반기 2차 대관 전시 김화순 개인전 [풍경을 사랑하는 마음]
콘서트,노원구,[노원문화재단] 2024 찾아가는 문화예술나눔 [명품버스킹]
전시/미술,중구,[시민청] 공간지원사업 [한국 고양이의 날 16주년 기념전: 고양이를 노래하다]
축제-문화/예술,성동구,2024 서울숲 푸른밤 축제 [별 헤는 서울숲]
전시/미술,마포구,[마포문화재단] 2024 지역예술가 전시공간 지원사업 지역작가전 [이시아:everywhere 잇츠미!]
연극,강북구,[강북문화재단] 강북문화예술회관 대공연장 개관 페스타 - 인터렉티브 맵핑씨어터 [폴리팝]
연극,송파구,[송파문화재단] 창작극 DECISION
교육/체험,노원구,"[서울생활사박물관] 전시 연계교육 [보이는 음악, 들리는 나]"
교육/체험,종로구,"[종로문화재단] 아빠와 함께하는 독서캠프 : 독캉스! (초등 1, 2학년)"
콘서트,송파구,[송파문화재단] 송파구민께 드리는 행복한 음악선물 라?탱?스 콘서트
클래식,중구,[DDP] 소리Play 클라리넷 야외 공연
국악,종로구,[서울돈화문국악당] 김소진의 보성소리 적벽가 완창
교육/체험,구로구,"[서울아트책보고] 앝!북! 트레일러BOOK: 코끼리 코가 길어졌대, 왜?"
콘서트,종로구,[세종문화회관] sonic illusion 2024
교육/체험,은평구,2024 서울문학기행 Part2. 8월-한국SF
클래식,서초구,[서초문화재단] [2024 클래식다방 - 브람스앤리스트] 목관5중주로 떠나는 세계여행
연극,강남구,"[강남문화재단] 8월 키즈예술공연 [무대에서 만나는 우리신화 오늘, 오늘이의 노래]"
클래식,강서구,[강서문화원] 렉처콘서트 [오페라 속 여인들의 이야기]
클래식,용산구,문화가 흐르는 예술섬 노들 [Cinema Music Live 2024 한여름밤의 꿈]
교육/체험,중구,[서울도서관] 2024 움직이는 책방(이동형 서울형 책방) 6회 : 사눅책방
기타,서초구,2024 한강명산트레킹 (5차) 반포~이촌한강공원
교육/체험,마포구,"[마포구립서강도서관] 8월/어린이메이킹 - 해봄이웃집Maker [다시 쓰고, 고쳐 쓰는 우산]"
클래식,종로구,"[서울역사박물관] 제4회 재능나눔콘서트 [최초의 가상 현실, 낭만파 음악]"
클래식,강동구,[강동문화재단] 2024 청소년 여름 음악회
전시/미술,송파구,[서울시립미술관] 2024 풍납토성 야외전시 [오픈 에어 뮤지엄_풍납토성]
전시/미술,중구,[시민청] 공간지원사업 [365 틈틈 드로잉] - 일상을 예술로 -
전시/미술,종로구,[세종문화회관] 유니세프 한국위원회 30주년 기념 사진전
연극,광진구,[광진문화재단] 어린이음악극 [어린왕자]
영화,송파구,[한성백제박물관] 백제왕도 달빛기행 「한 여름밤 영화제」
전시/미술,성북구,획의 응집
연극,종로구,[세종문화회관] 메타코미디 [코미디 어셈블: 스탠드업] _싱크넥스트24
무용,성동구,[성동문화재단] 발리 수아비 에 아모로시 (BALLI SUAVI et AMOROSI)
연극,종로구,2024년 야간 공연 관람권_[家족같네]
클래식,종로구,[세종문화회관] 8월 누구나 클래식 「조민규의 해설 오페라 GOAT: Verdi X Puccini」
영화,노원구,[서울시립 북서울미술관] 야외 영화상영회 『스페이스 독3』
영화,구로구,2024 고척스카이돔 영화상영회
전시/미술,중구,[DDP] 구름이 걷히니 달이 비치고 바람 부니 별이 빛난다
뮤지컬/오페라,영등포구,[영등포문화재단] 이상한 나라의 앨리스
연극,성동구,[성동문화재단] 2024 성동공연예술프로젝트 첫번째 작품 연극 [나쁘지 않은 날]
연극,종로구,[세종문화회관] 메타코미디 [코미디 어셈블: 만담] _싱크넥스트24
축제-시민화합,종로구,제79주년 광복절 기념 타종식
교육/체험,송파구,[서울책보고] 인문학강연 8월 - 비정한 시대와 역사콘텐츠 전성시대
클래식,중구,[서울시립교향악단] 광복 79주년 기념 음악회
교육/체험,양천구,[양천문화재단] 2024 지역협력형 문화예술교육 [언어의 발견 : 뜻밖의 여정]
교육/체험,은평구,[구립증산정보도서관] 컴퓨터와 함께하는 스마트폰 기초수업
전시/미술,강동구,[강동문화재단] WEEKEND+ in Gangdong展
전시/미술,서초구,Typography Symphony (타이포그래피 심포니) - 문자와 기호의 시각적 교향곡
교육/체험,영등포구,[영등포문화재단] 영등포문화도시센터 [YDP EDITION 콜라주 아트북 워크숍]
전시/미술,동작구,[동작문화재단] 2024년 동작아트갤러리 전시공간지원사업 [열린 갤러리] 선정 전시 [그을음이 지나간 일상]
기타,은평구,[구립증산정보도서관] 8월 책 읽어주는 사서 [책으로 자라나는 우리!]
전시/미술,종로구,[세종문화회관] 2024 대교국제조형심포지엄
전시/미술,중구,[시민청] 공간지원사업-  PBL창의융합연구소와 함께하는 [지구에서 펼쳐지는 우주탐험]
전시/미술,광진구,[세종뮤지엄갤러리] 이태길 기획 초대전
축제-문화/예술,종로구,제9회 대한민국장애인국제무용제 KIADA2024
뮤지컬/오페라,양천구,2024 패밀리 아이스쇼 [피터팬 온 아이스] 오리지널 내한공연
클래식,종로구,[세종문화회관] S-CLASSIC WEEK
교육/체험,종로구,[종로문화재단] 숲속에서 밤하늘 관찰하기
교육/체험,송파구,[서울백제어린이박물관] 광복절 기념 행사
영화,중구,[중구문화재단] 2024 광복절 기념 영화 상영 [아이 캔 스피크]
콘서트,종로구,[세종문화회관] 광복절 전야음악회 「8.15 SEOUL MY SOUL」
클래식,종로구,[세종문화회관] 광복절 전야음악회 [8.15 SEOUL MY SOUL]
영화,강남구,[강남문화재단] 2024년 8월 찾아가는 독립영화 공공상영회 | 돌핀
연극,도봉구,[도봉문화재단] 2024 도봉 예술인?단체 지원사업 [할머니와 순구]
영화,구로구,[서울아트책보고] 영화살롱 8월 [두 사람을 위한 식탁]
전시/미술,도봉구,[도봉문화재단] 둘리뮤지엄 기획전시 [둘리네 문방구]
연극,중구,[중구문화재단] 연극 [사운드 인사이드]
콘서트,용산구,2024 노들섬 [라이브하우스_뜻밖의 토크 콘서트] 안인모 피아니스트
전시/미술,종로구,[운현궁] 2024 하우스뮤지엄 [운현궁의 여름: 생활속의 우리옷과 규방공예]
전시/미술,성동구,[성동문화재단] 신현우 개인전 : 비상
뮤지컬/오페라,서초구,[서초문화원] 제7회 썸머 [클래식판타지]
교육/체험,종로구,[대우재단 시민강좌] 우리 시대의 구원은 무엇인가 : 단테의 「신곡」을 읽는 시간 (Part 2)
교육/체험,관악구,[관악문화재단] 어린이현대무용극 [공상물리적춤] 연계 워크숍
독주/독창회,종로구,[세종문화회관] 조현진 플루트 독주회
교육/체험,구로구,[서울아트책보고] 향기의 미술관 : 클래식 향기
전시/미술,성동구,[성동문화재단] 시멘트 : 모멘트
교육/체험,은평구,[구립증산정보도서관] 왕초보 컴퓨터 활용하기
전시/미술,중구,[DDP] 서울시의 새로운 쓰레기통 디자인 전시
뮤지컬/오페라,송파구,뮤지컬 아이스쇼 [G-SHOW : THE LUNA]
교육/체험,종로구,[종로문화재단] 우리소리도서관 [닥종이로 만나는 우리 문화]
국악,중구,[서울남산국악당] 남산골 밤마실 [기담야행3]
전시/미술,마포구,[한강사진전] 한강의 시간 : 물과 공존하는 이야기
교육/체험,중구,광복절 기념 [장충단 호국의 길] 도보관광 야행 프로그램
교육/체험,서초구,[서초문화원] 특별 인문학 강연 차이나는 아카데미 [풀꽃 시인 나태주]
기타,송파구,[한성백제박물관] 제5회 백제그림그리기대회
교육/체험,중구,"[서울시] 고립은둔 자녀에 대한 이해, 소통 시민특강 안내"
독주/독창회,종로구,[세종문화회관] 소프라노 양귀비 독창회
교육/체험,동대문구,[답십리영화미디어아트센터] 1인미디어 AI로 영상크리에이터 되어보기 입문반
교육/체험,동대문구,[제기동감초마을현진건기념도서관] 우리 아이를 위한 영어 그림책 읽기(1기)
교육/체험,노원구,[서울시립과학관] 8월 일상실험실: 실험실 체험 프로그램
클래식,영등포구,2024 이럴때 이런음악 해설이 있는 청소년음악회
클래식,성동구,[성동문화재단] 조 판스워스 & 허지희 첫 내한공연
교육/체험,노원구,[서울시립과학관] 김범준의 물리장난감
교육/체험,은평구,[은평문화재단] 불광천미디어센터 8월 미디어아카데미 수강생 모집
교육/체험,동작구,"[동작문화재단] [2024 지역문화 콘텐츠 활성화 지원사업] 주식회사 블랭크 건축사사무소 [우리가 살고 싶은 동네, 상도동]"
전시/미술,동대문구,[동대문문화재단] 공모선정전시 [Making the cell]
교육/체험,은평구,[구립증산정보도서관]  2024 이야기가 있는 코딩 -인공지능과 코딩으로 꿈꾸던 북튜버 되기! 이제 현실로!
교육/체험,강남구,[강남구립논현도서관] 도서관 서당
영화,은평구,[구립증산정보도서관] 8월 주말영화상영안내
영화,동대문구,[동대문문화재단] 인디서울 2024 8월 우리동네 독립영화관 - 상영작&GV 행사 안내
교육/체험,종로구,[종로문화재단] 상촌재 2024 규방공예 체험 프로그램 [모시로 여름나기]
교육/체험,은평구,[구립증산정보도서관]  고대 이집트 상형문자 전시회
교육/체험,종로구,[서울공예박물관] 비밀요원 CMI: 밤이와 함께 비밀코드를 해결하라!_8월
교육/체험,금천구,[금천문화재단] 2024공연장상주단체 어린이 예술교육프로그램 [소리랑 부채랑] *아트바캉스연계
콘서트,금천구,[금천문화재단] 금천아트바캉스 [물첨벙]
축제-시민화합,송파구,2024 한강페스티벌 여름축제 [나만의 한강호 경주대회]
축제-문화/예술,노원구,[노원문화재단] 노원어린이극장 축제 프로그램 [와따가따 가족극장]
축제-문화/예술,서초구,2024 한강페스티벌 여름축제 [한강달빛서커스]
뮤지컬/오페라,은평구,"[은평문화재단] 2024 은평문화재단 알테무지크서울 「콘서트오페라, 세비야의 이발사」"
클래식,서초구,[서초문화재단] 서리풀 작곡가 탐구 시리즈 [Schubert & Piazzolla]
교육/체험,구로구,"[서울아트책보고] 앝!북! 트레일러BOOK: 박쥐는 숲속에서 졓겨났대, 왜?"
뮤지컬/오페라,도봉구,"[도봉문화재단] 「2024 도봉 예술인, 단체 지원사업」 - 기이하고 기묘한 이야기"
클래식,종로구,[세종문화회관] 여름방학 청소년을 위한 음악회 시리즈 I MEG 앙상블 청소년 음악회
콘서트,송파구,"[송파문화재단] 재즈와 탱고, 그리고 성악이 흐르는 Happy Summertime Concert"
기타,송파구,[송파문화재단] 그림책으로 잇는 가족 음악회: 들어와 들어와
교육/체험,용산구,[서울문화재단] [취향의 온도] 우리가 기억하고 있는 여름의 온도
교육/체험,노원구,[서울시립과학관] 서울경찰청 과학수사팀과 함께하는 [KSCI 과학수사대] 진로특강
뮤지컬/오페라,구로구,[구로문화재단] 창작매직컬 [명화배달부]
클래식,서초구,[서초문화재단] [2024 클래식다방 - 샤론아트홀] 기린(GuiLin)과 함께 꽃놀이
교육/체험,동작구,[동작문화재단] 현장강화 워크숍 [로컬 신(Local Scene) : 동작]
교육/체험,도봉구,[도봉문화재단] 문화공간 가치 [7월 전시 체험 프로그램 참여자 모집]
교육/체험,구로구,[힐링 강연쇼] 거인의 어깨 1부 [정유정 소설가]
교육/체험,구로구,[힐링 강연쇼] 거인의 어깨 2부 [강창희 경제 전문가]
교육/체험,송파구,"[서울책보고] 가족 체험 프로그램 - 읽는 약, '책'을 처방해 드립니다! - 가족 독서 상담소(8월)"
축제-문화/예술,광진구,2024 키즈 시니어 문화화합 페스티벌
콘서트,강남구,"[강남문화재단] 이야기가 있는 토크콘서트 - 최태성 강사, 밴드 경지와 함께하는 역사콘서트"
교육/체험,관악구,"[관악문화재단] 카페에서, 학교에서, 관악구 곳곳에서! 독서문화 진흥사업 [관악 Let's Go Read!]"
전시/미술,강북구,[세종문화회관] 동맥과 정맥
전시/미술,강서구,카일리 매닝 : 황해 (Kylie Manning : Yellow Sea)
전시/미술,종로구,[서울역사박물관] 서울의 지하철
전시/미술,강남구,[슈페리어갤러리] 너와 나 그리고 그곳에 
교육/체험,성동구,2024 꿈다락 문화예술학교 예술x기술 융합교육 [미래감각: 링크 투 네이처(link to nature)]
교육/체험,은평구,[운현궁] 구름재 다실: 이로당 티타임(8월)
전시/미술,금천구,"[금천문화재단] 금천아트바캉스 - 야외공연, 전시 소개"
뮤지컬/오페라,은평구,2024 종로 가족공연 축제- 여름 [달님이 주신 아이]
교육/체험,성동구,[청계천박물관] 8월 유아가족교육 [청계천에서 들려주는 자연생태동화]
전시/미술,중구,2024 한복상점
콘서트,용산구,2024 문화가 흐르는 예술섬 노들 [케이컬처(K-CULTURE) 특별주간]
콘서트,종로구,[세종문화회관] 유라 [꽤 많은 수의 촉수 돌기] _싱크넥스트24
기타,서초구,[서초문화재단] 서초-한강 ART NIGHT TOUR
축제-문화/예술,강서구,[서울식물원] 로맨틱지중해_온실 야간 특별관람 및 음악회
뮤지컬/오페라,관악구,[관악문화재단] 세상에서 가장 아름다운 오페라 [라 보엠]
기타,송파구,[서울책보고] 예술 소통 프로그램 - 책보고 쌀롱(8월) ; 음악
뮤지컬/오페라,종로구,2024년 야간 공연 관람권_뮤지컬 [홍련]
교육/체험,중구,[서울시립미술관] 도슨트 [서울 문화의 밤 - 수어 통역 전시 해설]
클래식,강동구,[강동문화재단] 음(音)고지신
클래식,송파구,[서울시립교향악단] 2024 서울시향 니컬러스 카터의 슈만 교향곡 3번
전시/미술,중구,"[서울시립미술관] 격변의 시대, 여성 삶 예술"
전시/미술,서초구,[서리풀청년아트갤러리] 8월 기획전시 [털요정]
클래식,서초구,2024 라율 썸머 페스티벌
전시/미술,영등포구,[서울시립미술관 SeMA벙커] 2024 신진미술인 지원 프로그램 [업체 eobchae 개인전 『롤라 롤즈』]
교육/체험,종로구,2024 여름 특집 프로그램 광화문광장 탐구생활 [광화문 역사탐험대]
클래식,종로구,[세종문화회관] 한여름의 메시아
콘서트,중구,[시민청] 8월 바스락콘서트 [U.BAR.E avec les amis : 유발이와 친구들]
콘서트,강남구,[강남문화재단] 제984회 목요예술무대 [타악콘서트! Feel굿]
전시/미술,강남구,2024 코리아나미술관 기획전 [불안 해방 일지]
교육/체험,동대문구,[제기동감초마을현진건기념도서관] 생성형 AI 활용 동화책 만들기
교육/체험,성북구,[성북문화재단] 2024 성북축제학교 참여자 모집
영화,동작구,[동작문화재단] 사육신역사관 8월 [사육신시네마] 상영작 안내
교육/체험,은평구,[서울기록원] 성인 대상 강연프로그램 [기록을 바라보는 여섯 개의 시선] 4회차
교육/체험,종로구,[서울역사박물관] 2024년 「말하는 박물관」
콘서트,중구,2024 문화가 흐르는 서울광장 8월
교육/체험,마포구,[마포구립서강도서관] [8월/길위의인문학] (최훈) 우리의 판단은 합리적인가요? / 진짜 손은 눈보다 빠를까? / 집중강연 사회
교육/체험,용산구,"[용산역사박물관] 하하동동, 용산탐구"
전시/미술,종로구,[세종문화회관] 국제각자예술대전 「SEOUL2024」
교육/체험,노원구,[서울생활사박물관] 2024년 여름방학 교육 조각조각 가족이야기 엮기 (고학년)
교육/체험,강서구,[강서문화원] 2024 여름방학 진경교실
국악,종로구,[서울돈화문국악당] 내일을 위한 음악
교육/체험,구로구,[서울아트책보고] [서울아트플랫폼] 돌멩이냐옹 : 아크릴 펜으로 조약돌에 고양이 그리기
콘서트,강동구,"[강동문화재단] 마티네 콘서트 [낭만드림] 8월, 낭만을 담아"
기타,은평구,[구립증산정보도서관] 도서관은 쿨하다 [드로잉 매직쇼 크래용용]
클래식,서초구,[서초문화재단] 서리풀 오후의 실내악 「우정의 삼각형」
전시/미술,중구,[서울시립미술관] 천경자 탄생 100주년 기념 [영혼을 울리는 바람을 향하여]
교육/체험,구로구,[구로문화재단] 2024 꿈다락 문화예술학교 [Re: play]
축제-전통/역사,중구,2024 밤의 수문장
교육/체험,구로구,"[서울아트책보고] 그림이 향기를 만났을 때, 「향기의 미술관」"
영화,중구,[시민청] 2024 화요시네마 8월 상영작
교육/체험,종로구,2024 예술산업아카데미 [예술 취업 All Pass: 셀프브랜딩 포트폴리오 전략]
교육/체험,성동구,"[청계천박물관] 8월 개방형교육 [우리들의 친구, 청계천박물관]"
전시/미술,종로구,[세종문화회관] 모은영 캘리그라피 작가그룹전 [푸름이 깃든]
교육/체험,노원구,[서울시립 북서울미술관] 2024 대학(원)생 예비 에듀케이터 프로그램 : 예술과 사회를 '연결'하는 미술관 에듀케이터
교육/체험,용산구,"[용산역사박물관] 자율체험 현장접수 프로그램 - 콕콕콕, 용산도감"
교육/체험,송파구,"[서울백제어린이박물관] 슝슝~시간여행, 백제왕성 풍납동토성!"
교육/체험,중구,[중구문화재단] 인현이음 [8월 문화예술 프로그램]
교육/체험,종로구,[서울시민대학 중부권 캠퍼스] 프로N잡러가 알려주는 블로그로 생활비 절약하는 방법
교육/체험,종로구,"2024 낙원 속 생활문화 클래스 [8월 화요 여행&예술 북토크,인문학 강연]"
전시/미술,종로구,[운현궁] 2024 하우스뮤지엄 [칠진만보(漆珍萬寶] 展
축제-문화/예술,용산구,문화가 흐르는 예술섬 노들 [케이팝 특별주간]
교육/체험,도봉구,[서울로봇인공지능과학관] 여름방학 특별 프로그램- RAIM 썸머스쿨
교육/체험,종로구,[서울우리소리박물관] 우리소리 여름방학 교실 [우리소리 수집가]
교육/체험,강동구,[광복절 79주년 기념 특강] 8.15. 그때 우리는: 안창호와 김규식이 만든 해방의 길
독주/독창회,종로구,[세종문화회관] 김윤경 바이올린 독주회
교육/체험,구로구,"[서울아트책보고] 그림이 향기를 만났을 때, 향기의 미술관: 오리지널"
교육/체험,종로구,[대우재단 시민강좌] 우리 시대의 구원은 무엇인가 : 단테의 「신곡」을 읽는 시간 (Part 1)
영화,서초구,[서초문화재단] 심산 영화관 [여인의 향기]
교육/체험,구로구,[구로문화재단] 2024 꿈다락 문화예술학교 [구로에서 연극할 지도?]
영화,도봉구,[도봉문화원] 도봉시네마 8월
교육/체험,은평구,[구립증산정보도서관] 8월 테마전시체험전 [테마로 즐기는 도서관Ⅱ] - 두더지의 여름
기타,은평구,[구립증산정보도서관]  책 따라 걷는 도서관 - 8월 원화 전시 [상추씨]
교육/체험,은평구,[서울문화재단] [2024 PLAY-UP 아카데미] 특별과정2. PRE-기존의 인형들: 인형창작워크숍 (강사 이지형)
전시/미술,강서구,[강서아트리움] 2024 Summer Salon 展
기타,은평구,[구립증산정보도서관] 8월 독서 이벤트 [반짝반짝 독서링]
교육/체험,동대문구,[제기동감초마을현진건기념도서관] 여름방학 비경쟁 독서토론 더불어 사는 삶
교육/체험,종로구,2024 여름 특집 프로그램 광화문광장 탐구생활 [노을빛 도보해설 관광]
교육/체험,종로구,2024 여름 특집 프로그램 광화문광장 탐구생활 [광화문AI해설사 스탬프 챌린지]
교육/체험,은평구,[구립증산정보도서관] 제32회 여름독서교실 [도서관으로 떠나는 감수성 향상 여름휴가]
영화,영등포구,[영등포아트스퀘어] 무비위크 & 무비아고라
교육/체험,금천구,[가산도서관] 2024 여름방학 독서교실 
클래식,종로구,[세종문화회관] 피아노 듀오 아브릴 리사이틀
연극,송파구,[송파문화재단] 그림책으로 잇는 가족 음악회: 돌랑돌랑 여름
콘서트,종로구,[서울생활문화센터 체부] 2024 생활문화콘서트 10회차 운영
교육/체험,노원구,"[서울시립과학관] 2024 Grow up, Bio up! 생명, 제약 진로 특강"
교육/체험,종로구,[서울생활문화센터 체부] 미술 인문학 특강 「북유럽으로 떠나는 휘게 미술 여행」 참여 안내
교육/체험,종로구,[서울역사박물관 돈의문역사관] 2024년 온라인 교육 [돈의문 별별 마을 (8월)]
교육/체험,광진구,[서울상상나라] 커스터드 문어빵
교육/체험,동대문구,[답십리영화미디어아트센터] 센터야 여름방학을 부탁해! - 초(4-6) 교육 4종
교육/체험,은평구,[은평역사한옥박물관] 기후×예술 프로젝트
교육/체험,양천구,[서울문화재단] 서울시민예술학교 [어린이 모션캡처 움직임]
교육/체험,양천구,[서울문화재단] 서울시민예술학교 [가족 소리찾기 놀이]
교육/체험,구로구,[서울아트책보고] 앝!북! 트레일러 BOOK 「생태환경 팝업북만들기」
교육/체험,도봉구,[도봉문화재단] 마을극장 흰고무신 하계 문화예술 프로그램 [마을극장 어린이 마술단]
교육/체험,종로구,"[서울공예박물관] 장인의 보물상자(나전공예)[5, 6학년]_8월"
교육/체험,성동구,"[청계천박물관] 8월 전시연계 교육 [우리가족은 멸종위기 식물, 서포터즈]"
교육/체험,종로구,"[서울공예박물관] 장인의 보물상자(나전공예)[3, 4학년]_8월"
전시/미술,성동구,[성동문화재단] 기억의 색 노랑
교육/체험,종로구,[서울무형유산교육전시장] 초등학생 무형유산 일일체험
교육/체험,강서구,[강서문화원] 여름방학 체험특강 - 3D펜
전시/미술,성북구,"[스페이스 아텔] Hey,No"
영화,마포구,2024 한강페스티벌 여름축제 [한강수상한영화관]
영화,서초구,2024 한강페스티벌여름축제 [한강스타숲영화관]
무용,강동구,[강동문화재단] KT&G장학재단과 함께하는 BALLET SHOWING Ⅳ
교육/체험,중구,[서울도서관] 2024 움직이는 책방(이동형 서울형 책방) 5회 : 가가77페이지
교육/체험,종로구,[서울공예박물관] 뮤지엄 멘토: MUSEUM人을 만나다 #7 도슨트
교육/체험,구로구,[서울아트책보고] 앝!북! 트레일러 BOOK
국악,송파구,[송파문화재단] 2024 송파문화예술활성화 지원사업 선정작 [공존 Co- Existence]
축제-문화/예술,성동구,[성동문화재단] 어린이 물놀이 축제 2024 성동왕국
클래식,강북구,프렌즈 오브 뮤직 [청소년 음악회]
클래식,서초구,[서초문화재단] [2024 클래식다방 - 르네뮤직홀] 무용X음악 매혹적인 콜라보
교육/체험,마포구,[서울생활문화센터 서교] 생생리페어샵_돌아가는 미니어쳐 LP플레이어 만들기
콘서트,종로구,[종로문화재단] 이상한 북콘서트
콘서트,강서구,[강서문화원] VIVA 컨템포디보
기타,중구,[서울남산국악당] 동해안 굿 [대신(大神)]
교육/체험,영등포구,[서울문화재단] [취향의 온도] 나의 클래식 취향 찾기
클래식,종로구,[세종문화회관] 해설이 있는 청소년음악회 감탄사 시리즈 1
축제-문화/예술,강북구,[강북문화재단] 2024 강북Festa 공연 (8월 매주 토요일 5팀)
전시/미술,용산구,청일전쟁 130년 ? 러일전쟁 120년 기획전시 [한반도 운명을 바꾼 그들의 전쟁]
전시/미술,종로구,[세종문화회관] 아뜰리에광화 : 2024 광장으로의 초대
전시/미술,은평구,[은평문화재단] 2024. 신진 청년작가 공모 지원사업 [사이]
전시/미술,종로구,[종로문화재단] 삼청공원 숲속도서관 [생태도서 전시] 
교육/체험,종로구,[종로문화재단] 2024 무계원 전통서당 체험 프로그램 [예(禮)티켓 서당]
교육/체험,관악구,[서울시 관악복합평생교육센터] 8월 여름철 건강 꽃차 만들기
교육/체험,종로구,[서울공예박물관] Open Studio : 조물조물 캔들(8월)
전시/미술,종로구,[돈의문박물관마을X갤러리아미디 기획전]  마음이 고양고양
교육/체험,양천구,[서울문화재단] 서울시민예술학교 [가족 움직임 워크숍]
교육/체험,강남구,"[강남구립논현도서관] 2024년 논현도서관 여름 독서교실 [여름아, 읽자!]"
교육/체험,성동구,"[성동구립도서관] 2024 길 위의 인문학 [다정한 인문학 : 인공지능 시대, 유니크 휴머니즘]"
전시/미술,송파구,[송파문화재단] 솔라해피아워 디지털 아카이브 전시
교육/체험,성동구,[성동구립도서관] 어린이 타임지 뉴스 리딩
교육/체험,종로구,[서울역사박물관] 2024년 여름방학 [내 친구 박물관]
전시/미술,도봉구,[도봉문화재단] 2024년 함석헌기념관 씨알갤러리 하반기 1차 대관 전시 곽미선 개인전 [평면과 입체사이]
전시/미술,성동구,[성동문화재단] REVIVE : 산책
축제-문화/예술,종로구,2024 서울경기춤페스타
연극,은평구,"[종로문화재단] 청소년 뮤지컬 [오디세우스, 길을 찾는 자]"
연극,종로구,[세종문화회관] 김신록X손현선 [없는 시간 (가제)] _싱크넥스트24
교육/체험,영등포구,[영등포아트스퀘어] 어린이 연극 워크숍 [꿀이를 찾아서]
뮤지컬/오페라,양천구,[양천문화재단] 바다탐험대 옥토넛 시즌3 ‘바다넘어 육지까지’
연극,강동구,[강동문화재단] 2024. 아시테지 in 강동 [문제적 핑크]
축제-문화/예술,양천구,2024 한강페스티벌 여름축제 [한강썸머뮤직피크닉]
축제-기타,중구,[DDP] 서울시와 Google이 함께하는 새싹 잡 페스티벌
교육/체험,중구,[서울도서관] 서울 문화의 밤(8월) 행사 - 국지승 그림책 작가와 방구석 북토크
콘서트,송파구,[송파문화재단] SAL-ON CONCERT [한여름밤의 무도]
연극,종로구,2024년 야간 공연 관람권_[역사시비 8월 후-하!]
콘서트,송파구,[서울 문화의 밤] 재즈콘서트 [상흠 재즈 트리오]
독주/독창회,종로구,[세종문화회관] 이준화 바이올린 독주회
교육/체험,종로구,[서울 문화의 밤] 역사특강 근현대사 역사용어 사용설명서
교육/체험,동작구,[동작문화재단] 2024 사육신역사관 특화 프로그램 사업 [등용문]
기타,종로구,[서울생활문화센터 낙원] 낙원 FM 일일디제이
교육/체험,종로구,[돈의문박물관마을] 2024년 하반기 한옥예술체험 [예술가의 시간]
교육/체험,강동구,[강동구립도서관] 1기 특성화 프로그램
교육/체험,강서구,[강서문화원] 남도민요판소리
전시/미술,용산구,[노들섬] Look at ME 청년 마음 전시 [랜덤 다이버시티 2024 : 더 레터]
전시/미술,중구,[서울디자인재단] AI Fusion
축제-문화/예술,강북구,[강북문화재단] 2024 강북Festa - 전시 안내
전시/미술,강서구,[강서문화원] 2023 겸재 내일의 작가 대상 수상자전 [게우는 방]
교육/체험,송파구,[송파 청년아티스트센터] 예술가와 함께하는 풍납 탐구 생활_8월
콘서트,노원구,[노원문화재단] 노원즐거운콘서트x찾아가는 버스킹_8월
교육/체험,종로구,옛 서울시장 공관의 역사와 한양도성의 의미
영화,중구,[청춘극장] 2024년 8월 영화 및 공연 프로그램
교육/체험,광진구,[서울상상나라] 여름의 빛과 그림자
교육/체험,광진구,[서울상상나라] 꽁꽁 얼음 예술가
교육/체험,마포구,[마포구립서강도서관] [8월/어린이메이킹] 해봄아 노올자! 해봄맘껏Time
영화,동대문구,[답십리영화미디어아트센터] 답십리시네마 영화 상영시간표(2024.8.1~8.31.)
교육/체험,광진구,[서울상상나라] 물고기 머핀
교육/체험,중랑구,[중랑문화재단] 옹기테마체험관 2024년 8월 프로그램
교육/체험,송파구,[한성백제박물관] 2024년 서울 문화의 밤 [백제왕도 달빛기행]_8월
콘서트,중구,[시민청] 2024 시민청 활력콘서트 8월 공연
기타,은평구,[구립증산정보도서관]  8월 어린이 독서퀴즈
교육/체험,광진구,[서울상상나라] 상상 별자리 여행
교육/체험,중구,[동대문역사관] 2024년 여름방학 [어린이 동대문지역의 역사이야기]
영화,종로구,2024 종로랑 오픈클래스 [하루만 OO동아리]
전시/미술,중구,[시민청] 공간지원사업 [일인이색(一人二色)전 : 김민석 개인전]
교육/체험,종로구,[여름방학특별프로그램] 낙산야경따라도성따라
기타,은평구,[구립증산정보도서관] 독서 달리기 대회 연계 이벤트 [명중! 혜택을 맞춰라!]
연극,종로구,서울연극센터 공간개방축제 [연극 - 하기와 보기]
축제-문화/예술,중구,DDP 여름축제: 디자인 바이브
연극,중구,"[시민청] 공간지원사업 - 창작극 [인생, 네 컷]"
콘서트,강남구,[강남문화재단] 제168회 강남마티네콘서트│GREAT COMPOSER SERIES
교육/체험,종로구,[세종문화회관] 피아포네 앙상블 정기연주회
전시/미술,관악구,[서울시립 남서울미술관] SeMA 옴니버스 [제9행성]
전시/미술,서초구,Overture: 불이 바람 될 때
전시/미술,노원구,[서울시립과학관] 팝업전시 [과학 메뉴 추천]
교육/체험,종로구,[서울공예박물관] 도전! SeMoCA 공예 크리에이터 [고등학생]
교육/체험,성동구,[청계천박물관] 2024년 여름방학 [뚝딱뚝딱! 청계천 판잣집]
전시/미술,양천구,"[영등포문화재단] [술술센터] 섬과 산 展 | 김민철, 이서경"
교육/체험,,[서울대공원] 사자야! 신나게 놀아보자!
전시/미술,광진구,[세종뮤지엄갤러리] 송동옥 기획초대전
교육/체험,금천구,[금천구립가산도서관] 자율주행자동차와 로봇 체험 [헬로코딩]
교육/체험,도봉구,[김수영문학관] 상주작가와 함께하는 동시 놀이
교육/체험,은평구,[구산동도서관마을] 한 여름 밤의 독서산책
교육/체험,노원구,[서울생활사박물관] 2024년 여름방학 교육 조각조각 가족이야기 엮기(저학년)
전시/미술,성동구,[성동문화재단] 2024년 사담사담 정규전 : 시각
독주/독창회,종로구,[세종문화회관] 조무현 피아노 독주회
교육/체험,동대문구,"[장안어린이도서관] 7월 문화가 있는 날 (장안 예술 산책, 장안 예술 놀이)"
클래식,강북구,[세종문화회관] chuchoter de lamour.
교육/체험,종로구,"[종로문화재단] 문화가 있는 날 [2024 별 헤는 밤, 책 읽는 밤]"
교육/체험,은평구,[구립증산정보도서관] 책과 함께하는 [어린이 수요공작회] 7월
콘서트,양천구,[양천문화재단] 2024 월간뮤지크 어게인 싱어
교육/체험,동대문구,[휘경행복도서관] 7월 문화가 있는 날 「우리동네 예술배움」
콘서트,은평구,[은평문화재단] 기획공연 - 7월 숲속라이브 판땅고 [한 여름 밤의 탱고]
기타,영등포구,[영등포문화재단] 문화살롱 시리즈 [문화도시 이야기] 
영화,성동구,[성동문화재단]2024 세계 영화 상영회 7회차: 프랑스 영화 [마에스트로]
클래식,동작구,[동작문화재단] 우리 동네 오케스트라 정기공연 [All that classic] 7월
전시/미술,종로구,[서울시립 미술아카이브] 미술아카이브 아카데미
기타,동대문구,[제기동감초마을현진건기념도서관] 경희대 한방 특강 - 100세 건강을 위한 한방에너지 다이어트
교육/체험,노원구,2024 꿈다락 문화예술학교 [노원에 사는 미자씨]
전시/미술,구로구,[서울아트책보고] 2024년 서울아트플랫폼 2기
교육/체험,종로구,[종로문화재단] 2024 청운문학도서관 시 창작 교실 [시와 나]
전시/미술,종로구,[돈의문박물관마을] 청년 zip중 프로젝트 [CONNECT 展]
교육/체험,송파구,"[한성백제박물관] 2024 여름방학교실 [백제 왕도 탐험, 몽촌토성]"
교육/체험,동대문구,"[답십리영화미디어아트센터] 답십리탐험대 시즌2 : 조명 워크숍, 빛의 3원색 탐구"
교육/체험,종로구,[한양도성박물관] 2024년 여름방학 [박물관에서 만나는 숭례문]
교육/체험,종로구,[한양도성박물관] 2024년 여름방학 [옛 지도 속 한양도성]
교육/체험,종로구,[서울역사박물관] 우리 가족 박물관 여행 (여름방학) [대한제국으로 가는 길]
교육/체험,양천구,[서울문화재단] 서울시민예술학교 [어린이 3D 자연물 조각]
교육/체험,종로구,[서울공예박물관] 도전! SeMoCA 공예 크리에이터 [중학생]
전시/미술,마포구,[마포문화재단] 2024 지역예술가 전시공간 지원사업 [청년작가전 - 숨은 이야기]
교육/체험,노원구,[서울시립과학관] 스탬프 에듀투어
전시/미술,용산구,[노들섬] [20:04-20:24] EBS 스페이스 공감이 기록한 한국 대중음악 20년
교육/체험,노원구,[서울시립 북서울미술관] 여름방학 [천사가 남긴 흔적을 따라서]
교육/체험,마포구,2024 월드컵공원 야간 생태탐험단 모집
교육/체험,양천구,[서울문화재단] 서울시민예술학교 [어린이 섬유공예]
교육/체험,노원구,"[서울시립과학관] 서울, Meet - 퀀텀: 상식을 벗어난 세계와 만나다"
교육/체험,노원구,[서울시립과학관] '사이(Sci)샘' 함께 하는 생활 속 과학 찾기
클래식,서대문구,제5회 콘아니마 정기연주회 [가브리엘 포레 서거 100주년 기념 음악회]
무용,성북구,[성북문화재단 아리랑시네센터] SAC on Screen 발레 [심청] 
교육/체험,서초구,"[서초문화원] 차이나는 아카데미 [종교를 뛰어넘는 화음, 만남중창단] 하성용신부, 성진스님"
콘서트,종로구,[세종문화회관] NEC첼로앙상블 2024 정기연주회
전시/미술,서초구,서리풀 휴(休) 갤러리 [유휴(遊休)의 모양_김민우 개인전]
교육/체험,관악구,[서울시 관악복합평생교육센터] 신나는 창의미술놀이A
교육/체험,종로구,[종로문화재단] 어린이청소년 국학도서관 여름방학 프로그램
교육/체험,마포구,[마포문화재단] 2024년 여름방학특강 프로그램 안내
교육/체험,종로구,[서울문화재단] [2024 PLAY-UP 아카데미 모집] 공연창작자를 위한 뇌12신경과 감각이론의 신경심리학 (강사 장재키)
교육/체험,영등포구,서울소방과 함께하는 [물놀이 안전캠프]
교육/체험,영등포구,서울소방과 함께하는 물놀이 안전캠프
교육/체험,송파구,[서울역사편찬원] 2024년도 하반기 서울역사강좌 [땅이 품은 서울史]
교육/체험,관악구,[서울시 관악복합평생교육센터] 어린이 자세교정&스트레칭
교육/체험,종로구,[서울공예박물관] 공예 전문 클래스: 공예로 반짝이는 하루
교육/체험,노원구,[서울생활사박물관] 2024년 여름방학 교육 우리는 박물관 학예연구사(중학생)
독주/독창회,종로구,[세종문화회관] 이은미 플루트 독주회
교육/체험,종로구,"[서울생활문화센터 체부] 2024「살롱, 낯선」3회차 운영 안내"
콘서트,강북구,[강북문화재단] 퇴근길 콘서트 [오늘도 수고했어요!] Rain Concert
교육/체험,종로구,[서울우리소리박물관] 여름방학 문화행사 [우리소리야 놀자]
클래식,강북구,[세종문화회관] 꿈의숲 어린이 그림자 극장 「동물의 사육제 & 피터와 늑대」
무용,마포구,[서울생활문화센터 서교] SPACE JAM IN SEOGYO
교육/체험,구로구,[서울아트책보고] #ART #트렌드 미술 전시에 관한 모든 것: 예술을 일상에 가까이 하기
교육/체험,동대문구,[휘경행복도서관] 2024년 7월 엄마아빠 행복 프로젝트
교육/체험,노원구,[서울시립과학관] 과학북토크: 달작한 사이언스(7월) [인간은 왜 인간이고 초파리는 왜 초파리인가]
교육/체험,성동구,[성동구립도서관] 영어스토리텔링_7월
교육/체험,광진구,[서울상상나라] 어린이 상상회담｜뚝딱 응원가 제작소
교육/체험,중구,[시민청] 전시연계프로그램 [하늘담기]
교육/체험,동대문구,[답십리영화미디어아트센터] AR로 만나는 세상 : AR로 만나는 동물 캐릭터
뮤지컬/오페라,강남구,뮤지컬 헬로카봇 시즌8 [미래연구소를 지켜라!]
교육/체험,동대문구,[동대문문화재단] 아트북 연계 : 초등 그림책 놀이
축제-기타,광진구,2024 한강페스티벌 여름축제 [한강무소음DJ 파티]
교육/체험,노원구,[서울시립과학관] 2024 한여름의 과학관
축제-기타,,2024 한강페스티벌 여름축제 [한강음악불꽃크루즈]
뮤지컬/오페라,용산구,[노들섬] 2024 문화가 흐르는 예술섬 노들 [뮤지컬 : 우리가 사랑했던 그날]
클래식,강북구,[강북문화재단] 2024 강북연극협회 11주년 기념공연
콘서트,마포구,2024 한강페스티벌 여름축제 [한강뮤직퐁당]
교육/체험,영등포구,2024 한강나이트워크42K
무용,광진구,"[광진문화재단] 2024 아시테지 국제여름축제 in 광진: [베이비 클럽]We Touch, We Play, We Dance"
독주/독창회,종로구,[세종문화회관] 안미현 피아노 독주회
국악,중랑구,[중랑문화재단] 광대 탈놀이 ‘딴소리판’
뮤지컬/오페라,송파구,[송파문화재단] 엘룹아저씨와 예삐의 꿈 
교육/체험,중구,[서울도서관] 2024 움직이는 책방(이동형 서울형 책방) 4회 : 콕콕콕
클래식,성동구,[성동문화재단] 여름방학특집 해설이 있는 '시네마 클래식 음악 여행'
클래식,구로구,[구로문화재단] 7월의 발레_리너콘서트 [인천시티발레단]
콘서트,양천구,[서울문화재단] 한 여름 극장속으로 [예술힐링놀이터]
교육/체험,중구,[시민청] 2024 시민청 7월 세대공감 프로그램 [어린이 예술교육 프로그램 - 소리탐험대]
교육/체험,구로구,"[서울아트책보고] 서울예술공방: 「안녕, 비」 읽고 일러스트 나만의 우산만들기 1회차"
교육/체험,구로구,"[서울아트책보고] 서울예술공방: 「안녕, 비」 읽고 일러스트 나만의 우산만들기 2회차"
클래식,서초구,[서초문화재단] 서리풀 작곡가 탐구 시리즈 [춤추는 바흐]
무용,은평구,"[구산동도서관마을] 안중근, 천국에서의 춤ㅣ예술의전당 예술 영상화 콘텐츠 상영"
콘서트,서초구,[서초문화재단] [2024 클래식다방 - 서리풀 아트홀] 뉴올리언즈로 떠나는 재즈여행!
영화,은평구,[구립증산정보도서관] 7월 문화가 있는 영화관 영화상영안내
교육/체험,관악구,2024 제 11회 서울대학교 자연과학대학 자연과학콘서트 in Seoul
클래식,강북구,[세종문화회관] 꿈의숲 어린이 그림자 극장 「사계」
연극,동작구,[동작문화재단] 2024 상도어울마당 아트홀 [PLAY 180] 7월 공연
클래식,강동구,[강동문화재단] 7월 퐁당퐁당 키즈 클래식 [떴다 세계 여행]
교육/체험,종로구,[서울생활문화센터 체부] 로컬스토리 : 동네의 발견 - 서촌
교육/체험,서초구,[서초구립내곡도서관] 내곡도서관에서 여름을 즐기세요!
전시/미술,송파구,[한성백제박물관] 제31회 송파구박물관나들이
교육/체험,종로구,[한양도성박물관] 2024년 여름방학 [각자성석을 찾아라]
교육/체험,종로구,[한양도성박물관] 2024년 여름방학 [블록으로 배우는 한양도성]
교육/체험,중구,[서울시립미술관] 퇴근 후 미술관 산책
기타,마포구,"[마포구립서강도서관][7월/팟캐스트] 서강도서관 피셜 47회 [일주일에 세 번, 동네문화센터에 놀러 갑니다]"
전시/미술,마포구,[서울시립미술관] 2024 신진미술인 지원 프로그램 - 노예주 개인전 『거친 모래가 뱀의 머리에 닿지 않도록』
전시/미술,강남구,"김지선, 이미솔 [Rythme des sentiments aux emotions: 자유진행리듬]"
교육/체험,중구,[중구문화재단] 전시 연계 [지구를 지키는 사진가]
교육/체험,동대문구,[답십리영화미디어아트센터] 1인미디어 코딩AR 입문반 무작정 따라하기
축제-기타,성동구,[미래한강본부] 2024 한강페스티벌-여름 [Hangang River Festival-Summer]
축제-기타,서초구,2024 한강페스티벌 여름축제 [세빛섬 카약페스티벌]
전시/미술,중구,2024 신당 프로젝트 전시(SPE) [공예의 움직임-LIVILD (Living+Build)] 네번째 전시 윤경현 l 조예린
축제-기타,서초구,2024 한강페스티벌 여름축제 [레인보우브릿지 요트페스티벌]
기타,종로구,2024 서울썸머비치
전시/미술,강북구,[강북문화재단] 강북 그림책 아트플레이-북아트 체험
교육/체험,영등포구,[서울문화재단] 서울시민학교 [청소년 전자악기 워크숍 (초등5~중등3)]
교육/체험,종로구,[남산골한옥마을] 남산골 전통체험 가족특별판 [여름방학]
콘서트,종로구,[세종문화회관] 조영숙X장영규X박민희 [조 도깨비 영숙] 싱크넥스트24
교육/체험,송파구,[서울책보고] [인문학강연] 『부모의 말공부』
콘서트,성동구,"[2024 북한인권 상호대화] 클래식, 인권을 연주하다"
교육/체험,중구,[서울도서관] 서울 문화의 밤(7월) 행사 - 신병주 작가와의 만남
교육/체험,서대문구,[서울문화재단] 2024 SAPY 청년예술인 거버넌스 네트워킹 파티 [포문; Warming up]
영화,노원구,[서울시립 북서울미술관] 야외 영화상영회 『캣츠토피아』
기타,강동구,"[강동문화재단] 7월 한밤의 공연 산책 [체어, 테이블, 체어]"
뮤지컬/오페라,종로구,2024년 야간 공연 관람권 [뮤지컬 사의찬미]
영화,구로구,[서울아트책보고] 상영회 - 영화살롱 7월 「수라」
교육/체험,종로구,[종로문화재단] 2024년 엄마아빠행복프로젝트 [종이나라 바다탐험]
콘서트,성북구,[성북문화재단] 브런치 콘서트 [11시11분]
전시/미술,구로구,[구캔갤러리 전시회] 슬기로운 냥이생활 2 - 고양이 주제 단체전
전시/미술,관악구,[관악문화재단] 관악아트홀 기획전시 「웰컴투 숲씨네」
교육/체험,서초구,[서초구립내곡도서관] SUMMER BREAK with Library
전시/미술,종로구,한불조형예술협회 [산책-PROMENADE]
교육/체험,양천구,[서울문화재단] 서울시민예술학교 [어린이 라이브 낭독극]
교육/체험,노원구,[서울시립과학관] 여름방학 [쉿! 미스터리 실험실]
교육/체험,영등포구,[여의도공원](여름방학 특별) 달디달고 달디단 여름밤산책
교육/체험,동대문구,[서울로봇 인공지능과학관] 시범운영 참여자 모집
교육/체험,종로구,"[돈의문박물관마을] 예술가의 시간 여름프로그램 [여름 한옥, 소서팔사]"
교육/체험,서초구,2024 찾아가는 서울 동행 인문학 콘서트 (정재찬 교수)
교육/체험,은평구,[구산동도서관마을] 이달의 인문학: AI AGI 시대 알파세대 교육
클래식,영등포구,[영등포문화재단] 마티네콘서트 [낮을 그리는 클래식] #2. 구스타프 클림트
콘서트,강남구,"[강남문화재단] 제983회 목요예술무대 「네 번째 파장, 몽니」"
콘서트,노원구,[노원문화재단] 노원즐거운콘서트x찾아가는 버스킹_7월
교육/체험,금천구,"[금천문화재단] 금천구립시흥도서관, 7월 문화가 있는 날 [시가 있는 예술가의 방]"
영화,동작구,[동작문화원] 2024 우리동네 국립극장
교육/체험,강남구,[강남구립논현도서관] 나를 돌보는 그림책 심리여행
전시/미술,중구,2024 서울시청 하늘광장 갤러리 공모 선정작 [서울 사람의 서울 기록 Seoulite's Seoul Write]
영화,종로구,"[종로구정신건강복지센터] 정신건강전문가와 함께하는 WITH 청춘, 무비 INSIDE"
전시/미술,노원구,[노원문화재단] 날씨가 이상해
교육/체험,은평구,제79주년 광복절 맞이 소울해치와 떠나는 항일유적 탐방
교육/체험,마포구,"[마포구립서강도서관] [7-8월/어린이강좌] 어린이 읽는 인간 호모부커스 [톰 소여의 모험, 허클베리 핀의 모험]"
전시/미술,성동구,[성동문화재단] 구상희 개인전 : Comme Position
전시/미술,구로구,[서울생활문화센터 신도림] 2024 언제나전람회 3분기 - 오래된 발견의 시작
전시/미술,종로구,[운현궁] 2024 하우스뮤지엄 [제10회 설경규방공예연구회 정기전시회]
연극,종로구,"2024 아시테지 국제여름축제 [엉뚱이나라, 깽뚱이나라]＆[미련이나라(깔깔박사의 꿈)]"
교육/체험,종로구,"[서울생활문화센터 낙원] 2024 낙원 속 생활문화 클래스 '가죽공예(기초), 카드지갑 만들기 클래스'"
국악,은평구,"[은평문화재단] 2024 누구나 예술로, 동행 [행복한 국악을 만나다]"
영화,성동구,[성동문화재단] 2024 세계 영화 상영회 6회차: 중국 영화 [투 러브 어게인(TO LOVE AGAIN)]
교육/체험,광진구,[서울상상나라] 상상라운지｜누구나 미니 올림픽
교육/체험,광진구,[서울상상나라] 23기 열린연극학교 「위잉위잉 곤충일기」
교육/체험,중구,"[서울디자인재단] Welcome to CURE LAND: 크크롱과 함꼐하는 즐거운 테마파크, 큐어랜드"
교육/체험,종로구,2024년 서울시민대학 계절학기 학습자 모집
교육/체험,동작구,꿈다락 문화예술학교 2024 [창작 드라마 오디오 허브]
교육/체험,종로구,[서울역사박물관] 2024년 한밤의 역사기행(여름방학)
교육/체험,강북구,[강북문화재단] 강북 그림책 아트플레이-작가의 그림책 공연
전시/미술,성동구,[성동문화재단] REBLOOM : 한지
교육/체험,용산구,[서울문화재단] 서울시민학교 [청소년 문학 워크숍 (초등5~중등3)]
교육/체험,용산구,[서울문화재단] 서울시민학교 [청소년 조형예술 워크숍 (초등5~중등3)]
교육/체험,용산구,[서울문화재단] 서울시민예술학교 [어린이 사진 워크숍 (초등1~6)]
교육/체험,종로구,[대우재단 시민강좌] 소크라테스를 보는 또 다른 눈: 크세노폰의 『소크라테스 회상』
클래식,종로구,크로니클 챔버오케스트라 창단연주회 [더 세레나데]
교육/체험,송파구,[송파문화원] 2024 음악이 있는 인문학 특강 [서양 고대 이야기 - part 2. 철학]
콘서트,구로구,제1회 코웨이 물빛소리합창단 정기연주회 
클래식,종로구,[세종문화회관] 피아니스트 김명신과 함께 떠나는 한여름밤의 피아노 음악여행
교육/체험,은평구,[구립증산정보도서관]  2024년 제 7회 독서달리기 대회 [달려라 증산] 초등편
교육/체험,은평구,[구립증산정보도서관]  2024년 제 7회 독서달리기 대회 [달려라 증산] 가족편
기타,동대문구,"[제기동감초마을현진건기념도서관] 「도서관은 쿨하다 : 끄고, 도서관으로!」 캠페인 행사"
교육/체험,강남구,[국립현대무용단] 2024 여름학기 무용학교
교육/체험,은평구,[구립증산정보도서관] 2024 참여예산 지원 사업 [그림책 보드게임 지도사 양성과정]
교육/체험,동대문구,[제기동감초마을현진건기념도서관] BUDi Market
기타,중구,2024년 서울 중장년 일자리박람회
뮤지컬/오페라,종로구,[세종문화회관] 제54회 한국오페라연구회 정기연주회 「한 여름밤의 꿈」
교육/체험,동대문구,[답십리영화미디어아트센터] 여름방학 교육?체험 프로그램 5종
교육/체험,마포구,[마포구립서강도서관] [7-8월/행사] 여름방학 문화프로그램 안내
교육/체험,동대문구,[동대문문화재단] 리틀 스토리 크리에이터 : 오디오 카드 만들기
영화,성북구,"아리랑시네센터 개관 20주년 [필름다빈 × 아리랑시네센터, 변중희 배우전]"
무용,마포구,[마포문화재단] M 발레시리즈 2024 해설이 있는 발레 - 살롱 드 발레(Salon de Ballet)
교육/체험,구로구,[서울아트책보고] #ART#트렌드 미술 전시에 관한 모든 것: 맨눈으로 동시대 미술 보는 방법
교육/체험,영등포구,[영등포문화재단] YDP창의예술교육센터 [YDP 갓생 창작소]
교육/체험,관악구,[관악문화재단] 2024 N개의서울 문화예술교육 [디지털과 만나는 관악마을창작소]
교육/체험,강서구,[강서문화원] 건강한 방학나기
교육/체험,용산구,2024년 서울시민예술학교 여름시즌
교육/체험,동대문구,[답십리영화미디어아트센터] 1인미디어 프리미어 중급반
교육/체험,종로구,"[서울시립 미술아카이브] 인사이드 박스 - 용적률 게임, 우리집 행복 쌓기"
교육/체험,성북구,[성북문화예술교육센터] 2024년 성북문화예술교육센터 여름 프로그램 7~8월
전시/미술,중구,[시민청] 공간지원사업 [파티 오브 식스]
전시/미술,중구,DDP 협력전시 [제 12회 서울 국제 포스터 디자인 트리엔날레 2024 + 몽골디자이너 특별전]
교육/체험,종로구,[서울생활문화센터 낙원] 2024 낙원 기획 사업 '수리수리 공작소 인테리어 소품 만들기' 7월 1차
교육/체험,용산구,[서울문화재단] 서울시민예술학교 [어린이 친환경 플라스틱 창작 워크숍] (초등4~6)
교육/체험,용산구,[서울문화재단] 서울시민예술학교 [어린이.청소년 시와 움직임 워크숍] (초등4~중등3)
뮤지컬/오페라,중구,[중구문화재단] 뮤지컬 [Behind the Moon] 쇼케이스
무용,용산구,2024 문화가 흐르는 예술섬 노들 [창작공연]
교육/체험,구로구,[국립어린이청소년도서관] 책읽어주세요!
연극,종로구,2024 아시테지 국제여름축제 [뜀뛰는 여관]
영화,성북구,"아리랑시네센터 개관 20주년 [아리랑시네센터, 잘돼가? 무엇이든]"
콘서트,구로구,"[구로문화재단 2024 구로 스테이지 [TO. X (양다일, 디에이드)]"
국악,중구,[서울남산국악당] 정주리의 일구월심 다섯 번째  [무색(舞色)하다]
교육/체험,송파구,"[서울책보고] 가족 체험 프로그램 - 읽는 약, '책'을 처방해 드립니다! - 가족 독서 상담소 (7월)"
교육/체험,구로구,[국립어린이청소년도서관] 업사이클링 팝업북 만들기(2회차)
콘서트,종로구,[세종문화회관] 한국기타협회 기획공연시리즈 III
뮤지컬/오페라,강서구,[강서문화원] 뮤지컬 [캔터빌의 유령]
연극,강남구,[강남문화재단] 7월 키즈예술공연 [목 짧은 기린 지피]
교육/체험,구로구,[서울아트책보고] 「바닷속 케이크」읽고 슈링클스 마법종이로 나만의 필통꾸미기 2회차
콘서트,강남구,[명가의 초대] 트로트 마에스트로 이용주 버라이어티 쇼
연극,송파구,[송파문화재단] 2024 송파인생학교: 엄마배우 프로젝트 연극 [그때의 너에게]
영화,성북구,"아리랑시네센터 개관 20주년 [아리랑시네센터×이경미, 잘돼가? 무엇이든]"
클래식,서초구,[서초문화재단] [2024 클래식다방 - 라율아트홀] 고고(古古)한 바로크 I - Baroque Music in Cinema
콘서트,종로구,[서울역사박물관] 제3회 재능나눔콘서트 개최 '산업혁명과 고전파 음악'
교육/체험,구로구,[서울아트책보고] 「바닷속 케이크」읽고 슈링클스 마법종이로 나만의 필통꾸미기 1회차
교육/체험,은평구,[구립증산정보도서관] 마음 이끄미 선생님들과 함께 하는 그림책감정표현놀이프로그램 [2024 마음아 놀자] -7월 
교육/체험,강남구,[강남구립논현도서관] 2024년 작가의 서재 ③ 채인선 작가와의 만남
뮤지컬/오페라,송파구,[송파문화재단] 그림책으로 잇는 가족 음악회 공주를 깨우지 마세요
전시/미술,종로구,인사1010기획전 [오즈의 과학자 - 아티스트토크]
클래식,서초구,로데아트센터 개관시리즈 II  [듀오 비비드 콘서트]
전시/미술,종로구,"[공평도시유적전시관] 보신각, 시간의 울림"
클래식,마포구,[마포문화재단] M 연가곡 시리즈 패키지 Ⅰ 오픈 안내
교육/체험,동대문구,[동대문문화재단] 답십리영화미디어아트센터 2024 시니어 영화학교 [고전 설화로 만드는 우리들의 단편영화]
전시/미술,중구,[국제교류전] 서펜타인 파빌리온의 순간들 2000~2024 [Moments in Serpentine Pavilions 2000~2024]
전시/미술,마포구,[한국영화박물관] Moving Portraits 너의 얼굴
전시/미술,종로구,[서울공예박물관] 2024년 시민소통 공예프로그램 공예@쇼윈도 #3 [Interweave]
전시/미술,마포구,[마포구립서강도서관] [7-8월/어린이갤러리] 대만 그림책 작가 황이원 아트 프린트 전시
교육/체험,은평구,[은평문화재단] 건축가와 함께하는 은평 건축체험학교 - 나의 집 만들기
전시/미술,강남구,강남 파인 크래프트 아트 클럽 전시회
교육/체험,송파구,[서울책보고] [문학낭독공연] 7월의 책 『세계를 건너 너에게 갈게』
콘서트,용산구,[용산구청] 팝페라콘서트 [내 마음의 용산]
연극,종로구,2024년 야간 공연 관람권 [빵야]
교육/체험,중구,[시민청] 공간지원사업 [3인 3색 예술놀이터]
독주/독창회,종로구,[세종문화회관] 이종은 바이올린 독주회
클래식,중구,"[서울시립교향악단] 2024 서울시향 퇴근길 토크 콘서트 Ⅱ: 체코, 음악으로 여행하다 ②"
국악,종로구,[서울돈화문국악당] 2024 일무일악 一舞一樂(7.19)
교육/체험,종로구,[서울생활문화센터 체부] 2024 [체부동 아틀리에] - 테라리움 만들기 강좌 참여자 모집
클래식,마포구,[마포문화재단] M 연가곡 시리즈 베이스 바리톤 사무엘 윤
교육/체험,동작구,[동작문화재단] [2024 지역문화 콘텐츠 활성화 지원사업] 파인더 [청춘동작]
전시/미술,동작구,2024년 동작아트갤러리 전시공간지원사업 [열린 갤러리] 선정 전시 [생각의 탄생 #2024]
축제-문화/예술,종로구,2024 아시테지 국제여름축제
교육/체험,은평구,[구립증산정보도서관] 독후 미술 프로그램 [꼼지락 그림책 미술놀이] 3-4학년반
전시/미술,용산구,2024 대한민국 우표전시회
연극,종로구,"[세종문화회관] 쿠헤스타니 작, 연출 [블라인드 러너] 싱크넥스트24"
독주/독창회,종로구,[세종문화회관] 정정희 피아노 독주회
교육/체험,은평구,[구립증산정보도서관]  어린이 직업탐색 [북:잡(Book:Job)] 7월 
클래식,중구,"[서울시립교향악단] 2024 서울시향 퇴근길 토크 콘서트 Ⅱ: 체코, 음악으로 여행하다 ①"
클래식,강북구,[강북문화재단] 유니크 클래식 with 더 보이스
교육/체험,광진구,2024 찾아가는 서울 동행 인문학 콘서트 (곽정은 작가)
콘서트,강남구,[강남구 7월 인문학 콘서트] 고미숙 작가 초청 북콘서트 [좋은 삶을 사는 지혜: 현자들의 죽음에 대한 명랑하고 심오한 탐구]
교육/체험,중구,[중구문화재단] 2024 N개의 서울 네트워크 프로그램 [취향존중(存中)] (1차)
교육/체험,동대문구,"[답십리영화미디어아트센터] 1인미디어 포토샵, 라이트룸 무조건 따라하기 입문반"
전시/미술,종로구,인사1010 기획전 김한기 [오즈의 과학자]
전시/미술,광진구,[세종뮤지엄갤러리] 김영수 기획초대전
전시/미술,광진구,[세종뮤지엄갤러리] 공 병 기획초대전
교육/체험,마포구,"[마포구립서강도서관 ] [7월/길위의인문학] 영화, 관계를 말하다 / 사진, 관계를 말하다 / 집중강연 관계 (소희정)"
연극,중랑구,[중랑문화재단] 2024 망우열전 이광래편 [촌선생]
국악,중구,[서울남산국악당] 영희춤연구소 [2024 소고놀음4 허튼]
콘서트,종로구,[세종문화회관] 2024 앙상블 로맨티코 콘서트
국악,종로구,[서울돈화문국악당] 2024 일무일악(7.17)
기타,용산구,K-Makers: K를 만드는 사람들 [2024 K포럼]
교육/체험,송파구,[송파문화재단] 2024년 명사 무료 특강 [시민의 법생활] 
뮤지컬/오페라,중구,[중구문화재단] 뮤지컬 [베르사유의 장미]
교육/체험,성동구,[성동문화재단] [N개의 서울 생활예술 활성화 프로젝트] 인생자기
교육/체험,관악구,[관악문화재단] 2024 꿈다락 문화예술학교 [자연스러운 예술IN]
전시/미술,종로구,[서울공예박물관] 공예@IN&OUT #2. 얕은 시간(Shallow Time)
전시/미술,강동구,2024년 서울시민대학 동남권캠퍼스 [시민갤러리 7월 전시 안내 및 프로그램]
전시/미술,영등포구,[서울시립미술관] 제13회 서울미디어시티비엔날레 사전프로그램 [정거장 - 이미지 커뮤니티]
전시/미술,강남구,제8회 소목장 소병진과 제자 동행전
전시/미술,종로구,[운현궁] 2024 하우스뮤지엄 [제8회 하늘물빛 동인전]
전시/미술,성동구,[성동문화재단] 지금 어떤 감정인가요?
교육/체험,동대문구,[휘경행복도서관] 양말목&비치코밍 [여름 고래 썬캐쳐 만들기]
독주/독창회,종로구,[세종문화회관] 이귀란 피아노 독주회
교육/체험,서초구,[서초문화원] 인문학 특강 [차이나는 아카데미 - '한없이 높은 문화의 힘']
클래식,서초구,[서초문화재단] 서리풀 전곡 연주 시리즈 [하이든 교향곡 전곡 시리즈 25]
전시/미술,종로구,"서울시, 2024 [한평조각미술관] "
교육/체험,노원구,[도봉문화재단] 도봉구청 잔디마당 문화체육프로그램(힐링요가&치유 스트레칭체조)
전시/미술,서초구,[서초문화재단] 지역유휴공간 공공미술 전시 [기하학의 리듬_Rhythms of Geometry]
전시/미술,성동구,[성동문화재단] 시멘트 커넥트 투어 연계 사진공모 수상작 展
독주/독창회,종로구,[세종문화회관] 김진승 바이올린 독주회
교육/체험,성동구,[서울하수도과학관] 비점오염원 수비대
축제-문화/예술,양천구,[양천문화재단] 제2회 서울 두드림 페스티벌 - 영화와 음악과 카로스
교육/체험,구로구,[서울아트책보고] [아트 유니버스] 미술 전시에 관한 모든 것 #ART #트렌드 : 미술전시를 만들어 가는 사람들
축제-문화/예술,양천구,[양천문화재단] 제2회 서울 두드림 페스티벌 - 타악기야 놀자
교육/체험,강북구,[세종문화회관] 꿈의숲아트센터 무대효과 체험 프로그램
교육/체험,성동구,[서울하수도과학관] 환경 지킴이 재이용수 물로켓
교육/체험,성동구,[서울하수도과학관] 방류수질이 궁금해!
교육/체험,중구,2024 특별강연 [기증으로 꽃핀 우리 문화유산]
교육/체험,동대문구,[답십리영화미디어아트센터] 라디오 듣기 워크샵
교육/체험,동대문구,[답십리영화미디어아트센터] 스마트폰으로 영화만들기 
전시/미술,강남구,[호리아트스페이스] 데이비드 레만 개인展 : Love is hotter than death 사랑은 죽음보다 뜨겁다
클래식,성동구,2024 ARTISTLIVE FESTIVAL IN SEOUL
전시/미술,성북구,"[space Artel] truth, 공간"
교육/체험,종로구,[서울공예박물관] 비밀요원 CMI: 밤이와 함께 비밀코드를 해결하라!_7월
교육/체험,성동구,[매봉산숲속도서관] 나다움을 완성하는 진로 내비게이션
무용,영등포구,[영등포문화재단] 블랙 BLACK
축제-문화/예술,양천구,[양천문화재단] 제2회 서울 두드림 페스티벌
축제-문화/예술,양천구,[양천문화재단] 제2회 서울 두드림 페스티벌 - 리듬의 매력
교육/체험,구로구,[서울아트책보고] 서울예술공방 : 「달 샤베트」 읽고 디폼블럭으로 손선풍기 만들기 2회차
교육/체험,구로구,[서울아트책보고] 서울예술공방 : 「달 샤베트」 읽고 디폼블럭으로 손선풍기 만들기 1회차
교육/체험,은평구,[구립증산정보도서관] 우리 가족 융합독서 책 더하기+ 시리즈 1 [책 더하기 샌드아트] 3-4학년
교육/체험,은평구,[구립증산정보도서관] 우리 가족 융합독서 책 더하기+ 시리즈 1 [책 더하기 샌드아트] 1-2학년
국악,은평구,"[은평문화재단] 2024 은평에 반하다 [추는사람, 은평]"
영화,강남구,[강남구립논현도서관] 2024년 7월 논현 토요 시네마
클래식,종로구,[서울시립교향악단] 2024 서울시향 우리동네 음악회 실내악 - 종로구
교육/체험,동대문구,[장안어린이도서관] 김상근 작가와의 만남 : 두더지의 방문
교육/체험,송파구,[송파문화재단] 길따라 물따라 사생대회 워크숍
콘서트,강남구,[명가의 초대] 김마스타 데뷔 20주년 콘서트 시리즈 Vol.2
독주/독창회,종로구,"[세종문화회관] 제16회 정희석 트롬본 독주회 Brahms, Schumann & Eliasson"
교육/체험,용산구,[서울문화재단] [취향의 온도] 당신이 사랑하는 순간의 온도
연극,노원구,[노원문화재단] 음악극 [거인 앙갈로]
교육/체험,중구,[서울도서관] 2024 움직이는 책방(이동형 서울형 책방) 3회 : 올오어낫싱
축제-문화/예술,양천구,[양천문화재단] 제2회 서울 두드림 페스티벌 - 타악기와 함께하는 인문학 여정
콘서트,구로구,[구로문화재단] 강아솔 뮤직&북 콘서트 [사랑에 진 사람들]
교육/체험,구로구,[서울아트책보고] 힐링강연쇼- 거인의 어깨 「노년내과 김광준교수」
교육/체험,구로구,[서울아트책보고] 힐링강연쇼- 거인의 어깨 「사진기자 강형원」
교육/체험,마포구,[마포구립서강도서관] [7월/일반강좌] 도서관에 내 서점을 열었습니다(독자 큐레이션 멘토링)
교육/체험,광진구,[서울상상나라] 45기 영유아요리학교 [달그락달그락 도구 요리]
영화,송파구,[서울백제어린이박물관] 서울문화의 밤 「백제왕도 달빛기행」 어린이박물관 영화제
전시/미술,마포구,[마포구립서강도서관] [7월/전시] 도서관 서가 큐레이션 - 도서관에 내 서점을 열었습니다
클래식,동대문구,[서울시립교향악단] 2024 서울시향 우리동네 음악회 실내악 - 동대문구
클래식,종로구,[세종문화회관] 공간 소리 제4회 [소리로 잇다] 연주회
교육/체험,종로구,"[서울생활문화센터 낙원] 2024 낙원 속 생활문화 클래스 '북아트(입문), 싱글섹션 북바인딩 클래스'"
무용,금천구,[금천문화재단] 너나나시리즈 [여자야여자야]
연극,종로구,2024년 야간 공연 관람권 [가족의 탄생]
영화,노원구,[서울시립 북서울미술관] 야외 영화상영회 『정글 비트 더 무비』
기타,송파구,[서울책보고] 예술 소통 프로그램 - 책보고 쌀롱(7월) ; 제로 웨이스트
뮤지컬/오페라,종로구,[세종문화회관] 뮤지컬 [살리에르]
교육/체험,성북구,[성북문화재단] [특강] [재미있는 한자교실_초등 저학년]
전시/미술,종로구,"[불교중앙박물관] 천년의 예술, 미래로 잇다"
교육/체험,종로구,[종로문화재단] 2024 우리소리도서관 종로모던 인문학 [유성기로 떠나는 개화기 여행]
교육/체험,성동구,[성수도서관] 생각 중독자들을 위한 대화 클럽 
무용,종로구,"[서울문화재단] [쿼드초이스] 이루다, 금배섭, 장혜림 [다른, 춤을 위해 Part 2]"
전시/미술,중구,[제54회 대한민국공예품대전] 서울시 예선대회 전시행사
콘서트,종로구,[세종문화회관] 박다울X유태평양X류성실 [돌고 돌고] 싱크넥스트24
교육/체험,마포구,[마포구립서강도서관] [7월/길위의인문학] 마음 지구력/ 집중강연 자아② (윤홍균)
콘서트,강남구,"[강남문화재단] [제982회 목요예술무대] Accor-diem in Europe- 유럽, 어디까지 가봤니?"
클래식,종로구,[세종문화회관] 가일플레이어즈의 음악선물
뮤지컬/오페라,도봉구,[도봉문화재단] [도봉아트극장] 디제잉쇼가 있는 어린이 참여형 뮤지컬
콘서트,중구,[시민청] 7월 바스락콘서트 [7월의 안부 : 이영훈]
교육/체험,관악구,2024 찾아가는 서울 동행 인문학 콘서트 (김혼비 작가)
기타,중구,[서울시립미술관] 코랄 비평연구 모임
전시/미술,은평구,"[삼각산금암미술관] 초등 미술 교과서, 밖으로"
교육/체험,광진구,[서울상상나라] 61기 어린이요리학교 [요리로 떠나는 세계여행 Ⅱ]
전시/미술,금천구,[금천문화재단] 에르베 튈레展 - 색색깔깔 뮤지엄
전시/미술,중구,DDP SHOWROOM x MEGA BOOPOO
축제-문화/예술,금천구,"[금천문화재단] 2024년 여름, 예술로 떠나는 휴가 [금천아트바캉스]"
전시/미술,종로구,두산 큐레이터 워크숍 기획전 [꿀꺽]
교육/체험,관악구,[서울시 관악복합평생교육센터] 창의쑥쑥 키즈페인팅
교육/체험,동대문구,[제기동감초마을현진건기념도서관] 저잣거리 이야기에서 작품으로 - 고대 인도의 설화와 문학
교육/체험,은평구,[구립증산정보도서관] 7월 책 읽어주는 사서 [책으로 자라나는 우리!]
교육/체험,구로구,[국립어린이청소년도서관] 업사이클링 팝업북 만들기(1회차)
뮤지컬/오페라,광진구,[광진문화재단] 뮤지컬 [은경이 일기] 쇼케이스(북한판 안네의 일기)
영화,구로구,[서울아트책보고] 상영회 영화살롱 7월 [세기말의 사랑]
영화,강남구,[강남문화재단] 2024년 7월 찾아가는 독립영화 공공상영회 | 수라
클래식,송파구,[서울시립교향악단] 2024 서울시향 김은선과 스티븐 허프 ②
클래식,송파구,[서울시립교향악단] 2024 서울시향 김은선과 스티븐 허프 ①
클래식,종로구,[세종문화회관] 테너 이정명 귀국 독창회
기타,서대문구,2024 서울문화재단 지속가능사회를 위한 기업대상 사업설명회
전시/미술,강북구,[세종문화회관] 2024 상상톡톡미술관 기획전시 톡!톡! 뮤지엄
전시/미술,종로구,[서울공예박물관] 공예@IN&OUT #1. Creating Memories :Swimming Pool
전시/미술,종로구,[서울역사박물관] 서울의 이용원展
교육/체험,종로구,2024 예술산업아카데미 [예술취업 All Pass: 예술분야 취업 스터디 클럽]
전시/미술,용산구,노들 글로벌 예술섬 조성 국제지명 설계공모 당선작 전시 [Soundscape-Thomas Heatherwick]
교육/체험,은평구,[구립증산정보도서관] 2024주민참여예산 [하하 호호 초등 책놀이 레시피 특강]
교육/체험,종로구,[서울역사박물관] 2024년 7월 세뮤 틴즈 [접속하라 조선시대 한양] 
전시/미술,마포구,[서울생활문화센터 서교] '예술인모임 닷닷' 전시회
전시/미술,서초구,"[Into The Nature] 김현우, 최은경"
전시/미술,노원구,[노원문화재단] 이웃집 화가를 만나다
클래식,종로구,[세종문화회관] 나예지 피아노 독주회
교육/체험,동대문구,[휘경행복도서관] 양말목&비치코밍 [푸른바다 휴지홀더 만들기]
교육/체험,관악구,[서울시 관악복합평생교육센터] 어린이 발레
교육/체험,은평구,[구립증산정보도서관]  2024 여름독서챌린지 [Hot썸머! Hot책!]
교육/체험,송파구,[송파문화원] 2024 제3분기 송파문화학교 신규강좌
독주/독창회,종로구,[세종문화회관] 이호열 피아노 독주회
교육/체험,종로구,[서울문화재단] [2024 PLAY-UP 아카데미 특강 모집] 나는 오늘 집에서 무슨 연습을 할 수 있을까? (강사 강말금)
교육/체험,종로구,시민 뮤지컬 공연반 1기
교육/체험,성북구,2024 생애전환 문화예술학교 [트렌트 컨트롤 2024 : 디지털x신중년]
교육/체험,동대문구,[답십리영화미디어아트센터] 1인미디어 블로그 입문반
교육/체험,노원구,[서울시립과학관] 7월 일상실험실: 실험실 체험 프로그램
전시/미술,구로구,[서울아트책보고] 아트 유니버스 : 미술 전시에 관한 거의 모든것 #ART #트렌드
교육/체험,관악구,[관악문화재단] 어린이라운지 공공예술프로젝트 [나도 어린이 예술가]
교육/체험,구로구,[서울아트책보고] [아트 유니버스] 미술 전시에 관한 모든 것 #ART #트렌드 : 미술관과 미술관이 아닌 곳
교육/체험,성동구,[서울하수도과학관] 함께해요! 열린 과학 놀이터_7월
콘서트,종로구,[서울생활문화센터 체부] 2024 체부동 생활문화콘서트 9회차 운영
콘서트,종로구,[서울생활문화센터 체부] 2024 체부동 생활문화콘서트 8회차 운영
교육/체험,종로구,[2024 오작교 프로젝트: 오늘의 작은 판소리 교실] 외국인 수강생 모집
전시/미술,동작구,[문화비축기지] 여름방학 특별전 [8인8색 브릭아트]
교육/체험,양천구,[서울문화재단]  2024 서울문화예술교육센터 양천 7~8월 상설 예술교육 프로그램 [탈: 이야기가 있는 얼굴가면 만들기]
교육/체험,노원구,"[서울시립과학관] 2024 Grow up, Bio up! 내 몸 어디까지 알고 있니?"
교육/체험,광진구,[서울상상나라] 포도파이
교육/체험,광진구,[서울상상나라] 옥수수 쿠키
교육/체험,종로구,2024년 아르코미술관 예술로(路)소풍 여름 어린이 가족 프로그램 [조각조각 마음 잇기]
교육/체험,종로구,[종로문화재단] 한자 놀이 학교
영화,동대문구,[동대문문화재단] 인디서울 2024 7월 우리동네 독립영화관 - 상영작&GV 행사 안내
교육/체험,종로구,"[서울공예박물관] 장인의 보물상자(나전공예)[5, 6학년]_7월"
전시/미술,은평구,[은평문화재단] 제철: 알맞은 시절
교육/체험,종로구,"[서울공예박물관] 장인의 보물상자(나전공예)[3, 4학년]_7월"
교육/체험,구로구,[서울아트책보고] 서울예술공방 :「레몬 타르트와 홍차와 별들」 읽고 냅킨아트 방수가방 만들기 1회차
국악,송파구,"[송파문화재단] 화혜사계, 도미나루에서"
뮤지컬/오페라,서초구,[서초문화재단] [2024 클래식다방 - 르네뮤직홀] 바리톤X뮤지컬배우 특별한 콘서트
교육/체험,종로구,[서울공예박물관] 뮤지엄 멘토: MUSEUM人을 만나다 #6 보존과학
교육/체험,용산구,"[서울문화재단] [취향의 온도] 나의 첫 플레이리스트, 슈베르트 가곡"
독주/독창회,종로구,[세종문화회관] 이은호 바순 독주회
교육/체험,은평구,[은평역사한옥박물관] 성인 대상 교육 [옛 그림으로 떠나는 여행]
콘서트,강서구,[강서문화원] 변진섭 더 라이브 - 우리들의 푸르렀던 여름날
클래식,구로구,[구로문화재단] 지원사업 선정작 클래식 [꿈을 꾸는 자들의 어나더앙상블]
교육/체험,구로구,[서울아트책보고] 서울예술공방 :「레몬 타르트와 홍차와 별들」 읽고 냅킨아트 방수가방 만들기 2회차
콘서트,구로구,2024 공연봄날 학부모 특별공연
교육/체험,성동구,"[성동문화재단] 다정한 인문학: 인공지능 시대, 유니크 휴머니즘"
교육/체험,양천구,[서울문화재단] 서울시민예술학교 [가족 음악앨범 만들기]
국악,중구,[서울남산국악당] 남산 국악의 밤
교육/체험,관악구,[서울시 관악복합평생교육센터] 스토리 클래식
교육/체험,중구,「2024 정동방방곡곡」 프로그램 운영 안내
연극,마포구,[마포문화재단] M 연극시리즈 1. 연극 [세상친구]
전시/미술,관악구,서울시립미술관+관악문화재단 협력전시 [SeMA Collection : 정교한 손]
교육/체험,종로구,[황학정국궁전시관] 활쏘기체험프로그램 (7월)
교육/체험,종로구,[서울공예박물관] Open Studio : 복슬복슬 모루공예(7월)
교육/체험,송파구,[한성백제박물관] 2024년 서울 문화의 밤 [백제왕도 달빛기행] 7월
교육/체험,강남구,[강남구립논현도서관] 2024년 명화랑 놀자 10기(고학년)
전시/미술,강남구,정우재 개인전 [하루빛]
전시/미술,중구,2024 신당 프로젝트 전시(SPE) [공예의 움직임-Dive in Innocence]
전시/미술,성동구,[성동문화재단] 심난영 개인전 '설득'
콘서트,종로구,[세종문화회관] 김오키 새턴발라드 「러브 인 새턴」 _싱크넥스트24
클래식,서초구,해설이 있는 앙상블 플레이리스트 Ep.2
교육/체험,강남구,[강남구립논현도서관] 우주를 향해 발사! 1탄
연극,종로구,2024년 야간 공연 관람권 [달빛간이역]
뮤지컬/오페라,노원구,[서울시립 북서울미술관] 뮤지엄나이트 금요樂-『똥돼지 왕방구』
콘서트,송파구,[서울 문화의 밤] 세종문화회관 누구나 예술로 동행 「김주영 렉처 콘서트」
콘서트,성북구,[성북구민회관] 꿈의 오케스트라'성북'과 함께하는 베네수엘라 독립기념일 콘서트
교육/체험,중구,[서울도서관] 서울 문화의 밤(7월) 행사 - 마리아 스트셸레츠카 작가와의 만남
교육/체험,종로구,[운현궁] 구름재 다실 : 돗자리 티타임 (7월)
콘서트,종로구,[세종문화회관] 더울림 앙상블 제6회 정기연주회
콘서트,강남구,[강남문화재단] POP-UP! 45회-서울정애학교
콘서트,종로구,[서울 문화의 밤] 재즈콘서트 [은하수 밴드]
교육/체험,종로구,[남산골한옥마을] 남산골 전통체험 성인특별판 [여과시간]
교육/체험,종로구,[서울공예박물관] 7월 큐레이터와 함께하는 전시해설 | [장식 너머 발언]
국악,중구,[시민청] 공간지원사업 [전통예보(傳統豫報)]
기타,강남구,[강남문화재단] 배리어프리 일루션공연 [Beyond illusion]
클래식,구로구,[구로문화재단] 지원사업 선정작 클래식 [음악의 아버지 바흐의 커피 칸타타]
교육/체험,강남구,[강남문화재단] 2024 길 위의 인문학 - 세계문명 탐험
교육/체험,은평구,[구립증산정보도서관]  2024 길 위의 인문학 [파트2 - 상형문자로 배우는 이집트 고대문명]
교육/체험,마포구,[마포구립서강도서관] [7월/어린이메이킹] 해봄아 노올자! 해봄맘껏Time
교육/체험,도봉구,[도봉문화원] 2024 세계문화특강 [나마스떼! 도봉]
전시/미술,종로구,[서울시립미술관] 2024 신진미술인 지원 프로그램 - 황원해 개인전 [히드라 스퀘어]
교육/체험,관악구,[서울시관악복합평생교육센터] 자존감 회복 스트레스 관리법
교육/체험,은평구,[구립증산정보도서관] 2024 어린이자료선정단 [책나무]
연극,성동구,[성동문화재단] 연극 '사랑이 뭐길래!' 
교육/체험,은평구,[구립증산정보도서관] 독후 미술 프로그램 [꼼지락 그림책 미술놀이] 1-2학년반
전시/미술,강남구,서울일러스트레이션페어 V.17
무용,종로구,"[서울문화재단] [쿼드초이스] 윤별, 김재덕, 정보경 [다른, 춤을 위해 Part 1]"
교육/체험,동대문구,[휘경행복도서관] 페이퍼 플라워 [자이언트 해바라기 만들기]
뮤지컬/오페라,성동구,[성동문화재단] 창작오페라 [사막 위 디아스포라] 낭독음악회
클래식,강남구,[강남문화재단] 제167회 강남마티네콘서트│GREAT COMPOSER SERIES
무용,송파구,[송파문화재단] [2024 송파 문화 예술 활성화 지원사업] Whispers Of Ballet
콘서트,종로구,[서울생활문화센터 체부] 2024 체부동 생활문화콘서트 7회차 운영
클래식,종로구,[세종문화회관] 정유라 피아노 독주회
콘서트,강동구,[강동문화재단] 7월 목요예술무대 [한웅원 밴드 with 유태평양]
클래식,서초구,[서초문화재단] 서리풀 스크린 클래식 [2024 베를린 필하모닉 발트뷔네 콘서트]
교육/체험,동대문구,[답십리영화미디어아트센터] 2024 시니어 영화학교 영화미디어 프로그램 2종 수강생 모집(60세 이상 누구나)
교육/체험,종로구,2024 서울 공공한옥 야간개방 [밤마실]
교육/체험,종로구,[북촌문화센터] 상록수가 반기는 여름밤의 '북촌도락'
교육/체험,동대문구,[동대문문화재단] 답십리영화미디어아트센터 2024 시니어 영화학교 [미디어로 기록하는 나의 인생]
콘서트,중구,2024 문화가 흐르는 서울광장 7월
교육/체험,중랑구,"[중랑문화재단] 2024 창의융합 유아동 예술프로그램 [말랑말랑, 중랑] 7월"
교육/체험,광진구,[서울상상나라] 파도처럼 출렁출렁
전시/미술,광진구,[세종뮤지엄갤러리] 안진석 기획초대전
교육/체험,동대문구,[장안어린이도서관] 영화평론가와 시작하는 수상작 깊이 보기
교육/체험,은평구,[구립증산정보도서관]한여름밤의 독서산책 [알고 싶은 나]
전시/미술,중랑구,[중랑문화재단] 김은혜 [Summer]
교육/체험,마포구,[마포구립서강도서관] [7월/길위의인문학]나도 아직 나를 모른다/ 집중강연 자아①  (허지원)
클래식,도봉구,[서울시립교향악단] 2024 서울시향  우리동네 음악회 실내악 - 도봉구
클래식,마포구,[마포문화재단] M 아티스트 2024 김동현 바이올린 리사이틀 I
국악,종로구,서울시국악관현악단 제360회 정기연주회
국악,종로구,[세종문화회관] 2024 음악극 [ 숨: ]
독주/독창회,종로구,[세종문화회관] 채주연 피아노 독주회
