age,HE_BMI,HE_HP,HE_DM_HbA1c,sex,D_1_1,live_t,N_EN,ho_incm5
61,25.9873935663366,3.0,3.0,1,3.0,3,,2.0
28,16.9009424972401,1.0,1.0,1,2.0,3,,2.0
53,19.7818293082065,2.0,1.0,1,2.0,3,1758.7033871422057,2.0
50,26.6316468151843,1.0,2.0,2,3.0,3,1966.705746640217,2.0
16,,,,1,,3,2566.030136014679,2.0
71,29.3124164354166,3.0,2.0,2,4.0,3,1934.807846231161,1.0
80,21.3252322392616,3.0,2.0,2,3.0,3,1455.314087796604,1.0
77,23.870832951911,3.0,2.0,2,3.0,3,1138.5857088546304,2.0
60,21.6572842339274,1.0,3.0,1,3.0,3,899.9968913248,4.0
80,26.6810780301557,3.0,2.0,1,2.0,3,1258.2848150577752,3.0
70,26.2983851229254,1.0,2.0,2,3.0,3,1112.6551074955507,3.0
35,,,,1,,3,2289.970916149371,3.0
65,27.0130379030572,3.0,2.0,1,2.0,3,2668.6765029732906,5.0
62,25.2992206110833,2.0,2.0,2,2.0,3,1297.620392145316,5.0
44,19.2662717017383,1.0,1.0,2,3.0,3,2175.5495222768977,2.0
15,20.2310438983407,,,1,1.0,3,895.300977173243,2.0
13,18.7186423580164,,,2,1.0,3,1785.0812855817128,2.0
80,25.7050726471111,3.0,2.0,1,3.0,3,2042.54419723941,1.0
72,29.4004589453575,3.0,3.0,2,5.0,3,1229.099971612898,1.0
76,27.3555920750442,2.0,2.0,2,3.0,3,1704.311586875478,2.0
64,28.8033298647242,1.0,2.0,2,3.0,3,1424.777022052611,2.0
64,23.1779959884503,2.0,1.0,1,4.0,3,1084.9674234608838,1.0
80,26.3522511798104,3.0,2.0,1,4.0,3,1520.6339910956417,2.0
80,22.1383386398143,3.0,2.0,1,3.0,3,2299.800384754051,1.0
77,24.7242455775234,2.0,3.0,2,2.0,3,1709.383942065179,1.0
29,24.4845259043374,3.0,1.0,2,3.0,3,1755.4763919090688,3.0
32,27.6854834543785,2.0,2.0,1,3.0,3,3049.1049540236436,3.0
73,27.8100981833646,3.0,3.0,1,4.0,3,490.5375,2.0
70,24.9503022434987,1.0,2.0,2,3.0,3,1782.1113148288982,2.0
80,20.7139980750347,3.0,2.0,2,2.0,3,693.4319295446111,1.0
54,19.7871550602116,1.0,3.0,2,2.0,3,1730.3965975313426,3.0
22,19.8187908305574,1.0,1.0,2,3.0,3,2038.153483768167,3.0
80,28.2010724894873,3.0,2.0,1,3.0,3,2305.4258680245803,1.0
80,25.4551759424365,3.0,2.0,2,1.0,3,1648.4783552325375,1.0
80,26.927145381364,3.0,2.0,1,3.0,3,2271.4760318819035,2.0
78,18.6424524250898,3.0,2.0,2,3.0,3,546.7149307970029,2.0
52,18.6714897599251,1.0,2.0,1,3.0,3,3713.293130588171,2.0
48,,,,2,,3,1819.2578041286097,2.0
5,,,,2,,3,2031.2505740801564,2.0
76,21.5392367239418,2.0,2.0,1,2.0,1,1042.1898905392345,2.0
73,22.6753061372843,3.0,2.0,2,3.0,1,1534.9819322847857,2.0
44,22.4569513433793,2.0,2.0,1,3.0,1,,5.0
42,30.6777525825145,3.0,2.0,2,3.0,1,1904.4358688236723,4.0
29,25.4561733728426,1.0,2.0,1,3.0,1,1355.6593996089348,4.0
75,14.764355997501,1.0,2.0,2,3.0,1,900.5800358371031,2.0
48,24.5385966203786,3.0,1.0,1,2.0,1,1525.398386639102,5.0
48,23.2277321316422,2.0,1.0,2,2.0,1,1994.2435111595044,5.0
18,19.9726358105668,,,1,2.0,1,,5.0
16,17.8625085832246,,,2,2.0,1,,5.0
50,22.6935622432817,1.0,2.0,2,4.0,1,1820.0233991725804,3.0
22,23.5285879345961,1.0,2.0,1,2.0,1,2623.4732934942476,3.0
80,24.782835311947,3.0,2.0,1,2.0,1,788.9548425861319,1.0
58,21.9549786867539,1.0,1.0,2,2.0,1,1375.5278022227135,4.0
65,21.4044718772744,3.0,2.0,1,3.0,1,,4.0
65,21.0162370035551,2.0,2.0,2,3.0,1,,4.0
30,21.0946557983445,1.0,1.0,2,3.0,1,2204.048623013107,5.0
70,20.004082314576,1.0,1.0,2,2.0,1,1527.6269641550723,5.0
41,,,,1,,1,2319.9491691599055,5.0
40,21.7574633159049,2.0,1.0,2,9.0,1,1479.7753153571512,5.0
9,16.0575259515571,,,2,2.0,1,1532.5455504446982,5.0
7,13.2475117507358,,,2,2.0,1,1378.638986397599,5.0
2,16.3437201052296,,,2,1.0,1,1607.7485092566358,5.0
27,19.9341006380007,1.0,1.0,2,4.0,1,,3.0
31,29.3077283354804,2.0,1.0,1,4.0,1,,5.0
30,18.6351410643479,1.0,1.0,2,3.0,1,,5.0
39,32.1318753076132,3.0,2.0,1,3.0,1,1696.6818390100816,5.0
32,27.352218944269,1.0,2.0,2,2.0,1,2084.6381110763177,5.0
43,26.538059472488,1.0,2.0,1,2.0,1,2230.3494667151163,2.0
41,21.894438930435,1.0,1.0,2,3.0,1,1938.99937915213,2.0
11,21.7296735243875,,,1,2.0,1,2616.3473836649755,2.0
9,16.3157965355768,,,1,2.0,1,1144.3508441231183,2.0
6,17.2679050534016,,,2,1.0,1,1095.7735584845598,2.0
3,16.927642860872,,,2,1.0,1,971.2785367439028,2.0
40,19.0952731632869,1.0,1.0,1,4.0,1,2102.0300946889656,2.0
41,24.9116705037504,2.0,1.0,2,4.0,1,994.7178132926632,2.0
38,27.6907933167667,2.0,1.0,1,2.0,1,3602.778609946063,4.0
39,24.1287923737194,1.0,1.0,2,2.0,1,1684.749941350162,4.0
19,21.962601158007,1.0,1.0,2,2.0,1,880.0102923228202,4.0
72,26.7294321348375,1.0,1.0,1,3.0,1,2028.7905813818916,1.0
70,20.9131712612661,3.0,2.0,2,3.0,1,828.7251735672434,1.0
38,25.370795372723,1.0,1.0,1,1.0,2,2028.017352032894,3.0
35,21.0952035234064,1.0,1.0,2,3.0,2,1723.6530737665555,3.0
5,16.5827444707898,,,2,1.0,2,847.5922439629096,3.0
28,16.0802738732079,1.0,1.0,2,2.0,2,1038.918296,5.0
36,24.5549804317637,1.0,1.0,1,1.0,2,1643.4546587139562,5.0
44,28.1042114792084,2.0,,1,2.0,2,,5.0
45,21.7676346482275,2.0,1.0,2,3.0,2,,5.0
41,22.4750208179119,2.0,2.0,1,3.0,2,,5.0
34,23.5371919902176,2.0,2.0,2,1.0,2,2462.234687258622,5.0
6,16.4434440992374,,,1,2.0,2,2007.8239168267055,5.0
3,,,,1,,2,1877.5067599215645,5.0
57,20.7100946451325,2.0,2.0,1,2.0,2,2674.8727052519134,4.0
56,23.6,2.0,2.0,2,3.0,2,990.2927495996056,4.0
28,23.2556162823313,1.0,1.0,1,1.0,2,3808.8520418202015,4.0
33,18.5822749008461,1.0,1.0,2,2.0,2,3142.007093433396,5.0
36,31.1939331563354,3.0,1.0,1,3.0,2,4303.265801638073,5.0
37,28.3420886952898,1.0,2.0,1,3.0,2,2334.4943340179543,5.0
29,23.2640068399144,1.0,1.0,2,3.0,2,2088.5244835813833,5.0
53,20.8198059315975,1.0,2.0,2,3.0,2,1883.2599636008924,1.0
36,27.6557393270775,2.0,,1,1.0,2,1513.4545044142417,4.0
33,29.2237347606866,2.0,1.0,1,3.0,2,2120.1622608024586,4.0
34,21.0607038315144,2.0,2.0,2,2.0,2,1285.8998896186545,4.0
2,16.4269111570248,,,2,2.0,2,596.5384211673274,4.0
55,25.6313345236699,3.0,2.0,1,1.0,2,2028.2489138004448,4.0
53,22.7508236794558,3.0,2.0,2,3.0,2,2405.6870207088473,4.0
45,,,2.0,1,9.0,2,,5.0
42,,,2.0,2,3.0,2,,5.0
56,18.5133692198604,1.0,1.0,2,3.0,2,1306.0900659109466,5.0
25,17.9813746412437,1.0,1.0,2,2.0,2,2790.642033878106,5.0
40,20.6010941470003,1.0,1.0,2,9.0,2,,3.0
64,26.6481924517072,2.0,1.0,1,2.0,2,,4.0
62,20.7086272236666,3.0,2.0,2,3.0,2,1917.305230074363,3.0
68,27.0322566980224,3.0,2.0,1,3.0,2,1772.8980633983497,4.0
62,25.4691557485888,3.0,2.0,2,5.0,2,1493.056657971754,4.0
38,24.20837026045,1.0,2.0,1,2.0,2,1733.6267224002777,4.0
39,21.2993354055021,1.0,1.0,2,2.0,2,2569.2545014052157,5.0
9,25.7504985218923,,,1,2.0,2,1628.3857413363553,5.0
6,21.7824796787533,,,2,2.0,2,2093.5071781839,5.0
60,23.7124967246048,1.0,1.0,1,3.0,2,1207.491919487131,5.0
59,25.1403608254505,2.0,2.0,2,2.0,2,2779.588124891874,5.0
29,22.5338995628015,2.0,1.0,2,2.0,2,1674.2777108345276,5.0
57,18.4780815403577,3.0,1.0,2,3.0,2,1752.218469466365,4.0
60,21.6476864676311,3.0,3.0,1,2.0,2,2240.4787979950684,4.0
35,17.5969605119168,,,2,9.0,2,,4.0
7,15.209012887956,,,2,3.0,2,2708.81834607175,4.0
70,23.227475602217,3.0,2.0,2,2.0,2,1678.764019460156,4.0
42,18.1891554340654,2.0,2.0,2,3.0,2,1771.0221685318334,4.0
14,,,,1,,2,3283.3312055582096,4.0
12,19.5308028662347,,,2,2.0,2,1939.3844967967864,4.0
34,28.5935282067846,2.0,1.0,1,3.0,3,2573.5795336031756,4.0
35,24.4627343392775,2.0,1.0,2,1.0,3,889.2774444502444,4.0
3,18.5098091910777,,,2,1.0,3,1430.215625387977,4.0
47,24.1959183673469,3.0,3.0,1,3.0,3,3863.146519209193,4.0
47,20.5234834071001,1.0,1.0,2,3.0,3,1372.9983811373788,4.0
16,29.7370443382672,,,1,4.0,3,2556.200954050878,4.0
10,21.5309766575229,,,2,2.0,3,1376.6348127743452,4.0
79,20.3344488392031,3.0,2.0,2,3.0,1,837.5721908427745,3.0
34,20.8161445315344,1.0,1.0,2,3.0,1,979.1171399080954,4.0
38,27.082341113933,2.0,2.0,1,3.0,1,7002.343238579695,4.0
4,16.6752063710224,,,1,3.0,1,1106.5832102186887,4.0
2,17.5921734319199,,,1,2.0,1,1504.7412583252867,4.0
39,25.703125,2.0,2.0,2,3.0,1,1318.3286829651142,4.0
3,,,,2,,1,1016.4219709620156,4.0
64,22.5944318192445,2.0,2.0,2,4.0,1,1087.4533924844268,3.0
40,31.047589988885,1.0,2.0,2,4.0,1,1176.300788673074,3.0
80,,3.0,3.0,2,4.0,1,887.6698848969369,3.0
72,24.8094224005229,3.0,3.0,1,2.0,1,1204.020338638365,1.0
50,23.8786471185949,3.0,2.0,1,3.0,1,2800.887283231771,2.0
43,25.8154673908216,1.0,1.0,2,1.0,1,1242.175114051554,2.0
9,15.1831256456612,,,1,1.0,1,1628.9519184550516,2.0
45,26.8899313300893,3.0,2.0,1,4.0,1,1221.715094845477,5.0
73,23.3208437259157,1.0,2.0,2,4.0,1,950.4728180540752,5.0
57,25.2619196042551,3.0,3.0,1,3.0,1,,3.0
58,19.1388921765003,3.0,2.0,2,4.0,1,1599.2430673601434,3.0
24,21.6675685164436,1.0,1.0,1,3.0,1,2589.7510781275973,3.0
30,23.090312203935,2.0,1.0,1,2.0,3,1463.4210218544845,5.0
31,14.204736916867,2.0,2.0,2,2.0,3,2140.900070562537,5.0
47,21.1074230773448,3.0,2.0,2,2.0,3,1785.4933107573609,5.0
23,16.5577328499201,1.0,1.0,2,4.0,3,2116.0352135418184,5.0
24,23.4270074107918,1.0,1.0,1,3.0,3,,2.0
34,23.013044625804,2.0,2.0,1,2.0,3,6580.527636194306,5.0
33,26.4583055243035,2.0,1.0,1,2.0,3,2675.9636903840737,5.0
34,26.5480654215922,1.0,2.0,1,3.0,3,2203.230363133105,5.0
31,26.1396802311298,1.0,,2,1.0,3,1467.7145234439106,5.0
35,19.6262498604048,2.0,2.0,1,3.0,3,2153.4716098942454,5.0
40,18.7063440695277,1.0,1.0,2,4.0,3,1346.3037040082766,4.0
35,20.7226444714846,1.0,1.0,1,2.0,3,2115.4835867246325,3.0
41,30.7114948552571,2.0,3.0,1,3.0,3,1777.379831897638,4.0
40,16.5477282662907,2.0,1.0,2,3.0,3,1882.8175217042783,4.0
10,24.136343522744,,,1,1.0,3,2154.0053371739764,4.0
3,14.7943436633913,,,1,3.0,3,557.6984990418053,4.0
67,23.0332069373456,2.0,2.0,1,3.0,3,2154.076500367677,3.0
39,25.6311674996796,1.0,1.0,1,3.0,3,1597.9221732472713,5.0
37,25.5640330684884,1.0,1.0,2,4.0,3,1963.6069582886284,5.0
6,16.9617333142018,,,2,3.0,3,1836.8122804099005,5.0
4,15.4863191814122,,,1,3.0,3,1222.7409407085331,5.0
77,29.5761358687763,2.0,2.0,1,2.0,3,1826.2890330215575,1.0
67,20.5316186927869,2.0,1.0,2,3.0,3,2134.3979325846094,1.0
59,28.2350251486054,1.0,2.0,2,3.0,3,,2.0
38,22.3847242201976,1.0,1.0,2,3.0,3,,2.0
43,26.7898810973135,3.0,2.0,1,2.0,3,1799.8021925385788,4.0
42,21.0789879756602,1.0,1.0,2,2.0,3,1084.9676338844788,4.0
15,30.3709228921345,,,1,2.0,3,1778.5347580344196,4.0
34,24.0988204426057,1.0,2.0,1,2.0,3,2771.038270958687,5.0
39,23.9416618955448,1.0,1.0,2,2.0,3,,5.0
48,21.9710052590692,1.0,1.0,1,2.0,3,2032.63070074254,3.0
44,27.4158366728636,3.0,2.0,2,4.0,3,1220.4988220695668,3.0
52,18.7476887883661,3.0,1.0,1,3.0,3,2803.2629967856683,2.0
50,18.0683233330783,1.0,2.0,2,2.0,3,1906.5985467521675,2.0
62,26.6269124435898,1.0,1.0,2,2.0,3,1854.9899180626185,3.0
64,,,,1,,3,2074.884988974836,3.0
45,23.8898726987203,1.0,1.0,1,2.0,3,8307.267799998166,5.0
42,22.2860399117586,1.0,1.0,2,2.0,3,1659.0909766355137,5.0
14,18.1007589723807,,,1,2.0,3,2737.7559212684823,5.0
11,19.7866314322905,,,1,2.0,3,2254.165171793964,5.0
45,22.2817085260053,,1.0,2,9.0,3,1260.3580000000002,2.0
57,23.9302370859198,1.0,2.0,2,3.0,3,,2.0
29,25.4470112540046,1.0,1.0,1,3.0,3,2081.2107105296,2.0
70,22.6306482326214,3.0,2.0,2,2.0,3,1455.627053997479,2.0
23,19.2448916488443,2.0,1.0,2,2.0,1,1651.8353772249952,3.0
26,22.6660657640788,1.0,1.0,2,4.0,1,677.6111824599052,2.0
25,23.4766928259587,2.0,2.0,1,3.0,1,1073.0080000000005,2.0
68,25.4543248986053,3.0,1.0,1,1.0,1,2090.69440950539,5.0
64,26.6751917843692,2.0,3.0,2,4.0,1,1757.9365160337193,5.0
66,17.1959000009127,3.0,3.0,1,5.0,3,1456.0758722303674,2.0
65,29.8116927133538,3.0,2.0,2,3.0,3,1378.4097143087429,2.0
45,21.2060567373439,1.0,2.0,2,2.0,3,794.1203862984877,4.0
16,,,,2,,3,1687.6989255052815,4.0
15,,,,1,,3,1287.62874387087,4.0
28,23.7769002684605,1.0,1.0,1,3.0,1,2639.7155276154404,5.0
60,20.3340363859639,2.0,1.0,1,3.0,2,3406.2937014272457,5.0
59,20.6624906133257,3.0,1.0,2,4.0,2,2320.8045609830833,5.0
52,18.8033018598066,,,2,5.0,2,879.4151933150114,4.0
48,26.5936006096123,3.0,2.0,1,2.0,2,2320.1171072520556,5.0
45,21.122582176338,2.0,1.0,2,2.0,2,2014.0632784091429,5.0
15,25.8845894622198,,,1,1.0,2,,5.0
11,20.4786870945264,,,1,3.0,2,1265.8998912011064,5.0
41,33.6963360279345,2.0,3.0,1,3.0,2,3396.693503415299,4.0
39,26.2609218869555,1.0,2.0,2,3.0,2,2608.6500536605886,4.0
9,19.6945171854357,,,2,2.0,2,2317.65159576434,4.0
2,17.240659432424,,,2,2.0,2,764.5537804873412,4.0
52,21.1613702576049,3.0,2.0,2,3.0,2,3572.640208809127,5.0
25,20.2551151260304,2.0,1.0,2,3.0,2,1657.3776513723574,5.0
24,23.227910606544,3.0,1.0,1,2.0,2,2489.5426928167462,5.0
54,22.5721236282579,3.0,1.0,1,3.0,2,2098.403861729751,5.0
50,,,1.0,2,1.0,2,1395.440921035527,5.0
22,21.6683417236921,1.0,1.0,2,3.0,2,1827.7275106382976,5.0
19,23.8853839998516,2.0,1.0,1,9.0,2,,5.0
33,26.5398489980653,2.0,1.0,1,9.0,2,2063.5449418614494,5.0
32,19.0130941545505,1.0,1.0,2,2.0,2,1980.1849806571968,5.0
51,25.2207680933099,3.0,2.0,1,2.0,2,2707.1838740068615,5.0
44,22.0130493356462,1.0,1.0,2,3.0,2,1756.214412455921,5.0
17,26.1743712720527,,,2,2.0,2,2054.061077075929,5.0
14,20.1825657230837,,,1,1.0,2,2706.9934079448153,5.0
71,24.1990279898927,3.0,3.0,1,2.0,2,5297.6391095678,3.0
67,23.3450084979821,2.0,2.0,2,2.0,2,2098.132336629258,3.0
39,20.6142797692747,1.0,1.0,1,3.0,2,1814.3588739280483,5.0
37,20.8286160762725,1.0,2.0,2,3.0,2,1771.1031138052788,5.0
45,22.2962019108972,1.0,,1,2.0,2,2082.3861948606495,5.0
43,19.0585955495515,1.0,1.0,2,3.0,2,1294.956041793386,5.0
14,16.0802738732079,,,1,2.0,2,1994.637075414636,5.0
40,,,,1,,2,1448.4455514802378,5.0
40,21.5387614865367,2.0,1.0,2,2.0,2,2280.450627504547,5.0
5,,,,2,,2,1308.543294637292,5.0
1,,,,2,,2,1055.9559179316643,5.0
50,20.2269127765744,1.0,2.0,2,2.0,2,987.1773953020456,4.0
21,19.6974401564908,1.0,1.0,2,2.0,2,,4.0
63,26.7848216052707,3.0,3.0,1,3.0,2,1744.3762544273736,3.0
61,27.7144154675793,1.0,2.0,2,3.0,2,1116.8888225153923,3.0
34,25.148605395519,1.0,1.0,2,3.0,2,2856.073276818717,3.0
28,33.1307249063524,2.0,1.0,1,4.0,2,3007.4438709015294,3.0
52,24.75806986761,3.0,2.0,1,1.0,2,,5.0
40,26.8072558305781,1.0,2.0,1,3.0,2,2306.026143726327,4.0
36,20.2385514028098,1.0,1.0,2,3.0,2,1703.2676147287525,4.0
9,21.2389822779433,,,1,2.0,2,3414.1839577562127,4.0
8,15.0481444158844,,,1,2.0,2,2029.9952540795812,4.0
5,17.4071995322565,,,2,2.0,2,1460.4318416260203,4.0
49,24.7720879437433,2.0,1.0,1,1.0,2,,5.0
48,21.2037233738244,1.0,2.0,2,1.0,2,1384.4187427064137,5.0
16,,,,2,,2,1147.984654556917,5.0
56,24.1081295219032,3.0,1.0,1,9.0,2,,5.0
49,22.2823924457255,,1.0,2,2.0,2,1831.572904863083,5.0
61,25.0546204292842,2.0,2.0,2,2.0,2,2437.22676681121,4.0
36,20.0006257621526,1.0,1.0,2,3.0,2,2297.8477419935443,4.0
66,23.8437230680839,3.0,2.0,1,2.0,2,2805.7284492619756,3.0
60,19.124479698676,1.0,1.0,2,4.0,2,,3.0
58,,,,1,,2,1965.1406989905563,5.0
56,19.8828125,1.0,1.0,2,3.0,2,1746.0101695208996,5.0
26,21.953125,1.0,1.0,2,5.0,2,2043.1812635371125,5.0
25,22.1223245693911,1.0,1.0,2,3.0,2,2263.695715478032,5.0
19,15.8070552461149,2.0,1.0,1,3.0,2,1592.095474390895,5.0
57,19.9898998400808,2.0,1.0,1,2.0,2,1581.0628960452527,4.0
25,19.6655866981972,2.0,1.0,1,3.0,2,3066.735081706011,4.0
55,27.1760161543387,1.0,1.0,2,4.0,2,999.7811771616338,4.0
24,18.0827992672101,1.0,1.0,2,3.0,2,630.5163130075607,4.0
4,16.544090662204,,,2,1.0,2,1069.8668782771451,4.0
2,15.5507088853669,,,1,1.0,2,940.0498610559102,4.0
51,24.7238618950076,1.0,2.0,1,3.0,2,1748.727980434128,4.0
53,25.6872848689892,3.0,2.0,2,4.0,2,2322.3941366609824,4.0
18,21.3337979032346,,,2,1.0,2,,4.0
46,18.8010878088217,1.0,1.0,2,3.0,2,932.0102306762634,4.0
17,19.6887423912311,,,2,3.0,2,1278.5895114137122,4.0
15,18.2684193171593,,,2,3.0,2,1826.60286918307,4.0
65,25.9625281835114,3.0,2.0,1,2.0,2,1280.8762712051978,5.0
62,27.7388294213984,1.0,3.0,2,3.0,2,1290.96289578277,5.0
31,,,,1,,2,3537.964388194766,4.0
30,18.6932248928478,1.0,1.0,2,2.0,2,2117.6834593741405,4.0
1,16.5998670789931,,,2,2.0,2,1195.924163352696,4.0
64,22.1110874735171,3.0,1.0,2,2.0,2,1486.459480431079,5.0
67,26.9060741875962,3.0,2.0,1,4.0,2,1869.057200632624,5.0
64,,,,1,,2,2644.5641470602486,5.0
59,23.7753506499568,1.0,1.0,2,2.0,2,1510.2055991991797,5.0
33,16.8331431640328,1.0,1.0,1,3.0,2,,5.0
55,22.7341837094982,3.0,2.0,1,2.0,2,1785.1653439377242,5.0
27,22.5867945467656,3.0,1.0,2,3.0,2,,5.0
23,22.9443473062264,2.0,1.0,2,3.0,2,2873.33694305387,5.0
78,17.6723596822114,2.0,2.0,1,2.0,2,1570.7104752890434,2.0
74,23.8317880532114,2.0,2.0,2,2.0,2,1111.9811242076964,2.0
49,20.6101598588431,1.0,1.0,2,3.0,2,758.3257765104352,2.0
42,19.8635123890532,1.0,1.0,2,3.0,2,,2.0
51,21.2698966314948,1.0,2.0,2,3.0,2,1258.4967865902138,4.0
16,20.1506614167914,,,1,2.0,2,,4.0
44,21.6190112531165,2.0,2.0,1,3.0,2,3458.619321436005,4.0
42,26.180206715017,2.0,2.0,2,2.0,2,1719.5161016805107,4.0
12,21.4433152394639,,,2,1.0,2,1323.151358021408,4.0
8,13.3158246091895,,,2,1.0,2,1177.3214416801334,4.0
68,21.8569958301945,1.0,1.0,2,4.0,3,2140.9557850326473,2.0
80,,3.0,,2,5.0,3,755.2625368627139,1.0
80,24.2618654323624,2.0,3.0,2,3.0,1,975.2538515108624,1.0
80,18.372066553726,1.0,1.0,1,4.0,1,810.18234395837,1.0
78,18.6249184684692,3.0,2.0,1,3.0,1,1717.508923701036,2.0
70,26.7949857596975,2.0,3.0,2,3.0,1,1332.191828953906,2.0
60,,,,1,,1,3138.547452691986,3.0
59,22.994611417805,2.0,1.0,2,3.0,1,1165.078590595117,3.0
30,,,,1,,1,1810.3386637662463,3.0
67,23.2208200813926,3.0,3.0,1,3.0,1,1274.925,1.0
80,25.3376537514258,2.0,1.0,2,1.0,1,1624.125224080954,3.0
59,25.8873460187199,1.0,3.0,1,2.0,1,1387.038468374882,3.0
65,26.6440443648475,3.0,,2,5.0,1,1098.800997565935,3.0
29,35.7715109758051,1.0,2.0,2,3.0,1,804.6294986558457,3.0
26,24.7255565815123,1.0,1.0,1,3.0,1,3727.678845331334,3.0
41,23.1419894869248,3.0,2.0,2,3.0,1,,4.0
17,21.7037315214202,,,2,2.0,1,,4.0
15,22.4124392017067,,,1,2.0,1,,4.0
57,24.445882714936,2.0,1.0,1,3.0,3,2176.982425248652,4.0
53,23.5379554872058,1.0,2.0,2,3.0,3,831.3073771763318,4.0
31,21.8662797348822,1.0,1.0,1,3.0,3,1388.46128504909,4.0
55,26.7881430707773,3.0,,1,3.0,3,1227.0105253345998,1.0
80,,,,1,,3,1211.806053101276,4.0
79,24.6348878017721,2.0,2.0,2,3.0,3,1403.300108622706,4.0
51,23.6043675819163,2.0,2.0,1,3.0,3,,4.0
51,27.0949807081604,1.0,3.0,1,3.0,3,3062.5397244503056,3.0
49,19.294741317472,1.0,1.0,2,3.0,3,762.6724850941796,3.0
18,25.6231083255299,,,2,2.0,3,2793.137927572462,3.0
17,24.3504137030048,,,2,3.0,3,755.4096182136602,3.0
44,23.4863486474843,1.0,2.0,2,3.0,3,,2.0
49,32.7046411156207,3.0,2.0,2,3.0,3,2069.982189494155,2.0
52,19.1189125696447,1.0,2.0,1,3.0,3,2790.0700214505086,2.0
23,20.7931307365551,2.0,2.0,1,3.0,3,2159.1810744483055,2.0
21,20.0429805710276,1.0,1.0,2,3.0,3,1825.9573007637143,2.0
13,17.6165428262854,,,2,3.0,3,2000.5135174948484,2.0
39,22.3775784823733,3.0,1.0,1,2.0,3,4266.21398736302,4.0
35,19.4854579582722,1.0,1.0,2,3.0,3,1193.3179999999998,4.0
5,14.5773506058,,,1,2.0,3,1869.8199936760109,4.0
3,15.3982941148269,,,1,2.0,3,2803.171993584911,4.0
68,27.9688042422633,1.0,3.0,2,5.0,3,2259.6154448340567,2.0
55,21.8820653374834,3.0,3.0,1,4.0,3,1644.850450816196,1.0
80,,3.0,2.0,2,4.0,3,422.94007237042064,1.0
39,22.2800171089344,1.0,1.0,1,1.0,1,2356.4930334133874,4.0
62,,,,2,,1,648.8333829657716,4.0
46,27.7765265828867,1.0,2.0,1,2.0,1,1441.7397905013652,5.0
44,17.9907058184179,2.0,1.0,2,2.0,1,1616.6597525225225,5.0
40,30.8888513514588,1.0,3.0,1,3.0,3,2799.7926454665476,1.0
34,38.2671674840904,3.0,3.0,2,3.0,3,1458.464404037671,1.0
9,15.701043380834,,,2,3.0,3,1134.7189961126835,1.0
7,15.7665028702202,,,1,3.0,3,2384.5813204885194,1.0
47,23.6841843385843,1.0,1.0,2,3.0,3,2229.988020851027,4.0
49,22.89580308497,2.0,2.0,1,3.0,3,2818.487814127013,4.0
13,20.2866873919087,,,1,2.0,3,1175.170970644809,4.0
9,25.9806480593427,,,1,2.0,3,2120.718284737035,4.0
58,23.5209868627048,1.0,2.0,2,3.0,3,2692.7577487563985,3.0
29,22.0769976786272,1.0,1.0,1,2.0,3,,3.0
80,21.1396814982728,2.0,2.0,2,1.0,3,1859.6879965994224,1.0
35,21.7636865307782,1.0,2.0,2,3.0,3,1689.2746716814972,2.0
8,23.4739133789075,,,2,,3,2058.386928609173,2.0
5,14.700826446281,,,2,,3,836.7137194462991,2.0
70,25.2800384291393,3.0,1.0,2,3.0,3,1448.2835574672238,1.0
70,21.9897514640273,3.0,2.0,1,3.0,3,,3.0
65,22.4885783391561,3.0,2.0,2,3.0,3,,3.0
39,22.2603351198337,3.0,2.0,1,3.0,3,2404.284302932055,3.0
34,18.8168910125673,1.0,1.0,2,2.0,3,1137.2652493416558,3.0
8,14.3079577494424,,,2,2.0,3,1370.7858508901172,3.0
74,26.1317692526004,3.0,3.0,2,2.0,3,869.9803157312379,1.0
26,25.2001861361694,1.0,1.0,1,2.0,3,1492.1981206776588,3.0
80,16.8147793697786,3.0,2.0,2,3.0,3,1137.3290223497056,2.0
21,22.8936958168504,1.0,1.0,1,2.0,3,,1.0
62,30.7111850379326,1.0,3.0,2,3.0,3,,2.0
33,22.1686928375174,1.0,1.0,2,1.0,3,2056.762308062402,2.0
13,16.1895596603717,,,2,2.0,3,1523.948516755346,2.0
4,15.6178719535787,,,1,2.0,3,979.2136070304376,2.0
54,23.1436650694464,1.0,2.0,2,3.0,3,2282.119370414542,2.0
64,22.9027230458081,2.0,2.0,1,2.0,3,2393.7873358761,2.0
26,,,,2,,3,1997.1713342766109,2.0
54,24.7533252443854,3.0,1.0,1,2.0,1,1680.4623122831472,1.0
80,20.0869257016532,3.0,1.0,1,4.0,1,1827.159378178027,1.0
14,27.48503354033,,,1,2.0,1,1410.9745862927743,1.0
10,15.9271863886898,,,2,2.0,1,1325.6069156820597,1.0
56,17.6220072956406,3.0,1.0,1,4.0,1,2954.4775229050424,2.0
53,21.3261921527038,2.0,2.0,2,2.0,1,1119.6704295074692,2.0
77,17.2717150167022,1.0,,1,9.0,1,1734.6399798073417,4.0
72,20.9129823873476,3.0,2.0,2,4.0,1,1357.241587305622,4.0
42,,1.0,1.0,2,3.0,2,1856.4674519625823,4.0
6,13.8122336926992,,,1,2.0,2,1350.4594425495818,4.0
6,16.4392352263934,,,2,1.0,2,1350.4594425495818,4.0
46,29.7969870204816,1.0,2.0,2,2.0,2,1160.7894870111395,5.0
51,23.1713523295446,1.0,3.0,1,3.0,2,3609.8726760997656,5.0
19,26.7868292047601,1.0,1.0,1,2.0,2,1368.790103827156,5.0
9,23.9757046193191,,,2,1.0,2,1609.7717149481102,5.0
72,23.1453528156825,3.0,2.0,1,3.0,2,1733.562086447732,1.0
67,25.118544149686,3.0,1.0,2,3.0,2,1582.2809066117852,1.0
73,26.9260890057329,3.0,3.0,2,9.0,2,1327.5781979065391,3.0
65,24.2598078512044,3.0,3.0,2,2.0,2,996.1041665287672,4.0
54,24.4880004709545,2.0,1.0,2,3.0,2,,4.0
51,,,,1,,2,2008.656313648004,3.0
49,27.7989296055111,1.0,2.0,2,4.0,2,1557.4053272252286,3.0
18,20.1017345490159,,,1,3.0,2,1659.60080148667,3.0
43,26.2110509519882,1.0,2.0,2,3.0,2,1385.7597850281154,5.0
13,19.9967926712931,,,2,2.0,2,1777.983140376914,5.0
53,21.8341577101719,1.0,1.0,2,2.0,2,1687.2545364539988,3.0
59,25.0565926929133,2.0,2.0,1,3.0,2,2357.400940588781,3.0
55,24.9926027641244,3.0,3.0,2,5.0,2,,3.0
31,22.677014715321,2.0,1.0,1,2.0,2,1902.793503351636,3.0
38,18.2236993089614,1.0,1.0,2,3.0,2,2255.600080654723,3.0
13,15.7574572578972,,,2,1.0,2,2621.5404054490537,3.0
30,24.5171878152291,2.0,2.0,1,3.0,2,2716.7514260869566,4.0
29,23.6215441626126,1.0,1.0,2,3.0,2,2535.5331321197264,4.0
60,21.5288494109677,2.0,3.0,1,3.0,2,3204.586096433792,3.0
53,26.366914074779,1.0,3.0,2,3.0,2,1220.6227974088577,3.0
66,22.3586747039881,1.0,2.0,1,5.0,2,2387.763582422999,2.0
60,25.8808173866089,3.0,3.0,2,2.0,2,1675.645372215266,2.0
59,23.4872994344927,3.0,2.0,1,3.0,2,1596.614004489256,4.0
55,25.6679867532748,3.0,2.0,2,3.0,2,1527.23541564606,4.0
24,22.8589548608759,1.0,1.0,2,3.0,2,1637.192289428919,4.0
45,23.6836546044042,2.0,2.0,1,3.0,2,2134.4154248901295,3.0
42,29.9588376875395,1.0,2.0,2,4.0,2,1698.575364829505,3.0
10,19.898976514233,,,1,2.0,2,1746.7445124041496,3.0
8,14.5646362101232,,,1,3.0,2,1879.120733190663,3.0
48,19.8025997645075,2.0,1.0,2,2.0,2,1312.1186836498846,3.0
24,24.0993685776911,2.0,1.0,1,2.0,2,2008.5167743667523,3.0
77,24.0577162691349,3.0,2.0,1,3.0,2,1754.2066758441515,2.0
71,23.5410137035225,3.0,2.0,2,3.0,2,1516.1303029761948,2.0
69,30.9405821967047,3.0,2.0,2,4.0,2,,1.0
72,29.0227917147251,2.0,1.0,1,2.0,2,3096.083455630973,4.0
72,23.6799601497404,3.0,2.0,2,4.0,2,1216.077181932375,4.0
56,25.581198799872,3.0,2.0,1,3.0,2,2421.8223305558504,4.0
51,23.2864197542183,1.0,2.0,2,3.0,2,1338.9888129188876,4.0
23,18.2962331015116,1.0,1.0,2,3.0,2,1733.1688764203718,4.0
57,21.3242503036193,2.0,2.0,1,2.0,2,1512.4153053468144,4.0
54,21.6156586812957,1.0,2.0,2,2.0,2,1375.3586095646565,4.0
28,,,,2,,2,1696.5207498381344,4.0
26,21.6338095860465,1.0,1.0,1,2.0,2,1520.482272961537,4.0
52,26.3833415998817,2.0,2.0,1,3.0,2,865.0524466741259,3.0
44,39.1688745256742,2.0,1.0,2,5.0,2,1163.964028778072,3.0
20,22.6034046279083,1.0,1.0,2,3.0,2,,3.0
17,26.1476053994083,,,1,3.0,2,722.4479517466903,3.0
51,21.0076677987465,1.0,2.0,1,3.0,2,,3.0
53,24.3013007823546,1.0,3.0,2,4.0,2,3541.131067147997,3.0
22,23.870924976642,2.0,1.0,2,2.0,2,1552.2749967117725,3.0
17,23.6918388583321,,,1,3.0,2,2221.8406816691595,3.0
49,22.7151551098057,1.0,2.0,2,1.0,2,1863.258530577248,2.0
12,15.0594424545197,,,2,1.0,2,3065.9105056793674,2.0
11,15.6770778660288,,,1,1.0,2,2370.800112024498,2.0
49,20.3274727225357,2.0,1.0,1,4.0,2,,2.0
56,26.0152236110162,3.0,2.0,1,3.0,2,1483.0287045357488,2.0
53,29.1354286812764,3.0,2.0,2,3.0,2,2566.240529802636,2.0
44,23.453434318914,2.0,1.0,1,2.0,2,,4.0
44,24.65154994645,1.0,1.0,2,3.0,2,1654.2854798560995,4.0
17,20.7748202736479,,,2,4.0,2,,4.0
15,19.2840207105736,,,2,2.0,2,1639.748882189926,4.0
10,15.1571919217851,,,1,2.0,2,1795.01439606401,4.0
37,27.9767945206176,2.0,,1,2.0,2,1769.924552647714,2.0
42,22.4223468672123,1.0,1.0,2,2.0,2,2193.776064569608,2.0
12,29.5430463996345,,,1,3.0,2,2068.8577589417346,2.0
10,16.9672391326139,,,1,3.0,2,1502.4484597797386,2.0
2,16.340738091765,,,1,2.0,2,1607.4370338309682,2.0
52,25.550999795592,3.0,2.0,2,9.0,2,2080.054107907317,3.0
33,27.0932463134431,2.0,1.0,1,3.0,2,2169.7173722340813,2.0
31,25.2372886377077,1.0,1.0,2,3.0,2,1333.6057800414908,2.0
11,21.5461682743043,,,2,2.0,2,3600.081339157309,2.0
10,14.5088108051071,,,2,2.0,2,3118.9455414673776,2.0
60,26.9176505532041,3.0,3.0,2,3.0,2,2138.1322519221208,2.0
49,26.8197892230664,2.0,1.0,1,2.0,2,1786.0511034500587,3.0
50,20.8549164452052,2.0,1.0,2,3.0,2,970.4594986889158,3.0
17,18.8062442607897,,,1,2.0,2,2346.0004236681725,3.0
10,19.9430652839475,,,1,3.0,2,2302.669952112043,3.0
53,20.2862233421575,1.0,2.0,2,3.0,2,1404.00785944291,2.0
25,20.4612749234393,1.0,1.0,2,3.0,2,2219.8930653462303,2.0
23,18.0482355018701,1.0,1.0,1,2.0,2,2018.3582615404491,2.0
75,24.7357633378862,3.0,3.0,2,5.0,2,1315.9809510029088,2.0
77,26.0853715787122,3.0,2.0,1,2.0,2,1808.7055350833311,2.0
71,28.7611686334484,3.0,2.0,2,2.0,2,2211.0725859235117,2.0
22,18.7343362292523,1.0,1.0,2,4.0,2,1675.4440411140306,2.0
43,26.2386505688766,3.0,2.0,1,3.0,2,1403.4871211860025,2.0
43,21.3299121827127,1.0,1.0,2,3.0,2,1193.8065568215625,2.0
15,24.0052106962783,,,1,2.0,2,3102.7206046127085,2.0
11,21.0360874079483,,,2,3.0,2,1697.7415085310686,2.0
11,17.7776021965215,,,2,3.0,2,1389.7182355713744,2.0
36,23.413938477216,3.0,3.0,1,4.0,2,,4.0
37,23.5323481953104,1.0,1.0,2,2.0,2,1456.1059468164403,4.0
54,24.116017598175,3.0,3.0,1,3.0,2,,3.0
22,22.3056779384913,1.0,1.0,1,2.0,2,2957.814615132145,3.0
80,23.6890737092291,3.0,2.0,1,3.0,2,1363.134276976297,2.0
73,,,,2,,2,1505.573594533296,2.0
47,20.3998291514309,1.0,1.0,1,3.0,2,2251.0319324249595,2.0
45,24.0707491570955,2.0,1.0,2,5.0,2,981.0588693251829,2.0
16,18.6451893583496,,,2,2.0,2,,2.0
15,18.4074697745844,,,1,2.0,2,1854.5388266919008,2.0
44,24.7288223140496,2.0,2.0,1,3.0,2,2111.749103223437,4.0
48,23.1810824564084,1.0,1.0,2,3.0,2,1615.5730199876632,4.0
11,17.9652936191982,,,1,3.0,2,1668.1976019582771,4.0
9,18.1861931839769,,,2,3.0,2,2047.400661794543,4.0
39,19.3244271216743,1.0,1.0,2,4.0,2,896.1595523473437,3.0
9,15.5298669186518,,,2,1.0,2,1565.8258918044908,3.0
8,14.6214274120202,,,1,2.0,2,1705.504233634589,3.0
38,24.844051196705,2.0,2.0,1,3.0,2,2414.17531215537,2.0
34,21.8991671624033,1.0,1.0,2,3.0,2,1199.5171180802474,2.0
3,16.3053064358795,,,2,1.0,2,1003.8878300974692,2.0
60,23.4122171334152,1.0,2.0,1,3.0,2,2295.4264226813575,2.0
25,23.0329889828657,1.0,1.0,1,2.0,2,,2.0
50,21.574500691618,2.0,1.0,2,9.0,2,2052.661630228182,4.0
25,,,,2,,2,383.3167180771431,4.0
22,,,,2,,2,1390.0794912701606,4.0
18,,,,1,,2,2482.1420816158015,4.0
44,23.7855974221196,3.0,2.0,1,3.0,2,2248.0616217816464,2.0
40,25.8288719827181,2.0,2.0,2,5.0,2,2240.688047300015,2.0
15,19.4306703397612,,,2,3.0,2,1335.110837949625,2.0
11,16.8192673493671,,,1,1.0,2,3167.7009042959703,2.0
9,19.9170524691358,,,1,1.0,2,3381.8937580076336,2.0
80,21.6468140683952,3.0,3.0,2,3.0,2,1922.9166655396216,1.0
80,30.2584130866077,3.0,3.0,2,3.0,2,1489.651614500137,2.0
46,21.5283473628365,1.0,1.0,2,2.0,2,1591.8098989939429,4.0
57,24.990640122705,3.0,1.0,1,1.0,2,2646.6896276145753,4.0
30,30.4717318985626,1.0,1.0,1,2.0,2,,4.0
37,25.5604513914124,2.0,2.0,1,3.0,2,4131.640317755934,4.0
35,22.0831122466193,1.0,1.0,2,3.0,2,1115.4204466991969,4.0
4,19.6452219231919,,,1,1.0,2,1836.901393717127,4.0
51,26.0814047087297,1.0,2.0,1,2.0,2,560.7930261143822,4.0
49,32.3928790762425,1.0,3.0,2,2.0,2,1756.7251181225397,4.0
20,20.9945190640171,1.0,1.0,2,2.0,2,1134.016352300489,4.0
10,21.6033957643907,,,1,1.0,2,1792.7711334533574,4.0
8,18.0796180423704,,,2,2.0,2,1211.5678581520078,4.0
66,23.6279134969651,3.0,3.0,1,3.0,2,1564.6864168745128,2.0
60,23.8449665462839,3.0,1.0,2,3.0,2,2305.054873954242,2.0
47,27.5741149737731,2.0,2.0,1,3.0,2,1468.1662343904973,4.0
50,22.265625,2.0,2.0,2,3.0,2,1362.8638548213096,4.0
10,,,,2,,2,1984.1519579561404,4.0
54,,,,2,,2,1851.0666325723696,3.0
58,23.15393337221,1.0,2.0,1,3.0,2,,3.0
26,19.6192130291089,1.0,1.0,2,2.0,2,2041.5684007255209,3.0
59,23.9389367667624,2.0,3.0,2,5.0,2,1138.119621486598,2.0
24,36.4585573143363,2.0,1.0,2,5.0,2,1372.2003026465,2.0
33,28.9977156098246,3.0,1.0,1,2.0,2,2420.8281284033915,4.0
29,,,,2,,2,1395.293917085209,4.0
2,,,,1,,2,1037.514571339624,4.0
57,21.6657456009781,1.0,1.0,2,3.0,2,,5.0
28,18.1559273762905,1.0,1.0,2,3.0,2,878.9492819124282,5.0
33,26.4452084928651,1.0,1.0,1,2.0,2,2480.1683402791136,5.0
50,23.505100945108,1.0,2.0,2,3.0,2,,5.0
59,24.8614364004152,3.0,2.0,2,4.0,2,1612.6805359241564,5.0
63,26.367228321976,2.0,2.0,1,2.0,2,1558.665363610546,5.0
32,24.8742024255658,1.0,2.0,1,1.0,2,1213.7028067199976,5.0
29,30.6906587275878,1.0,1.0,1,3.0,2,,5.0
76,23.9341507833933,3.0,2.0,2,3.0,1,1475.511759456168,2.0
49,22.9568411386593,1.0,1.0,2,4.0,1,1661.6550123752147,5.0
48,19.8624283763264,1.0,2.0,1,2.0,1,2763.850996506845,5.0
68,25.8243849592822,3.0,2.0,1,3.0,1,1223.8723465179105,2.0
55,28.4,3.0,2.0,2,3.0,1,1248.0867606308657,4.0
29,20.4,1.0,1.0,2,3.0,1,2298.2101019456545,4.0
51,27.1398854971666,1.0,1.0,2,2.0,1,1319.7665676494066,3.0
77,22.8026569604359,3.0,2.0,2,3.0,1,1877.1494474123256,3.0
62,25.8166302126286,2.0,2.0,1,2.0,1,1631.0060432290647,4.0
69,20.6978839457472,3.0,1.0,2,3.0,1,2016.193450170872,3.0
42,32.4898700364988,2.0,1.0,2,2.0,1,1663.9937346777997,3.0
51,21.3086317569055,3.0,1.0,1,4.0,1,,2.0
51,32.9848385478955,,2.0,2,3.0,1,,2.0
18,26.9966605286976,,,1,2.0,1,,2.0
76,25.3185484347138,3.0,2.0,1,3.0,1,2628.1561155887352,2.0
75,25.2337910743034,3.0,3.0,2,3.0,1,1727.2006599038318,2.0
61,23.6672517122814,1.0,2.0,1,3.0,1,2026.1618485436115,3.0
57,24.1932982496045,1.0,1.0,2,3.0,1,2345.5948404877877,3.0
30,21.2176943492489,1.0,1.0,2,3.0,1,2726.426611947846,3.0
33,20.2221938779629,1.0,1.0,2,3.0,1,1953.231034627848,3.0
65,26.5321116479957,3.0,2.0,1,3.0,1,1675.758091814658,1.0
61,,,,1,,3,1684.311350097629,3.0
59,20.9101105592053,1.0,2.0,2,3.0,3,1217.3090000226,3.0
38,24.9826989619377,2.0,2.0,1,3.0,3,3707.8352703208498,3.0
40,21.0915170228703,2.0,2.0,2,3.0,3,,5.0
14,24.1892816681906,,,2,2.0,3,,5.0
58,26.2513156994686,2.0,2.0,1,1.0,3,2476.309484076641,4.0
51,23.7919132149901,2.0,2.0,2,4.0,3,2499.555225861181,4.0
31,21.706025796255,1.0,1.0,2,3.0,3,,3.0
58,21.7709405693789,2.0,1.0,1,9.0,3,708.1586706834029,3.0
32,17.7681335048071,2.0,1.0,2,9.0,3,1476.020417671468,3.0
24,20.5621366044983,1.0,1.0,1,3.0,3,1270.7154591145425,3.0
69,25.4836586039202,3.0,1.0,2,4.0,3,,1.0
39,19.7352964210197,2.0,1.0,1,3.0,3,2379.5092450957545,1.0
58,23.2997998958362,3.0,2.0,1,3.0,3,2616.8651990550193,3.0
54,24.7201270296874,1.0,2.0,2,3.0,1,1426.955545228545,1.0
32,26.5627491230867,1.0,2.0,1,2.0,1,1294.0759559963128,1.0
45,,,,1,,1,1750.0819764810249,5.0
43,23.0050729428677,2.0,1.0,2,3.0,1,1327.6156225459026,5.0
9,14.0953810654368,,,1,1.0,1,1248.4656278770751,5.0
6,18.773627547666,,,2,1.0,1,1167.149422222943,5.0
33,25.8639570533579,2.0,1.0,2,3.0,1,944.270882016574,5.0
67,23.7799291562356,2.0,1.0,2,5.0,1,1012.2826437586814,1.0
29,29.0989562689919,2.0,1.0,1,3.0,1,469.72850530764697,1.0
62,25.5703581082866,1.0,2.0,1,3.0,1,2214.858532102719,2.0
63,29.2086394953538,2.0,1.0,2,3.0,1,1250.3426279812616,2.0
80,25.6704874069914,3.0,3.0,2,3.0,1,1248.4657393584284,2.0
66,26.5102342712233,2.0,1.0,2,2.0,1,1539.6219019535667,1.0
66,25.6299227999746,1.0,3.0,1,3.0,1,1894.6473494379793,1.0
69,20.307412205455,1.0,1.0,1,1.0,1,2130.0153927105575,2.0
43,33.134076995272,2.0,3.0,1,3.0,1,2106.2118702076973,2.0
26,22.1445847890352,1.0,1.0,2,3.0,1,1916.1760897127192,2.0
6,16.017199677506,,,2,1.0,1,1909.7100148643449,2.0
4,18.0827261871218,,,2,1.0,1,1799.7919880867548,2.0
70,23.4092248127262,3.0,2.0,1,4.0,1,2442.692318939583,4.0
66,24.7104887256402,2.0,1.0,2,1.0,1,2166.9885674701873,4.0
66,28.998671341104,2.0,2.0,2,3.0,1,694.6248940263937,4.0
74,21.2690453319647,3.0,2.0,1,4.0,1,817.1804493846246,4.0
37,21.724298645583,1.0,1.0,1,2.0,1,2032.448580938991,4.0
24,16.0688525109924,1.0,2.0,2,3.0,1,1611.866,1.0
72,23.85722828608,3.0,2.0,1,2.0,1,2081.9891159134113,5.0
70,24.1724344322716,3.0,3.0,2,3.0,1,989.5017725606654,5.0
45,22.7131105048463,3.0,1.0,1,3.0,1,1960.510446738545,5.0
43,20.7666514250876,3.0,2.0,2,2.0,1,1426.0407963060843,5.0
68,20.8592762382145,3.0,2.0,2,3.0,1,2314.484230664348,1.0
24,22.4118467361711,1.0,2.0,2,4.0,1,946.8955245117976,1.0
38,30.991215241869,1.0,2.0,1,4.0,1,1872.911526640048,4.0
36,19.7325104902664,1.0,2.0,2,2.0,1,2249.264075155802,4.0
70,,,,1,,1,2223.3213688736846,4.0
65,22.410909516868,3.0,1.0,2,1.0,1,2760.8643930519033,4.0
33,22.6621537162848,1.0,1.0,1,2.0,1,2224.2498170352237,3.0
23,20.1014403782475,1.0,1.0,1,3.0,1,2773.9177414233586,2.0
27,26.641231301624,1.0,1.0,1,3.0,1,3535.6864476831342,3.0
29,24.2366863905325,1.0,1.0,1,1.0,1,2810.5832364538273,5.0
34,18.1105832211483,1.0,1.0,2,3.0,1,,3.0
60,24.7072945547809,1.0,1.0,1,1.0,1,3392.6815508294258,4.0
58,23.9199722065596,2.0,2.0,2,3.0,1,1057.861951641522,4.0
30,,,,2,,1,2817.1948916475485,4.0
28,20.4227475088958,3.0,1.0,2,3.0,1,1986.955029108468,4.0
21,19.9530240913779,1.0,1.0,2,2.0,1,715.9535522699764,4.0
80,27.8163350739198,3.0,3.0,2,4.0,3,1549.7025065405626,1.0
32,22.5710475017954,1.0,1.0,1,3.0,2,2244.8830170963215,5.0
28,20.1652897383836,1.0,2.0,2,2.0,2,950.5216097688092,5.0
57,23.7307103226092,1.0,2.0,1,3.0,2,1530.0878700349467,5.0
58,19.2495708718016,2.0,1.0,2,3.0,2,1425.0710655916728,5.0
67,27.4769255398408,1.0,2.0,1,3.0,2,1769.7055434086587,4.0
64,22.7360056732454,3.0,2.0,2,3.0,2,1081.6556735794125,4.0
63,27.170631566236,2.0,1.0,1,4.0,2,2940.3653627324165,2.0
63,21.0810305534142,2.0,1.0,2,2.0,2,662.7356183519809,2.0
60,24.4519638568759,2.0,1.0,1,2.0,2,,5.0
63,18.7089880796551,1.0,1.0,1,4.0,2,3658.9763909362614,3.0
60,26.6727632982777,1.0,2.0,2,3.0,2,1752.876518001324,3.0
57,22.6383624140456,1.0,2.0,2,2.0,2,1356.7489252449388,5.0
26,21.6099153980549,2.0,1.0,1,2.0,2,3206.865664811998,5.0
58,20.4296875,1.0,1.0,2,3.0,2,1147.1302230390934,5.0
24,18.9167056912616,1.0,1.0,2,4.0,2,1692.8258999017903,5.0
60,25.1147103040871,3.0,2.0,1,3.0,2,1832.2498786762312,5.0
58,21.9816311622208,3.0,2.0,2,3.0,2,826.6975260397599,5.0
41,24.4795960866646,1.0,1.0,1,3.0,2,1313.217051860007,5.0
43,25.7168306399537,2.0,1.0,1,3.0,2,,4.0
41,19.7544832439516,1.0,1.0,2,2.0,2,1461.1297088948018,4.0
13,19.8679852465726,,,1,2.0,2,1726.9958644468757,4.0
9,16.1439514608699,,,2,1.0,2,1371.1350637291457,4.0
61,28.9901266610508,3.0,2.0,1,2.0,2,1167.0075052322488,5.0
56,24.1083257546648,3.0,2.0,2,2.0,2,2029.214357162445,5.0
26,20.8866117175317,1.0,1.0,2,3.0,2,740.5746055436936,5.0
23,32.3189098740036,2.0,2.0,2,5.0,2,1163.536,5.0
36,27.1220773387805,2.0,2.0,1,3.0,2,3078.728068815728,3.0
34,25.9962097938291,3.0,2.0,1,3.0,2,3642.2504694921745,3.0
61,19.7516547309028,1.0,2.0,2,3.0,2,878.1186093482368,3.0
58,23.4066686353996,1.0,2.0,2,3.0,2,2197.7826084116305,5.0
54,24.7530259878961,1.0,1.0,1,3.0,2,954.7329425706772,5.0
26,,,,2,,2,1693.8560230284338,5.0
25,19.1689165720432,1.0,1.0,2,2.0,2,1626.0306593014366,5.0
80,23.7333889600186,3.0,3.0,1,3.0,2,773.7113026595837,4.0
73,20.4449481565678,2.0,1.0,2,2.0,2,2048.347990534127,4.0
61,27.2433072097923,,2.0,1,9.0,2,818.9258876308934,5.0
29,24.5435449105737,1.0,1.0,1,3.0,2,1537.94556731568,5.0
55,25.5408773274081,2.0,2.0,1,2.0,2,,5.0
50,20.4931134941414,3.0,1.0,2,3.0,2,1919.3129435372373,5.0
24,28.7604164533896,2.0,1.0,1,2.0,2,3642.714705685627,5.0
61,25.635078998343,2.0,2.0,1,2.0,2,1300.0712522074618,4.0
56,23.1088224591544,2.0,2.0,2,4.0,2,1565.1993584641923,4.0
25,23.8557694964487,1.0,1.0,1,3.0,2,3549.3792384455355,4.0
72,20.958509308134,1.0,3.0,1,3.0,2,1064.5824464154111,5.0
66,20.4577092799686,3.0,1.0,2,2.0,2,1697.767072212457,5.0
43,18.7214241268295,1.0,1.0,2,3.0,2,1672.956408686822,5.0
69,22.0607962978184,2.0,2.0,1,3.0,2,1708.8561040299371,5.0
60,22.1571954636778,1.0,3.0,2,3.0,2,955.1410477086404,5.0
32,25.1007061564221,1.0,1.0,2,3.0,2,3086.543669561663,5.0
29,23.1089950546001,1.0,2.0,2,2.0,2,1381.0397309511754,5.0
53,23.0844995280502,2.0,,1,2.0,2,1307.4402182764145,4.0
51,21.4754269054561,3.0,1.0,2,2.0,2,2462.4680459904057,4.0
24,24.0731108312134,1.0,1.0,1,2.0,2,,4.0
47,29.5353796264344,2.0,2.0,2,3.0,2,2146.1437248694488,2.0
12,20.4194967747448,,,1,1.0,2,2470.812102760178,2.0
58,22.7903209082438,2.0,2.0,1,2.0,2,2168.570472769516,4.0
55,24.0024563552738,3.0,1.0,2,2.0,2,595.4313277755191,4.0
27,21.0348239650164,3.0,1.0,1,2.0,2,2057.467846650661,4.0
25,,,,1,,2,1924.3589905476292,4.0
46,23.5555555555556,1.0,2.0,2,4.0,2,1409.414593760382,5.0
43,,,,2,,2,1809.5839075303377,5.0
39,,,,2,,2,1408.9027381229864,5.0
80,20.298224852071,3.0,2.0,1,4.0,2,779.4823369180343,2.0
77,24.5997939767254,3.0,2.0,2,2.0,2,1241.3072421628672,2.0
34,28.5056729241375,2.0,2.0,1,4.0,2,,5.0
34,24.0222235022438,1.0,1.0,1,1.0,2,3411.860653443852,5.0
30,19.5345607784947,2.0,1.0,2,3.0,2,1764.4102774435803,5.0
34,,,,1,,2,3340.012728364324,5.0
28,18.7720003060912,2.0,1.0,2,3.0,2,1293.9870360359616,5.0
33,21.5328594937152,3.0,2.0,1,2.0,2,2513.051439159391,5.0
58,27.2196070456,1.0,2.0,1,3.0,2,2285.349105254312,3.0
33,31.4021203941228,1.0,2.0,1,3.0,2,1446.639802356858,3.0
27,20.6877964776338,1.0,1.0,1,4.0,2,1044.9256731140515,4.0
40,26.1073668555223,3.0,1.0,1,4.0,2,2801.2231413361287,5.0
31,18.9358786793606,1.0,1.0,2,4.0,2,1577.6961857906044,5.0
67,26.056232405509,3.0,2.0,2,3.0,2,,1.0
37,21.1749027329043,1.0,1.0,1,3.0,2,1781.9478587716785,5.0
32,18.9151290768408,3.0,1.0,2,3.0,2,1406.0375665487786,5.0
57,22.0882949505537,2.0,1.0,2,2.0,2,1992.49241757274,4.0
56,22.5091242342878,3.0,2.0,2,2.0,2,1111.1548664698166,5.0
31,20.6393381409134,2.0,1.0,2,2.0,2,1393.4168959703136,5.0
75,22.7682847202229,2.0,2.0,2,2.0,2,1583.6207380770284,3.0
31,21.3432673312492,2.0,1.0,1,3.0,2,2482.3577633430905,4.0
30,19.010650887574,1.0,1.0,2,4.0,2,,4.0
29,19.1171118880797,1.0,2.0,2,3.0,2,1837.770863516472,5.0
48,28.2059057604935,3.0,2.0,1,2.0,2,,4.0
43,35.2188840947371,3.0,2.0,2,3.0,2,,4.0
12,19.775678866588,,,2,3.0,2,,4.0
32,21.4153489531469,1.0,1.0,1,1.0,2,3215.3436588481663,3.0
32,22.5375008031635,1.0,1.0,1,2.0,2,2019.1535653047551,3.0
27,25.3243448684584,1.0,1.0,2,2.0,2,1452.2417246300886,3.0
41,19.9278134884195,3.0,1.0,2,5.0,2,1507.3121629343557,3.0
10,13.9936355226289,,,2,1.0,2,2168.047263630599,3.0
45,25.1919293237144,1.0,2.0,2,3.0,2,,3.0
43,26.6095443892631,1.0,2.0,1,3.0,2,,4.0
39,24.2104155837727,1.0,2.0,2,3.0,2,,4.0
1,16.37722665145,,,2,2.0,2,,4.0
53,23.0407067572221,2.0,2.0,2,3.0,3,1098.8198227691023,4.0
64,22.6773241903602,1.0,2.0,2,4.0,3,1096.0390026778578,1.0
41,22.2935676619943,1.0,2.0,1,3.0,3,2391.477720168945,4.0
38,18.5504837877259,1.0,1.0,2,3.0,3,2907.9891077014277,4.0
61,28.1437844864493,3.0,2.0,1,3.0,1,3205.8615965628906,2.0
61,23.3849363693394,2.0,1.0,2,3.0,1,2377.082961604335,2.0
80,35.2381001977152,3.0,2.0,2,3.0,1,2002.3338013995,2.0
33,28.0106679945798,3.0,1.0,1,3.0,3,2405.4163225002735,2.0
28,22.1668510457915,1.0,1.0,2,2.0,3,1804.9874224301575,5.0
26,22.9373028984348,2.0,1.0,1,2.0,3,1935.624819903581,3.0
33,24.3711149495818,1.0,1.0,2,4.0,3,1035.6926915581066,3.0
31,26.2718157299946,2.0,2.0,1,9.0,3,1790.1207606750215,3.0
32,29.3882090578387,3.0,2.0,1,3.0,3,2441.7238130342153,4.0
31,,,,2,,3,1092.2534231606703,4.0
41,24.3077188509427,2.0,2.0,1,2.0,3,,3.0
45,22.6355482296763,1.0,1.0,2,3.0,3,1683.7497619827366,3.0
9,18.1897774546475,,,1,2.0,3,1571.7173260560082,3.0
6,15.4597175964898,,,1,1.0,3,1367.5934027324424,3.0
69,27.8337623537351,3.0,3.0,1,3.0,3,1720.446128976964,1.0
68,23.8177852568366,3.0,2.0,2,3.0,3,1511.1374437079533,1.0
40,23.2359280327008,1.0,,1,9.0,3,2514.3357593036453,5.0
37,,,,2,,3,1500.4832133522757,5.0
10,,,,2,,3,1368.662935513796,5.0
6,13.4811500711467,,,2,2.0,3,1767.9591598481622,5.0
65,23.9539715224131,1.0,2.0,2,3.0,3,,3.0
55,22.8183386424001,3.0,3.0,2,3.0,3,1123.4422623938692,5.0
28,17.4905628696339,1.0,1.0,2,3.0,3,875.2845194928871,5.0
47,21.4475403748967,1.0,2.0,2,2.0,3,1409.6747366825882,2.0
14,,,,2,,3,868.0744510269803,2.0
31,26.5464974502935,1.0,1.0,1,3.0,3,2660.2324999599996,4.0
73,24.2237820891131,2.0,2.0,2,4.0,1,967.3151899670272,1.0
46,23.9879519158798,1.0,1.0,2,4.0,1,3115.8871504133153,2.0
65,19.9864015598618,2.0,2.0,2,2.0,1,,2.0
30,26.3718416178686,2.0,1.0,1,3.0,1,,4.0
33,24.1896084614457,1.0,1.0,2,3.0,1,3439.7069695050495,4.0
1,16.7838574545643,,,1,2.0,1,945.57275,4.0
57,25.3452648158533,3.0,2.0,2,5.0,1,405.7289417502657,2.0
58,24.7439040252257,3.0,2.0,1,2.0,1,817.2119662919298,2.0
36,21.4711268763089,2.0,2.0,1,2.0,1,,4.0
37,23.1955892931934,1.0,1.0,2,3.0,1,813.3230000000001,4.0
35,18.7264320135058,2.0,1.0,2,4.0,1,1518.2771654381654,5.0
36,27.3748489454542,1.0,2.0,1,3.0,1,1039.0775811550227,5.0
45,18.4594671201814,1.0,1.0,2,3.0,1,,3.0
35,22.9631959735766,1.0,1.0,1,1.0,1,4348.350364929304,4.0
44,23.4741058991046,3.0,2.0,2,2.0,1,,4.0
67,21.7676346482275,2.0,2.0,2,3.0,1,1621.174306199982,2.0
41,18.961540788772,2.0,1.0,2,3.0,1,1271.344563302842,1.0
51,22.8886545025704,3.0,3.0,1,3.0,1,2532.193953220674,4.0
45,42.3278893402793,2.0,2.0,2,4.0,1,1890.1003456270637,4.0
27,38.912293209634,2.0,2.0,2,3.0,1,1695.6590056695036,2.0
73,22.3435155925819,2.0,1.0,2,3.0,3,1140.1093471561385,2.0
42,23.2527959489139,3.0,2.0,1,4.0,3,,2.0
54,22.782401902497,2.0,2.0,2,2.0,3,2706.9155724957845,4.0
68,25.4184317407634,2.0,3.0,1,3.0,3,1943.7665951051715,3.0
66,30.8231500276917,3.0,2.0,2,2.0,3,2456.530169243096,3.0
39,37.8301660352942,3.0,2.0,2,9.0,3,,3.0
63,27.9627039668425,2.0,2.0,2,3.0,1,1549.9588252359636,3.0
27,23.957437230824,2.0,2.0,1,3.0,1,994.8561721503592,3.0
27,21.6657456009781,1.0,1.0,2,4.0,1,2657.1636352711175,4.0
52,19.5244065635778,1.0,2.0,1,3.0,1,2010.1268651055716,4.0
30,36.2412830177163,2.0,1.0,1,1.0,1,2512.7886133973316,3.0
32,20.407340245639,2.0,1.0,2,4.0,1,1830.415449798088,3.0
77,19.3012673606872,2.0,2.0,1,3.0,1,1848.563145733679,2.0
72,23.1534879747106,3.0,3.0,2,4.0,1,1186.947544971374,2.0
43,,,,2,,1,1280.7506758342283,2.0
16,,,,2,,1,1895.3029589710416,2.0
32,26.8758079574835,2.0,2.0,1,3.0,1,2403.4182569866935,5.0
68,21.737200864416,2.0,1.0,2,4.0,2,1369.828478418434,1.0
53,25.2006549889695,2.0,2.0,1,4.0,2,2786.378794952098,5.0
47,22.8996261779662,1.0,2.0,2,3.0,2,1093.633825349042,5.0
20,18.3746520742858,1.0,1.0,1,2.0,2,,5.0
74,22.7861606462429,1.0,2.0,2,2.0,2,1254.4426639457963,3.0
80,26.7848216052707,2.0,2.0,2,3.0,2,907.7094010980048,3.0
75,27.4789849178421,1.0,2.0,2,2.0,2,2291.815469465728,3.0
54,20.0589743024802,1.0,2.0,2,3.0,2,,4.0
24,22.7779243221128,1.0,2.0,1,1.0,2,,4.0
63,25.3882102698511,1.0,1.0,2,3.0,2,1478.0724696815212,4.0
31,25.6494952679809,1.0,2.0,2,3.0,2,1452.1334589488213,4.0
30,19.4928459051168,1.0,1.0,1,3.0,2,2816.295901015199,4.0
62,24.7087461181893,3.0,2.0,1,3.0,2,1746.133709326073,5.0
63,26.2691853600945,3.0,2.0,2,3.0,2,1419.3181800736488,5.0
36,23.3530991622265,2.0,2.0,1,3.0,2,2107.947259182693,5.0
57,28.9846308893928,2.0,3.0,2,3.0,2,585.1613787701862,4.0
27,,,,1,,2,1984.4221905539428,4.0
49,23.8650816578817,2.0,1.0,2,2.0,2,1218.0644303965012,2.0
62,23.2876941768525,3.0,3.0,1,9.0,2,2382.682879665122,4.0
58,34.7101577229567,2.0,3.0,2,2.0,2,3194.52542534134,4.0
65,24.8159400720165,3.0,2.0,1,4.0,2,2770.875711212241,2.0
61,29.7150145665051,3.0,3.0,2,2.0,2,2282.692543234369,2.0
39,,,,2,,2,1765.1559788981008,2.0
37,,,,1,,2,2393.1746242724084,2.0
35,,,,1,,2,1182.8046749875562,2.0
74,24.1245224410208,3.0,2.0,2,4.0,2,1565.0073934265445,2.0
73,24.0417580166678,3.0,3.0,2,4.0,2,769.8035278155274,2.0
78,21.7797657960801,1.0,3.0,1,4.0,2,1781.881522843535,2.0
56,24.4374775119946,1.0,2.0,2,3.0,2,,1.0
32,17.786882249709,1.0,1.0,2,3.0,2,,1.0
37,19.038753673771,1.0,2.0,2,3.0,2,2865.919883826876,3.0
8,15.3306459612766,,,1,1.0,2,2290.3834908408608,3.0
60,23.2120683478951,1.0,2.0,2,3.0,2,1330.329120924693,2.0
54,25.4602930496817,1.0,1.0,2,3.0,2,918.7496346896428,2.0
52,29.7459650080633,1.0,,1,2.0,2,1702.4447328703404,2.0
40,33.9287961614724,3.0,2.0,1,4.0,2,1152.4479369860758,1.0
70,24.703546605841,3.0,,1,4.0,2,2442.1205961285013,1.0
48,24.9530565734291,1.0,2.0,2,3.0,2,,4.0
58,21.4770866331982,1.0,2.0,2,3.0,2,973.71912535273,2.0
20,,,,1,,2,2677.1213910287265,2.0
36,23.440430722192,1.0,2.0,2,3.0,2,637.0390997798972,1.0
11,19.1379337280695,,,2,2.0,2,1534.225894336886,1.0
9,20.4739268991793,,,1,2.0,2,2119.4440527708603,1.0
40,23.9361658747751,1.0,1.0,2,2.0,2,1413.4782533486257,1.0
43,23.0219997973551,3.0,2.0,1,3.0,3,2082.051767617424,3.0
40,21.7834342610384,1.0,1.0,2,2.0,3,2108.2499960362225,3.0
5,14.7016299197494,,,1,2.0,3,1414.0246643058335,3.0
63,25.3318451866913,3.0,3.0,1,3.0,1,1048.5765635686046,3.0
58,21.6974411456909,2.0,2.0,2,3.0,1,1119.3377171773448,3.0
33,18.7805059142712,1.0,1.0,2,4.0,1,959.1068957290822,3.0
49,19.0965885147553,2.0,2.0,2,3.0,1,1014.4892164540952,2.0
20,22.9250040067279,1.0,1.0,1,4.0,1,1446.525986724995,2.0
63,25.0436018087267,1.0,3.0,1,3.0,1,2414.3996551158066,1.0
65,21.0297826265727,3.0,2.0,2,2.0,1,1090.2274611818343,2.0
61,,,,1,,1,2533.6755394635447,5.0
57,23.5019782287808,1.0,1.0,2,3.0,1,3120.587823475246,5.0
51,27.2487756128025,3.0,2.0,2,3.0,1,,3.0
75,16.6770836396693,1.0,3.0,1,4.0,1,1276.1103225909671,1.0
72,,,,2,,1,1472.8235024996734,1.0
73,24.9507756295779,2.0,2.0,1,2.0,1,2678.300853865095,2.0
70,26.3066509146687,3.0,2.0,2,3.0,1,1529.1986617737955,2.0
38,23.6755416527709,1.0,1.0,1,2.0,1,3000.53617895652,5.0
36,24.4182096144046,3.0,1.0,1,3.0,1,3643.339287751949,5.0
41,22.4604414356666,2.0,2.0,1,9.0,1,2392.376539471928,3.0
42,22.8158909453561,1.0,1.0,2,3.0,1,893.3224118554102,3.0
11,,,,1,,1,1391.0094175229065,3.0
31,27.484216480084,2.0,2.0,1,2.0,1,2343.4246283312427,3.0
30,18.6382641131164,1.0,1.0,2,2.0,1,1518.8584052579408,3.0
35,18.6485098483201,2.0,1.0,2,3.0,1,1419.274201663524,2.0
38,22.4906466585802,2.0,1.0,1,1.0,2,,5.0
36,19.4789770775937,1.0,1.0,2,3.0,2,1349.2303329496872,5.0
7,19.8486512619695,,,1,2.0,2,1615.771269044178,5.0
41,25.8601853988122,1.0,1.0,2,3.0,2,2196.056403502771,2.0
11,22.066590953336,,,1,2.0,2,1884.5443206652485,2.0
9,16.141428170157,,,2,2.0,2,1174.0008504505522,2.0
66,20.9422253172201,2.0,2.0,1,2.0,2,3280.272332088893,4.0
60,22.0446276082275,2.0,2.0,2,3.0,2,1105.3037223201993,4.0
31,20.1046027771812,1.0,,1,2.0,2,,4.0
73,20.0679241183692,2.0,2.0,2,1.0,2,3792.9251154017425,5.0
45,20.7790521180835,1.0,1.0,1,3.0,2,1439.344768698241,5.0
41,22.3699838210401,1.0,2.0,2,2.0,2,1845.0537597224848,5.0
17,18.8479481652429,,,2,2.0,2,,5.0
15,20.0025369071199,,,2,2.0,2,2346.550847222212,5.0
11,14.7963764942226,,,2,1.0,2,2774.511544522777,5.0
59,20.980102487386,1.0,2.0,2,1.0,2,1767.544471861971,
75,20.0157377916068,3.0,3.0,1,1.0,2,2407.8456354763284,3.0
33,21.6928051773917,1.0,1.0,1,2.0,2,1315.5232885359492,4.0
37,22.99672550717,1.0,2.0,2,4.0,2,1580.7176887093976,4.0
51,,,,1,,2,1654.960037335578,4.0
48,23.664959317714,1.0,1.0,2,3.0,2,1815.0447905172464,4.0
14,21.8827457784378,,,2,3.0,2,2628.0143029670953,4.0
11,14.8836185015975,,,2,3.0,2,2116.300497001694,4.0
78,,3.0,3.0,1,5.0,2,1250.0322028990142,3.0
74,23.6045252909287,2.0,2.0,2,3.0,2,1384.490346030365,3.0
38,18.4156502837821,1.0,1.0,1,3.0,2,2173.967948533196,5.0
38,22.54406732548,1.0,1.0,2,1.0,2,1897.965339451419,5.0
9,15.3154816866728,,,1,2.0,2,2654.3037506782534,5.0
6,15.3845304768603,,,2,1.0,2,1090.702405435679,5.0
60,22.3735977777854,3.0,2.0,2,3.0,2,1054.4283701843117,3.0
21,20.4115728802433,1.0,1.0,2,3.0,2,1233.5840611100448,3.0
19,20.2531736186157,1.0,1.0,1,2.0,2,1190.1840000000002,3.0
39,21.1233924965459,2.0,1.0,1,3.0,2,,5.0
58,22.7575630037751,2.0,2.0,2,2.0,2,2378.9818224485284,5.0
61,20.6148826652753,1.0,1.0,1,3.0,2,2857.504811827741,5.0
63,26.8668238954628,2.0,2.0,1,2.0,2,,5.0
59,23.4612655644427,3.0,2.0,2,3.0,2,,5.0
34,28.3018475279585,2.0,1.0,1,3.0,2,,5.0
32,30.8275620332132,3.0,1.0,1,2.0,2,,5.0
39,18.9230103806228,1.0,1.0,2,3.0,2,2731.2915242483564,5.0
40,,,,1,,2,2630.7174733577494,5.0
9,,,,2,,2,1401.8179411118342,5.0
7,,,,2,,2,1273.4211433041037,5.0
51,22.067930193282,3.0,2.0,1,3.0,2,1641.2761718359068,5.0
51,23.2410600435927,3.0,2.0,2,1.0,2,1791.6955877958503,5.0
16,17.4343520528496,,,2,3.0,2,2319.8974133042584,5.0
53,22.7646897850952,2.0,3.0,1,3.0,2,3289.905511462279,5.0
48,26.1075194676744,1.0,1.0,2,3.0,2,1881.1816394017624,5.0
22,,,,2,,2,1646.826522131007,5.0
48,25.6791031850144,2.0,3.0,1,4.0,2,1587.3333392455156,5.0
48,25.5666850184406,1.0,1.0,2,3.0,2,980.2357391582576,5.0
16,17.7022209360319,,,2,1.0,2,2023.7957915705967,5.0
14,30.8588740383002,,,2,2.0,2,1608.5082828758018,5.0
12,24.8105112889918,,,2,1.0,2,1403.97875508142,5.0
64,21.3015897877672,3.0,1.0,1,2.0,2,1972.6592777034616,3.0
63,25.1742858791904,3.0,2.0,2,4.0,2,1789.932251846774,3.0
35,21.2895061279655,1.0,1.0,2,3.0,2,1977.479931562812,3.0
58,27.7147674882455,2.0,2.0,1,3.0,2,2123.914514006556,4.0
53,20.1171152668635,3.0,3.0,2,3.0,2,1671.0094900742836,4.0
64,21.2677049240241,1.0,3.0,2,2.0,2,2217.8704920857535,5.0
36,20.2435117579426,1.0,1.0,2,2.0,2,1803.007924881074,5.0
35,23.7604009027643,1.0,1.0,1,2.0,2,2776.0321764686896,5.0
43,27.0623477127888,2.0,2.0,1,3.0,2,1643.8057785984502,4.0
42,23.1469227188507,1.0,1.0,2,4.0,2,3731.800837541156,4.0
10,18.5706619068356,,,2,2.0,2,2268.94810658546,4.0
9,22.959436502715,,,2,2.0,2,1561.0516122073675,4.0
80,16.9946944010437,1.0,1.0,1,3.0,1,1292.7526023976532,4.0
74,30.7565321639162,2.0,2.0,2,2.0,1,1539.5524716696048,4.0
50,23.9137963609647,2.0,1.0,1,3.0,1,3878.1955064352937,4.0
49,20.5760613849967,1.0,1.0,2,2.0,1,1018.9553105912016,4.0
17,29.7618689007749,,,1,2.0,1,2201.6260739282097,4.0
78,25.422209473269,3.0,2.0,1,2.0,1,2978.107220504191,2.0
65,25.1141049844222,3.0,3.0,1,2.0,1,1727.3937826895572,3.0
62,25.6792713643342,3.0,3.0,2,3.0,1,1430.8513834712269,3.0
72,25.7719189171479,1.0,3.0,1,4.0,1,1976.7853592198448,2.0
66,20.2109245551285,3.0,3.0,2,3.0,1,1594.192415451265,2.0
65,27.5354652446726,2.0,1.0,1,3.0,3,2277.145067482778,3.0
60,30.9216708639451,2.0,2.0,2,9.0,3,1333.2875101251504,3.0
69,25.6359994664059,,2.0,1,9.0,3,2536.6408965474607,2.0
80,23.8520845502188,3.0,3.0,1,4.0,3,1583.273275207924,2.0
47,,,,2,,3,1323.5857272929802,2.0
22,18.4853026277539,1.0,1.0,2,1.0,3,758.754500224025,2.0
80,24.7371581217528,3.0,2.0,1,3.0,3,2154.3656893750294,1.0
73,21.2846009137329,3.0,1.0,2,4.0,3,1142.498916849799,1.0
42,21.5382707219517,3.0,1.0,2,3.0,3,1240.8170326848303,1.0
80,19.0786910931837,3.0,2.0,1,3.0,3,1999.2568458982155,1.0
74,,3.0,2.0,2,5.0,3,1355.3246621780015,1.0
62,22.5925925925926,2.0,2.0,1,3.0,3,3262.5756536496424,3.0
49,23.8137963923481,2.0,2.0,1,3.0,3,2614.3376236566965,2.0
50,21.2310041822666,1.0,2.0,2,4.0,3,1386.7561456440949,2.0
18,19.6837574961076,,,2,2.0,3,1359.8536343379749,2.0
15,18.4634694147179,,,1,2.0,3,3286.161679065727,2.0
59,,,,1,,1,2467.884070259188,3.0
55,21.9444827848247,2.0,2.0,2,3.0,1,3162.806377080859,3.0
66,25.314787650545,1.0,3.0,1,3.0,1,1298.6688272151732,3.0
80,20.824912051122,3.0,2.0,2,2.0,1,2210.45001124519,3.0
59,23.0788964042086,3.0,2.0,2,2.0,1,1093.0588922495183,4.0
32,21.8714949527319,2.0,1.0,2,3.0,1,,4.0
29,25.6191891895358,1.0,2.0,1,2.0,1,1504.155604431822,4.0
62,29.7764020295446,3.0,2.0,1,2.0,1,2184.271400349231,4.0
61,30.9641873278237,1.0,3.0,2,4.0,1,2178.5882134071417,4.0
37,18.1660899653979,1.0,2.0,2,3.0,1,,3.0
65,20.9324806662701,3.0,1.0,2,1.0,1,1326.2456730815195,1.0
63,24.0557164426623,3.0,2.0,1,2.0,1,2083.050901433216,5.0
64,,,,2,,1,1394.6785046578657,5.0
72,21.5455328928469,2.0,2.0,1,2.0,1,2524.2978179862134,2.0
70,28.1515656371481,3.0,2.0,2,3.0,1,2679.393871089338,2.0
80,29.5779406164555,3.0,3.0,2,3.0,1,1486.9761385880252,1.0
21,23.4984838221321,1.0,1.0,1,2.0,1,2164.9313078742557,3.0
58,21.9508212009909,1.0,1.0,2,9.0,1,1355.0671198335726,3.0
69,31.4586364617345,3.0,2.0,2,2.0,3,610.0262408357189,1.0
76,25.06335911569,3.0,2.0,1,2.0,3,2022.0682559927352,1.0
46,25.8977546198945,3.0,2.0,2,4.0,3,2011.309940247127,2.0
18,18.1250387889935,,,2,1.0,3,3894.306767708973,2.0
16,19.4257087477485,,,1,1.0,3,6268.121127628086,2.0
70,27.4528257715676,2.0,2.0,1,1.0,3,1740.7363740307237,3.0
67,22.7453824836105,3.0,3.0,2,3.0,3,1652.7022793138956,3.0
72,21.8199537443073,2.0,2.0,1,2.0,3,2575.21981393047,5.0
62,25.9970835169783,3.0,2.0,2,2.0,3,1382.7636935973103,5.0
37,21.5450907971684,1.0,,2,3.0,3,,5.0
8,18.0441078191134,,,1,3.0,3,2484.778417908054,5.0
74,26.4676609188485,3.0,2.0,1,3.0,3,2019.118118203716,4.0
74,25.2223525274822,3.0,2.0,2,3.0,3,1546.115389414132,4.0
77,19.1986927907258,2.0,1.0,2,3.0,3,1357.849447552301,1.0
78,23.9024604184027,3.0,2.0,2,2.0,1,1086.217081113069,1.0
57,21.133145634642,1.0,1.0,2,5.0,1,1660.5867096872466,3.0
29,,,,1,,1,1071.597650412852,3.0
26,,,,2,,1,893.9439975819611,3.0
1,,,,2,,1,585.3496865738654,3.0
73,25.1176773070685,3.0,2.0,2,5.0,1,1338.9220816999211,1.0
62,25.9662771843333,1.0,2.0,1,3.0,3,1944.997213575228,3.0
45,22.9309429015763,1.0,1.0,2,3.0,3,2042.3633049100831,3.0
40,24.2312863529076,1.0,1.0,1,2.0,3,2011.855474627119,5.0
37,25.8903255645599,1.0,2.0,2,4.0,3,586.4584640864969,5.0
1,15.4785820458538,,,2,2.0,3,382.2021183439685,5.0
75,24.6372936626656,3.0,2.0,1,3.0,3,1439.4069504104984,3.0
68,22.5111535288961,3.0,1.0,2,3.0,3,1298.749125696681,3.0
39,27.5144434868652,2.0,2.0,1,3.0,3,2845.8000033567187,3.0
39,27.1412143851444,1.0,1.0,2,3.0,3,2270.4906628534163,3.0
55,,,,1,,3,2098.22600000808,3.0
54,24.5165016011067,3.0,1.0,2,3.0,3,1302.9689644700825,3.0
33,18.1739686458242,2.0,1.0,2,2.0,3,1924.3114151518023,4.0
39,28.6663949096719,2.0,2.0,1,3.0,3,4206.286398082724,4.0
70,23.8173959874292,3.0,1.0,2,3.0,3,2065.174879206713,1.0
44,33.3008196029667,3.0,2.0,1,3.0,3,2743.860315292338,1.0
43,21.5576915470116,2.0,1.0,2,2.0,3,410.257121745006,1.0
19,,,,2,,3,2712.232324034944,1.0
39,22.7306989277706,2.0,1.0,2,2.0,3,3097.6867851075244,2.0
39,26.1607370761193,1.0,1.0,1,3.0,3,3250.963452407461,2.0
9,17.1781450229334,,,2,1.0,3,2220.6880603189356,2.0
5,15.1136573375798,,,1,1.0,3,1375.0569855211322,2.0
37,32.4544378698225,2.0,1.0,2,3.0,3,2320.029419090916,2.0
36,28.7649762308757,3.0,3.0,1,3.0,3,5152.4770153659265,2.0
9,15.2166036954609,,,2,2.0,3,2067.0196261513383,2.0
6,14.9499510678872,,,1,1.0,3,1468.498203695227,2.0
3,14.9568829249752,,,1,2.0,3,1190.1516663264813,2.0
34,23.3290752108677,1.0,2.0,1,3.0,3,1279.281935421439,4.0
32,20.4223743567943,1.0,1.0,2,2.0,3,1323.7577412040314,4.0
4,17.5121283949974,,,2,3.0,3,1032.82822853259,4.0
80,25.4795489768873,3.0,3.0,2,3.0,1,1175.688398780842,3.0
35,,,,1,,3,1991.6336722430956,5.0
29,24.9520536691803,1.0,,2,2.0,3,1768.170162297958,5.0
65,30.4381383109005,3.0,3.0,1,3.0,3,2329.324345206231,5.0
63,18.3654654979503,1.0,2.0,2,3.0,3,902.7755543464474,5.0
37,22.9871193810787,1.0,1.0,2,3.0,3,,5.0
67,28.3895425167699,2.0,3.0,1,2.0,1,1424.30717139308,4.0
64,21.1892213928025,1.0,1.0,2,4.0,1,1046.9503448894072,4.0
47,18.9251730137014,1.0,1.0,2,2.0,3,2163.565223990374,5.0
20,26.2783612470751,1.0,1.0,2,3.0,3,2307.8610000000003,5.0
17,21.4247707231011,,,2,2.0,3,928.6440000228,5.0
61,27.3943131700671,1.0,2.0,1,2.0,3,,5.0
57,27.3161396800883,2.0,2.0,2,3.0,3,1054.873760774862,5.0
47,24.9595031103528,2.0,2.0,2,3.0,3,,4.0
79,25.3361987795499,2.0,2.0,2,3.0,3,,4.0
62,25.1532746018439,3.0,2.0,1,2.0,3,5682.931676401315,5.0
24,22.8026639626189,1.0,1.0,1,1.0,3,3789.568028369781,5.0
31,25.7954111542867,1.0,2.0,1,3.0,3,1453.3671086766612,
54,27.5999467035512,1.0,2.0,2,2.0,3,1401.2007711263698,5.0
27,29.5135828106083,1.0,2.0,1,2.0,3,2629.4690749095935,5.0
25,34.5009347472562,2.0,1.0,1,4.0,3,2138.722397515528,5.0
60,21.5283473628365,1.0,1.0,2,2.0,3,2163.1843970727305,5.0
33,22.3436235402937,1.0,1.0,1,3.0,1,3208.07866962424,3.0
30,24.7956663276625,1.0,1.0,2,3.0,1,,3.0
46,22.132816984615,1.0,3.0,2,3.0,1,1996.534911582168,4.0
46,19.9253209887326,1.0,2.0,1,3.0,1,3273.0727214190224,4.0
68,23.9477138962695,3.0,3.0,2,3.0,1,2069.304040188878,2.0
24,18.6588478573304,1.0,,1,2.0,4,3401.500266143067,1.0
22,19.59919012887,1.0,1.0,2,3.0,4,1696.0828912425034,1.0
58,22.7736307092684,2.0,2.0,1,1.0,3,1571.687032998951,4.0
55,22.9799862050552,1.0,2.0,2,3.0,3,1797.2388946899714,4.0
27,16.9648461600964,1.0,1.0,1,2.0,3,1809.243830027292,4.0
25,16.8028712641807,1.0,1.0,2,3.0,3,1948.555443532916,4.0
49,20.8260852924737,1.0,1.0,1,3.0,3,2560.3431142800187,5.0
49,26.7078153356431,2.0,1.0,2,3.0,3,1507.1952158544657,5.0
54,30.8637772724591,3.0,3.0,2,3.0,3,1099.4744948410453,5.0
23,31.2467652826188,2.0,2.0,1,3.0,3,,5.0
53,23.099611344492,3.0,2.0,1,3.0,3,2078.5418422833136,4.0
46,28.1588172534675,2.0,2.0,2,3.0,3,1185.3343310149653,4.0
6,14.5336770440875,,,1,3.0,3,1667.8642592508725,4.0
49,21.4500214500214,2.0,2.0,2,2.0,3,915.5526918023264,4.0
55,20.8410830056329,1.0,2.0,2,2.0,1,1457.6093521068958,1.0
21,18.3999644690341,1.0,1.0,2,1.0,1,2648.6980835034815,1.0
64,17.9797260608937,1.0,1.0,1,1.0,1,2885.7374632761007,5.0
65,26.4061821831597,3.0,2.0,2,5.0,1,1220.707272119496,1.0
44,29.7173666167839,3.0,1.0,1,4.0,1,369.88584216215406,1.0
43,19.4090440817448,1.0,1.0,2,3.0,2,429.60766666666666,1.0
47,22.3396297306792,2.0,1.0,1,3.0,2,3169.9653663030435,1.0
69,22.978430818231,2.0,2.0,1,3.0,2,891.4999999999999,1.0
75,29.6269267593309,3.0,2.0,2,3.0,2,1119.1927659175572,1.0
80,22.1136870554559,3.0,1.0,2,5.0,2,1339.956796549488,1.0
73,29.193718087645,2.0,3.0,2,5.0,2,1133.3245284238046,1.0
80,,3.0,3.0,2,3.0,2,658.4920658406548,2.0
76,24.7036218420319,2.0,3.0,1,9.0,2,457.16032212885153,
43,,,,2,,2,1025.257661023236,
77,22.0676340474909,3.0,2.0,1,3.0,2,1855.0898137454265,1.0
77,24.8294246219282,2.0,2.0,2,3.0,2,1742.3156888687038,1.0
75,27.2340010405827,3.0,1.0,2,9.0,2,374.7579410757109,1.0
44,23.4375,1.0,1.0,2,3.0,2,2282.893228102722,2.0
13,,,,2,,2,2580.7069864269465,2.0
59,25.5323690683178,3.0,2.0,1,2.0,2,1932.353,2.0
70,22.4920359600494,2.0,2.0,2,4.0,2,899.1717549342784,1.0
48,27.0082618931869,1.0,2.0,2,2.0,2,988.9824300419782,2.0
22,23.8556655281785,1.0,1.0,1,2.0,2,,2.0
59,,3.0,2.0,1,9.0,2,2138.756880428106,2.0
80,,3.0,1.0,2,3.0,2,422.6649568202758,2.0
58,21.6419449929959,3.0,2.0,1,2.0,2,1884.5796991684388,3.0
50,24.8479386581859,2.0,2.0,2,2.0,2,1446.2324426664177,3.0
17,22.9587166720376,,,2,1.0,2,2445.474214397429,3.0
15,20.9545534636962,,,1,3.0,2,1545.1677762197576,3.0
50,30.2295701216895,2.0,3.0,1,3.0,2,1546.076,1.0
45,33.4313782622431,3.0,3.0,2,4.0,2,911.0181256322248,1.0
20,,,,1,,2,299.725999965,1.0
18,,,,1,,2,703.530094859491,1.0
51,25.7648171305008,3.0,2.0,1,4.0,2,1918.4402752329747,4.0
72,26.8861549784593,3.0,3.0,1,5.0,2,2330.4689359607437,1.0
68,29.0176079410264,3.0,3.0,2,4.0,2,1085.8073192559311,1.0
67,24.0728654914291,3.0,2.0,1,3.0,2,2156.547668813299,2.0
61,24.929664237007,3.0,3.0,2,3.0,2,1029.129368650396,2.0
52,21.9816311622208,1.0,2.0,2,4.0,2,1494.7576973596074,1.0
60,21.280276816609,3.0,,1,2.0,2,,3.0
78,32.4366584142633,3.0,2.0,2,4.0,2,1679.2083914954296,5.0
80,21.9328062985193,2.0,1.0,1,4.0,2,,5.0
39,24.6074163319231,1.0,1.0,2,3.0,2,1404.167740268079,5.0
40,24.6068589034439,2.0,3.0,2,3.0,2,1415.5905743411786,4.0
60,27.8053259871442,2.0,2.0,1,3.0,2,,4.0
49,23.3887723774317,1.0,1.0,2,3.0,2,,4.0
20,23.2534095071469,1.0,1.0,2,2.0,2,,4.0
17,24.4231883796895,,,1,,2,,4.0
75,22.8008590056523,1.0,3.0,1,5.0,2,2557.8729647788555,4.0
69,22.2082071111754,3.0,2.0,2,3.0,2,718.6546406023056,4.0
47,22.9560316179665,3.0,2.0,2,3.0,2,1342.4652491901695,5.0
60,24.244727486721,2.0,1.0,1,2.0,2,2591.8568883893176,4.0
80,23.4321531475026,3.0,1.0,1,3.0,2,1550.177885462615,1.0
79,25.2286234500931,3.0,1.0,2,1.0,2,1732.8241113074794,1.0
63,20.6399596875787,2.0,2.0,2,3.0,2,1522.0462830283557,5.0
76,22.6977855130858,3.0,2.0,2,2.0,2,1654.300595885922,2.0
65,21.598668966714,1.0,2.0,2,1.0,2,1397.2453319877227,4.0
58,,,,1,,2,4153.5231269023525,5.0
53,20.7162648574462,1.0,2.0,2,4.0,2,2287.191427686258,5.0
46,25.6742796160698,2.0,2.0,1,3.0,2,2525.9165026634173,5.0
47,17.5768753058075,2.0,2.0,2,2.0,2,1884.0291532003532,5.0
80,,,,1,,2,1252.3697599623629,1.0
77,28.7706679531599,1.0,2.0,2,2.0,2,1554.3002302579162,1.0
52,23.4682974240714,2.0,1.0,2,3.0,2,,5.0
22,22.4426078971534,1.0,1.0,2,3.0,2,2126.894671858482,5.0
20,19.5982222222222,1.0,1.0,1,4.0,2,2303.06,5.0
65,25.9207722352685,3.0,3.0,1,2.0,2,1866.6753740676968,4.0
61,23.8244051995275,3.0,1.0,2,3.0,2,1333.618201043922,4.0
80,21.647250392117,3.0,3.0,2,3.0,2,,2.0
44,24.6076822085377,3.0,1.0,1,3.0,2,2242.351275902512,3.0
41,20.5171586576097,1.0,1.0,2,3.0,2,2195.5959423497748,3.0
64,26.7330072524878,2.0,2.0,2,3.0,2,1206.3045602102611,3.0
10,18.412950572491,,,1,2.0,2,2631.046874742723,3.0
4,21.0285107997686,,,2,1.0,2,1762.3319692882017,3.0
50,20.5334713182606,1.0,1.0,2,4.0,2,2174.177328515891,5.0
24,24.0347433716111,1.0,1.0,1,1.0,2,3806.055763004454,5.0
36,18.4864653729123,1.0,1.0,2,2.0,2,2225.8377935957906,5.0
42,20.411979405312,3.0,,1,5.0,2,1276.6309002366058,5.0
1,15.8558188844431,,,1,1.0,2,1155.73503888481,5.0
66,28.1828433063,3.0,2.0,1,4.0,2,2208.379003845159,4.0
62,22.728855894675,1.0,2.0,2,3.0,2,2072.3393011010307,4.0
44,25.5020408163265,1.0,1.0,1,3.0,2,1195.216137130619,4.0
39,24.9264926874337,1.0,2.0,2,2.0,2,1613.1261172157824,4.0
11,14.195222253611,,,2,3.0,2,1315.7698931384105,4.0
6,15.5519088577033,,,2,3.0,2,2192.6488676333565,4.0
50,28.7211210705719,2.0,2.0,1,3.0,2,1264.9019052602694,5.0
47,21.5707342485541,3.0,1.0,2,3.0,2,1538.0982042364112,5.0
17,,,,2,,2,3162.888916126068,5.0
17,16.648766313634,,,1,3.0,2,1275.125,5.0
47,26.2326768134217,3.0,2.0,1,3.0,2,2436.6831218527036,5.0
44,23.8244116794165,1.0,1.0,2,3.0,2,2077.9932594394786,5.0
15,18.7814700163938,,,2,2.0,2,1140.8413577863123,5.0
13,21.3145988959191,,,2,2.0,2,1511.620045294202,5.0
80,26.3778643028482,3.0,3.0,1,3.0,1,2170.076632048289,1.0
75,,,,2,,1,1243.63030093099,1.0
71,25.905927354189,3.0,2.0,1,2.0,1,873.1272161643149,2.0
71,,,,2,,1,1512.2354882016557,2.0
62,23.2660207026636,3.0,1.0,1,3.0,1,2362.516544764888,3.0
26,23.5527098273131,1.0,1.0,2,4.0,1,,3.0
26,21.7928647777723,1.0,1.0,2,2.0,1,1932.094069985485,3.0
23,20.0479266034856,1.0,1.0,2,2.0,1,3584.472339134072,3.0
73,20.3893606793783,2.0,3.0,2,3.0,1,1120.363758660951,2.0
80,23.8878071932845,3.0,3.0,1,3.0,1,,5.0
80,23.6701707975695,3.0,3.0,2,2.0,1,964.4678772371292,3.0
62,26.4824378547728,2.0,,1,3.0,4,1308.4086756897248,5.0
51,26.4723378941107,3.0,2.0,2,2.0,4,1210.150375836048,5.0
24,19.7704117275567,1.0,1.0,2,2.0,4,1057.590658781814,5.0
21,20.2017782972643,1.0,1.0,2,2.0,4,1612.6591541408548,5.0
53,28.2773459628374,3.0,2.0,1,3.0,1,,4.0
20,27.1916886642175,1.0,1.0,1,3.0,1,1778.7507710573589,4.0
27,20.010099734882,2.0,1.0,1,4.0,1,,2.0
36,24.2980278798923,1.0,1.0,2,3.0,1,,2.0
3,20.0230680507497,,,2,2.0,1,,2.0
1,17.3734577908845,,,2,2.0,1,,2.0
32,21.7233959663946,1.0,1.0,1,1.0,1,3246.832862947995,5.0
25,22.8808864265928,1.0,1.0,1,2.0,1,1795.788974511555,1.0
73,24.8829204195773,3.0,2.0,1,3.0,1,1332.7280814502892,3.0
66,23.0048061960733,3.0,2.0,2,3.0,1,1106.2043649644345,3.0
12,21.7448484884715,,,1,2.0,1,2812.946597009566,3.0
36,21.8688378772291,3.0,1.0,1,3.0,1,,1.0
55,22.0081108895506,3.0,2.0,2,3.0,1,,1.0
66,21.6020422844429,3.0,2.0,2,4.0,1,1453.688823192511,3.0
44,23.4370176353057,2.0,1.0,2,3.0,1,1305.6574699940736,4.0
34,25.2698537180451,1.0,2.0,2,2.0,1,,5.0
32,23.154415367622,1.0,1.0,1,3.0,1,,5.0
49,27.9771049361755,1.0,2.0,1,2.0,1,3095.4953220282305,3.0
72,,,,2,,1,1931.8232145181676,3.0
73,22.6904888605145,2.0,2.0,1,3.0,1,1729.7836190123824,5.0
72,,,,2,,1,1541.787955591304,5.0
23,21.4926499984971,1.0,,1,1.0,1,,3.0
80,17.2178668347907,2.0,2.0,2,3.0,1,577.0215806036032,1.0
33,27.0298766402438,1.0,1.0,2,3.0,3,2519.600148516658,4.0
5,17.0534346201874,,,1,3.0,3,1032.4012423902411,4.0
2,15.8071930773391,,,2,2.0,3,932.8296420544706,4.0
39,22.03125,1.0,1.0,2,3.0,3,2686.0707983832235,2.0
38,29.9633578131783,2.0,2.0,1,2.0,3,1427.4041434763972,2.0
24,27.6740400268122,1.0,2.0,1,4.0,3,1761.558028217166,2.0
2,17.4269896193772,,,1,2.0,3,1539.7552082114282,2.0
43,22.6346763241286,2.0,1.0,2,3.0,3,1856.3454204113868,1.0
13,19.1003460207613,,,1,3.0,3,1563.9379100971162,1.0
11,16.511972904844,,,1,3.0,3,3039.9719059384392,1.0
5,15.4152907293247,,,1,2.0,3,1796.75823939276,1.0
1,19.8545827367808,,,1,1.0,3,1322.9913292368717,1.0
41,17.9780816924032,2.0,1.0,1,2.0,3,1712.7073069350931,4.0
38,20.298224852071,1.0,1.0,2,3.0,3,1984.085483867644,4.0
12,18.2759333648393,,,1,2.0,3,2124.8955007509885,4.0
10,15.1030226034502,,,1,2.0,3,1693.4514886758764,4.0
33,35.333744136876,3.0,3.0,1,4.0,3,1276.5418836966026,5.0
46,28.6653686319414,1.0,2.0,2,2.0,3,853.133094223524,5.0
64,25.0821417002175,3.0,3.0,2,3.0,1,713.1507952221768,2.0
62,21.5355417052464,3.0,1.0,1,4.0,1,1171.2544652835911,1.0
45,21.7235654992606,2.0,1.0,2,3.0,1,2105.5920422338345,3.0
22,16.3150578589571,1.0,1.0,1,3.0,1,,3.0
78,21.3948104878837,3.0,2.0,2,4.0,1,903.0077192462068,1.0
58,25.5931751532925,3.0,2.0,1,3.0,1,1608.881620693599,4.0
80,20.7827774089421,2.0,2.0,1,3.0,1,1987.9396009633897,1.0
50,23.8556655281785,1.0,2.0,1,3.0,1,4563.070187588282,1.0
45,19.5878922966092,1.0,1.0,2,3.0,1,3093.2417529218123,1.0
16,21.3210200872349,,,1,3.0,1,1838.7809974686368,1.0
14,15.6054870453,,,1,4.0,1,3303.531240853819,1.0
67,22.1662592590312,1.0,,1,3.0,1,2218.355940917733,5.0
40,25.4601028849286,2.0,2.0,1,4.0,1,686.215383198729,2.0
44,20.9509755124044,1.0,1.0,2,4.0,1,1027.6642216601683,2.0
3,15.8346552977725,,,2,2.0,1,636.6562429874979,2.0
69,21.7861546834205,3.0,1.0,2,5.0,1,867.1684452645547,1.0
65,25.7348078371835,3.0,3.0,1,3.0,1,2779.20524794222,1.0
56,24.500614661121,2.0,,1,3.0,1,1541.4992666666665,3.0
26,21.7239454695547,1.0,1.0,1,2.0,1,8555.532982750414,3.0
52,28.7234614350981,3.0,2.0,2,4.0,1,3742.7069068951023,4.0
66,21.5311778413889,1.0,3.0,1,3.0,1,2322.520457901841,4.0
51,26.1794771902704,1.0,2.0,1,3.0,1,2618.927668143199,4.0
24,22.6946209852193,1.0,1.0,1,3.0,1,1677.0998451396763,4.0
63,25.439538696365,3.0,2.0,2,3.0,1,,4.0
38,20.8088804613387,3.0,1.0,2,2.0,1,2660.1184911301148,4.0
12,24.650505651398,,,1,1.0,1,3738.332938641954,4.0
9,26.9905410007746,,,1,3.0,1,4301.5393693617925,4.0
66,23.1236971089091,2.0,,1,3.0,1,,2.0
60,29.2944190807184,1.0,1.0,2,3.0,1,1482.323042355121,2.0
63,28.3674423460102,3.0,3.0,1,4.0,1,,3.0
66,25.7265423527078,2.0,,1,4.0,1,1481.900369125919,3.0
74,27.9520857281047,3.0,3.0,2,5.0,1,1134.7809432213116,1.0
63,24.7380591486656,3.0,3.0,1,3.0,1,,2.0
61,22.2695540435857,1.0,2.0,2,3.0,1,,2.0
29,26.6830589895954,2.0,1.0,1,1.0,1,,2.0
68,20.703901877359,2.0,,1,3.0,1,1282.9202037701673,2.0
66,24.0680894013063,3.0,2.0,2,2.0,1,1083.479725528701,2.0
43,31.9786034071748,1.0,1.0,2,3.0,1,,3.0
24,19.1556886713582,1.0,1.0,1,2.0,1,2360.9881541263467,2.0
71,28.5221167326169,2.0,3.0,1,3.0,1,,3.0
64,29.6264445041656,3.0,3.0,2,3.0,1,,3.0
51,24.9777774373651,1.0,1.0,2,3.0,1,833.3686262626263,1.0
80,21.9738438140743,1.0,1.0,1,3.0,1,770.9000029675739,1.0
77,27.9341582938777,3.0,2.0,2,2.0,1,422.0034585987261,1.0
54,24.0503516293724,2.0,2.0,1,3.0,1,1648.450273627946,1.0
33,24.3731441900477,1.0,1.0,1,3.0,1,2137.548437757498,4.0
80,22.3647070493917,2.0,2.0,1,3.0,1,1609.9850099912935,1.0
35,28.0268970333231,2.0,1.0,1,3.0,1,2839.91582544882,3.0
33,21.6086884520492,2.0,1.0,2,1.0,1,2152.485629305826,3.0
1,15.9682010481379,,,2,1.0,1,777.0918964835172,3.0
61,25.2763980131389,3.0,2.0,2,3.0,1,1141.4097186266374,2.0
70,21.4822688952064,3.0,2.0,1,3.0,1,1179.4716373991216,2.0
64,27.0163589316258,3.0,1.0,2,3.0,1,1147.8939758464726,2.0
64,24.7003787034974,1.0,3.0,1,4.0,1,1105.0078329624257,4.0
59,25.9585026169793,3.0,1.0,2,4.0,1,1118.3535837437532,4.0
34,18.2568091171814,1.0,1.0,2,2.0,1,2307.848831173147,4.0
33,23.0044680594131,1.0,1.0,1,3.0,1,,4.0
67,24.1243873547938,2.0,,1,3.0,1,,2.0
62,19.7479954947793,3.0,,2,4.0,1,716.7450849454253,2.0
73,27.237055693168,3.0,2.0,1,2.0,1,2991.0922467389532,1.0
67,29.8623204448773,3.0,3.0,2,5.0,1,1668.8725594772814,1.0
74,21.5124190661903,3.0,1.0,1,4.0,1,1541.1063027728592,3.0
67,24.1972814880276,3.0,2.0,2,3.0,1,1777.211819135949,3.0
43,25.93505250979,3.0,1.0,2,3.0,1,1646.7011527775298,3.0
44,20.6261198453117,1.0,1.0,2,3.0,2,,5.0
60,26.9661871616177,2.0,,1,3.0,2,,4.0
57,21.9354838709677,2.0,,2,2.0,2,,4.0
51,21.7850388522552,1.0,1.0,1,2.0,2,,5.0
69,21.9383243077998,3.0,,1,3.0,2,1331.8391437282355,4.0
66,22.6044280127279,1.0,2.0,2,2.0,2,949.63680565612,4.0
41,,,,1,,2,3290.6833229670788,5.0
37,18.6258150718248,1.0,1.0,2,3.0,2,1313.3882416757638,5.0
10,,,,2,,2,1514.7214240206897,5.0
6,,,,1,,2,1475.4692999771933,5.0
49,22.5179238329416,2.0,2.0,1,3.0,2,2087.8131856817845,5.0
48,22.8076468593317,3.0,1.0,2,3.0,2,1808.9722088509511,5.0
20,22.5502077562327,1.0,1.0,2,2.0,2,994.6251172015656,5.0
17,27.5116985495784,,,2,1.0,2,1062.3183604687974,5.0
40,18.4943039760537,1.0,1.0,2,3.0,2,1493.5194708942856,4.0
42,23.163254329664,1.0,2.0,1,4.0,2,1536.7683452414774,4.0
7,14.0739350722462,,,1,1.0,2,1731.3564503467755,4.0
5,15.0683570931962,,,1,2.0,2,1841.0064746575863,4.0
75,24.5022824235231,2.0,2.0,2,1.0,2,1186.092621178978,1.0
73,27.4490466798159,1.0,2.0,2,3.0,2,,3.0
56,22.9930832654459,3.0,,1,3.0,2,2984.037117809989,4.0
51,23.2878738171205,1.0,2.0,2,3.0,2,1550.6743779499047,4.0
19,23.6986233315296,1.0,1.0,1,9.0,2,1903.4410063784997,4.0
54,24.1972814880276,1.0,2.0,2,2.0,2,3895.6358618125887,5.0
45,25.036924073757,1.0,1.0,1,3.0,2,1383.2823491057372,4.0
39,18.3815064538877,1.0,1.0,2,3.0,2,1819.756217708334,4.0
6,13.8052699190746,,,1,2.0,2,1505.1255674593965,4.0
3,16.1742102940846,,,2,2.0,2,621.8271841625976,4.0
55,23.065666515955,1.0,1.0,2,2.0,2,1405.8920669839897,5.0
29,,,,1,,2,1669.4579965893715,5.0
23,,,,2,,2,3729.000155238095,5.0
41,20.2385514028098,1.0,1.0,2,2.0,2,1873.4121753939687,5.0
12,,,,1,,2,2308.409563954531,5.0
9,17.5974865292792,,,2,2.0,2,1436.5175289364754,5.0
40,19.530766565184,1.0,1.0,2,3.0,2,1817.5302238087136,5.0
10,,,,2,,2,1720.7139671644868,5.0
6,,,,2,,2,2069.937330265823,5.0
55,25.4759614681072,3.0,3.0,1,9.0,1,,2.0
70,21.5599838763065,3.0,,1,3.0,1,1845.2983477093728,2.0
63,22.3739614192157,3.0,2.0,2,3.0,1,2432.3632166250864,2.0
47,20.1245248429727,1.0,1.0,2,2.0,3,1654.634438355959,5.0
45,19.9664225686904,1.0,,2,4.0,3,2308.016000008,5.0
33,21.7123526340261,1.0,1.0,1,3.0,1,1618.77837431786,3.0
34,17.207904392609,2.0,1.0,2,4.0,1,1076.6267342511585,3.0
50,23.5553420838152,1.0,1.0,2,1.0,3,2089.6001579653366,5.0
38,23.417883117351,1.0,1.0,2,2.0,3,2597.8034197679717,5.0
9,24.2723789923124,,,1,2.0,3,2265.7104936090714,5.0
41,24.3151998054784,3.0,1.0,2,3.0,3,2013.1334263968424,5.0
47,17.4013686378775,1.0,1.0,1,2.0,3,2237.861182690095,4.0
40,26.9033391848096,2.0,2.0,1,3.0,3,3293.6752469836742,5.0
40,22.9668190292077,1.0,1.0,2,1.0,3,2348.074004877305,5.0
12,23.8790369088812,,,1,3.0,3,1270.1161493603229,5.0
10,17.4368760867775,,,1,2.0,3,2485.2144718488157,5.0
6,14.9587910530671,,,2,2.0,3,1690.9166919108516,5.0
42,28.6757531023851,2.0,2.0,1,3.0,3,3342.4777625542633,5.0
45,22.5366806829817,2.0,2.0,1,3.0,1,604.2432371689857,4.0
41,18.2331509190537,1.0,1.0,2,3.0,1,1697.8873053850984,4.0
11,15.143023973798,,,1,4.0,1,1337.58724701232,4.0
67,24.8120562386436,3.0,2.0,2,3.0,1,,5.0
43,19.8261417747262,3.0,1.0,2,4.0,1,1570.528112648307,3.0
40,23.6246272701469,2.0,2.0,1,2.0,1,1761.2881813035751,3.0
2,,,,2,3.0,1,1034.8003376861702,3.0
27,21.0511075457165,1.0,1.0,1,1.0,1,4436.090395859957,1.0
32,26.7941766404373,1.0,1.0,1,2.0,1,3693.424498431831,5.0
34,20.3082764885258,1.0,1.0,2,3.0,1,2027.44914264343,5.0
45,20.3185869777329,1.0,1.0,2,3.0,1,2210.6593034367934,3.0
77,24.0220385674931,2.0,3.0,1,3.0,1,1408.4910900603386,3.0
72,24.3134906068014,3.0,1.0,2,2.0,1,1432.9823069315096,3.0
72,20.9984820374431,3.0,3.0,2,3.0,1,,
75,23.9684891114578,2.0,1.0,1,3.0,1,,4.0
33,23.6951607168128,1.0,1.0,1,2.0,1,2348.335363922497,5.0
41,18.7664816896631,2.0,1.0,2,3.0,1,1202.519150635417,5.0
78,21.7546765026911,2.0,2.0,1,3.0,1,1253.3698296263046,1.0
77,28.8046898008056,3.0,2.0,2,3.0,1,866.3322871777293,1.0
62,24.5774841330654,2.0,2.0,2,2.0,1,1927.697387085099,4.0
65,22.1269905454833,1.0,2.0,1,2.0,1,1734.835134456163,4.0
23,16.9637167924713,2.0,1.0,2,3.0,1,1958.9778796069445,3.0
80,20.9656313104474,3.0,3.0,2,2.0,1,759.7734761951206,1.0
80,16.3286897778354,2.0,1.0,2,3.0,1,1055.1160404208222,2.0
74,22.6090247285195,3.0,1.0,2,3.0,1,1401.7333198262363,1.0
70,24.4429562508496,3.0,3.0,1,3.0,3,3803.800380670175,5.0
66,20.5066273691179,1.0,1.0,2,3.0,3,1347.0539351968273,5.0
46,22.5237624014963,2.0,1.0,1,3.0,3,,3.0
48,20.4400507070489,1.0,1.0,2,3.0,3,1253.874532061585,3.0
18,17.9551128852632,,,1,1.0,3,2542.1817499286144,3.0
16,,,,2,,3,1533.4088787214491,3.0
80,21.187641723356,2.0,2.0,1,3.0,3,1379.366407736081,2.0
55,26.801967373801,2.0,2.0,1,2.0,3,1688.511215860754,5.0
48,26.743125701459,1.0,2.0,2,2.0,3,1166.3795297206457,5.0
27,26.7207117172193,1.0,1.0,1,4.0,3,1952.2657435041592,5.0
24,21.2872853418555,1.0,1.0,2,4.0,3,766.762714860323,5.0
80,25.5107555939898,3.0,3.0,1,3.0,3,1511.4396310535808,3.0
80,26.6341530277779,3.0,3.0,2,5.0,3,1298.669652244733,3.0
79,23.8095238095238,2.0,2.0,1,2.0,3,2319.8714647067086,1.0
76,22.7230930285197,3.0,1.0,2,3.0,3,1121.8057148963946,1.0
47,27.5520959205184,1.0,3.0,1,2.0,3,4823.718610169914,4.0
47,,,,2,,3,2914.164568060867,4.0
41,19.5271930852308,1.0,1.0,2,2.0,3,1360.8999400894404,4.0
43,23.3508385197611,1.0,1.0,1,3.0,3,1648.4693706861285,4.0
9,19.6377296749498,,,2,4.0,3,1724.2490305342635,4.0
54,23.3504199673309,1.0,1.0,1,3.0,3,1997.1481067865284,3.0
49,20.5163861576653,2.0,3.0,2,2.0,3,2063.120029580032,3.0
14,17.0321466656284,,,1,3.0,3,2005.710954537738,3.0
74,19.5289096275866,3.0,,2,2.0,2,965.254242218055,4.0
45,22.3153511051707,2.0,1.0,2,2.0,2,1913.2980886209457,4.0
48,23.3518298322103,3.0,2.0,1,2.0,2,2378.432233432084,4.0
77,20.4591368227732,2.0,1.0,1,4.0,2,1574.078924377715,4.0
15,18.6067127772538,,,1,1.0,2,3458.65624038507,4.0
11,15.6794306321537,,,1,3.0,2,1879.172062259288,4.0
63,24.4654484352027,3.0,2.0,1,3.0,2,3164.023042051723,5.0
60,19.6825066169983,3.0,2.0,2,3.0,2,1553.2717275240814,5.0
33,18.6007726690775,2.0,2.0,2,2.0,2,,5.0
80,28.2048078542242,1.0,3.0,2,2.0,2,513.8727436740776,1.0
29,22.6998646782857,1.0,1.0,2,3.0,2,3324.3556204243887,4.0
32,24.526302636677,1.0,1.0,1,1.0,2,2576.9168182244034,4.0
53,21.4814366430494,2.0,3.0,2,4.0,2,923.2224466683764,5.0
24,24.797824061476,1.0,1.0,1,2.0,2,1524.3029535467667,5.0
27,25.975303643868,1.0,2.0,2,4.0,2,972.6269285594012,5.0
57,26.4875603064989,2.0,1.0,1,2.0,2,5900.628182590233,5.0
54,30.8372565872851,2.0,2.0,2,2.0,2,1054.8797971258575,5.0
28,25.5916421482003,1.0,1.0,2,2.0,2,1687.9712412269753,5.0
27,27.9160382554573,1.0,1.0,1,1.0,2,2252.644779022333,5.0
60,22.224529154342,1.0,1.0,1,2.0,2,1936.461591809633,5.0
55,23.40823056795,1.0,1.0,2,2.0,2,1544.8807250139091,5.0
50,21.56189419447,1.0,1.0,2,3.0,2,,5.0
57,32.7221735047037,3.0,3.0,1,3.0,2,,5.0
25,20.717714663425,1.0,1.0,1,2.0,2,,5.0
62,26.9279635010689,3.0,1.0,1,3.0,2,1564.5802377418595,5.0
68,28.9548465031702,3.0,2.0,2,4.0,2,1840.6401638077216,2.0
32,18.4272666518156,2.0,1.0,2,2.0,2,1003.9319443674768,2.0
54,26.4917375289552,1.0,2.0,1,5.0,2,1383.5575907733323,5.0
48,21.0150513205404,2.0,1.0,2,2.0,2,3904.114571534714,5.0
24,19.614312730761,1.0,1.0,2,3.0,2,1674.987267411152,5.0
21,19.365336601768,1.0,1.0,1,4.0,2,2995.0023058498796,5.0
73,24.3891951393607,2.0,3.0,1,3.0,2,1861.8695806095016,2.0
69,23.4273042684803,3.0,2.0,2,3.0,2,1024.2896341734197,2.0
55,25.5302746885238,1.0,1.0,2,2.0,2,,
20,18.8924487542328,1.0,1.0,2,4.0,2,,
18,20.8939253399446,,,2,3.0,2,,
42,35.9599001953877,2.0,2.0,1,3.0,2,3764.5165269810286,4.0
36,21.0825058942352,1.0,1.0,2,3.0,2,3372.3853712218806,4.0
6,17.2184259658578,,,2,2.0,2,2175.129084075971,4.0
3,15.4727197001249,,,2,2.0,2,1347.0002685810814,4.0
30,26.1361514922769,1.0,1.0,1,2.0,2,2377.241510206631,5.0
70,25.2555578116444,3.0,3.0,1,4.0,2,2754.67828750799,3.0
67,21.0954053446203,3.0,2.0,2,3.0,2,1307.0897696759912,3.0
34,31.0885930694622,1.0,1.0,1,3.0,2,2969.1297730602246,3.0
48,23.9158163265306,3.0,1.0,1,3.0,2,3284.788353690424,3.0
47,25.0832782195559,1.0,2.0,2,1.0,2,1772.5089495178313,3.0
11,16.6529258678352,,,2,1.0,2,2180.5388693565596,3.0
8,13.6562860438293,,,2,3.0,2,1860.5752145729407,3.0
3,15.1603498542274,,,1,2.0,2,1210.243081053497,3.0
34,23.6047107718569,1.0,2.0,1,3.0,2,2924.5744965038502,3.0
35,26.6717166041668,1.0,,2,2.0,2,2254.1013891515227,3.0
2,15.3468444718782,,,1,1.0,2,854.9087340665768,3.0
35,28.6163838584952,1.0,2.0,1,4.0,2,2396.2482358124644,4.0
36,24.7731980539768,1.0,1.0,2,2.0,2,1244.2495661745384,4.0
1,17.308867026749,,,2,2.0,2,1345.0045651179746,4.0
47,23.3274152497758,2.0,1.0,1,3.0,2,,3.0
46,22.5057270749264,1.0,1.0,2,2.0,2,,3.0
15,19.5964714141815,,,1,2.0,2,,3.0
6,15.7607723245194,,,1,1.0,2,,3.0
56,23.8095238095238,1.0,2.0,1,3.0,2,1945.8695329974496,4.0
57,24.2496058639258,1.0,2.0,1,3.0,2,1780.3898959801177,5.0
52,20.0102425309226,1.0,1.0,2,3.0,2,1434.004098331796,5.0
59,25.2699221628747,2.0,1.0,1,3.0,2,2479.0663979946853,4.0
59,23.9812102151511,2.0,2.0,2,2.0,2,860.4961111495019,4.0
35,17.2689794307267,3.0,1.0,1,3.0,1,,5.0
26,20.9958537833878,2.0,1.0,1,2.0,1,,4.0
50,24.5827009452781,1.0,2.0,2,2.0,1,1488.2748585945185,4.0
18,24.2812646160276,,,2,1.0,1,1868.98585507246,4.0
23,19.86486470788,1.0,1.0,2,2.0,1,1576.461589805417,4.0
30,24.9669150083325,1.0,1.0,2,3.0,1,2429.6985405521373,3.0
29,19.7333492572882,1.0,1.0,2,1.0,1,1513.924093726402,4.0
62,22.6598962402099,2.0,2.0,2,4.0,1,1632.3260583864114,2.0
21,22.0184513149213,1.0,1.0,1,2.0,1,2697.2174451664564,2.0
67,24.7448166875678,1.0,1.0,2,2.0,1,1712.7215331829368,2.0
63,24.3848953993246,3.0,2.0,2,3.0,1,521.1529076066957,5.0
58,20.8070344793446,3.0,1.0,2,2.0,1,349.05697094540494,5.0
25,19.0427272683903,1.0,1.0,2,3.0,1,1840.327144841995,3.0
41,25.7965847164449,1.0,1.0,2,4.0,1,1865.0813012015765,3.0
26,22.7869505310211,1.0,1.0,1,2.0,1,5305.389953274435,5.0
25,21.9815817483456,3.0,1.0,1,2.0,1,1309.0989894842023,4.0
27,18.593097218563,1.0,1.0,2,3.0,1,1822.1121728618857,4.0
29,22.06028863397,1.0,1.0,2,2.0,1,2166.6242048709296,3.0
69,23.5024238227147,3.0,2.0,2,3.0,3,1421.2933994059624,5.0
37,21.7230583875649,1.0,2.0,1,2.0,1,3332.503266923425,5.0
46,21.0695436983915,2.0,2.0,2,3.0,1,2239.5139712221367,3.0
77,24.9716366932484,3.0,3.0,1,3.0,1,,1.0
62,21.2837374242917,3.0,2.0,2,3.0,1,,1.0
25,24.1311845441619,1.0,1.0,2,2.0,1,1741.7949535262237,3.0
47,21.0624802652927,2.0,1.0,2,3.0,2,3162.114718021371,5.0
57,23.5059357376659,3.0,2.0,2,2.0,2,803.5769652952273,3.0
22,,,,2,,2,1647.9782290653895,3.0
37,23.7639986358073,2.0,2.0,1,2.0,2,,5.0
37,20.1746754881985,1.0,1.0,2,3.0,2,,5.0
3,16.3306383726977,,,1,1.0,2,,5.0
75,21.468961889606,3.0,1.0,1,2.0,2,,5.0
69,26.0738356598133,3.0,3.0,2,2.0,2,,5.0
68,21.1096896838254,2.0,1.0,2,3.0,2,2142.7954497553474,2.0
39,25.2135178385639,1.0,1.0,1,3.0,2,,2.0
38,19.7899051625289,1.0,1.0,2,3.0,2,,2.0
25,26.2870312855179,1.0,1.0,1,1.0,2,3751.208942186112,5.0
51,27.5224769809626,3.0,3.0,1,4.0,2,,5.0
48,20.2963495947025,2.0,1.0,2,4.0,2,1878.062981413124,5.0
16,19.3743241676357,,,2,2.0,2,,5.0
61,22.9589973179717,1.0,2.0,2,2.0,2,1826.8259799967104,1.0
44,19.7150445870337,1.0,1.0,2,4.0,2,1362.905384057969,5.0
47,22.6628895184136,3.0,1.0,1,3.0,2,2185.767132686092,5.0
60,25.7179981800633,1.0,3.0,1,3.0,2,1432.2149884864202,4.0
46,22.2898119898064,1.0,1.0,2,3.0,2,1295.4125074120316,5.0
38,22.2851468601909,1.0,1.0,2,3.0,2,1951.4348345826832,5.0
43,23.2397044488863,1.0,2.0,1,3.0,2,2965.1691508872523,5.0
5,16.3956597276406,,,2,2.0,2,1629.787129664371,5.0
3,15.8568354287009,,,1,2.0,2,1211.412690800537,5.0
38,19.2932910200794,1.0,,2,2.0,2,1107.650437477534,4.0
6,,,,2,,2,1441.3315028883255,4.0
4,15.5075549198052,,,1,1.0,2,1541.1078299821454,4.0
65,,,,2,,2,1645.6973548128713,4.0
53,24.682293733136,3.0,1.0,2,9.0,2,,5.0
56,28.9531174084142,,3.0,1,9.0,2,,5.0
26,28.9795526906878,1.0,1.0,1,3.0,2,,5.0
37,22.6608285216344,1.0,2.0,2,9.0,2,,3.0
44,23.9863119834711,2.0,2.0,1,4.0,2,2511.1684038549756,5.0
45,19.6873351185684,1.0,1.0,2,3.0,2,1853.860694485122,5.0
7,14.8384703472525,,,1,2.0,2,2011.1769949147556,5.0
64,21.8470085203333,3.0,2.0,1,2.0,2,,5.0
65,21.7131172798708,2.0,1.0,2,3.0,2,968.5320402278642,5.0
40,22.7094069351035,2.0,1.0,2,4.0,2,1499.491768697622,5.0
8,17.3488123292226,,,1,2.0,2,2351.0998385026724,5.0
6,15.791185909724,,,2,2.0,2,1456.3310970814505,5.0
37,25.4619441483988,2.0,1.0,1,2.0,2,1940.055806175984,3.0
35,22.3498128203176,1.0,1.0,2,3.0,2,1474.673197038019,3.0
5,14.5006517276757,,,2,2.0,2,1762.1265235564704,3.0
3,16.6362493758716,,,2,2.0,2,1712.9675235564705,3.0
30,,,,1,,2,1196.9425377126602,5.0
30,19.0594027377696,1.0,1.0,2,3.0,2,3400.5481633605905,5.0
80,21.0227114150786,3.0,2.0,1,3.0,2,1985.6841826644063,3.0
75,25.0356855140002,3.0,2.0,2,3.0,2,1797.8210764551352,3.0
42,19.2386710556267,1.0,1.0,2,2.0,2,2498.113104926246,5.0
10,14.7661125488642,,,2,1.0,2,1864.5639955279855,5.0
38,24.4990721627989,2.0,2.0,1,4.0,2,2073.985751522803,5.0
36,19.879249712264,1.0,1.0,2,3.0,2,1832.1090383611677,5.0
9,17.0474434905071,,,2,2.0,2,1738.2647082397843,5.0
38,23.1979795664463,2.0,2.0,1,3.0,2,4289.770033477567,5.0
35,18.4266883965096,2.0,1.0,2,4.0,2,2575.6246213768077,5.0
40,19.2134338017751,1.0,1.0,2,1.0,2,1877.9359060068352,5.0
42,21.1314495775704,1.0,1.0,1,3.0,2,2790.681447974003,5.0
10,15.9100749499836,,,2,1.0,2,2081.645373256246,5.0
44,19.1733953260046,1.0,1.0,2,4.0,2,3237.1760306713454,2.0
5,17.2642557506522,,,1,1.0,2,1812.0789511677672,2.0
39,20.3906583410076,1.0,1.0,2,3.0,2,1841.0660855499527,3.0
8,17.1616588814544,,,2,2.0,2,1281.2887258036556,3.0
6,14.8014764633958,,,1,2.0,2,1579.277540052084,3.0
50,19.6061468859281,1.0,1.0,2,2.0,2,1553.8426169618735,1.0
15,17.7600105914245,,,2,2.0,2,1560.404617183473,1.0
49,26.3707994024102,3.0,2.0,1,3.0,2,1470.8627870462428,4.0
72,23.314366899023,3.0,2.0,2,3.0,2,1533.6293742248904,4.0
57,21.9409921787441,1.0,3.0,1,3.0,2,3369.035104991278,5.0
53,,,,2,,2,1167.423416690147,5.0
25,,,,2,,2,1313.315049957531,5.0
18,,,,2,,2,1172.9151158078805,5.0
43,26.0845208501103,2.0,2.0,1,1.0,2,4328.329445733081,4.0
45,19.5618153364632,1.0,1.0,2,3.0,2,2133.742639221499,4.0
56,19.4470314005631,1.0,2.0,2,3.0,2,2492.1707780327283,5.0
26,19.6071566121634,1.0,1.0,2,2.0,2,1606.6768806844516,5.0
33,20.7440409890844,1.0,1.0,1,4.0,2,2061.27434118944,5.0
31,,,,2,,2,1533.554540143179,5.0
45,,,,2,,2,1046.8625017726558,5.0
43,22.9425103374683,2.0,2.0,1,3.0,2,2867.773826572276,5.0
51,25.0367212281419,1.0,1.0,2,3.0,2,931.7782993989332,5.0
53,26.2738700635861,2.0,2.0,1,9.0,2,,5.0
23,25.4093573819097,1.0,1.0,1,2.0,2,1379.926774167442,5.0
13,19.1847000294089,,,2,2.0,2,959.4877612980332,5.0
80,19.3363771252644,3.0,1.0,2,3.0,2,1457.8912991653178,5.0
42,32.4950155541735,3.0,1.0,1,9.0,2,,
38,17.4615233800608,1.0,1.0,2,9.0,2,2381.6134368714397,
6,,,,2,,2,2117.933190658895,
1,,,,1,,2,519.6274622883994,
21,18.4401845241006,2.0,1.0,2,2.0,2,2922.346553808761,5.0
17,17.0714205840669,,,2,2.0,2,2510.855590000716,5.0
48,25.027775533959,2.0,1.0,1,2.0,2,2733.4995492355565,5.0
48,21.8279253667941,1.0,1.0,2,2.0,2,1466.7011664623446,5.0
19,22.7177201176881,1.0,1.0,2,2.0,2,,5.0
14,25.3523791505061,,,1,1.0,2,2724.081483231188,5.0
73,25.5864407800057,1.0,3.0,2,4.0,2,1142.7096958604614,1.0
48,21.0090132486657,1.0,1.0,2,2.0,2,2618.301650855328,1.0
17,23.4120383517925,,,1,3.0,2,3729.8954040138246,1.0
60,30.6124305000019,3.0,3.0,1,3.0,2,2475.760123456497,5.0
57,20.6734553271596,1.0,2.0,2,3.0,2,917.4425816084414,5.0
29,22.5754700286434,1.0,2.0,2,3.0,2,1248.232224424323,5.0
25,29.7303229272166,1.0,2.0,2,3.0,2,1698.478385183432,5.0
60,19.251814120794,1.0,3.0,2,2.0,2,,5.0
47,23.5348760366645,1.0,2.0,2,3.0,2,2184.7355008080563,4.0
12,32.1203917883112,,,1,3.0,2,4546.535632766994,4.0
8,23.6405553727419,,,1,2.0,2,2470.5060940905464,4.0
31,22.8190884989269,1.0,2.0,1,2.0,2,2240.7116238411195,5.0
59,19.8412063453458,1.0,,2,1.0,2,1676.7096233597545,5.0
33,26.7094017094017,1.0,1.0,1,2.0,2,1998.6838529819092,5.0
56,23.8476688329666,1.0,1.0,1,2.0,1,3844.002578413421,5.0
55,20.1701839417542,2.0,2.0,2,3.0,1,1464.9353297575824,5.0
60,24.3512972434413,3.0,2.0,2,3.0,2,3826.611943794208,
55,22.0600922252025,2.0,1.0,1,9.0,2,2186.0042312922865,5.0
54,25.3385042651297,2.0,1.0,2,3.0,2,,5.0
52,30.5742779335668,3.0,3.0,1,9.0,2,,5.0
51,24.6487005848061,1.0,2.0,2,2.0,2,1547.1948287417836,5.0
24,17.9138934126889,1.0,1.0,2,3.0,2,1830.0259625363235,5.0
20,19.4352120474841,1.0,1.0,2,2.0,2,1974.7328205903632,5.0
18,22.1722277010739,,,1,1.0,2,2325.332099927968,5.0
57,22.6048752834467,2.0,2.0,1,1.0,2,1590.856777153906,5.0
53,,,,2,,2,1287.1173282642726,5.0
59,28.4082363832639,3.0,2.0,1,3.0,2,2169.4515282022603,5.0
59,18.9530549981675,1.0,1.0,2,3.0,2,1347.2380200269124,5.0
30,20.5190311418685,2.0,1.0,1,2.0,2,2558.387502866217,5.0
79,25.3392144507456,2.0,2.0,1,1.0,2,,5.0
76,26.9807526572824,3.0,2.0,2,3.0,2,,5.0
63,26.9517334517267,3.0,,1,9.0,2,,5.0
62,24.65154994645,1.0,2.0,2,2.0,2,1838.826595485758,5.0
66,26.1969763869628,3.0,3.0,2,3.0,2,1167.60716,5.0
73,24.8319370029418,3.0,2.0,2,2.0,2,1312.8747987204265,2.0
67,27.4970176175551,3.0,1.0,1,2.0,2,1837.4236877059352,5.0
61,26.1646110223811,2.0,2.0,2,3.0,2,1059.634263540616,5.0
77,25.9669531309567,3.0,3.0,2,3.0,3,1026.173108459638,1.0
56,25.310313370406,2.0,2.0,1,2.0,3,1766.569342511633,4.0
51,22.6439762822352,2.0,1.0,2,3.0,3,2282.9230824719148,4.0
75,20.9311036199793,3.0,3.0,2,3.0,3,1667.1829136314668,1.0
72,19.4481444378529,1.0,3.0,2,3.0,3,,2.0
80,22.4010665093128,1.0,2.0,2,9.0,3,695.2065593199201,1.0
69,21.3102992676361,1.0,2.0,2,3.0,3,1626.2778975231477,2.0
46,31.1915505719871,2.0,2.0,2,2.0,3,1905.5928976284808,3.0
50,,,,1,,3,2465.3387314565816,3.0
60,25.9241448556628,2.0,2.0,2,3.0,1,1748.240511876032,2.0
28,25.1792465915608,1.0,1.0,2,4.0,3,1001.2654910212408,5.0
62,21.5171826530305,2.0,2.0,1,9.0,3,1469.8359161701771,3.0
80,23.0310000968507,3.0,2.0,2,4.0,3,1528.4217621117173,3.0
55,21.0834009312431,2.0,1.0,2,3.0,3,1766.1884328166027,4.0
28,17.4878972647501,1.0,2.0,2,2.0,3,1402.0312001575287,4.0
59,27.6956397714629,3.0,,2,4.0,3,,5.0
61,20.3483446292264,1.0,3.0,1,4.0,3,3677.44024702748,5.0
51,20.8852542312122,1.0,1.0,2,9.0,3,,2.0
61,28.7716333546996,3.0,3.0,2,4.0,3,817.2752444204539,1.0
37,30.7855219036072,3.0,3.0,1,4.0,3,1699.59741379679,1.0
60,22.421875,1.0,,1,3.0,1,,5.0
60,23.4631821170283,1.0,3.0,2,3.0,1,2146.4149193821927,5.0
27,21.4671829660038,1.0,2.0,2,3.0,1,1282.3592963726207,5.0
24,20.2443981527942,1.0,2.0,1,3.0,1,3548.5748304818794,5.0
55,30.1869148579444,3.0,2.0,2,3.0,1,1675.8050928761345,5.0
27,21.0794411605932,1.0,1.0,2,9.0,1,818.4320998384617,5.0
55,23.9349355282794,3.0,3.0,2,2.0,1,913.5463,3.0
80,23.8134893826458,3.0,3.0,2,9.0,1,1038.7203948596502,2.0
49,24.6515263505602,1.0,1.0,2,9.0,1,,2.0
70,21.5555576264738,3.0,2.0,1,5.0,1,2191.2009349814957,1.0
67,24.9284033067817,1.0,2.0,2,5.0,1,1983.3662359704151,1.0
39,23.3386539692846,1.0,1.0,1,9.0,1,1181.99462067825,2.0
41,27.0960103259867,2.0,1.0,2,9.0,1,1116.5771193492924,2.0
7,16.5012417184393,,,2,4.0,1,1166.953884695197,2.0
3,16.8937873682109,,,1,2.0,1,1050.6093397951438,2.0
67,27.969599938274,3.0,3.0,1,3.0,1,739.9719382813528,1.0
77,,,,2,,1,963.8477059021208,1.0
50,26.2945975280978,3.0,1.0,1,3.0,1,2085.081895292795,1.0
73,20.5444192383924,1.0,,1,9.0,1,1287.6804477080857,1.0
72,25.9868433017598,2.0,3.0,2,2.0,1,1874.3045799084457,1.0
19,18.5051390510944,1.0,1.0,1,4.0,1,2274.074169358907,3.0
70,24.90720932381,3.0,3.0,2,3.0,1,1156.6561810922965,2.0
79,22.4713829986864,1.0,,2,3.0,1,2101.6641080501063,2.0
70,24.1661627292313,3.0,2.0,1,3.0,1,1515.2334107223762,3.0
66,24.1360345765508,3.0,3.0,1,4.0,1,1882.9097862083872,1.0
61,25.7267815796244,1.0,2.0,2,4.0,1,1157.2246206896552,1.0
67,26.457348753177,3.0,2.0,2,4.0,1,1767.8808623042576,1.0
67,22.2923925943658,3.0,2.0,2,4.0,1,1828.9628208267577,3.0
44,24.0519306196085,1.0,1.0,2,3.0,1,1867.03370244336,3.0
50,25.4577893204921,3.0,3.0,1,3.0,1,,1.0
42,23.0930111617724,1.0,1.0,2,9.0,2,1158.010367284366,3.0
71,27.3816291132309,3.0,1.0,2,2.0,2,1005.7439724940534,3.0
80,22.8800387213765,3.0,1.0,2,9.0,2,,1.0
33,27.8220437463046,1.0,,2,2.0,2,644.2518221079608,3.0
2,17.8738637320091,,,2,2.0,2,1063.4396531964387,3.0
42,26.2336837122587,1.0,1.0,1,3.0,2,3408.9271845426824,3.0
40,22.7568174400818,2.0,1.0,2,3.0,2,1404.9448747001543,3.0
5,16.5969520243014,,,2,3.0,2,1507.3141287306182,3.0
3,16.5075991072378,,,2,3.0,2,1262.0007422502315,3.0
67,23.0587206111682,2.0,3.0,1,9.0,2,2176.013508934954,3.0
66,19.380380439203,3.0,3.0,2,5.0,2,1165.4502419704218,3.0
62,24.4400904623738,3.0,2.0,1,3.0,2,,3.0
69,20.0678725423253,1.0,1.0,1,4.0,2,1263.5227972585346,3.0
45,22.8468113083498,1.0,1.0,2,3.0,2,1225.6762994754924,4.0
19,14.6886451693194,1.0,1.0,2,4.0,2,1423.215858272827,4.0
58,19.7598705258007,3.0,1.0,1,2.0,2,3033.8655948926826,5.0
24,19.9349031257863,2.0,2.0,1,3.0,2,1996.8920511939052,5.0
26,20.0335387737927,1.0,1.0,2,2.0,2,1515.0174426229507,5.0
35,27.8995999224858,3.0,2.0,1,9.0,2,1107.8403676434966,5.0
31,26.0311070040559,1.0,2.0,2,9.0,2,1695.765,5.0
75,23.3837245482625,3.0,2.0,2,9.0,2,,
78,25.6690127592307,1.0,2.0,1,3.0,2,2142.0893259512845,2.0
72,26.9787821006937,2.0,2.0,2,3.0,2,1506.3578342082249,2.0
38,25.5704653421141,1.0,1.0,2,3.0,2,987.1785988308328,1.0
56,21.0435155620844,2.0,2.0,1,3.0,2,2816.9265290409885,4.0
50,30.4138120459163,3.0,3.0,2,3.0,2,1777.885644186813,4.0
26,20.3243010036316,1.0,1.0,2,3.0,2,1002.1877329683432,4.0
30,25.5440028045063,2.0,1.0,1,3.0,2,3704.589449874613,4.0
6,13.6204843312653,,,2,2.0,2,1393.8702755754985,4.0
33,21.7804565453287,2.0,,1,3.0,2,3412.9023361043155,3.0
32,20.896714027748,1.0,1.0,2,2.0,2,1118.359671719726,3.0
4,14.6517102664181,,,1,2.0,2,1873.870350437015,3.0
2,15.733346431213,,,2,2.0,2,2023.4000175591443,3.0
27,28.4267711147457,3.0,1.0,1,3.0,2,1764.214577660032,3.0
64,27.7235931688719,3.0,3.0,2,9.0,2,1106.2012998430796,2.0
79,17.0745069393718,2.0,2.0,2,3.0,2,936.9962911825708,1.0
32,26.6561702806122,1.0,2.0,1,3.0,2,3524.89148272735,4.0
31,21.6809732480673,1.0,1.0,2,3.0,2,1156.9774041940373,4.0
53,25.5222030294929,3.0,2.0,1,3.0,2,1228.1985609133983,3.0
50,29.1893695096186,2.0,1.0,2,3.0,2,855.5144776660701,3.0
25,16.0165789213989,1.0,1.0,2,3.0,2,1440.758,3.0
22,23.2681926894633,1.0,1.0,1,2.0,2,1519.172266090416,3.0
69,25.868956651288,3.0,3.0,1,3.0,2,,3.0
65,24.4646016033724,3.0,1.0,2,9.0,2,,3.0
34,24.34437611585,1.0,,1,9.0,2,,4.0
38,18.3616230432546,1.0,1.0,2,3.0,2,815.1217696325396,4.0
4,,,,1,,2,965.0599896113472,4.0
57,16.7632447391113,3.0,1.0,1,3.0,2,975.6978586999846,3.0
37,23.1554412004948,3.0,,1,2.0,2,3346.3628604967716,3.0
37,19.284991239104,1.0,2.0,2,3.0,2,1236.715,3.0
72,27.8083396403479,3.0,3.0,1,3.0,2,1305.6953229130784,1.0
38,28.510478746859,1.0,1.0,1,1.0,2,2284.64619303984,5.0
36,22.4547781393979,1.0,1.0,2,2.0,2,2851.435103707866,5.0
8,18.2744991493463,,,1,1.0,2,2074.12598218155,5.0
5,17.7351395751344,,,2,1.0,2,1489.4337805114185,5.0
74,23.3061867819684,3.0,3.0,2,3.0,2,805.6255588603633,1.0
43,23.3624400996846,1.0,1.0,1,2.0,2,1172.251881084008,4.0
40,23.5618961487687,1.0,1.0,2,2.0,2,1671.9412390459536,4.0
4,16.0856211012951,,,2,2.0,2,1382.8940370779303,4.0
2,16.7988052792894,,,1,2.0,2,1516.543327571699,4.0
60,23.370926305572,1.0,2.0,2,3.0,2,1273.2852249611433,1.0
60,27.1830043492807,3.0,3.0,1,3.0,2,2973.656620441084,3.0
65,22.109375,2.0,2.0,2,2.0,2,1510.549300148847,3.0
30,18.6498433519325,1.0,1.0,2,3.0,2,1145.1057892512958,3.0
80,25.4761103994176,3.0,2.0,1,3.0,2,2106.579552140113,1.0
74,26.6900916576806,3.0,1.0,2,2.0,2,1639.1757672566837,1.0
45,22.0552714676218,1.0,1.0,2,2.0,2,,2.0
7,15.1119106272367,,,1,2.0,2,,2.0
59,21.9625873242993,3.0,1.0,1,1.0,2,1943.5415758416225,5.0
59,23.1724501240101,1.0,1.0,2,1.0,2,1589.9935552137383,5.0
80,24.8155717899565,1.0,1.0,2,3.0,2,954.7702992666756,1.0
80,23.9725187762029,2.0,,1,9.0,2,1380.7999530388854,1.0
50,21.041999831664,3.0,,2,3.0,2,1023.7412887414408,4.0
72,25.2093148233724,3.0,2.0,1,3.0,2,1905.578812841661,2.0
66,22.8820426898335,2.0,3.0,2,2.0,2,1649.2301971469194,2.0
43,26.9246902243535,1.0,1.0,1,3.0,2,981.497014102194,4.0
41,25.4619806334632,2.0,2.0,2,3.0,2,710.478977694852,4.0
9,19.6911334598872,,,2,1.0,2,1562.9310059136276,4.0
80,25.3384136261555,3.0,3.0,2,3.0,2,1341.2980669384322,2.0
80,26.6810780301557,2.0,2.0,1,9.0,2,1690.5629655291457,2.0
77,22.1398573182456,3.0,1.0,2,4.0,2,1756.3827318130716,2.0
73,23.8918516591513,3.0,,2,9.0,2,,1.0
80,25.6055363321799,3.0,1.0,1,9.0,2,1785.6813962672388,1.0
80,25.7473590536761,3.0,3.0,2,9.0,2,809.0435464044766,1.0
73,25.8158970459287,1.0,1.0,1,5.0,2,2812.9402062103563,1.0
66,18.9591346874565,3.0,1.0,2,4.0,2,1220.142815380897,1.0
77,20.9338637415751,2.0,3.0,1,9.0,2,1409.0944928836595,2.0
78,28.4899705128805,3.0,3.0,2,9.0,2,2107.672655630741,2.0
19,36.4982517544618,1.0,3.0,1,2.0,2,863.8615232086806,2.0
78,25.4975946978927,2.0,,2,3.0,1,586.79685691257,1.0
66,34.1403271806202,3.0,1.0,1,1.0,1,1597.435134463619,5.0
61,19.8411366748101,1.0,1.0,2,3.0,1,879.989995880778,5.0
70,27.0784843670304,3.0,2.0,1,3.0,1,1743.2949618685673,1.0
69,24.2665437161785,1.0,2.0,2,3.0,1,258.1354697420907,1.0
45,,,,1,,1,1215.2421018037328,1.0
76,,,,1,,1,1173.2826428491198,2.0
76,35.3137246069997,3.0,,2,3.0,1,1196.9687767407804,2.0
45,,,,2,,1,965.7425899864212,5.0
80,20.078295461514,3.0,1.0,2,4.0,1,669.7862711268222,5.0
58,17.4159574095073,1.0,2.0,1,2.0,1,1046.847878457152,5.0
55,24.7191234861527,3.0,1.0,1,3.0,1,2426.2420486829933,5.0
74,25.1363720414201,3.0,1.0,1,3.0,1,2553.568358059709,5.0
71,21.6448763725201,2.0,3.0,2,3.0,1,1433.512119507964,5.0
49,25.2040069814048,3.0,1.0,1,4.0,1,,2.0
72,28.711782069296,3.0,2.0,2,5.0,1,1175.2549468984778,1.0
66,23.2716049382716,2.0,1.0,1,3.0,1,3163.52843498635,4.0
78,21.4077896576909,3.0,1.0,2,3.0,1,831.6304453880065,1.0
70,26.7481142116711,3.0,2.0,2,3.0,1,877.7265615418812,2.0
77,24.8861608834329,3.0,2.0,2,3.0,1,1731.0732843401097,1.0
80,25.5060383017548,3.0,1.0,1,5.0,1,909.6722991754832,1.0
74,29.3137181383744,3.0,3.0,2,3.0,1,1671.4735904690672,1.0
80,17.5301306747189,3.0,1.0,2,2.0,1,892.4670126567611,1.0
77,34.1343862330279,3.0,3.0,2,1.0,1,1197.1653764866876,1.0
42,23.7151539172942,1.0,2.0,1,1.0,2,2530.498622454658,4.0
37,28.3285002977895,1.0,1.0,2,3.0,2,542.4931046709129,4.0
13,22.968534611251,,,1,2.0,2,3012.5442087924985,4.0
10,18.538639930614,,,1,1.0,2,1366.2128056510069,4.0
9,18.8396045753325,,,1,2.0,2,2143.8615262298,4.0
7,12.9902785128575,,,2,2.0,2,1111.699970010753,4.0
76,22.6004248329478,2.0,2.0,1,2.0,2,1741.2437972345156,2.0
71,26.4590391917594,,,2,9.0,2,1075.5680847400104,2.0
37,31.5288614639808,2.0,1.0,1,2.0,2,842.4296720202453,3.0
33,30.9274563820018,2.0,1.0,2,3.0,2,890.8653661068209,3.0
3,14.5982577858072,,,2,1.0,2,1469.3985995324597,3.0
35,26.0406732617457,1.0,,1,3.0,2,,3.0
35,19.6199242051349,1.0,1.0,2,3.0,2,749.0147142177278,3.0
6,15.9500134372481,,,2,3.0,2,532.6993777893723,3.0
2,15.5054460347466,,,2,3.0,2,851.8730262438471,3.0
45,22.2760005952906,1.0,2.0,1,3.0,2,3272.4403139513215,4.0
41,20.7509197927543,1.0,2.0,2,3.0,2,1600.3924684590368,4.0
10,15.1743652425517,,,1,3.0,2,1532.6410626070422,4.0
7,15.797749007354,,,1,1.0,2,1990.6040153965632,4.0
39,25.6728362228532,3.0,2.0,1,2.0,2,2974.2449337951284,3.0
37,30.4870722798924,1.0,2.0,2,1.0,2,436.0536622420645,3.0
14,18.3179503598939,,,2,2.0,2,1169.5628369061435,3.0
11,15.9438701826983,,,2,4.0,2,1322.4380468831223,3.0
8,15.6343313822991,,,1,2.0,2,1802.8005851161947,3.0
53,25.2356010652411,3.0,1.0,1,3.0,2,,3.0
33,22.5489794135839,1.0,1.0,2,3.0,2,,3.0
10,21.0095018534055,,,1,3.0,2,,3.0
9,22.031865139124,,,2,3.0,2,,3.0
8,28.7761282868247,,,1,2.0,2,,3.0
39,24.151238310648,1.0,1.0,1,2.0,2,2050.4765812072583,5.0
39,19.8386881727685,2.0,1.0,2,2.0,2,1824.8018084758637,5.0
31,27.3528319949983,1.0,1.0,2,3.0,2,1990.644156019779,5.0
36,19.8294595783006,1.0,1.0,1,2.0,2,1980.55106300772,5.0
2,25.1536439340405,,,1,3.0,2,1124.9297933968874,5.0
57,25.0746802773071,2.0,2.0,2,4.0,2,1086.084858353223,5.0
46,21.4218902283475,1.0,2.0,2,3.0,2,,5.0
13,20.2603550295858,,,1,3.0,2,,5.0
10,23.0738293593795,,,2,2.0,2,,5.0
43,22.9449250096877,1.0,2.0,1,3.0,2,2219.496487060043,2.0
35,21.8325864130484,1.0,1.0,2,3.0,2,823.3031472646442,2.0
7,13.2945067382532,,,2,3.0,2,1353.855008524387,2.0
3,15.7375450180072,,,1,2.0,2,1068.2826851247837,2.0
38,23.4657061212141,1.0,2.0,2,3.0,2,1150.5956373810056,3.0
8,14.1547631993167,,,2,2.0,2,1251.025323795827,3.0
5,14.8264462809917,,,2,3.0,2,1358.090120017977,3.0
58,23.0365484945616,1.0,2.0,2,4.0,2,1576.9731705773656,3.0
62,,,,1,,2,1061.5636190280377,3.0
38,22.1751446822672,1.0,2.0,1,3.0,2,3009.847753560059,2.0
33,20.0472713886811,1.0,1.0,2,3.0,2,2189.6612346770844,2.0
65,22.7560524406536,3.0,2.0,1,3.0,2,1688.1113898099004,5.0
57,21.4889902378587,1.0,2.0,2,3.0,2,2196.395965178925,5.0
51,25.0700916422068,2.0,1.0,2,4.0,2,1209.4511017940788,5.0
56,28.1475628606775,2.0,2.0,1,2.0,2,3073.079018257821,5.0
57,22.6379961228446,1.0,2.0,2,2.0,2,1011.6942237889276,5.0
49,20.8264462809917,3.0,1.0,2,3.0,2,2260.5604701715624,5.0
22,19.1894194490649,1.0,1.0,2,3.0,2,1481.085876893707,5.0
26,17.1839370887019,1.0,1.0,2,2.0,2,647.3311842254108,5.0
9,20.2549570704991,,,2,1.0,2,2503.518847846477,5.0
52,26.3191810716215,1.0,1.0,1,2.0,2,2654.63380745881,5.0
52,31.5101835184007,3.0,2.0,2,3.0,2,1253.817334526076,5.0
24,26.7373813271613,1.0,1.0,1,2.0,2,2754.84189470668,5.0
26,,,,1,,2,2518.096215787636,5.0
61,25.4472680848127,3.0,2.0,1,3.0,2,2390.9317307837496,5.0
59,22.3214285714286,2.0,2.0,2,3.0,2,1510.7346286142358,5.0
50,19.7835911351795,1.0,1.0,1,3.0,2,1303.5004149414528,3.0
47,21.3315617379477,1.0,2.0,2,4.0,2,2165.9156630315865,3.0
15,16.784851445857,,,2,4.0,2,2222.5150741047514,3.0
11,15.7340747125739,,,2,2.0,2,2425.3225045879294,3.0
56,21.7169658406605,2.0,2.0,1,3.0,2,,3.0
52,23.4283044175322,3.0,2.0,2,2.0,2,,3.0
27,21.6417433571675,1.0,1.0,1,3.0,2,,3.0
58,25.1597826614654,1.0,1.0,1,2.0,2,2613.6873452049676,5.0
55,20.0473803693501,1.0,1.0,2,4.0,2,1711.080306338066,5.0
23,25.3690711992741,1.0,1.0,1,3.0,2,2809.855671281988,5.0
45,23.995239039873,3.0,2.0,1,9.0,2,1601.7641855550562,4.0
39,22.1726500361804,1.0,1.0,2,3.0,2,1010.8666076401151,4.0
2,15.353324955481,,,1,3.0,2,1035.4327996534116,4.0
30,,,,1,,2,2065.858582721631,4.0
29,21.9770334082473,1.0,2.0,2,4.0,2,2533.7958587012627,4.0
35,21.2715417563193,1.0,1.0,1,4.0,2,2144.8098872493147,4.0
30,21.1254780549991,1.0,1.0,2,3.0,2,1105.0488665772482,4.0
31,24.3739300978358,1.0,2.0,1,2.0,2,1785.11083271866,5.0
32,19.5694413504616,1.0,1.0,2,3.0,2,679.3401976806873,5.0
28,20.638864186168,1.0,1.0,2,9.0,2,520.5163092397057,3.0
34,21.3232429864994,1.0,1.0,1,3.0,2,,4.0
40,20.9491068361853,1.0,1.0,2,3.0,2,1075.407501414339,2.0
44,21.2465407975764,1.0,2.0,1,4.0,2,2078.7815479627307,2.0
10,18.3583238850293,,,1,2.0,2,2607.479880202928,2.0
30,23.4212318387045,1.0,,1,3.0,2,1873.731650294833,4.0
30,22.9442759246176,3.0,,2,3.0,2,1727.0942652550275,4.0
1,18.1921717668407,,,1,1.0,2,983.6963462495364,4.0
45,17.5027648435312,2.0,1.0,1,3.0,2,718.9116076918402,2.0
46,,,,2,,2,2675.2403163369063,2.0
15,22.1758372077784,,,2,1.0,2,939.8652777915491,2.0
34,29.7060029366336,2.0,1.0,1,2.0,2,1149.5027187369246,4.0
29,20.6285145388974,1.0,1.0,2,3.0,2,1512.9168082783624,4.0
35,26.9653333333333,1.0,1.0,1,2.0,2,,4.0
34,17.2959834558709,1.0,1.0,2,4.0,2,,4.0
70,22.818879817449,3.0,2.0,1,3.0,2,,3.0
67,21.5283473628365,3.0,2.0,2,3.0,2,1123.1508976706125,3.0
57,23.1212595641524,1.0,2.0,2,3.0,2,3236.884,1.0
25,19.9594396890558,1.0,1.0,2,3.0,2,1066.2173645787373,1.0
27,25.8555265102852,2.0,1.0,1,3.0,2,2929.5221242169,4.0
68,21.7917595598505,3.0,2.0,2,4.0,2,1834.792980870968,2.0
59,26.7025333668521,3.0,2.0,2,3.0,3,1380.2911157300866,4.0
57,20.2243398049968,2.0,1.0,1,3.0,3,2809.8904162240196,2.0
26,21.6250205152619,1.0,1.0,2,9.0,3,3239.7910392670387,2.0
67,27.1773250242861,3.0,2.0,2,3.0,1,1598.5910223389735,1.0
53,21.6179829690204,2.0,3.0,1,3.0,1,2513.441491040738,2.0
43,31.8647664458434,1.0,2.0,2,3.0,1,1538.7935115104824,2.0
15,37.2414830177271,,,2,3.0,1,3047.195291703987,2.0
13,34.0390245899961,,,1,2.0,1,2277.4317493162835,2.0
61,26.6727632982777,3.0,3.0,1,4.0,1,1613.5133972251012,4.0
57,22.5817886821779,2.0,1.0,2,3.0,1,1734.745419637232,4.0
27,29.8917342662575,2.0,2.0,1,4.0,1,450.00442301854264,4.0
53,16.2549495197674,1.0,,2,9.0,1,1683.75703661392,1.0
72,18.867739114199,1.0,3.0,2,2.0,1,1982.2703159706873,1.0
72,23.0243726231627,2.0,1.0,1,3.0,1,1342.2499575739605,1.0
32,21.873019630286,2.0,2.0,2,1.0,3,,5.0
38,28.9267589993283,2.0,,1,3.0,3,2074.7354271910567,5.0
1,16.0558001557089,,,2,5.0,3,677.5827368634986,5.0
69,24.3968916088791,2.0,2.0,2,5.0,1,888.7533409452737,1.0
72,22.9559699810871,1.0,2.0,2,3.0,3,1780.2064428150952,1.0
69,25.745994830797,3.0,,1,3.0,3,2709.7214064632126,2.0
66,20.6225756602051,3.0,2.0,2,4.0,3,1389.528780946934,3.0
80,24.2954324586978,2.0,1.0,2,2.0,3,1289.644818397124,1.0
57,27.0619155889011,1.0,2.0,1,3.0,3,2097.1730444831096,1.0
68,22.3212731740937,3.0,2.0,2,9.0,3,1571.5263305760143,2.0
42,26.2712695233387,2.0,2.0,1,3.0,3,2634.2095503712007,3.0
36,27.178762641285,2.0,,2,9.0,3,1809.182311580959,3.0
2,13.5247537929199,,,2,2.0,3,1650.1996460246023,3.0
48,23.5551284225602,1.0,1.0,2,3.0,3,2101.883663153673,3.0
25,20.189424088493,1.0,1.0,2,3.0,3,1370.3158692591423,3.0
41,23.1275959703132,1.0,1.0,2,3.0,2,981.974096591054,2.0
67,21.9726024377879,2.0,1.0,1,1.0,2,2576.0542661890454,5.0
60,24.3900823051402,1.0,2.0,2,2.0,2,2082.72874262365,5.0
71,25.2781211153865,3.0,1.0,1,3.0,2,1665.2255257794814,1.0
60,24.4463534360651,3.0,3.0,1,3.0,2,2270.268790951329,5.0
53,17.4951906680505,1.0,2.0,2,3.0,2,1283.9177446538624,5.0
27,22.8384143324801,1.0,2.0,1,2.0,2,3598.9173560016757,5.0
24,21.9571900636701,2.0,,1,3.0,2,1858.2342706623908,5.0
35,24.8727311956991,1.0,1.0,1,9.0,2,1530.7300002403808,4.0
31,24.190530886435,1.0,1.0,2,4.0,2,1792.2148364778488,4.0
52,26.5863066649559,2.0,1.0,1,3.0,2,,5.0
80,24.7153645002334,3.0,,2,9.0,2,,5.0
55,24.8302926879162,3.0,1.0,1,9.0,2,,4.0
50,,,,2,,2,2233.1708506918467,4.0
41,28.4286784291745,1.0,2.0,1,1.0,2,3298.311076712977,5.0
38,21.5800458656497,1.0,1.0,2,1.0,2,2282.749181298325,5.0
9,17.8045320988858,,,1,1.0,2,3436.3065140149215,5.0
6,15.9527715506999,,,1,1.0,2,2280.214404152473,5.0
64,27.8464921059588,3.0,1.0,2,3.0,2,1336.8472305771209,
55,23.5157497459718,1.0,2.0,2,3.0,2,3150.1436221374097,5.0
80,24.0691062604499,3.0,3.0,2,5.0,2,1247.457820175894,5.0
35,,,,1,,2,951.5550506855952,5.0
35,24.3150926802084,1.0,,2,3.0,2,2819.1756608344513,5.0
2,16.0038891589694,,,2,2.0,2,1842.987078754204,5.0
37,22.814980732449,1.0,1.0,1,3.0,2,,5.0
34,20.0406243342899,1.0,1.0,2,4.0,2,2559.695789315475,5.0
62,25.476876771902,1.0,2.0,1,3.0,2,3237.775472992766,3.0
62,28.8645426432292,3.0,1.0,2,3.0,2,1477.2669833017032,3.0
45,23.2396277871771,1.0,1.0,2,3.0,2,1502.936376257772,4.0
10,13.809004946997,,,1,2.0,2,3162.0326498390996,4.0
44,26.5119233370633,2.0,2.0,1,3.0,2,,5.0
44,26.2176605157538,1.0,2.0,2,4.0,2,,5.0
14,16.2336572793901,,,2,2.0,2,,5.0
9,14.68416189878,,,1,1.0,2,,5.0
68,19.0143982605838,1.0,2.0,1,4.0,2,1929.5341531211168,2.0
62,,,,2,,2,1289.2244676045182,2.0
36,,,,1,,2,1431.256661367113,4.0
34,18.1140714894876,1.0,1.0,2,9.0,2,935.5336389735164,4.0
4,,,,1,,2,1027.4064718406469,4.0
62,27.6057289205922,3.0,2.0,1,2.0,2,1508.500587336443,5.0
60,22.8151406227774,2.0,2.0,2,3.0,2,1552.027829835049,5.0
41,23.0066120533519,1.0,1.0,1,2.0,2,1177.5259292662686,4.0
39,24.1030679271056,1.0,2.0,2,2.0,2,771.3339947541714,4.0
11,14.3911227055697,,,2,2.0,2,1280.7312772847347,4.0
8,13.0185963813058,,,2,2.0,2,1355.775925308671,4.0
46,20.9734191438039,1.0,1.0,2,2.0,2,773.6441988057917,3.0
15,24.5550194259051,,,1,3.0,2,4003.9614234871074,3.0
11,19.7396079502903,,,1,2.0,2,3337.2524969038677,3.0
51,23.9627923188358,1.0,2.0,2,3.0,2,1185.5481749855985,5.0
59,25.2326743723372,1.0,1.0,1,3.0,2,1987.5083813666124,5.0
47,24.3517817283163,3.0,2.0,1,3.0,2,2037.128100684982,3.0
43,22.8748810524663,1.0,1.0,2,3.0,2,1133.7511638221492,3.0
12,15.6489048528174,,,1,3.0,2,1579.226076432009,3.0
8,15.622803043322,,,1,3.0,2,1427.9985962756664,3.0
58,17.4683666268143,1.0,1.0,2,2.0,2,1684.3022507492472,4.0
62,23.7862997164048,2.0,1.0,1,2.0,2,1827.3091968519163,4.0
22,27.7837846252455,1.0,2.0,1,3.0,1,1104.7835,4.0
57,27.5749287862718,3.0,2.0,1,3.0,1,2019.6511584878144,4.0
54,23.6945628462683,1.0,1.0,2,3.0,1,1619.5527442482628,4.0
60,19.0797101050226,2.0,1.0,1,3.0,1,2011.434585415403,1.0
69,26.2732706111127,1.0,3.0,2,5.0,1,981.557150761112,2.0
66,21.0012263578796,1.0,1.0,2,3.0,1,1438.735265814474,2.0
40,,,,1,,1,1913.1425100743909,2.0
67,24.2721505998065,3.0,3.0,1,3.0,1,1851.1006637411092,1.0
64,21.4037584999926,1.0,2.0,2,3.0,1,1235.2027139012937,1.0
74,22.9206935591589,3.0,1.0,2,2.0,1,843.5822364474251,2.0
68,20.5710909683986,3.0,2.0,2,2.0,1,1334.5469424186067,1.0
71,24.5896476236127,3.0,,1,5.0,1,1262.222705551512,1.0
69,25.9419829495557,1.0,1.0,2,3.0,1,1211.899302620047,1.0
68,24.8344262086854,1.0,2.0,2,2.0,1,2230.9665052545033,5.0
67,30.2595039739538,3.0,,1,5.0,1,1715.2976295606484,5.0
64,22.7526672433679,1.0,2.0,1,4.0,1,1193.817067898481,5.0
64,22.9600442955951,1.0,1.0,2,3.0,1,2184.7346699266877,5.0
36,,,,2,,1,1041.1966257782792,5.0
80,20.9525295868256,2.0,2.0,2,4.0,1,1353.6495689004116,4.0
7,17.9970297815416,,,2,3.0,1,1370.2120052874673,4.0
75,21.4696010591059,2.0,1.0,2,4.0,1,662.9380515049562,1.0
75,21.4828746355322,3.0,3.0,1,3.0,1,1755.7474183442023,1.0
71,24.7608521154035,3.0,2.0,2,4.0,1,1607.680704446242,1.0
56,28.1241704381382,1.0,1.0,2,4.0,4,1665.7922238269343,4.0
23,21.9050495333758,1.0,1.0,1,1.0,4,2926.454525351953,4.0
61,21.8458910105102,2.0,2.0,2,3.0,1,1394.7807922686447,3.0
29,22.5535401799084,1.0,1.0,1,1.0,1,1242.5999922252588,3.0
55,22.7863245339279,1.0,2.0,2,3.0,3,1871.1843727631267,3.0
26,18.7728277585544,1.0,1.0,2,3.0,3,1519.644362435134,3.0
63,25.8923742563548,3.0,3.0,1,3.0,3,,3.0
61,34.7731939720784,3.0,3.0,2,3.0,3,1544.291493090397,3.0
31,28.0006314325944,1.0,1.0,1,3.0,3,748.002369335,3.0
55,24.6967502887395,1.0,2.0,1,3.0,3,1687.60100810859,4.0
53,27.916850357086,2.0,3.0,2,2.0,3,1631.40736600236,4.0
30,29.768932366335,1.0,1.0,2,3.0,3,1657.005509320848,4.0
28,24.4752492747179,1.0,1.0,1,2.0,3,3306.0384744605863,4.0
75,24.2338871638944,2.0,3.0,1,3.0,3,2134.711252844319,2.0
50,20.9055207299144,1.0,1.0,2,9.0,3,1150.3711499937172,3.0
17,,,,1,,3,1988.6852174482744,3.0
48,23.2110216643642,1.0,1.0,1,2.0,3,2988.7668872136283,4.0
48,30.0528528991937,3.0,2.0,2,4.0,3,1942.535759847732,4.0
10,15.319543065747,,,2,2.0,3,1346.349075162617,4.0
55,29.0813072678051,3.0,2.0,2,2.0,3,1158.747579550812,2.0
53,18.5938157373071,1.0,2.0,1,5.0,1,1890.0150384539936,1.0
79,26.5201953426259,3.0,2.0,2,3.0,1,1345.061675678829,1.0
59,25.5972613515936,1.0,1.0,1,3.0,3,2115.4079122210683,5.0
59,20.3722074776469,1.0,1.0,2,3.0,3,989.905127877176,5.0
70,23.765410271037,3.0,,1,5.0,3,826.8559802818104,2.0
66,26.560016771429,1.0,3.0,2,3.0,3,689.1296688296292,2.0
52,23.5090033296173,2.0,1.0,1,2.0,1,2909.5983692930477,5.0
51,,,,2,,1,1163.2545658537938,5.0
38,22.2696325510629,1.0,1.0,1,2.0,3,3631.676420967255,3.0
41,19.0575328694988,1.0,1.0,2,3.0,3,2495.1603562928035,3.0
8,15.045427788529,,,1,1.0,3,2215.624792810316,3.0
6,17.3340231427649,,,1,1.0,3,2356.2733795468807,3.0
72,21.2781490651739,3.0,2.0,1,3.0,3,2111.4607254010784,2.0
69,22.147910609785,3.0,2.0,2,5.0,3,890.610675667202,2.0
61,21.2533923344451,2.0,2.0,1,2.0,3,,4.0
62,24.7159589326109,2.0,2.0,2,3.0,3,,4.0
48,26.393789268346,2.0,1.0,2,3.0,3,801.7510232640706,2.0
19,21.8081606287994,2.0,1.0,2,1.0,3,1398.091079939126,2.0
16,19.113756194126,,,2,2.0,3,2448.209986705226,2.0
10,20.9484610678309,,,1,1.0,3,1581.157956718852,2.0
27,20.7585134100998,2.0,1.0,1,2.0,4,1011.7506261199088,4.0
59,24.0845783953027,2.0,3.0,1,3.0,4,4163.356812598776,4.0
51,,,,2,,4,1810.649590641332,4.0
77,22.5632861831961,3.0,1.0,2,3.0,1,1739.4235430364447,2.0
80,,,,1,,1,2002.3994490048149,2.0
35,27.838384041505,2.0,2.0,1,9.0,2,1480.5570728795628,3.0
32,20.43453215922,1.0,1.0,2,2.0,2,1312.2550928189614,3.0
80,26.1109758064479,3.0,2.0,2,5.0,2,608.0511975,1.0
15,25.8879194637206,,,1,3.0,2,1636.5667387463432,1.0
45,23.4122448979592,3.0,2.0,1,2.0,2,1677.0862041230823,4.0
44,24.4944999468594,1.0,2.0,2,2.0,2,1007.646555175131,4.0
13,24.7969948635375,,,1,1.0,2,1573.244098079827,4.0
44,,,,1,,2,3005.8135070676535,4.0
39,,,,2,9.0,2,906.7348622880633,4.0
4,16.0502530743754,,,1,2.0,2,910.1159062400998,4.0
38,,,,1,,2,2912.9018864385725,4.0
28,16.9746537556421,1.0,1.0,2,3.0,2,1056.0439448593595,4.0
6,13.5731064050739,,,2,2.0,2,2191.268158940397,4.0
4,12.8191084382506,,,2,2.0,2,1079.0611589403975,4.0
80,19.6311176040906,2.0,,2,4.0,2,,1.0
36,23.4623458636145,1.0,2.0,1,2.0,2,3046.29843963909,3.0
37,18.0347137144669,1.0,1.0,2,3.0,2,1941.2823087218692,3.0
11,17.120369994726,,,1,1.0,2,2318.2441927837435,3.0
6,16.3884414601487,,,1,2.0,2,1759.8084679935964,3.0
34,28.2191925783524,2.0,3.0,1,4.0,2,1819.1596685453133,2.0
43,24.1766676283408,2.0,2.0,1,3.0,2,1314.072156773831,3.0
38,24.5362718089991,1.0,1.0,2,2.0,2,719.2499785404497,3.0
5,17.9867008049513,,,1,2.0,2,1264.4875226662289,3.0
3,16.0635720650479,,,1,3.0,2,864.0911598678537,3.0
60,22.7611798280174,1.0,2.0,2,1.0,2,1663.1558707111983,5.0
32,21.4834057783524,1.0,1.0,2,2.0,2,1276.7601423070007,5.0
66,26.0364464167629,3.0,1.0,1,2.0,2,1204.3706926641544,3.0
65,22.7237082588751,3.0,2.0,2,2.0,2,777.4458393198647,3.0
38,25.4347909548124,1.0,1.0,1,3.0,2,,5.0
61,28.555810291514,2.0,3.0,1,3.0,2,1358.5187401222397,5.0
61,25.2098165497777,3.0,3.0,2,4.0,2,763.2166526421505,5.0
25,22.4000614733079,1.0,1.0,1,2.0,2,1267.2059686038533,5.0
33,23.0222429360018,1.0,1.0,2,3.0,2,1166.3525722372815,3.0
34,30.2825925454132,3.0,3.0,1,3.0,2,1905.6728522328992,3.0
63,25.1796008385012,1.0,,1,9.0,2,2962.524792709589,5.0
60,,,,2,,2,2399.219180311546,5.0
29,,,,1,,2,1690.4397091611725,5.0
62,19.3078405833741,2.0,2.0,1,3.0,2,1537.4288349353178,3.0
58,23.1632956573468,1.0,1.0,2,3.0,2,,3.0
31,23.8938550626862,1.0,1.0,1,2.0,2,1008.8327218276322,3.0
64,21.6448763725201,3.0,2.0,2,3.0,2,1037.2350348832988,2.0
72,27.4440383263762,3.0,3.0,1,4.0,2,1578.2321052022785,1.0
75,26.70784530816,2.0,3.0,2,3.0,2,1402.3046238960032,1.0
67,20.6758034026465,3.0,2.0,2,4.0,2,1023.6025442943304,1.0
65,24.6335046374972,3.0,,1,9.0,1,,1.0
58,25.8112922630356,3.0,1.0,2,5.0,1,1200.5461071175623,1.0
70,23.5729572688454,3.0,3.0,2,4.0,1,873.8241978618918,1.0
69,18.3306592136363,2.0,2.0,1,4.0,1,1348.088256885803,1.0
64,,,,2,,1,1067.102359196756,1.0
71,19.8411366748101,3.0,,2,4.0,1,1695.1015188235235,4.0
45,30.0480769230769,3.0,2.0,1,3.0,1,,4.0
80,24.0312211319101,2.0,1.0,1,1.0,1,1559.070318224257,2.0
72,28.6274195594549,3.0,,2,4.0,1,1198.7636129134137,2.0
80,23.3969096167042,3.0,,1,3.0,1,1250.0892117746096,1.0
80,20.0348699140517,1.0,,2,5.0,1,1147.8492117746098,1.0
79,24.002140518761,2.0,3.0,1,2.0,1,1567.004731375961,2.0
74,21.6845567867036,3.0,2.0,2,4.0,1,1381.917872950502,2.0
73,24.0962859014924,3.0,2.0,1,3.0,1,1338.1611390619637,1.0
69,23.4953065044232,2.0,2.0,2,3.0,1,,1.0
76,22.7839088643645,2.0,1.0,1,3.0,1,,3.0
73,24.8256190255438,3.0,3.0,2,9.0,1,645.879338147331,3.0
80,22.7990378806014,2.0,2.0,1,4.0,1,1533.13966668,1.0
80,24.3532497993221,1.0,2.0,2,4.0,1,1925.549372209816,1.0
8,14.3705308314417,,,1,2.0,1,960.9549495797633,1.0
79,28.3554973961101,3.0,2.0,2,2.0,1,1099.725608665186,1.0
73,24.3141239657425,3.0,2.0,1,4.0,1,1940.225229768832,2.0
75,25.5951087702158,3.0,,2,9.0,1,1314.171807442208,2.0
63,26.7394485977612,2.0,3.0,2,3.0,1,917.8044491866726,2.0
80,23.6800191087459,3.0,2.0,1,3.0,1,1741.9020449682969,1.0
51,22.750412433894,3.0,,1,9.0,1,3859.056405369743,4.0
67,28.0304198510136,3.0,,1,9.0,1,1412.1579534768791,1.0
80,28.213445872176,2.0,2.0,2,9.0,1,1100.112200486027,1.0
80,20.9333333333333,3.0,,2,9.0,1,1398.4260108173887,1.0
73,20.4242587143504,3.0,2.0,2,9.0,1,1409.5294000009278,1.0
73,19.471051652673,3.0,2.0,2,3.0,1,749.655856194854,1.0
68,21.6160482055506,3.0,3.0,1,3.0,1,1637.4380182314112,3.0
69,33.3229620983524,2.0,2.0,2,2.0,4,,1.0
72,21.6008773066713,3.0,3.0,1,9.0,1,1701.6290355350643,1.0
71,24.1934574038456,3.0,2.0,2,3.0,1,1081.8336198465963,1.0
46,24.979718766901,3.0,,1,3.0,1,,5.0
14,23.1760362874926,,,2,3.0,1,,5.0
72,18.0130489010798,3.0,2.0,2,5.0,1,1179.5894845327616,2.0
72,25.6245576591434,2.0,3.0,1,2.0,2,760.4244725417675,1.0
61,19.9904175488349,1.0,1.0,2,9.0,2,2084.5296550555863,1.0
57,19.2959569592609,1.0,1.0,1,3.0,2,1959.944382517272,4.0
55,21.7013888888889,2.0,1.0,2,2.0,2,1169.5186064382392,4.0
78,22.4906766736737,3.0,3.0,2,3.0,2,1104.7155792164235,1.0
64,23.0840535598051,2.0,2.0,2,4.0,2,1597.062707400998,1.0
44,23.0334861301224,1.0,2.0,1,2.0,2,4340.698646933389,4.0
42,24.4861666837659,1.0,1.0,2,3.0,2,1121.098270306265,4.0
9,17.0756949949766,,,2,3.0,2,998.9846207304604,4.0
74,25.6856282552083,3.0,2.0,2,4.0,2,1362.460114552866,1.0
51,29.0964784232581,1.0,1.0,2,2.0,2,2590.355379854002,3.0
24,17.4972691178106,2.0,1.0,2,3.0,2,1652.424834389627,3.0
23,17.270059307911,1.0,1.0,2,2.0,2,,3.0
57,18.3470874083837,2.0,2.0,1,4.0,2,1163.2186579157128,3.0
73,24.6864715255951,3.0,,2,2.0,2,2266.925993111659,3.0
59,38.1981649385983,3.0,3.0,1,3.0,2,2632.658281899877,2.0
57,22.8684068128527,1.0,2.0,2,2.0,2,1333.0462438920963,2.0
60,20.6883435437911,3.0,1.0,2,3.0,2,1771.4527986883566,2.0
61,21.6963596465291,1.0,2.0,2,3.0,2,1137.0472364246018,3.0
41,20.1263937527674,2.0,1.0,2,2.0,2,2622.727819211957,3.0
39,19.2570288155177,1.0,2.0,1,9.0,2,2934.7245148311795,3.0
12,16.600258275295,,,2,2.0,2,2936.7751414900504,3.0
11,14.5345113607074,,,1,1.0,2,1256.0555612508672,3.0
72,22.1711001073876,2.0,3.0,1,3.0,2,1773.290385795522,3.0
66,20.9917872925908,1.0,2.0,2,3.0,2,2330.5379993697084,3.0
72,25.0391488005334,3.0,2.0,1,4.0,2,1283.0506606659303,2.0
69,22.9309429015763,3.0,1.0,2,9.0,2,1473.0355762583115,2.0
80,19.8587746915362,3.0,1.0,1,4.0,2,1872.0080313324352,1.0
80,24.6599878930125,3.0,2.0,1,3.0,2,1186.0082793662225,2.0
80,22.6530612244898,3.0,2.0,2,9.0,2,534.0928149482232,2.0
61,24.4407284717917,1.0,2.0,1,9.0,2,3090.0089741424717,2.0
80,20.1681385869565,3.0,2.0,2,3.0,2,467.2992691104811,2.0
72,24.8233571649196,2.0,2.0,2,3.0,2,1162.4819151498418,1.0
47,17.8426190428748,3.0,1.0,2,4.0,3,,1.0
20,24.7300365050303,1.0,1.0,1,9.0,3,,1.0
38,25.4361216022872,1.0,2.0,1,3.0,3,2051.416475489148,1.0
11,17.9055295327699,,,2,3.0,3,1202.4360953257235,1.0
9,21.9382236214753,,,1,2.0,3,1423.022989978795,1.0
24,22.3032972027596,1.0,1.0,2,3.0,3,2022.1399533087265,2.0
71,21.475586907385,2.0,3.0,1,3.0,1,1637.8447622918795,4.0
68,25.339458719299,3.0,2.0,2,3.0,1,1670.1949693720976,4.0
45,28.2250818080773,2.0,2.0,1,9.0,3,4481.222486079037,1.0
55,23.9591842685888,2.0,1.0,2,3.0,1,1751.156979072838,4.0
28,33.3712966080296,2.0,2.0,1,9.0,1,5032.02251031491,4.0
58,24.3963116628815,2.0,3.0,1,4.0,1,1620.864078277703,4.0
39,27.1783784311831,2.0,2.0,1,3.0,1,1349.2120213205742,4.0
41,42.2864007237858,3.0,3.0,2,4.0,1,1371.7956341032366,4.0
4,15.6876705623412,,,2,1.0,1,707.1953880559955,4.0
72,21.7761261070779,2.0,2.0,1,3.0,1,2014.1251466713863,2.0
65,26.6542253235425,3.0,1.0,2,4.0,1,1750.0539080340268,2.0
80,25.1919293237144,3.0,2.0,1,3.0,1,863.6681205223092,2.0
74,21.6656907346516,3.0,3.0,2,4.0,1,1384.240174998539,2.0
70,20.3830931507357,2.0,3.0,1,2.0,1,1027.9290243462992,1.0
67,20.6758084497416,1.0,1.0,2,4.0,1,1013.1646794438068,1.0
70,28.1691459344731,3.0,2.0,2,4.0,3,,3.0
71,24.0814542610516,2.0,2.0,1,3.0,3,,1.0
65,31.3277128274508,3.0,1.0,2,5.0,3,2237.882241801815,2.0
72,25.2745082769669,3.0,3.0,1,3.0,3,1713.8142845552486,2.0
59,25.2195004722544,3.0,2.0,1,3.0,3,1140.7038193919143,4.0
54,27.5499874844343,3.0,2.0,2,4.0,3,3015.05720761108,4.0
64,23.5259797394262,2.0,1.0,2,2.0,3,1130.5790572348933,2.0
69,24.815087849904,3.0,3.0,1,9.0,3,2057.97930310347,4.0
60,24.1156683607084,1.0,2.0,2,3.0,3,1036.0904201073072,4.0
31,25.9954474166794,1.0,2.0,1,3.0,3,,4.0
32,23.3077802369336,1.0,3.0,2,2.0,3,1643.0919834021636,4.0
1,15.0083668381213,,,2,1.0,3,1010.2973536463976,4.0
51,24.2018165999273,2.0,1.0,1,2.0,3,2046.104539725704,4.0
51,22.0073038177304,1.0,2.0,2,3.0,3,2820.9382915280157,4.0
26,19.0641222121503,1.0,2.0,2,3.0,3,1143.7394739280746,4.0
23,25.376588257997,1.0,1.0,1,2.0,3,1542.5411933385428,4.0
48,26.9281795690057,3.0,2.0,1,2.0,3,3321.4012654790495,2.0
47,27.3465140478668,2.0,1.0,2,2.0,3,1168.406360641279,2.0
4,15.1764172335601,,,1,2.0,3,1152.731826619287,2.0
64,28.3353010625738,1.0,2.0,2,3.0,3,918.9677707716638,2.0
66,25.1668007482175,2.0,1.0,1,2.0,3,1877.8557203125013,2.0
68,23.75796051442,3.0,3.0,1,3.0,3,3392.345182056674,3.0
67,25.5228202636881,3.0,3.0,2,1.0,3,1504.6188692451017,3.0
42,24.4039074262106,1.0,2.0,1,2.0,3,4325.904333792285,3.0
73,22.5052191492958,2.0,1.0,1,3.0,2,1760.0751898734743,3.0
67,23.5424906352957,2.0,3.0,2,3.0,2,950.1106717570416,3.0
32,30.5221740853217,1.0,,2,3.0,2,864.8712120932962,4.0
5,19.5561308188125,,,1,3.0,2,980.6430159361915,4.0
53,22.6762654956127,1.0,1.0,2,3.0,2,2969.338904414178,2.0
21,21.4834057783524,1.0,1.0,1,3.0,2,2020.1709619612564,2.0
66,20.3349334512929,3.0,3.0,1,3.0,2,1675.9342030014852,3.0
64,20.9201350817947,2.0,1.0,2,3.0,2,1797.1031727395462,3.0
80,19.8897740812734,1.0,2.0,1,3.0,2,1116.8992120472897,1.0
77,,,,2,,2,742.9251092070934,1.0
35,21.0231376336788,1.0,,1,3.0,2,2335.3267102868367,2.0
33,20.7290427274525,1.0,1.0,2,3.0,2,3688.275741844492,2.0
6,17.3427138204849,,,1,1.0,2,2219.246131699574,2.0
4,15.6314878892734,,,2,2.0,2,1123.4509498173916,2.0
2,16.1847397642089,,,1,2.0,2,1065.2817133363246,2.0
71,23.3488271538212,2.0,2.0,1,1.0,2,1181.917250435985,4.0
70,23.2600608618581,3.0,2.0,2,3.0,2,1807.5125974289776,4.0
53,23.6390698850619,2.0,2.0,1,3.0,2,,3.0
36,25.6101016412261,2.0,3.0,2,2.0,2,1478.5279503703705,3.0
10,23.7915345488175,,,1,2.0,2,1313.199067681936,3.0
30,22.1096739477041,1.0,1.0,1,3.0,2,4881.04757450826,1.0
31,19.8971529014598,1.0,1.0,2,2.0,2,1988.2530846773395,4.0
50,21.4804517962383,2.0,1.0,2,2.0,2,1688.3685712252586,2.0
18,22.5754018421528,,,2,1.0,2,1810.2974414183088,2.0
37,31.0255673656995,2.0,2.0,1,3.0,2,2149.287469761157,2.0
37,25.3990494196422,1.0,1.0,2,3.0,2,1810.3221373129152,2.0
10,22.294887039239,,,2,2.0,2,1973.2610506046944,2.0
8,23.0300453514739,,,1,2.0,2,1837.302920586657,2.0
50,17.4274853227897,1.0,1.0,2,2.0,2,624.175934989049,5.0
46,27.1691312607305,1.0,2.0,1,3.0,2,,4.0
44,24.7280208848905,1.0,1.0,2,2.0,2,2078.2661654671942,4.0
4,17.4690766587452,,,2,1.0,2,1083.0623203831055,4.0
42,28.5725698291655,3.0,1.0,1,3.0,2,1990.7857031124388,2.0
38,22.3202732777806,1.0,1.0,2,4.0,2,653.4423332439499,2.0
4,16.2043097431963,,,1,1.0,2,2583.161671650315,2.0
72,24.5588459861243,3.0,2.0,2,2.0,2,1460.4319389939978,2.0
54,,,,1,9.0,2,2620.305679803933,3.0
72,19.5882027540402,3.0,2.0,2,3.0,2,719.7913189716592,1.0
78,24.1501850544301,3.0,2.0,2,9.0,2,1108.9082015244508,1.0
77,21.7109352782604,2.0,,2,5.0,1,1081.474626469056,1.0
56,25.6947665053821,2.0,3.0,1,5.0,1,2410.635934148637,1.0
56,23.0405487853207,2.0,1.0,1,2.0,2,,5.0
50,20.2421774105397,1.0,1.0,2,3.0,2,1917.5835869955731,5.0
79,29.9137607128921,1.0,2.0,2,4.0,2,1577.1086905777606,1.0
73,23.8549233171179,3.0,1.0,2,3.0,2,1318.9331691485977,1.0
70,22.6466801286156,3.0,2.0,2,3.0,2,1783.8459075413646,2.0
67,22.4078251086073,3.0,1.0,1,3.0,2,,3.0
66,34.6304851176161,3.0,,2,3.0,2,,3.0
66,20.7154927434648,2.0,2.0,1,2.0,2,1616.0652291614383,3.0
58,28.7336186240287,2.0,2.0,2,2.0,2,1398.389502464401,3.0
56,25.106448069801,2.0,3.0,1,4.0,2,987.4984938237636,1.0
76,28.6946865695109,3.0,3.0,1,2.0,2,927.7872975443267,2.0
71,22.1228091429599,1.0,,2,3.0,2,,2.0
27,,,,1,,2,2140.365405160333,3.0
31,23.1841907977076,1.0,1.0,2,3.0,2,1480.4850813046255,3.0
75,21.0915933458091,2.0,,1,5.0,2,683.2781492079199,1.0
68,27.1250542501085,3.0,,2,1.0,2,1222.644772808372,1.0
68,22.3183543475582,2.0,2.0,1,3.0,2,1859.026354964768,2.0
58,30.5250305250305,3.0,2.0,2,4.0,2,944.969538511186,2.0
6,15.6942588704375,,,1,4.0,2,1728.247926878841,2.0
77,24.6977532562879,3.0,2.0,1,3.0,2,1874.4003921123972,2.0
73,21.2395077711093,2.0,2.0,2,2.0,2,1305.981869909711,2.0
57,22.9111419126427,3.0,2.0,1,3.0,2,2827.2208570871,2.0
55,22.0399899875474,3.0,3.0,2,3.0,2,959.988482160486,2.0
60,24.9943873223159,2.0,1.0,1,3.0,2,3316.0178197639,1.0
60,24.6072963919643,1.0,1.0,1,1.0,2,,4.0
46,19.3771063235741,1.0,1.0,2,2.0,2,1164.9017024410018,5.0
14,19.1182173164155,,,2,2.0,2,1337.266428704117,5.0
46,20.9477881445243,1.0,1.0,2,3.0,2,874.7576596700048,3.0
49,21.8099819870777,2.0,1.0,1,2.0,2,1337.9260209514136,3.0
76,28.9893103026413,3.0,3.0,2,3.0,2,1139.0504445015997,3.0
12,26.5149679855606,,,1,2.0,2,2691.0844825320733,3.0
32,18.4199258966759,1.0,1.0,2,2.0,2,,4.0
46,26.2812969857288,2.0,1.0,2,4.0,2,814.164817805591,3.0
18,19.8824554597793,,,1,3.0,2,1404.232163733475,3.0
48,25.9312178151912,3.0,2.0,1,1.0,2,1594.404151578902,3.0
46,19.4188758340293,2.0,1.0,2,2.0,2,2095.2894240328196,4.0
19,19.1609786096932,1.0,,2,2.0,2,1681.624457130139,4.0
18,19.5595471520299,,,2,2.0,2,,4.0
79,24.1903203282941,3.0,1.0,1,3.0,2,1841.4650309906865,2.0
75,26.0170179329085,2.0,2.0,2,3.0,2,979.3372018526688,2.0
50,20.5777777777778,2.0,2.0,2,2.0,2,2431.556688300237,2.0
15,,,,2,,2,2712.8607271862443,2.0
65,22.5048375945014,3.0,1.0,1,3.0,2,2553.4550563841626,2.0
60,21.0178000833018,3.0,,2,3.0,2,1176.8897227617394,2.0
26,28.6670529785842,3.0,1.0,1,3.0,2,1127.2620086101642,2.0
28,26.5490443184205,2.0,1.0,1,1.0,2,1462.1644619014662,2.0
56,26.0223872599319,2.0,2.0,1,2.0,2,912.3351805320189,4.0
56,19.7759715288666,2.0,1.0,2,3.0,2,520.156160989713,4.0
24,23.3528951882273,1.0,1.0,1,3.0,2,6179.441514690583,4.0
37,24.4490487733638,2.0,2.0,1,3.0,2,1495.5478033610125,2.0
37,24.9843458674063,1.0,1.0,2,3.0,2,869.3271417871161,2.0
10,18.5420289142128,,,2,3.0,2,1519.374412521929,2.0
9,22.9410306719215,,,1,3.0,2,3283.8185956697203,2.0
47,27.1949213957084,2.0,2.0,1,4.0,2,,4.0
44,26.1507010353191,3.0,3.0,2,3.0,2,1454.8049620227116,4.0
12,19.3507612754955,,,2,3.0,2,1712.1518828115156,4.0
7,,,,1,3.0,2,1361.052046396352,4.0
38,23.2769742498124,1.0,2.0,1,3.0,2,4198.729745859199,3.0
37,20.9510519747251,1.0,1.0,2,3.0,2,843.2977631367387,3.0
7,14.0181541086371,,,2,3.0,2,1434.1623324420518,3.0
3,16.5950838393205,,,1,1.0,2,2870.996040487485,3.0
52,28.9949125330998,2.0,2.0,1,2.0,2,2298.7681910774913,3.0
48,,,,2,,2,1750.734729979994,3.0
53,19.9411401221185,1.0,2.0,2,3.0,2,1801.3299276657986,2.0
74,31.5864184273403,3.0,3.0,2,5.0,2,1210.5807948872318,2.0
59,18.3667337754325,3.0,1.0,1,3.0,2,2614.528163334817,5.0
53,24.318560409129,1.0,1.0,2,3.0,2,1258.1164799801777,5.0
49,25.4094445974333,1.0,,1,3.0,2,,4.0
43,,,,2,,2,1714.796076019922,4.0
63,20.6488077233367,3.0,,2,2.0,2,1463.9552500000002,1.0
62,19.3217802329882,2.0,3.0,1,4.0,2,,3.0
58,28.0202746972749,3.0,2.0,2,2.0,2,,3.0
56,30.7504293830096,3.0,3.0,1,5.0,2,1068.4702873417175,1.0
42,24.002140518761,1.0,1.0,1,4.0,2,2460.7291201306357,3.0
22,,,,2,,2,900.2076971159726,3.0
2,14.7779501805517,,,1,3.0,2,1378.971803014113,3.0
70,29.7075078480352,2.0,,2,3.0,2,1496.9414709818095,3.0
54,25.8214674192182,3.0,2.0,1,3.0,2,2220.5225635613115,2.0
44,20.7827616438874,1.0,1.0,2,2.0,2,1040.7948849178445,2.0
16,17.8188270757077,,,1,1.0,2,1751.521709,2.0
12,16.7080686163096,,,2,3.0,2,2647.739064453389,2.0
54,23.5350981558596,1.0,2.0,2,3.0,2,,4.0
55,17.986866989716,3.0,1.0,1,3.0,2,1532.1320814596977,4.0
25,22.2558159066096,1.0,1.0,1,1.0,2,3132.1127567476537,4.0
66,17.7428548974226,1.0,2.0,1,2.0,2,,2.0
60,25.8638680070726,3.0,2.0,2,4.0,2,,2.0
58,21.4965584049007,2.0,,2,2.0,2,3358.4036264309584,4.0
51,23.727533380043,2.0,2.0,2,3.0,2,819.1745683901042,5.0
25,21.5746501601887,1.0,1.0,2,4.0,2,868.0914551056509,5.0
73,27.2186279498549,3.0,2.0,2,4.0,2,1307.340334229922,2.0
75,25.2094240583876,3.0,2.0,1,1.0,2,2444.4719074987815,2.0
40,35.0639704014162,1.0,3.0,1,3.0,2,,5.0
41,30.9365405756404,1.0,1.0,1,3.0,2,179.415,3.0
43,22.1487603305785,1.0,1.0,2,1.0,2,3201.8181342115317,3.0
7,15.5223521871495,,,2,1.0,2,1306.8583777610525,3.0
62,19.8080918358416,1.0,2.0,1,3.0,2,,2.0
47,24.8832988810279,1.0,2.0,1,1.0,2,5297.876049610772,1.0
43,21.4995233064495,1.0,3.0,2,3.0,2,831.6108694486991,1.0
11,22.9294076338585,,,2,1.0,2,,1.0
34,32.1046373365042,2.0,1.0,1,3.0,2,2316.9701994292473,2.0
36,24.9443480954222,1.0,2.0,2,2.0,2,1471.901345618033,2.0
6,15.1371173469388,,,2,2.0,2,1266.4715374906832,2.0
1,16.5013965110118,,,2,1.0,2,1292.403569828306,2.0
39,23.7797812659225,1.0,2.0,1,3.0,2,1475.5212941479867,4.0
39,19.7515566243638,1.0,1.0,2,2.0,2,1116.7810551103942,4.0
3,13.8982790100766,,,2,2.0,2,806.4589320954101,4.0
44,23.394426425348,1.0,2.0,1,3.0,2,2520.5160817475003,3.0
34,25.1556434079085,1.0,1.0,2,3.0,2,1448.7054401541247,3.0
35,22.9418607796986,2.0,1.0,2,9.0,2,,4.0
12,15.4849837348113,,,2,2.0,2,,4.0
9,13.6611766202998,,,2,3.0,2,,4.0
66,25.2997883466588,1.0,2.0,2,3.0,2,721.1053257455618,1.0
41,20.871601842325,1.0,1.0,1,2.0,2,1726.231881936396,4.0
39,,,,2,,2,1647.5948960561964,4.0
8,14.2226515852889,,,1,1.0,2,1227.6309311352338,4.0
65,22.4310905682199,3.0,2.0,2,5.0,1,,1.0
63,23.9556882887042,2.0,1.0,1,3.0,1,,1.0
62,20.7011699718518,2.0,2.0,1,4.0,1,1569.0410204442214,2.0
73,20.9079378692891,1.0,3.0,1,3.0,1,1348.7682144576863,2.0
69,26.6663723358462,3.0,2.0,2,3.0,1,1230.4812358062063,2.0
27,20.1558720773985,2.0,1.0,1,2.0,1,1647.2433954984451,3.0
60,24.205545799264,1.0,2.0,2,4.0,1,1102.2077598843557,1.0
80,22.0168667462115,3.0,2.0,2,5.0,1,1149.2668343617197,1.0
80,27.6986257618889,3.0,3.0,2,4.0,1,1916.5724084053736,3.0
57,33.4462440579545,2.0,3.0,2,4.0,1,1771.5279909995045,3.0
55,22.9471713505675,1.0,1.0,2,3.0,1,1455.88551199555,3.0
46,24.9065130142368,2.0,2.0,2,3.0,1,2228.24994384361,2.0
76,19.1921903346573,2.0,3.0,2,9.0,1,1065.2542956555185,2.0
19,25.7137775510752,1.0,1.0,2,4.0,1,1456.2866366004475,2.0
17,,,,2,,1,2137.850573929416,2.0
63,24.0231677433727,3.0,2.0,1,3.0,1,1846.1450408591468,2.0
58,29.4836526756702,3.0,2.0,2,3.0,1,1734.3149682538556,2.0
69,26.8400864341767,3.0,2.0,2,3.0,1,,1.0
68,26.3403579483199,3.0,3.0,1,3.0,1,,1.0
78,,,,1,,1,1548.4108427369856,2.0
74,22.4948885022464,3.0,2.0,2,2.0,1,1517.2238730621884,2.0
80,28.9678544068657,1.0,1.0,2,3.0,1,1878.8701071210412,1.0
78,22.1046184635026,3.0,2.0,1,3.0,1,2173.636138919314,2.0
75,18.2086006349852,2.0,1.0,2,3.0,1,1357.0135546504112,2.0
66,24.1438721024088,2.0,2.0,1,3.0,1,2748.246541334356,1.0
75,24.6796392975795,3.0,2.0,2,2.0,1,1291.1873443783093,1.0
56,19.8405751432606,1.0,1.0,2,4.0,1,1765.452093050102,4.0
16,24.4353806517542,,,1,3.0,1,2361.027377401033,4.0
76,25.3433174740484,3.0,2.0,1,2.0,1,2358.785396904258,3.0
70,22.5121852422565,1.0,2.0,2,4.0,1,1154.32477519351,3.0
54,22.7584338388026,1.0,2.0,1,3.0,1,2352.4286071714587,2.0
71,24.6682349065724,3.0,3.0,1,3.0,1,2064.92421055304,1.0
67,23.0322927367848,2.0,1.0,2,3.0,1,1501.955666023868,1.0
58,23.8459325652167,2.0,1.0,2,4.0,1,1597.513386883464,1.0
60,26.6952592001123,2.0,2.0,1,9.0,1,1589.781043854838,1.0
62,23.3259361721183,3.0,2.0,2,3.0,1,4571.164812810659,4.0
77,21.9157222936737,3.0,3.0,1,3.0,1,1331.0984675526058,2.0
71,27.3828125,3.0,2.0,2,3.0,1,1815.1672575032164,1.0
65,23.6,2.0,1.0,2,2.0,1,,4.0
36,19.7349574000785,2.0,1.0,2,2.0,1,1850.895494374891,4.0
66,19.9827526263046,3.0,2.0,2,5.0,1,2295.6366765670796,3.0
68,23.1166961928852,3.0,2.0,1,2.0,1,1603.5477694417243,3.0
69,24.9680097375238,3.0,3.0,1,4.0,2,1545.37070174855,5.0
63,26.5719900904585,3.0,3.0,2,5.0,2,2130.9424772053976,5.0
39,25.7543239489963,1.0,2.0,1,3.0,2,3230.928322233195,3.0
38,19.84375,1.0,2.0,2,2.0,2,1971.585263865575,3.0
11,16.560330268343,,,2,3.0,2,1600.1590474634663,3.0
6,15.5258345584281,,,1,2.0,2,2819.391984124105,3.0
5,15.1118399725406,,,1,2.0,2,1827.8312280358532,3.0
72,21.5638226776565,2.0,2.0,1,3.0,2,2062.431310870366,2.0
68,26.0305957062387,3.0,3.0,2,4.0,2,1298.9183346745986,2.0
55,24.023808670085,1.0,2.0,2,3.0,2,2140.9898595074696,5.0
47,27.8564913746833,2.0,2.0,1,2.0,2,,4.0
41,21.4330329188701,1.0,2.0,2,1.0,2,4156.531547355225,4.0
17,22.221364916477,,,2,3.0,2,1342.51722000063,4.0
15,18.9136119891872,,,1,3.0,2,,4.0
50,32.1485373281586,1.0,2.0,2,3.0,2,1433.253973169136,3.0
55,,,,1,,2,2329.4679036318103,3.0
17,,,,2,,2,1880.5483841552473,3.0
77,24.5439585448689,3.0,2.0,1,2.0,2,2436.7433324883973,4.0
73,23.0840535598051,1.0,1.0,2,4.0,2,2246.2536136361614,4.0
42,20.384081308782,1.0,1.0,2,2.0,2,1836.9510182397,4.0
58,24.0727653709031,1.0,2.0,1,2.0,2,1221.4009191919192,5.0
55,23.209104750157,2.0,2.0,2,1.0,2,456.6513426750504,5.0
27,24.9106061615721,1.0,1.0,1,2.0,2,1954.189877524782,5.0
67,19.9980845005065,1.0,2.0,1,2.0,2,1719.407329819283,4.0
66,23.7709355554946,2.0,2.0,2,3.0,2,1121.0095202798584,4.0
48,23.0774409647538,1.0,2.0,2,3.0,2,2092.481677035361,5.0
24,21.9644970414201,1.0,1.0,2,3.0,2,,5.0
59,26.1894282669245,1.0,2.0,1,4.0,2,2283.647281446471,4.0
55,19.7718182800877,3.0,2.0,2,5.0,2,1151.3730095017468,4.0
63,22.6946209852193,3.0,3.0,1,4.0,2,,3.0
58,20.1724491763111,1.0,2.0,2,1.0,2,1685.7656427394588,3.0
57,22.3050813177206,2.0,2.0,2,2.0,2,1173.704315022384,4.0
32,23.6057091776629,1.0,1.0,1,3.0,2,377.56470847257714,4.0
61,,,,1,,2,1886.9219767154077,4.0
58,21.6770479955968,2.0,2.0,1,3.0,2,1859.9048689989693,4.0
52,21.0401684766258,2.0,2.0,2,3.0,2,1081.7722859081175,4.0
24,22.6004248329478,1.0,1.0,2,2.0,2,1181.1334634489683,4.0
56,20.2982321206405,2.0,1.0,1,4.0,2,2449.827561697622,5.0
49,22.7859266640291,1.0,1.0,2,3.0,2,2108.192479162157,5.0
30,23.3456267126877,2.0,2.0,1,2.0,2,3247.69448619856,5.0
19,22.4134839519455,1.0,1.0,1,3.0,2,,5.0
44,20.1599624751615,1.0,1.0,2,2.0,2,1640.7088336632469,5.0
19,22.891817371131,1.0,1.0,2,3.0,2,1439.592121091897,5.0
11,21.9687181503744,,,1,3.0,2,2519.7138646177073,5.0
49,23.6122856134186,2.0,1.0,1,2.0,2,2719.041689167038,5.0
62,21.1705360621013,1.0,2.0,2,3.0,2,761.3549265801653,5.0
31,19.3179554358916,1.0,1.0,2,2.0,2,2057.1762306670244,5.0
61,28.318521268233,3.0,3.0,1,3.0,2,1895.274741088308,5.0
80,27.4379108838568,3.0,3.0,2,9.0,2,,5.0
37,24.751415698128,1.0,1.0,1,2.0,2,,3.0
37,19.854137752952,1.0,1.0,2,2.0,2,1617.415749242998,3.0
10,18.9230103806228,,,2,2.0,2,2455.7900088372903,3.0
1,16.8843707714351,,,1,1.0,2,944.0634500931276,3.0
57,22.3749365148221,1.0,2.0,1,3.0,2,3479.0204804963732,1.0
66,22.5582218218118,3.0,2.0,1,3.0,2,989.4086783969256,1.0
66,26.8444444444444,3.0,2.0,2,3.0,2,1059.3951162660564,1.0
50,30.1658745634363,3.0,3.0,1,4.0,2,2017.36119301782,4.0
51,23.5109971576378,1.0,2.0,2,4.0,2,1817.845605833008,4.0
23,22.5540529473189,1.0,1.0,1,2.0,2,4895.46917691982,4.0
20,18.5129287241665,1.0,1.0,2,2.0,2,1984.579338858252,4.0
80,17.9229681913508,1.0,3.0,1,2.0,2,1502.5340163294009,1.0
80,25.1626419569214,3.0,3.0,2,3.0,2,851.6006530409046,1.0
39,,,,1,,2,2885.634594162136,3.0
36,21.1633379247016,1.0,1.0,2,9.0,2,1997.864429318864,3.0
6,15.9092881761083,,,1,3.0,2,1139.7458176418593,3.0
2,17.135561301031,,,2,2.0,2,1295.8405361254845,3.0
54,20.8776225574068,3.0,2.0,2,4.0,2,995.1034712536978,5.0
22,25.8022637835206,1.0,1.0,2,2.0,2,1882.9678943263104,5.0
80,27.2768089945356,2.0,3.0,1,2.0,2,,1.0
80,,1.0,3.0,2,4.0,2,817.1243332731007,1.0
41,20.7841222502276,1.0,1.0,1,9.0,2,3712.132410097051,2.0
41,19.4356773677557,1.0,1.0,2,9.0,2,917.0815019467605,2.0
14,,,,1,,2,1710.4386332435197,2.0
59,22.6512061300806,3.0,2.0,2,2.0,2,1132.529349316511,2.0
63,23.9694956221788,2.0,2.0,1,3.0,2,776.4889202191342,2.0
58,24.9262151798502,3.0,1.0,2,4.0,2,,4.0
35,22.0305244794272,1.0,1.0,1,2.0,2,5924.041499265815,4.0
30,22.5011418048753,1.0,1.0,2,3.0,2,1454.975543605342,4.0
4,16.493239588967,,,1,2.0,2,1518.270894301195,4.0
2,18.3382276627194,,,2,2.0,2,1062.247313509911,4.0
62,,3.0,1.0,2,9.0,2,1571.5721698275493,1.0
62,22.8521667168484,3.0,2.0,1,3.0,2,1126.7891847716787,4.0
58,21.686866655067,1.0,3.0,2,5.0,2,2326.280827119065,4.0
26,17.8986675074822,1.0,2.0,2,3.0,2,1202.5370914608022,4.0
22,27.8995211427644,2.0,,1,1.0,2,10125.983182078102,4.0
59,21.9510167127059,2.0,1.0,2,3.0,2,2120.14677454642,3.0
80,25.4339802111227,3.0,2.0,2,3.0,2,1484.0382499387902,4.0
73,26.6160125890558,3.0,3.0,1,2.0,2,2528.993371171193,4.0
41,20.0959511891674,1.0,1.0,2,3.0,2,1399.9066028223742,3.0
42,25.4482018448102,3.0,1.0,1,2.0,2,,3.0
11,16.7573406913786,,,2,2.0,2,1615.6630194097368,3.0
3,14.1479757230753,,,2,2.0,2,1314.0941571932483,3.0
56,25.1360110370679,2.0,1.0,2,3.0,2,1024.715791210547,3.0
53,24.3241165584129,3.0,3.0,2,2.0,2,,5.0
49,22.0118783432833,2.0,1.0,2,2.0,2,,5.0
24,25.0050476495105,1.0,1.0,1,1.0,2,,5.0
22,21.8822300935689,2.0,1.0,1,2.0,2,,4.0
60,24.5153551531593,2.0,2.0,1,9.0,2,1470.5189419234537,3.0
61,20.3562817684096,2.0,2.0,2,3.0,2,2809.4753283038476,3.0
36,24.4619389847414,1.0,1.0,1,3.0,2,2095.926772789913,3.0
36,22.8661365287928,2.0,2.0,2,3.0,2,1511.818029330767,3.0
10,24.7933884297521,,,1,2.0,2,1254.615683079911,3.0
8,19.2603892020924,,,2,2.0,2,825.4232355398485,3.0
78,26.1929501692634,3.0,3.0,1,3.0,2,1316.8363145138062,1.0
72,,,,2,,2,978.4643008856438,1.0
74,21.4512708102188,3.0,1.0,1,4.0,2,1215.247814379678,3.0
66,25.1033841035331,3.0,2.0,2,9.0,2,1888.74479641164,3.0
42,22.4087258220246,1.0,1.0,2,3.0,2,1544.7403007991877,5.0
9,18.4057189357479,,,1,2.0,2,,5.0
37,21.035006457747,2.0,1.0,2,2.0,2,1715.4713023698946,5.0
43,30.057325330871,2.0,3.0,1,3.0,2,2431.5931747122377,5.0
9,17.878004656205,,,2,1.0,2,1864.785608758627,5.0
5,14.8095883208253,,,1,1.0,2,1285.1593680389356,5.0
47,22.442195201891,1.0,2.0,2,3.0,2,,5.0
24,18.8981604815705,1.0,1.0,2,2.0,2,,5.0
23,,2.0,1.0,1,3.0,2,,5.0
42,21.4344874660274,1.0,1.0,2,2.0,2,998.6114597606684,3.0
45,23.0501456621629,2.0,2.0,1,2.0,2,3060.2314613646645,3.0
16,24.2275439871625,,,1,2.0,2,1570.0158127137645,3.0
12,19.1473206267146,,,1,1.0,2,1398.285657071929,3.0
66,21.1102726417651,3.0,2.0,2,3.0,2,1172.366859788487,3.0
80,33.3506841165973,3.0,2.0,1,3.0,2,2189.127390857274,1.0
73,23.987824581257,3.0,3.0,2,5.0,2,902.5006709986288,1.0
80,21.4304874448647,3.0,2.0,2,9.0,2,890.9901691044714,1.0
53,22.1100140185098,1.0,2.0,2,3.0,2,,5.0
40,27.1536541157963,3.0,,1,3.0,2,,4.0
42,22.5127840452257,1.0,2.0,2,2.0,2,2081.9288481606236,4.0
9,14.2305209939403,,,2,1.0,2,842.5061473195634,4.0
45,,,2.0,1,9.0,2,4948.167829727729,4.0
53,18.3456570543716,1.0,1.0,2,3.0,2,744.3789165487975,5.0
53,19.8927235530226,1.0,2.0,2,9.0,2,,5.0
80,20.5978584176086,3.0,3.0,1,9.0,2,1279.6668994467002,5.0
58,22.5550258048291,2.0,3.0,1,5.0,2,2613.899036241379,2.0
56,36.620357416245,3.0,2.0,2,5.0,2,836.6106251751588,2.0
30,24.2707530447001,1.0,1.0,2,2.0,2,2511.751819047619,2.0
38,22.6488812917799,2.0,,1,2.0,2,1530.8076326727237,3.0
33,20.7124817557557,2.0,1.0,2,3.0,2,1608.3880833153337,3.0
2,17.8857059764432,,,1,1.0,2,1034.7016920233395,3.0
34,23.1252264219297,3.0,2.0,1,3.0,2,1621.8155959028743,2.0
26,19.4724497654554,1.0,1.0,2,2.0,2,387.8423333333334,2.0
4,16.1309837185956,,,1,2.0,2,1306.742719292983,2.0
3,15.2127807597114,,,1,2.0,2,1337.1681409347243,2.0
2,15.8092611409493,,,2,2.0,2,1624.9630479347247,2.0
24,20.3197555015629,2.0,2.0,2,3.0,2,3700.990225786174,5.0
58,17.9208579073097,3.0,2.0,2,3.0,2,1169.7577074698308,5.0
60,25.0259517997924,3.0,3.0,1,2.0,2,1478.2773524655415,5.0
45,19.6165680473373,3.0,1.0,2,3.0,2,835.4518096706271,4.0
14,18.6407244824525,,,2,3.0,2,1361.2943047638726,4.0
10,16.6291104602733,,,1,2.0,2,1549.763304530672,4.0
63,21.7689906347555,3.0,2.0,2,3.0,2,2615.0590827501233,2.0
80,19.2826910224994,1.0,2.0,1,3.0,2,956.3369098799564,2.0
50,21.2112027916012,2.0,2.0,2,3.0,2,1910.9177818540177,2.0
66,20.9601624702809,2.0,3.0,1,3.0,2,1644.8777705024372,5.0
65,28.0350106510966,2.0,2.0,2,2.0,2,1151.8388149738096,5.0
38,22.356505380631,2.0,1.0,2,3.0,2,1340.3332197994976,5.0
35,21.4162225359295,2.0,1.0,2,2.0,2,2533.4054129442416,5.0
36,24.6447345688088,2.0,2.0,1,3.0,2,,5.0
38,18.2147188967004,2.0,1.0,2,2.0,2,1678.5185235119643,5.0
11,21.1645748933945,,,2,1.0,2,799.3946704217484,5.0
7,19.5912917917325,,,2,2.0,2,989.4086692389596,5.0
63,25.0400280160083,3.0,2.0,1,1.0,2,1901.9502304188377,4.0
61,25.5994157978011,2.0,1.0,2,2.0,2,1778.9020751919654,4.0
55,21.7967314066681,2.0,2.0,1,9.0,2,3585.7268852629377,5.0
51,18.5034013605442,1.0,2.0,2,3.0,2,1767.0684122707582,5.0
14,22.5230844046439,,,1,2.0,2,2258.300566715485,5.0
49,22.0573808749103,1.0,1.0,2,3.0,3,1372.1300872006557,2.0
22,21.5150870202223,1.0,1.0,2,3.0,3,453.9735963633875,2.0
20,18.1574584715288,2.0,1.0,2,4.0,3,1132.56154390134,2.0
53,26.9567195670379,3.0,2.0,2,2.0,3,2506.348516887686,3.0
25,25.0071640020144,2.0,1.0,1,1.0,3,1509.826841226212,3.0
80,26.6064318991918,3.0,1.0,2,9.0,3,405.79571655196287,1.0
9,27.0610130275137,,,1,2.0,3,1789.451310769265,1.0
64,25.0558509909268,3.0,2.0,2,4.0,3,619.8848630570636,1.0
72,30.6476757369615,3.0,2.0,1,2.0,3,1690.6763451883596,2.0
71,24.26200288565,2.0,3.0,2,2.0,3,1632.3732142688289,2.0
59,24.7193860689229,3.0,3.0,1,3.0,3,3561.0727234116057,5.0
57,25.6580852642716,3.0,1.0,2,4.0,3,1856.1896561002184,5.0
31,,,,1,,3,2120.4746542271305,5.0
44,20.3755102040816,1.0,1.0,1,2.0,3,,3.0
60,24.1582531750847,3.0,3.0,2,4.0,3,1389.84736986077,4.0
28,19.6439168388541,1.0,1.0,1,4.0,3,,3.0
32,23.0138210603594,1.0,1.0,2,3.0,3,,3.0
68,32.535392761479,3.0,3.0,1,3.0,3,983.1467027821378,1.0
80,24.7328848436882,3.0,1.0,1,2.0,3,1612.7868930500315,2.0
73,18.3220935751261,1.0,1.0,2,3.0,3,1181.2353504736136,2.0
38,28.1432190714569,3.0,2.0,1,4.0,3,3001.959894492569,3.0
80,27.1726265623027,3.0,1.0,2,9.0,3,615.4255255042416,1.0
41,29.8279434736609,3.0,3.0,1,3.0,3,2479.288017182125,2.0
46,33.5529177445571,2.0,2.0,2,3.0,3,4660.367130560866,2.0
44,25.8781868363518,3.0,3.0,1,3.0,1,3933.223174854356,3.0
44,28.8428877825332,3.0,3.0,2,3.0,1,2605.619879717355,3.0
17,24.3960004175688,,,2,3.0,1,2049.473108233755,3.0
16,19.5211868881628,,,2,3.0,1,1372.8290327443676,3.0
50,36.407273386217,3.0,3.0,1,4.0,1,2071.3236786663847,3.0
41,23.1146694214876,2.0,2.0,1,3.0,1,,3.0
35,30.4538013451289,2.0,2.0,2,3.0,1,,3.0
51,21.7290510330803,2.0,1.0,2,3.0,1,1867.441459242326,1.0
49,22.102023449801,2.0,2.0,1,2.0,1,2872.004898392361,2.0
78,20.3998534808119,1.0,2.0,2,3.0,1,1672.3587081024343,2.0
72,27.760618436552,3.0,3.0,1,4.0,1,3165.5827615101425,1.0
40,28.6674556213018,2.0,1.0,1,3.0,1,2407.445612790716,3.0
35,20.9326940580878,1.0,2.0,2,3.0,1,1465.2061814325211,3.0
4,14.9417037218585,,,1,2.0,1,1480.0141944790275,3.0
2,15.1540106610489,,,2,1.0,1,2068.273782066839,3.0
78,19.131503331457,3.0,1.0,1,4.0,1,1535.297601186811,1.0
77,26.6746621726409,3.0,2.0,2,3.0,1,1600.085809314829,1.0
61,26.5334118332331,3.0,2.0,2,3.0,1,2032.2930950652164,4.0
51,26.7927457403776,1.0,2.0,1,3.0,1,1914.8964877279327,4.0
46,28.1876370123303,3.0,1.0,2,3.0,1,1875.556648938441,4.0
16,25.8805763091227,,,2,3.0,1,1758.211690091246,4.0
80,24.9476696996882,3.0,,2,3.0,1,1181.9074202189756,2.0
70,21.7857295690705,3.0,3.0,2,3.0,1,1144.4116868535823,3.0
46,30.0333838417376,2.0,2.0,2,4.0,1,1137.9935342271156,3.0
21,31.0198752319042,,1.0,1,3.0,1,2407.3111409562134,3.0
68,25.4406279345577,1.0,2.0,2,4.0,1,923.6095200092706,4.0
43,,,2.0,2,9.0,1,1588.7257461779732,4.0
37,29.8134126554895,2.0,2.0,1,3.0,1,1290.422735419001,4.0
10,21.1078907385388,,,2,3.0,1,2414.256564615269,4.0
7,16.9230660749576,,,2,3.0,1,1460.041508407419,4.0
43,29.5508170888354,2.0,3.0,1,1.0,1,2273.4701558640973,4.0
44,24.5507499659814,1.0,1.0,2,2.0,1,,4.0
17,24.3141765676799,,,2,1.0,1,1532.4925826466945,4.0
14,27.3723349551046,,,1,2.0,1,2782.0944752216055,4.0
68,28.7506582533421,3.0,3.0,1,1.0,1,2040.697510402602,4.0
68,24.5949074074074,3.0,3.0,2,5.0,1,1006.8211935495912,4.0
45,,,,2,,1,1589.6896603164205,4.0
6,,,,1,,1,1101.6329522345138,4.0
38,,,,1,,1,3749.452699709454,4.0
62,21.8466525627248,1.0,2.0,1,3.0,1,2934.4246017697596,3.0
61,23.3578832484614,3.0,1.0,1,1.0,1,3430.8014237011275,4.0
55,21.7492352434972,3.0,1.0,2,3.0,1,1612.650622957421,4.0
47,25.0942491192429,1.0,2.0,1,3.0,2,,5.0
46,19.3549171036712,1.0,1.0,2,3.0,2,5074.739990547629,5.0
59,19.3531458108091,3.0,1.0,1,2.0,2,2636.360552395729,3.0
57,27.52736052804,3.0,3.0,2,3.0,2,913.895594927196,3.0
31,24.0144588456418,2.0,1.0,1,1.0,2,3111.3353019814717,3.0
30,34.0913109166845,3.0,2.0,1,2.0,2,3092.778601541893,5.0
41,24.090751807274,2.0,1.0,1,2.0,2,3482.705431079168,3.0
40,22.6660657640788,1.0,1.0,2,4.0,2,3088.4800625308794,3.0
15,19.7909031287373,,,1,3.0,2,1421.0879334338542,3.0
12,16.6428466828808,,,1,2.0,2,2208.24462610063,3.0
37,28.1644421531,2.0,2.0,2,3.0,2,1542.1152569445514,2.0
7,20.5833329545654,,,2,1.0,2,1553.5659565750232,2.0
3,17.2058875892396,,,1,2.0,2,1048.5814026005326,2.0
66,,,,2,,2,2285.57210165984,2.0
61,31.3508810380314,3.0,2.0,2,4.0,2,,2.0
5,15.5678611616386,,,2,1.0,2,,2.0
44,18.334412036202,1.0,1.0,2,2.0,2,3223.5024148149346,5.0
39,29.2273355298119,2.0,2.0,1,3.0,2,3294.453420813407,5.0
30,18.2976021824049,1.0,1.0,2,3.0,2,1405.8645073702749,5.0
42,23.965453158973,2.0,2.0,1,3.0,2,,4.0
41,23.2649368938587,1.0,1.0,2,2.0,2,,4.0
9,16.481420878968,,,2,2.0,2,,4.0
38,23.3032313474932,2.0,1.0,1,3.0,2,2546.5578077790533,4.0
36,23.4440883791533,2.0,1.0,2,2.0,2,771.545342609249,4.0
9,16.8895519207203,,,2,2.0,2,1056.514048250915,4.0
34,21.2369611083465,1.0,1.0,1,3.0,2,3549.2533717443876,3.0
34,22.4392313615122,1.0,,2,3.0,2,1846.3363536880431,3.0
2,15.8986501191001,,,1,3.0,2,1071.1652757627164,3.0
51,23.1542969927266,2.0,1.0,2,4.0,2,1649.479830361535,4.0
42,20.4903738839286,1.0,1.0,1,2.0,2,2102.325507271276,5.0
68,24.6169432871161,3.0,2.0,2,2.0,2,1134.8424935753014,5.0
45,26.4784767810166,1.0,2.0,2,2.0,2,1739.5069591122517,5.0
45,23.705127935359,1.0,1.0,1,2.0,1,2572.6991091730574,4.0
45,21.7037315214202,1.0,1.0,2,3.0,1,1224.2353980564508,4.0
68,23.6316938327498,3.0,3.0,2,3.0,1,2222.0082418990564,4.0
47,36.9520589300809,3.0,1.0,1,3.0,1,2661.1727471397035,4.0
18,35.2933732819608,,,1,4.0,1,,4.0
56,26.3211900511458,3.0,3.0,1,2.0,1,2267.871570872673,3.0
22,19.6545407363389,1.0,1.0,2,4.0,1,,2.0
51,28.1900563400493,1.0,3.0,2,3.0,1,,2.0
64,23.7307103226092,3.0,2.0,1,3.0,1,1991.9489577860347,5.0
61,17.9580479812126,1.0,3.0,2,3.0,1,1516.7043342545496,5.0
56,26.6762855533366,1.0,3.0,1,2.0,1,1189.7259824542325,5.0
45,27.9979822143852,3.0,3.0,1,1.0,1,2934.681858211592,4.0
46,25.0881000723471,1.0,1.0,2,3.0,1,2030.084649752309,4.0
10,20.217203081805,,,2,2.0,1,2032.4960357832315,4.0
5,20.0015662933667,,,1,1.0,1,1569.9921559252448,4.0
74,23.724759102446,1.0,2.0,1,2.0,1,2753.8523781158624,2.0
25,21.4965686993659,1.0,1.0,1,1.0,1,2734.152450836167,4.0
23,20.5152666567836,1.0,1.0,2,4.0,1,2140.9533973509288,4.0
52,29.6387492447819,1.0,2.0,2,4.0,1,1342.002,3.0
18,,,,2,3.0,1,2766.575113637897,3.0
45,22.783479893827,1.0,2.0,1,3.0,2,2457.2424617074134,4.0
46,25.2092931073729,2.0,1.0,2,4.0,2,791.3333230272601,4.0
12,18.0572219353217,,,2,2.0,2,2011.775881338871,4.0
9,15.541631206738,,,2,2.0,2,1645.925730732371,4.0
55,28.2949369915543,2.0,2.0,1,3.0,2,1592.2508100829702,4.0
50,20.1304788552547,1.0,1.0,2,2.0,2,1509.5929576047297,4.0
12,21.7923618124475,,,1,2.0,2,3523.419920470638,4.0
10,19.115890083632,,,2,1.0,2,1063.8345099839285,4.0
46,24.9587165415345,3.0,1.0,1,3.0,2,,5.0
55,21.6333791581317,2.0,1.0,1,2.0,2,991.8291411709042,5.0
52,25.7150745058283,1.0,2.0,2,2.0,2,1279.0158997597907,5.0
63,22.0073850685858,3.0,2.0,1,3.0,2,1705.1281002623004,5.0
63,24.9333333333333,3.0,1.0,2,3.0,2,1921.1589885352803,5.0
73,28.5333333333333,3.0,2.0,2,4.0,2,812.5651198120536,1.0
66,18.6276741493127,1.0,2.0,1,3.0,2,,1.0
57,27.610327856188,3.0,3.0,1,3.0,2,1359.995875,5.0
55,19.4042204731831,3.0,2.0,2,3.0,2,1616.031883838384,5.0
41,24.2609057519931,2.0,1.0,2,3.0,2,,5.0
40,30.415426273545,3.0,3.0,1,3.0,2,,5.0
9,20.0479731062177,,,2,3.0,2,,5.0
66,22.2043442258684,3.0,2.0,1,2.0,2,1915.8533813955307,5.0
63,22.3852714576516,3.0,2.0,2,3.0,2,1382.408742374945,5.0
79,21.2514933879233,1.0,2.0,1,3.0,2,2010.68394421099,3.0
74,16.5781320733364,3.0,2.0,2,2.0,2,1956.836535622481,3.0
43,18.4514224369297,2.0,1.0,1,1.0,2,2173.750165515671,3.0
70,23.5077740971943,2.0,2.0,1,3.0,2,2775.466461288024,3.0
65,23.1752409235159,1.0,2.0,2,2.0,2,3019.265530009665,3.0
50,26.7350495272924,2.0,1.0,1,2.0,2,,5.0
49,26.7299274950717,1.0,2.0,2,4.0,2,1733.480491992991,5.0
22,27.8671376223517,1.0,1.0,1,1.0,2,,5.0
15,26.4618071871692,,,1,1.0,2,1462.490082682491,5.0
72,18.6948690837055,3.0,3.0,1,2.0,2,2620.8161916921385,5.0
68,23.987824581257,1.0,2.0,2,2.0,2,1391.1979896761322,5.0
48,,,,1,,2,1947.7122109730703,4.0
46,23.0061263209257,1.0,1.0,2,3.0,2,2609.8150500172765,4.0
17,17.9964292799048,,,1,2.0,2,2289.4039262586844,4.0
14,17.9340289650938,,,1,2.0,2,2728.265604267714,4.0
66,24.4947509004961,3.0,2.0,2,3.0,2,765.1153471770401,1.0
49,24.0949529881044,1.0,1.0,1,3.0,2,3524.5788732581073,3.0
47,22.579954911022,2.0,1.0,2,3.0,2,1206.0281820659095,3.0
22,20.0419596911437,1.0,1.0,2,2.0,2,1680.8931037185753,3.0
43,21.0723274011992,1.0,1.0,2,1.0,2,1456.6039830058917,5.0
62,23.1661659541791,2.0,2.0,1,3.0,2,2329.20400292603,5.0
14,17.6187793696021,,,1,1.0,2,1843.4465520223173,5.0
69,25.526816024975,3.0,3.0,1,3.0,2,,5.0
69,26.6297089489767,1.0,2.0,2,4.0,2,,5.0
42,26.3653483992467,1.0,3.0,1,5.0,2,,5.0
45,23.7173538551539,1.0,1.0,1,3.0,2,1269.6575965425404,5.0
33,22.380226540466,1.0,1.0,2,2.0,2,1772.566649821653,5.0
11,16.3266399986459,,,1,3.0,2,5401.853049864006,5.0
10,18.0293958305483,,,2,1.0,2,2478.490122768,5.0
37,26.7248239772609,1.0,2.0,1,3.0,2,4212.485331926042,3.0
37,23.098030494306,1.0,1.0,2,3.0,2,1043.2656340409778,3.0
6,16.1939535198946,,,1,3.0,2,1257.541821074219,3.0
3,16.9354666264799,,,2,2.0,2,1059.800833495497,3.0
60,21.7154898324521,3.0,2.0,2,5.0,2,1666.1356763536064,2.0
33,23.0243726231627,1.0,1.0,2,3.0,2,1056.5936912793634,2.0
64,26.1671361770528,1.0,3.0,2,3.0,2,1576.621516526479,5.0
65,27.5816315160225,3.0,3.0,1,2.0,2,1543.7987701518302,5.0
47,17.4795133082658,1.0,2.0,1,2.0,2,2135.9856832667047,3.0
46,24.4838894909217,2.0,1.0,2,2.0,2,2577.769046856875,3.0
15,,,,1,,2,3486.7506694674757,3.0
67,20.100376253918,2.0,3.0,1,4.0,2,,5.0
65,22.1325531133821,3.0,2.0,2,3.0,2,,5.0
37,21.8724228190326,3.0,1.0,1,3.0,2,1993.435656826029,5.0
35,17.3490367015975,3.0,1.0,1,2.0,2,,3.0
34,25.6557180687476,3.0,3.0,2,3.0,2,1499.5807898620033,3.0
10,22.4207186360635,,,1,1.0,2,2090.8801805154967,3.0
7,15.1511325471579,,,2,1.0,2,1026.5525701349716,3.0
43,34.7830729706472,2.0,2.0,2,4.0,2,1383.1282219710004,2.0
53,22.9056013667583,2.0,2.0,2,3.0,2,1378.11244466764,2.0
80,,2.0,1.0,2,3.0,2,1141.857977437906,2.0
57,24.3482953866959,2.0,2.0,1,3.0,2,1886.5071413609355,3.0
56,25.2327796671185,2.0,2.0,2,3.0,2,2750.935435687314,3.0
16,25.4464419633206,,,1,3.0,2,4200.228980041413,3.0
67,24.7988002236401,3.0,2.0,1,2.0,2,1635.0522012452398,2.0
65,22.5745975813435,2.0,1.0,2,3.0,2,1524.0742990762362,3.0
71,26.0968255025994,3.0,3.0,1,3.0,2,2832.530489356398,3.0
27,27.1244529080044,1.0,1.0,1,3.0,2,4376.156909890475,3.0
25,27.6674983205904,1.0,1.0,2,3.0,2,824.181393624136,3.0
79,24.3575225820502,2.0,,2,2.0,2,2090.6206641233603,2.0
52,22.4340927828832,2.0,1.0,1,3.0,2,1285.5792093854814,5.0
51,19.3061402235448,2.0,2.0,2,3.0,2,995.9642277794794,5.0
23,,,,1,,2,2251.054547734595,5.0
76,23.6286166407034,3.0,2.0,1,2.0,2,,3.0
29,35.1727579689524,2.0,,2,3.0,2,1266.3332673923655,3.0
2,15.8966540057953,,,2,3.0,2,1131.4320203378777,3.0
50,32.5314579853275,1.0,3.0,1,2.0,2,1597.8524871633829,5.0
50,26.8355582462963,1.0,1.0,2,3.0,2,1541.3695649086676,5.0
19,17.6392608825041,1.0,1.0,2,2.0,2,,5.0
17,20.8332299938988,,,1,2.0,2,2946.8748067529937,5.0
38,,,,1,,2,1848.7318085327329,3.0
37,19.020253536768,1.0,1.0,2,3.0,2,1803.5322717563367,3.0
7,15.0668337350243,,,2,2.0,2,1435.3249642000612,3.0
4,15.8668347974773,,,2,1.0,2,640.2145726381564,3.0
70,21.8336554184629,3.0,3.0,1,3.0,2,1463.675488159036,2.0
67,24.7784146864978,2.0,2.0,2,4.0,2,643.3843294786882,2.0
37,26.4489975792187,1.0,2.0,1,1.0,2,922.8317003550782,2.0
59,23.6013846145641,3.0,1.0,1,4.0,2,1244.8282306057963,5.0
55,21.5150870202223,1.0,1.0,2,3.0,2,1253.8677993617316,5.0
69,23.3776976020364,2.0,3.0,1,4.0,2,1542.180440663215,2.0
66,24.9100599065831,3.0,2.0,2,4.0,2,1174.20759052176,2.0
56,20.8506470133923,1.0,2.0,1,3.0,2,2166.437936856542,5.0
51,21.6438006513944,3.0,2.0,2,3.0,2,2256.4614528243083,5.0
25,19.4699988178929,1.0,1.0,2,1.0,2,2211.718291705656,5.0
70,26.542353603048,3.0,1.0,1,3.0,2,869.8104000794626,4.0
63,24.9411741932554,2.0,2.0,2,3.0,2,2082.4821615541896,4.0
71,,,,1,,2,1248.6543093022265,1.0
65,22.8054681458065,1.0,2.0,2,3.0,2,1570.9957687136764,1.0
70,20.9828287021316,2.0,1.0,1,3.0,2,2037.117336023043,2.0
67,24.6258145156685,3.0,1.0,2,2.0,2,2355.114517414313,2.0
57,24.1708247173173,2.0,2.0,1,9.0,1,,4.0
40,26.3372602682658,1.0,1.0,1,2.0,1,3387.9700875538997,3.0
33,23.4552923552865,1.0,1.0,2,3.0,1,2168.68666321845,3.0
7,13.9297035592949,,,1,2.0,1,1688.520252193781,3.0
5,14.5844990548204,,,2,2.0,1,1737.860263825594,3.0
58,22.1997264993695,3.0,3.0,1,3.0,3,,4.0
51,21.4819221362945,1.0,1.0,2,3.0,3,1258.1343957532788,4.0
26,16.6972391550929,1.0,1.0,1,3.0,3,2398.5570109855908,4.0
25,24.4711211242985,2.0,1.0,1,3.0,3,871.9258331371915,4.0
56,20.5374735678585,2.0,2.0,2,3.0,3,1144.6449049674393,2.0
31,20.4471828305447,1.0,1.0,2,2.0,3,3277.7975223076123,2.0
66,17.9425759558214,3.0,2.0,2,3.0,3,,1.0
26,34.9364097890491,2.0,3.0,2,4.0,3,,1.0
63,25.3704369933781,3.0,2.0,1,3.0,1,2488.544046144231,2.0
53,27.2141133657688,2.0,1.0,2,3.0,3,2032.875786004738,5.0
29,26.7777890411626,1.0,1.0,2,4.0,3,1423.9418612026682,5.0
53,23.897998263643,1.0,2.0,2,3.0,3,1704.7222295539525,3.0
44,19.676835354329,3.0,1.0,1,3.0,3,2089.593264693896,4.0
49,23.0147843316568,1.0,2.0,2,2.0,3,2344.1458242060826,4.0
80,23.4879543300492,3.0,1.0,1,5.0,3,450.278861195884,1.0
77,22.4226970453386,3.0,2.0,2,4.0,3,1445.589664100708,1.0
69,21.1290137580064,3.0,3.0,1,3.0,3,1758.130770412348,3.0
59,17.8347865164321,3.0,2.0,2,4.0,3,1647.8901136409968,3.0
68,26.2037312226249,3.0,1.0,2,3.0,3,2140.1513431510825,2.0
77,22.7399645195812,2.0,1.0,1,2.0,1,1609.7785982151722,2.0
71,22.8268199694196,3.0,3.0,2,4.0,1,2188.913734807946,2.0
35,22.9341476696121,2.0,1.0,2,3.0,1,1514.2489406100942,4.0
61,,,,1,,1,,4.0
62,24.0633164517662,2.0,2.0,2,3.0,1,,4.0
33,,,,1,,1,1579.366654139018,4.0
44,19.329979083767,1.0,1.0,2,2.0,3,1372.6678389255032,2.0
10,15.0178533921445,,,1,2.0,3,1883.2923352621804,2.0
6,15.142464527846,,,2,1.0,3,2476.4751922385462,2.0
32,31.6623613963976,3.0,2.0,2,2.0,3,2106.354727457844,3.0
32,23.6219355404887,1.0,1.0,1,2.0,3,,3.0
1,15.0898203592814,,,2,3.0,3,878.0518183192837,3.0
41,28.965958086917,2.0,3.0,1,2.0,3,1800.0165665573095,3.0
40,23.3608826217065,1.0,1.0,2,3.0,3,1472.9284743370035,3.0
10,14.4135625139647,,,2,2.0,3,1522.0564339451803,3.0
8,14.7837595395006,,,2,2.0,3,1323.0080846724534,3.0
54,25.461024843628,3.0,2.0,2,3.0,3,1647.3178486672175,3.0
23,19.729090161942,1.0,,1,2.0,3,2654.9255179464744,3.0
35,26.641630278921,1.0,2.0,1,3.0,3,2866.850518319678,4.0
35,32.5032873109796,1.0,2.0,2,3.0,3,1345.086450989964,4.0
36,20.4812452597118,1.0,2.0,1,4.0,3,1923.309845600121,4.0
7,16.1114883557165,,,1,2.0,3,1941.2104561723836,4.0
4,17.9002058621704,,,1,3.0,3,2071.9609013931045,4.0
48,20.1040593117929,1.0,1.0,2,3.0,3,2067.379298274443,4.0
36,35.3845510720861,3.0,2.0,1,3.0,3,3681.567328163726,5.0
41,23.9509660836257,1.0,1.0,2,2.0,3,1710.2612927631449,5.0
37,23.2541198124783,2.0,2.0,1,2.0,3,807.1006148844156,3.0
39,29.7089447013404,3.0,2.0,2,9.0,3,756.5213858839438,3.0
12,20.7290281879583,,,2,1.0,3,2566.542502823595,3.0
9,25.3532785663285,,,1,1.0,3,1186.5241853417335,3.0
34,27.7852725188375,1.0,2.0,2,3.0,3,1751.7783147847772,5.0
36,26.075319578657,2.0,2.0,1,3.0,3,1662.704724799829,5.0
40,,,,1,,1,3718.799547858097,4.0
34,21.4881165343536,1.0,1.0,2,2.0,1,3496.1102035382605,4.0
4,17.098972417523,,,2,2.0,1,2160.6704688532564,4.0
50,26.1525347436933,2.0,2.0,1,3.0,1,,4.0
23,21.7776326738166,2.0,1.0,2,3.0,1,811.7953562593484,3.0
31,22.9394671067,1.0,1.0,2,9.0,1,1532.4945909666214,5.0
50,,,,1,,1,2467.7156794552693,4.0
46,22.0641203214126,3.0,2.0,2,3.0,1,1383.6051647192212,4.0
17,19.5273556005609,,,2,3.0,1,869.9280007895431,4.0
15,,,,1,,1,2113.091299049082,4.0
55,22.2461184648589,3.0,1.0,1,2.0,3,3971.590904126382,4.0
45,23.7448268956924,2.0,1.0,1,2.0,3,1877.1063607431115,5.0
47,24.5115089365028,1.0,1.0,2,2.0,3,1523.8749358588918,5.0
8,19.4089332850267,,,1,1.0,3,1417.5433376331837,5.0
50,33.0881893893044,3.0,2.0,1,3.0,3,1081.3590700471009,4.0
47,,,,2,,3,647.0738523971486,4.0
18,36.3205239188528,,,2,3.0,3,1041.145400621118,4.0
16,37.9200896436168,,,1,3.0,3,1157.451900621118,4.0
73,25.2572103221454,2.0,1.0,2,2.0,3,1069.2046162420384,4.0
77,26.2748594335693,2.0,2.0,2,3.0,3,1518.1255713978169,2.0
45,31.242752969672,1.0,2.0,2,3.0,3,2242.389211843327,4.0
18,23.7742983770829,,,2,2.0,3,629.9181014065215,4.0
16,20.5050621134146,,,2,2.0,3,799.054628963926,4.0
11,21.9423908832645,,,1,2.0,3,2033.0255072926852,4.0
31,29.8648163505683,1.0,1.0,1,2.0,2,,4.0
28,19.9073685258283,1.0,,2,3.0,2,2173.7736705890898,4.0
30,19.4706520566719,1.0,1.0,2,3.0,2,1537.2624135607168,4.0
8,16.0849570632548,,,1,2.0,2,1316.3202067183463,4.0
35,20.0891226532252,1.0,1.0,2,3.0,2,1448.945161232935,3.0
39,23.2146820269345,1.0,1.0,1,3.0,2,1693.144542250477,3.0
5,15.2068742797077,,,2,3.0,2,1225.891154770146,3.0
4,17.16,,,1,3.0,2,1382.1080119124829,3.0
1,20.4607955149325,,,2,3.0,2,1118.7845433528382,3.0
46,25.56099996879,1.0,1.0,1,3.0,2,2604.20980987763,4.0
46,22.7364554637282,1.0,2.0,2,4.0,2,,4.0
19,20.3930022869295,1.0,1.0,2,3.0,2,2912.051540643061,4.0
41,21.6605684248499,2.0,1.0,2,3.0,2,2852.4145680912247,4.0
41,18.7760261748959,1.0,1.0,1,3.0,2,1551.2148230832693,4.0
40,32.2411543518595,2.0,1.0,1,3.0,2,1634.1111781951522,3.0
37,21.2044745214278,1.0,1.0,2,2.0,2,1244.540371685176,3.0
7,15.4867696961857,,,1,2.0,2,1160.811,3.0
4,14.3032849186717,,,1,2.0,2,945.7684953680132,3.0
47,23.3765773653996,2.0,1.0,1,2.0,2,1625.1568529474675,4.0
45,21.5555576264738,2.0,2.0,2,3.0,2,1462.0923278779285,4.0
16,21.6929994645484,,,1,2.0,2,3673.755797282471,4.0
15,19.0535512181975,,,2,1.0,2,1861.9032146875,4.0
42,23.3598684734326,1.0,1.0,2,3.0,2,982.4849131680248,3.0
17,22.2360048104752,,,1,2.0,2,2565.653049086918,3.0
16,18.4223463060693,,,1,3.0,2,1774.7902467994245,3.0
13,24.3295847750865,,,2,3.0,2,2437.922291725786,3.0
54,26.6778615763986,3.0,2.0,1,2.0,2,2150.48071141997,2.0
54,20.9366042031236,1.0,1.0,2,2.0,2,1642.852549559334,2.0
18,26.2159487227825,,,1,2.0,2,1289.6764020523708,2.0
17,19.2055124303111,,,1,2.0,2,1470.9383629645713,2.0
36,20.6010941470003,1.0,1.0,2,2.0,2,1582.176634582973,2.0
8,14.5752299405679,,,2,2.0,2,1383.6671345819332,2.0
2,14.6125504315935,,,2,3.0,2,1311.0133593108353,2.0
25,35.6164267395868,1.0,1.0,1,4.0,2,1799.741029632872,
24,29.8280763969538,2.0,1.0,1,3.0,2,1777.1119293397703,
37,23.7032396167802,1.0,1.0,2,3.0,2,2705.884812931946,4.0
37,26.8208788778521,2.0,3.0,1,3.0,2,3185.917467801784,4.0
8,18.3819982893487,,,2,2.0,2,1790.4269030842936,4.0
39,23.202870667622,1.0,1.0,1,2.0,2,2457.3536282990453,3.0
36,22.2956841138659,1.0,1.0,2,3.0,2,783.6401146537265,3.0
6,14.4235698026934,,,2,2.0,2,1757.7018292965406,3.0
4,16.29630860004,,,1,2.0,2,1726.467829296541,3.0
36,,,,1,,2,3865.853471433728,2.0
33,24.5514717322633,2.0,1.0,2,2.0,2,1383.9884901669411,2.0
1,15.0260676591136,,,2,2.0,2,649.05015366726,2.0
28,28.7454921046182,2.0,2.0,2,2.0,2,1751.090225272599,5.0
7,13.7049981921799,,,1,2.0,2,1383.2419743648522,5.0
3,15.2675305350611,,,1,1.0,2,1001.6408844352,5.0
32,28.0236113582394,1.0,2.0,1,3.0,2,1443.245677897109,4.0
37,19.6199242051349,1.0,1.0,2,2.0,2,963.1823960887432,4.0
5,17.161327862953,,,2,1.0,2,1454.5814120450325,4.0
42,25.5406005091802,1.0,1.0,1,2.0,2,1471.8485098799272,4.0
42,20.320599626358,1.0,2.0,2,3.0,2,1210.803475153302,4.0
11,26.03296770719,,,2,4.0,2,2240.4536501249163,4.0
9,15.3808557114959,,,2,3.0,2,1060.0561665035782,4.0
42,26.4668367346939,2.0,2.0,1,3.0,2,3221.957088559083,4.0
33,17.5139206151046,1.0,1.0,2,3.0,2,1165.38887499948,4.0
2,15.7126261817017,,,2,2.0,2,1272.8941875094,4.0
70,25.1338984779794,3.0,2.0,1,3.0,1,3323.867236246255,3.0
63,24.7874089811677,2.0,1.0,2,3.0,1,1165.1282442053414,3.0
77,22.3056164614606,2.0,2.0,1,3.0,1,1480.2426449448308,1.0
79,23.9311895628685,3.0,2.0,2,2.0,1,990.6194544756056,1.0
80,,,,1,,1,748.38731708555,1.0
80,21.5380706065817,3.0,2.0,2,9.0,1,1160.205915469519,1.0
28,23.935333887379,3.0,2.0,1,3.0,1,,3.0
26,25.7960100409565,1.0,1.0,1,2.0,1,,3.0
20,28.1786572689808,2.0,1.0,1,2.0,1,1506.833859499575,1.0
20,24.4371997595354,1.0,2.0,1,3.0,1,853.4920000000001,1.0
73,27.0981464186135,1.0,3.0,2,1.0,1,521.2668780716059,2.0
63,28.9670453852259,3.0,2.0,1,3.0,1,1675.2395150360085,2.0
35,29.6000074498895,2.0,3.0,1,3.0,1,4272.727912667968,4.0
65,24.0167922522189,1.0,3.0,1,3.0,1,1883.5756122415132,2.0
63,29.4443723517696,2.0,,1,3.0,4,2442.517082201626,3.0
61,23.0939306845201,2.0,1.0,2,2.0,4,2642.395958570828,3.0
37,26.4816326530612,1.0,1.0,1,2.0,4,1776.1619454162883,3.0
53,22.6579848695849,1.0,1.0,2,3.0,1,,4.0
56,23.707788111472,1.0,2.0,1,3.0,1,1859.6505063172212,3.0
55,27.4421431608035,1.0,1.0,2,2.0,1,2420.8910250392364,3.0
78,28.936722818578,3.0,2.0,2,3.0,1,1199.8315281756795,3.0
43,32.3004498742614,3.0,2.0,1,4.0,1,,3.0
18,24.3900465491552,,,2,4.0,1,,3.0
12,22.1268215799487,,,1,2.0,1,,3.0
44,19.3785398476379,1.0,1.0,2,3.0,1,,3.0
61,23.1933984938311,3.0,2.0,1,3.0,1,1848.839524678737,4.0
50,24.043268636134,2.0,2.0,2,3.0,1,1555.0485893134803,4.0
28,25.2661091821931,1.0,,1,3.0,1,,4.0
28,24.269600591716,1.0,,1,3.0,1,1588.7030894197842,4.0
64,,,,2,,1,1651.8296926225855,1.0
65,25.8536308441409,3.0,1.0,1,4.0,1,2496.193582835965,1.0
65,27.8964220492118,3.0,3.0,1,2.0,1,2096.7119850005092,2.0
60,27.1620919054844,3.0,2.0,2,9.0,1,1659.9645080107205,2.0
48,21.6184476350261,1.0,1.0,2,2.0,1,913.561730263855,3.0
10,17.449095782737,,,1,2.0,1,3305.434034273879,3.0
7,16.5420361516164,,,2,2.0,1,1311.532336982367,3.0
45,18.7349849903947,2.0,,1,3.0,1,,3.0
28,22.135536134617,1.0,1.0,2,9.0,1,,3.0
52,26.8154232633033,3.0,2.0,1,1.0,1,1920.521508793556,3.0
25,17.7550848485284,1.0,1.0,2,4.0,1,1054.888037720895,3.0
20,17.7508503401361,1.0,1.0,2,2.0,1,,3.0
52,38.3050282649883,1.0,2.0,2,4.0,1,1978.6754129589856,2.0
17,20.4242222363335,,,1,2.0,1,,2.0
14,23.5284196323157,,,2,1.0,1,2322.841084357808,2.0
13,24.5418848167539,,,1,3.0,1,2099.1302985538296,2.0
56,21.8211908100199,1.0,2.0,2,3.0,1,,4.0
24,22.3656977365271,1.0,1.0,2,3.0,1,,4.0
56,25.0778650271894,2.0,1.0,1,3.0,1,,4.0
61,23.935333887379,1.0,2.0,1,3.0,1,1289.344375021807,2.0
60,20.6590338470357,2.0,3.0,2,4.0,1,1556.8769142552385,2.0
45,30.1566390663358,1.0,2.0,2,3.0,1,1087.1479166873623,4.0
62,24.4264200391881,1.0,1.0,2,5.0,1,1416.4742091476494,2.0
35,,,,1,,1,571.9464529827138,2.0
30,26.5072863481164,1.0,2.0,1,3.0,1,5607.000446806393,4.0
60,22.9058467370582,1.0,2.0,2,4.0,1,1413.6443612151352,4.0
67,23.8387325719212,2.0,3.0,1,2.0,1,2843.1942498637977,4.0
34,24.9222150666118,1.0,2.0,1,3.0,1,4340.738678812595,4.0
54,22.023870592661,1.0,3.0,1,4.0,4,2293.2331080281488,5.0
49,25.0450714959729,2.0,2.0,2,3.0,4,1074.0222648811048,5.0
45,19.2898924954336,3.0,2.0,1,1.0,1,1520.2741623213728,2.0
35,19.5472613167449,1.0,1.0,2,2.0,1,472.1132583108715,2.0
7,19.7068853833257,,,1,1.0,1,1381.5541513753412,2.0
2,15.897880127824,,,2,2.0,1,417.1996579544819,2.0
51,,,,1,,1,2587.262666365311,4.0
52,23.9790342603105,1.0,1.0,2,3.0,1,2718.3274174663156,4.0
41,25.9948422931958,2.0,2.0,1,9.0,2,1643.8659940811058,5.0
80,18.2576379215258,2.0,2.0,1,3.0,2,1667.268310884241,3.0
71,20.047157774398,3.0,2.0,2,3.0,2,1561.4421117689224,3.0
72,24.6892471588742,3.0,3.0,1,3.0,2,2476.8092499488134,3.0
67,28.1692531591393,3.0,,2,5.0,2,3409.735169453435,3.0
57,21.370075514006,2.0,2.0,2,2.0,2,2144.998190492804,3.0
31,24.8571187879397,1.0,1.0,2,3.0,2,808.4543861026358,3.0
46,,,,2,,2,2973.4340110436065,1.0
74,19.5927276189709,2.0,2.0,2,9.0,2,1117.6880300399107,1.0
72,23.4544440377764,3.0,3.0,2,3.0,2,1200.428433039885,1.0
11,24.7906356334256,,,2,2.0,2,1381.858122438985,1.0
38,27.4122476717664,3.0,2.0,1,3.0,2,2427.931125456003,3.0
32,21.1676139697869,1.0,1.0,2,2.0,2,2026.1678580332225,3.0
1,17.4480276933419,,,2,1.0,2,906.7943459833486,3.0
55,28.9313972424844,3.0,2.0,1,4.0,2,1724.7817834898956,3.0
52,20.9708150427591,1.0,1.0,2,4.0,2,1001.3561209513804,3.0
31,24.6168006129133,1.0,1.0,1,1.0,2,1778.4874074330053,3.0
54,23.5485898406426,3.0,3.0,1,4.0,2,,5.0
50,22.1919564172408,1.0,2.0,2,4.0,2,1336.47917967909,5.0
26,29.2579178627271,2.0,2.0,1,3.0,2,2529.4409226812654,5.0
18,24.6692244254007,,,2,4.0,2,3222.605044568745,5.0
80,25.565998857175,3.0,3.0,1,4.0,2,2418.3445,5.0
57,24.0184320161596,1.0,1.0,1,1.0,2,2609.447949790638,5.0
57,20.6010570579839,1.0,1.0,2,2.0,2,1371.489420634535,5.0
43,22.2594498375411,1.0,2.0,1,1.0,2,1972.8724924898193,4.0
42,22.012103776989,1.0,1.0,2,4.0,2,1414.1912674078137,4.0
13,16.9178187196205,,,1,3.0,2,1747.1640314253457,4.0
10,18.2164090368609,,,1,2.0,2,1247.4248878665906,4.0
7,14.2342534398894,,,2,3.0,2,984.463980738895,4.0
58,27.5518685295851,1.0,1.0,1,4.0,2,2006.5284539415748,5.0
55,27.2102508435905,1.0,2.0,2,1.0,2,2618.76386046746,5.0
27,30.7782346223279,2.0,1.0,1,2.0,2,,5.0
70,24.9984793209909,1.0,1.0,1,4.0,2,1905.470425165965,1.0
64,23.9190021733445,3.0,3.0,2,3.0,2,2135.699644709689,1.0
34,21.5844158273247,1.0,1.0,2,1.0,2,1405.2348340468627,2.0
6,15.0910939088279,,,1,1.0,2,1587.995186233191,2.0
1,17.4901981376462,,,1,1.0,2,433.6077420189853,2.0
43,27.1837184037643,1.0,1.0,1,3.0,2,1914.1469031136423,4.0
39,19.9799920638913,1.0,1.0,2,3.0,2,1604.9797059051682,4.0
13,17.6806538764064,,,1,2.0,2,1671.744467368305,4.0
4,15.8717440708583,,,1,1.0,2,1432.2523480816876,4.0
45,20.1037275757279,2.0,1.0,2,4.0,2,2201.5934451640096,4.0
52,28.4936910600604,3.0,2.0,1,2.0,2,3575.345013528329,4.0
15,18.7071230142302,,,1,2.0,2,2470.505185577744,4.0
70,24.1290685813936,1.0,2.0,1,3.0,2,1580.8139180713606,2.0
72,25.3080150927799,3.0,3.0,2,3.0,2,1685.4667603062514,2.0
68,24.5127638896077,2.0,1.0,1,3.0,2,1604.8617640677203,1.0
62,23.551979775711,1.0,2.0,2,3.0,2,1641.8432475794682,1.0
57,23.4413291943997,3.0,2.0,2,3.0,2,,4.0
73,23.4482708380002,3.0,2.0,2,3.0,1,2066.821959634414,4.0
47,16.7421933156199,1.0,1.0,1,4.0,1,1238.6136711767265,4.0
55,24.2922141095312,1.0,3.0,1,3.0,1,1162.3507951402291,3.0
58,26.9528697787338,2.0,2.0,2,3.0,1,404.1963333333333,3.0
68,26.3142684723113,3.0,2.0,1,3.0,1,,1.0
63,25.1763263367387,3.0,3.0,2,3.0,1,,1.0
78,21.0696049449073,3.0,3.0,2,3.0,1,1261.2888795747642,1.0
76,24.7669663706319,3.0,2.0,2,3.0,1,2209.861297900946,2.0
71,19.1901175848857,2.0,,1,4.0,1,918.4032243387372,1.0
70,27.9166147449923,3.0,3.0,2,3.0,1,964.345480017969,1.0
71,20.5384367894278,3.0,1.0,2,3.0,1,1516.012309597193,1.0
72,26.2888077041516,3.0,,2,4.0,1,,1.0
49,35.4694991234984,1.0,,2,5.0,1,,1.0
39,28.934392027509,1.0,2.0,1,3.0,1,3074.50079146266,2.0
37,29.3076003491097,2.0,1.0,2,4.0,1,2137.076955863216,2.0
20,30.7343216084539,1.0,,1,3.0,1,,2.0
17,,,,2,,1,1768.15688510856,2.0
8,23.9555487910755,,,2,1.0,1,1010.0342558729932,2.0
80,25.0214065964003,1.0,2.0,1,5.0,1,833.1512071311873,2.0
47,25.3642463800237,1.0,,2,3.0,1,1677.7529708610698,2.0
72,22.8283546846324,2.0,2.0,1,2.0,1,2537.2564514324285,2.0
64,26.6755318794799,3.0,2.0,2,3.0,1,1660.0230754553409,2.0
67,30.2268834096263,2.0,1.0,2,3.0,1,1528.5138002770857,4.0
77,27.2845134115827,3.0,3.0,2,3.0,1,2027.5439871019107,1.0
57,28.2373630901793,3.0,2.0,1,2.0,1,4803.984357574748,1.0
51,22.5014272106658,2.0,,2,3.0,1,,1.0
24,19.3346067545997,1.0,1.0,2,3.0,1,1434.3858468981534,1.0
22,17.5113241803918,1.0,1.0,2,2.0,1,1395.399,1.0
19,16.3817207247967,1.0,1.0,1,4.0,1,,1.0
53,29.6535691320157,3.0,2.0,2,3.0,3,1842.2165555631557,1.0
46,26.415680147427,1.0,1.0,2,3.0,1,1213.0460526465,3.0
80,26.2914537095381,2.0,2.0,1,3.0,3,1183.8738663639792,2.0
53,24.9058375608611,1.0,2.0,2,4.0,2,1533.887213865132,2.0
33,21.4472091110982,2.0,1.0,2,3.0,2,,1.0
12,25.0439169406784,,,1,3.0,2,,1.0
7,14.5685876968277,,,2,3.0,2,,1.0
56,24.1020242747616,3.0,1.0,1,3.0,2,1638.647708354354,2.0
54,29.4088814822076,3.0,2.0,2,3.0,2,1874.3365806923523,2.0
40,23.8444492993352,1.0,3.0,1,3.0,2,2908.0120943801808,2.0
36,31.5445958887633,1.0,2.0,2,3.0,2,2723.643466035838,2.0
7,15.5376808021039,,,1,2.0,2,1564.809459317199,2.0
5,13.4790015990373,,,1,2.0,2,1246.835602184488,2.0
1,15.9011762477906,,,1,2.0,2,939.5639779822357,2.0
62,24.9727896483991,3.0,2.0,2,4.0,2,1622.4569265549997,2.0
59,19.7596707789627,1.0,1.0,2,4.0,2,2103.460563567821,1.0
63,,,,2,,2,1949.3199081689188,1.0
76,26.1455050297517,3.0,3.0,2,5.0,2,2414.8182717862974,1.0
58,21.0824503007587,1.0,2.0,2,3.0,2,1471.7288615326083,4.0
61,23.0893240737814,3.0,2.0,1,3.0,2,2079.4627547146824,4.0
30,24.1625189681792,2.0,2.0,1,2.0,2,3817.033680427104,4.0
24,20.1517667021412,1.0,2.0,1,2.0,2,3305.8452482214534,4.0
70,23.6473628042748,3.0,2.0,1,2.0,2,2045.928685653624,1.0
66,20.7008464541029,2.0,1.0,2,3.0,2,1584.2212322488297,1.0
41,25.5005593919988,1.0,,2,3.0,2,,3.0
19,17.7094758907347,1.0,1.0,1,3.0,2,,3.0
65,24.9357733044443,1.0,2.0,1,2.0,2,3168.9397732599764,3.0
65,25.4712063382901,3.0,2.0,2,3.0,2,1679.823500838262,3.0
80,23.1452257711568,3.0,1.0,1,3.0,2,1952.733855588968,1.0
65,30.533093516364,3.0,3.0,1,4.0,2,2372.4455049509106,5.0
61,23.0713223857802,3.0,2.0,2,3.0,2,2012.415165471915,5.0
80,27.262769280701,1.0,2.0,1,3.0,2,1893.2322936741632,2.0
77,27.2400129868143,3.0,2.0,2,4.0,2,1085.779442059643,2.0
72,21.3328728936134,3.0,,1,4.0,2,1066.442324882054,1.0
72,23.9692217103261,3.0,,2,3.0,2,835.6119495173288,1.0
62,27.336116568222,3.0,3.0,1,2.0,2,,2.0
61,,,,2,,2,1679.1959772959833,2.0
27,25.5756243562892,2.0,2.0,1,3.0,2,1958.6259650341444,2.0
66,25.6436827181853,2.0,3.0,1,3.0,2,1492.7738582880631,4.0
35,17.8010664171903,1.0,1.0,2,1.0,2,2077.768165846309,4.0
41,24.058769513315,1.0,2.0,1,3.0,2,2523.653088258532,4.0
1,18.195285675707,,,2,1.0,2,933.0526838027788,4.0
70,25.0088991520705,3.0,3.0,1,3.0,2,1813.4949143281176,2.0
63,24.6811276049278,2.0,2.0,2,3.0,2,1165.3313098110325,2.0
31,22.149746103257,1.0,2.0,2,3.0,2,1087.9856766243715,2.0
59,20.933524191169,2.0,,1,9.0,2,2479.959819020318,5.0
54,,,,2,,2,297.62260612859683,5.0
32,17.5873527059211,1.0,1.0,2,3.0,2,1034.7674924417458,5.0
25,19.0129379917115,1.0,1.0,2,4.0,2,664.7921976697069,5.0
29,19.9804165884317,1.0,2.0,2,2.0,2,1168.5860489359472,5.0
74,24.21875,3.0,3.0,1,3.0,2,981.9330965342626,2.0
67,21.1752337103129,2.0,1.0,2,4.0,2,606.7400601731728,2.0
47,22.5784888964339,1.0,2.0,2,3.0,2,716.104321391942,5.0
18,25.006824045294,,,1,4.0,2,1578.8284526314678,5.0
16,17.6472922039278,,,1,2.0,2,,5.0
80,24.5470196854395,3.0,2.0,1,3.0,2,,3.0
70,21.629888936125,1.0,2.0,2,4.0,2,645.6517524878856,3.0
79,22.2778980557333,3.0,2.0,1,3.0,2,1034.4569068131148,2.0
77,31.7756867931968,3.0,2.0,2,4.0,2,775.405804840025,2.0
80,22.9381008601788,3.0,3.0,2,9.0,2,890.4982781411285,3.0
50,21.5572895473648,1.0,2.0,1,4.0,2,2288.491423383466,3.0
41,21.6851793846228,1.0,1.0,2,3.0,2,1441.4769307427011,3.0
14,17.7567919729296,,,1,2.0,2,1491.9464131862426,3.0
14,,,,2,,2,2421.021969472412,3.0
74,24.7939536951541,3.0,1.0,1,2.0,2,1434.359158207233,3.0
71,23.8103519956802,3.0,2.0,2,4.0,2,2013.05799852338,3.0
80,20.7193887573536,3.0,2.0,2,5.0,2,1473.8444724352244,4.0
65,22.7119444090599,3.0,1.0,1,3.0,2,,5.0
64,24.1220432087094,3.0,2.0,2,3.0,2,946.0604012738854,5.0
49,32.5202851437729,2.0,3.0,1,3.0,2,1571.3470534925086,5.0
48,22.0339322556737,2.0,1.0,2,3.0,2,1181.4919075768255,5.0
21,24.4318761164838,1.0,1.0,1,2.0,2,1204.4244072672218,5.0
17,25.3631705225742,,,2,3.0,2,538.7741150023135,5.0
53,28.3109700940215,1.0,2.0,2,2.0,2,1716.5293584997166,5.0
80,32.3961975950762,3.0,3.0,2,3.0,2,920.354091565066,5.0
56,34.81120832217,3.0,3.0,1,4.0,2,1871.9280979006423,5.0
60,20.9796594648811,2.0,2.0,1,3.0,2,1113.5565289219744,5.0
56,27.9862892547868,3.0,3.0,2,3.0,2,1365.644301862027,5.0
33,22.3398318888375,1.0,1.0,1,2.0,2,2415.127984302171,5.0
27,21.3966981088497,1.0,,2,3.0,2,1695.6671293686502,5.0
75,21.0800793639661,1.0,2.0,1,1.0,2,1600.8662987678258,4.0
67,21.5597003279487,3.0,2.0,2,3.0,2,1121.9365946157302,4.0
70,24.2280097667714,1.0,2.0,1,3.0,2,1119.5056932468478,2.0
66,27.1383975026015,1.0,2.0,2,2.0,2,1407.4696375790973,2.0
71,22.9773835812565,1.0,3.0,1,1.0,2,2325.4335810868424,3.0
68,26.8567362720376,3.0,2.0,2,2.0,2,1562.084522335928,3.0
67,29.8574153979839,3.0,2.0,1,2.0,4,4244.105047280349,2.0
64,25.268467503316,1.0,1.0,2,2.0,4,1249.680855838736,2.0
80,22.0503426284008,1.0,,1,3.0,1,1734.3092707028056,1.0
34,21.2305482656871,1.0,,1,3.0,1,2657.8652366206056,2.0
10,21.1238439408111,,,1,1.0,1,2251.948075192203,2.0
7,19.998423577034,,,2,1.0,1,1886.6015638759775,2.0
70,25.3878817907465,2.0,3.0,1,4.0,1,1831.8497130951089,1.0
75,18.6472424557752,3.0,1.0,2,5.0,3,474.4918012560487,3.0
67,23.5707109087279,3.0,3.0,1,3.0,1,1167.9938853816088,2.0
66,21.2313879633486,3.0,2.0,2,5.0,1,1134.0701095154222,2.0
56,22.5294564236225,1.0,1.0,2,3.0,1,1381.9904814872311,5.0
32,22.6487871766406,2.0,1.0,1,1.0,1,1521.4432691588506,5.0
37,20.1079845533268,1.0,2.0,1,3.0,1,2893.1166516656986,2.0
38,30.8222615905135,1.0,1.0,2,4.0,1,2491.846230447185,2.0
10,15.4296260689467,,,1,2.0,1,2013.93199205306,2.0
7,15.6218742203111,,,1,2.0,1,1857.7753523686256,2.0
3,15.7516826993545,,,1,2.0,1,1382.0244342725664,2.0
3,15.6921151864983,,,1,2.0,1,1234.734434272567,2.0
72,25.3037585726411,3.0,2.0,2,2.0,1,1750.571488573702,3.0
55,23.0262191657148,2.0,2.0,1,2.0,1,2344.1230364324847,5.0
49,28.5833891277065,1.0,2.0,2,2.0,1,2185.118193553383,5.0
80,22.5424248435556,3.0,,2,3.0,1,1918.7672649926935,5.0
23,21.1432003618929,1.0,2.0,2,3.0,1,1716.3790099888968,5.0
71,23.8920497558713,3.0,1.0,1,2.0,1,1296.642124556198,2.0
61,22.004668782328,2.0,1.0,2,4.0,1,1028.219531838172,2.0
64,20.116669407093,1.0,1.0,2,2.0,2,984.0594695485923,4.0
38,20.6526978328854,1.0,,2,1.0,2,,4.0
4,15.6151543793321,,,1,1.0,2,1234.5419763533068,4.0
63,25.6069922476705,2.0,2.0,1,2.0,2,4126.981664864022,5.0
60,,,,2,,2,1359.016685823199,5.0
30,21.2924148162182,1.0,1.0,2,3.0,2,1140.631776308988,5.0
72,22.5579419436582,1.0,1.0,1,3.0,2,1653.1491884316033,4.0
65,21.8923398662342,1.0,2.0,2,3.0,2,1117.1050735817846,4.0
36,21.666367820214,1.0,1.0,1,2.0,2,1222.0422429603934,2.0
66,25.3413669970381,1.0,3.0,1,5.0,2,1249.0936372167423,2.0
64,22.8795018657586,3.0,2.0,2,2.0,2,1277.1007841832788,2.0
61,21.131403209552,3.0,1.0,1,2.0,2,3191.5944209862355,4.0
56,20.5536983838188,2.0,2.0,2,1.0,2,3210.9716244216747,4.0
61,21.4101617228067,3.0,3.0,1,3.0,2,,4.0
54,23.9519852881957,3.0,2.0,2,2.0,2,916.77178062316,4.0
22,22.3691460055096,1.0,1.0,1,1.0,2,1039.4849588763168,4.0
38,28.7604158071354,1.0,1.0,1,3.0,2,1818.2043268782568,4.0
35,22.3324150596878,1.0,1.0,2,4.0,2,1854.088203887576,4.0
11,18.4891889151204,,,2,1.0,2,2395.1375551519145,4.0
5,14.4977923816146,,,1,2.0,2,1506.2609785290945,4.0
63,24.5350107835603,3.0,2.0,1,2.0,2,4217.543750714032,4.0
66,30.6496370237469,3.0,2.0,2,3.0,2,2731.879323793546,4.0
64,21.4034447206042,1.0,2.0,2,2.0,2,1836.690364753372,5.0
80,25.6495678396228,3.0,2.0,1,2.0,2,1796.8829997151583,2.0
67,23.5152075268363,3.0,1.0,2,2.0,2,1230.493973814756,2.0
36,26.3184199837787,2.0,1.0,1,2.0,2,1883.994151013214,3.0
36,20.2145590379009,1.0,1.0,2,3.0,2,621.9384789893679,3.0
1,18.9375420276097,,,1,1.0,2,823.8983076419347,3.0
80,23.6643011113911,1.0,3.0,2,9.0,2,1286.152468948006,3.0
80,23.763119717409,2.0,,1,3.0,2,1176.5239777722372,3.0
53,27.7530090237795,3.0,2.0,1,3.0,2,1530.9883352502502,3.0
51,,,,2,,2,1592.984820293886,3.0
80,25.2118379576168,3.0,2.0,2,3.0,2,858.2134486503692,3.0
28,36.6878917520645,2.0,,1,9.0,2,3512.9159405068026,3.0
19,29.4010999274462,3.0,1.0,1,3.0,2,1315.1776832884043,3.0
70,22.6859278950468,3.0,,2,3.0,2,770.6621657668277,2.0
70,22.5012117980456,2.0,1.0,1,2.0,2,1507.6668545017317,4.0
66,23.5392616345818,3.0,2.0,2,3.0,2,1003.574611378908,4.0
71,23.7281050409802,3.0,3.0,2,3.0,2,3178.9682848881785,3.0
40,21.7112642204775,1.0,2.0,2,2.0,2,1946.6828727166635,4.0
4,17.2376999869927,,,2,1.0,2,670.4985995287439,4.0
4,14.8245143410748,,,1,1.0,2,575.7627718450756,4.0
50,23.0277319080973,3.0,1.0,2,3.0,2,,3.0
60,28.2849452696062,3.0,2.0,1,1.0,2,3396.357511224017,4.0
57,,,,2,,2,835.7497834379732,4.0
80,20.7340796048877,3.0,,2,4.0,3,701.8435712849808,1.0
67,25.4141198243168,3.0,1.0,1,3.0,1,1925.906274256968,3.0
62,26.7495276058463,3.0,3.0,2,3.0,1,1383.2479789561487,3.0
43,28.4208773692026,3.0,2.0,1,3.0,1,1589.788133184203,4.0
37,34.2689580487526,3.0,1.0,2,2.0,1,1232.1740722787629,4.0
10,16.9882499583936,,,1,1.0,1,2111.145465315578,4.0
9,20.7048965419501,,,2,2.0,1,1839.19163937721,4.0
72,26.2685879447029,3.0,1.0,2,2.0,1,685.6734091419576,2.0
78,22.7262759607832,3.0,1.0,1,4.0,1,1916.2062007531215,2.0
62,24.7329854000848,1.0,3.0,1,2.0,1,2892.224073923781,5.0
57,23.4172421474716,1.0,1.0,2,3.0,1,,5.0
69,24.8757215507153,3.0,2.0,1,1.0,1,3495.5511408435063,4.0
62,26.6426393020005,2.0,2.0,2,3.0,1,2124.539566107552,4.0
39,28.6697247706422,1.0,1.0,1,3.0,1,2151.908429082096,4.0
77,19.738891025238,2.0,2.0,1,3.0,1,719.9011774309655,1.0
76,30.6505328413868,3.0,2.0,2,2.0,1,1244.6560303716658,1.0
80,22.580117077907,3.0,,2,2.0,1,2022.8105649734368,1.0
62,26.1694443683013,2.0,2.0,2,3.0,1,1169.1938748853777,2.0
59,23.4658504783499,3.0,2.0,1,3.0,1,1740.5193513039562,1.0
80,26.0156017929007,3.0,,2,3.0,3,1964.363956538126,1.0
80,30.5565068331161,2.0,2.0,2,3.0,3,1233.5465446539288,2.0
54,23.1936713670564,3.0,2.0,1,4.0,3,2502.7905028791524,3.0
49,23.1086763627946,2.0,2.0,2,3.0,3,1013.1157509493896,3.0
27,19.5772898129075,1.0,2.0,2,3.0,3,3821.245988784104,3.0
25,25.2273528674409,1.0,2.0,1,2.0,3,2278.381525279635,3.0
60,22.7443534670306,3.0,1.0,1,5.0,3,1383.415088998764,1.0
53,21.7730315818636,1.0,1.0,2,3.0,3,2079.763501232499,3.0
26,,,,2,,3,1532.9994067252762,3.0
77,21.8583945471002,2.0,,1,4.0,1,1166.9435724478,1.0
73,22.9849730234795,2.0,3.0,2,3.0,1,936.2924344149418,1.0
80,24.7933766536636,3.0,2.0,2,1.0,3,790.1144502108872,1.0
71,20.029575294255,3.0,3.0,1,2.0,3,1532.899801448061,1.0
66,24.616543639019,2.0,2.0,2,3.0,3,1429.9467499999996,1.0
63,24.4287531248629,2.0,2.0,2,5.0,3,,2.0
31,22.1352185161103,1.0,1.0,1,1.0,2,3790.3005045999817,5.0
29,22.0665885579484,1.0,1.0,2,1.0,2,2141.131387149918,5.0
40,22.4284276881004,1.0,2.0,1,2.0,2,1603.0499886137204,5.0
38,19.4157872982634,1.0,2.0,2,3.0,2,1453.910079081071,5.0
1,,,,1,,2,1005.1396710051566,5.0
58,24.7988679038404,1.0,2.0,2,3.0,2,,1.0
33,18.1374790428288,1.0,1.0,2,2.0,2,1840.3996964093064,4.0
33,26.0853327581836,2.0,1.0,1,2.0,2,3933.9332379242096,4.0
38,24.3762370460454,1.0,1.0,2,3.0,2,2716.603001073786,5.0
4,18.0315500685871,,,2,2.0,2,1343.8184800526417,5.0
28,28.9898661663724,1.0,,2,3.0,2,,5.0
30,29.1698756323912,1.0,1.0,1,3.0,2,,5.0
33,27.6621058893516,1.0,1.0,1,2.0,2,1983.9038954362263,4.0
30,,,,2,,2,2305.4561375304884,4.0
37,21.9959715949165,1.0,1.0,1,2.0,2,1529.9329670164811,5.0
31,,,,2,,2,2114.589261689334,5.0
1,16.6708846978782,,,2,2.0,2,1036.2878278757291,5.0
38,17.6114769887547,1.0,1.0,2,3.0,2,3559.4566805983736,5.0
38,20.7544618712818,1.0,1.0,1,3.0,2,2290.600818505094,5.0
10,21.2961632991797,,,1,1.0,2,421.4286802374248,5.0
8,15.5758559515407,,,1,1.0,2,2499.292039135441,5.0
35,24.1074079721368,1.0,1.0,1,2.0,2,2316.2156434134768,4.0
35,17.9404520834099,1.0,1.0,2,4.0,2,1222.8444542432446,4.0
2,16.3428107736962,,,1,2.0,2,2042.8513657879969,4.0
35,23.03303725944,1.0,1.0,1,3.0,2,1862.199057410055,5.0
35,23.8751431695127,1.0,,2,3.0,2,2057.9600132578857,5.0
37,17.6442288276116,1.0,1.0,2,3.0,2,1853.0885227965557,4.0
3,15.0566048079822,,,1,1.0,2,1004.7048781199096,4.0
50,23.5912737772488,2.0,3.0,1,3.0,2,1743.4533987229663,2.0
47,19.5064043091981,1.0,2.0,2,4.0,2,1803.5612183437936,2.0
7,17.1931658411663,,,1,3.0,2,1236.2640615141445,2.0
7,15.1240067274823,,,2,3.0,2,896.2046722572716,2.0
53,20.7243254334667,1.0,2.0,2,1.0,2,4940.37531890361,5.0
25,24.9469028953938,1.0,1.0,1,4.0,2,1911.9503987511,5.0
23,28.0893253056669,1.0,1.0,1,2.0,2,3539.289990309645,5.0
42,23.0774967670397,1.0,1.0,1,3.0,2,2427.806656267393,5.0
36,22.8363694221369,1.0,1.0,2,3.0,2,1119.35507908848,5.0
7,19.6433470507545,,,2,1.0,2,1419.136632629887,5.0
5,15.9804757367568,,,1,2.0,2,1625.329571496939,5.0
35,20.1429499675114,1.0,1.0,2,3.0,2,1663.9366167284477,4.0
40,19.8302035108082,1.0,2.0,1,2.0,2,3198.855223143411,4.0
59,26.4932473997647,1.0,3.0,1,3.0,2,2586.6686828933016,5.0
52,20.1406235271939,1.0,2.0,2,2.0,2,986.9167002512652,5.0
41,17.4162913251644,2.0,1.0,2,4.0,2,1178.468737712918,4.0
45,30.0759777318721,3.0,3.0,1,3.0,2,4997.750536184684,4.0
11,16.3188774882741,,,2,4.0,2,1723.5231526101277,4.0
10,15.7018415283947,,,2,2.0,2,1633.223694456577,4.0
8,13.840365493147,,,1,4.0,2,1139.200340926873,4.0
49,26.3296685463913,3.0,3.0,2,3.0,2,2206.7299188652814,5.0
14,20.1344403381487,,,1,3.0,2,1750.7036318926798,5.0
53,21.9122632977558,1.0,2.0,2,2.0,2,1392.78873598919,5.0
54,25.4581473354689,1.0,1.0,1,2.0,2,1375.727967525548,5.0
23,20.1300331906717,1.0,1.0,1,1.0,2,2282.015734558974,5.0
35,24.112365619292,1.0,1.0,1,2.0,2,2124.702797362861,5.0
33,21.1755011987028,1.0,1.0,2,2.0,2,,5.0
5,15.5387389394393,,,2,3.0,2,1809.2163777799371,5.0
70,30.9371754358827,3.0,3.0,2,3.0,3,1124.3106012050182,1.0
57,28.2627407150473,3.0,,2,3.0,3,873.4275628660558,1.0
66,18.372066553726,1.0,,1,4.0,3,1172.5583299767493,1.0
50,26.8374669664223,2.0,1.0,2,3.0,3,1689.472955209872,2.0
30,21.886160636587,1.0,1.0,2,3.0,3,1500.5136885897832,5.0
63,23.5863435451913,2.0,3.0,1,4.0,3,4667.270177963487,5.0
59,24.998873924598,1.0,,2,3.0,3,1988.7233415114829,5.0
32,,,,2,,3,4089.1200252120175,5.0
37,24.2793103251861,1.0,3.0,1,3.0,3,1699.7871958029052,3.0
35,31.1716368967247,2.0,1.0,2,3.0,3,817.095635431385,3.0
5,15.4346513337534,,,1,3.0,3,853.8549081656786,3.0
50,24.8368903445533,1.0,2.0,2,3.0,3,,2.0
63,23.8372090936081,2.0,3.0,1,3.0,1,1215.74655,4.0
27,23.4287720642216,1.0,1.0,1,3.0,1,1804.063616487412,4.0
54,20.1036703199104,2.0,3.0,1,3.0,3,,2.0
50,29.318038593432,1.0,1.0,2,3.0,3,,2.0
26,22.7703161821047,1.0,1.0,2,4.0,3,,2.0
71,25.2201939669355,3.0,,1,9.0,3,1572.865423450878,1.0
79,23.957437230824,3.0,2.0,1,3.0,1,1453.260700841932,1.0
34,16.4156441088357,1.0,1.0,2,3.0,1,2616.186605283863,1.0
39,23.3491314284974,1.0,2.0,2,3.0,1,1623.7931112328258,3.0
9,17.732365881011,,,1,2.0,1,1751.660642023045,3.0
38,27.1921823546289,2.0,2.0,1,3.0,1,3557.655097676304,3.0
57,24.6952947845805,3.0,2.0,1,3.0,1,1893.9955506832744,2.0
55,25.673770847516,2.0,3.0,2,3.0,1,1248.1967303202418,3.0
35,31.3921434620956,1.0,1.0,2,3.0,1,1213.3037514956668,3.0
44,21.5551779094647,1.0,1.0,2,3.0,2,1522.62154369783,3.0
12,18.759303305651,,,1,1.0,2,2052.2108216311617,3.0
9,19.0036106860303,,,1,2.0,2,2012.8963564283072,3.0
55,,,,1,,2,2082.6074331445966,4.0
52,28.5904690378974,1.0,3.0,2,9.0,2,1618.6119929373162,4.0
73,25.8156890804644,1.0,3.0,2,3.0,2,662.2612463528372,2.0
10,18.8810217964737,,,1,2.0,2,1643.4799045830118,2.0
12,,,,2,,2,2028.2817349454217,2.0
35,25.8750841679993,1.0,2.0,1,9.0,2,3371.0726610873585,2.0
31,,,,2,,2,3129.0954698939813,2.0
2,,,,2,,2,1143.300283119616,2.0
53,19.3411231281633,1.0,1.0,2,9.0,2,1152.5979854828554,3.0
27,21.3146722949386,1.0,1.0,1,1.0,2,3356.0209868159764,3.0
42,24.2297433470514,1.0,,2,3.0,2,1427.0322372407672,5.0
47,24.0857383567273,1.0,1.0,1,3.0,2,1245.7960351547836,5.0
3,15.1017813355476,,,2,2.0,2,1101.2833597265233,5.0
52,21.0960379349428,3.0,2.0,2,3.0,2,1459.2811567770218,5.0
47,23.0834885782962,1.0,2.0,1,9.0,2,,1.0
44,24.3225478967097,1.0,3.0,2,3.0,2,1315.7662967392428,1.0
15,22.7942979069404,,,2,2.0,2,1403.364825055536,1.0
11,22.0166688158142,,,1,1.0,2,,1.0
41,26.6169816342827,1.0,3.0,1,9.0,2,1509.5857606539307,3.0
80,29.611285838808,3.0,1.0,2,3.0,2,946.3145786458282,3.0
32,,,,1,,2,2212.9977942822507,4.0
25,23.7003006792129,1.0,2.0,2,2.0,2,2078.922372974796,4.0
3,16.3298320236537,,,1,2.0,2,1011.2345577905912,4.0
61,25.7471179398609,1.0,2.0,2,4.0,2,1204.8669564238353,2.0
48,19.3673409909586,1.0,1.0,2,3.0,2,813.7396607346338,2.0
47,25.6355770129793,2.0,1.0,1,3.0,2,1976.959607555862,2.0
16,24.2467718217931,,,2,3.0,2,2703.883072124275,2.0
22,19.9295981772348,1.0,2.0,1,2.0,2,2635.0824878893836,4.0
20,23.5499427998056,2.0,1.0,2,2.0,2,1104.1265140214812,4.0
23,23.4071510576073,1.0,,2,3.0,2,2817.122080831834,4.0
23,,,,1,,2,5301.263312512423,4.0
23,,,,1,,2,1728.9262664783428,4.0
18,21.0436952728899,,,2,1.0,2,3958.884626680254,4.0
60,25.5545494985314,2.0,3.0,1,4.0,2,2360.762857805178,2.0
59,25.234375,3.0,2.0,2,4.0,2,2234.718198543447,2.0
74,20.9835007967559,3.0,3.0,1,3.0,2,1250.7704775342695,2.0
64,24.0384615384615,3.0,2.0,2,4.0,2,1856.8621743733336,2.0
60,25.1405561966089,2.0,2.0,1,3.0,2,1261.647326620715,3.0
65,21.6432648865081,1.0,2.0,1,3.0,2,2279.509607637005,3.0
59,23.520558989519,1.0,2.0,2,2.0,2,,3.0
47,,,,1,,2,2052.6166103625337,2.0
7,19.6493784086879,,,2,1.0,2,1959.7366539698723,2.0
1,15.0609221238453,,,2,1.0,2,319.13456814814816,2.0
32,26.3641774356788,2.0,,2,9.0,2,1484.0528110583025,2.0
80,25.0556481471124,3.0,2.0,2,9.0,2,1629.6053314093492,2.0
47,22.5458034517755,1.0,2.0,1,3.0,2,2043.5108506754932,2.0
36,30.5678047231909,2.0,1.0,1,3.0,2,,4.0
36,19.5495177785615,1.0,1.0,2,3.0,2,2631.289422229472,4.0
7,21.2549874495941,,,1,3.0,2,1992.2369057443495,4.0
3,16.9676908838599,,,2,1.0,2,1048.0318622016327,4.0
66,23.2270382613958,3.0,1.0,1,3.0,2,1447.31416684552,4.0
67,21.123534911582,1.0,1.0,2,3.0,2,604.7360002247074,4.0
35,27.2508874466636,1.0,2.0,2,3.0,3,2045.883,3.0
61,22.7536435130494,2.0,2.0,2,9.0,3,,2.0
80,20.2681452317441,1.0,2.0,2,3.0,3,496.62603406059367,1.0
75,23.7461057496202,3.0,2.0,2,9.0,3,443.96589230497256,1.0
39,23.4261448719392,3.0,1.0,1,4.0,3,,1.0
40,17.0236309276815,2.0,1.0,2,3.0,3,2443.790141027127,1.0
12,20.4276674646174,,,1,1.0,3,2642.8656748824287,1.0
64,24.3006053267109,3.0,1.0,2,3.0,1,1676.4560666613652,1.0
36,,,,1,,1,1598.868768205932,1.0
23,20.4201454885609,1.0,1.0,2,9.0,3,1302.8724999999995,3.0
39,26.284282714367,1.0,3.0,1,3.0,3,1991.204363762876,4.0
45,24.5258701816315,3.0,2.0,1,3.0,3,2233.803297425696,5.0
24,22.8664896120804,1.0,1.0,2,2.0,1,1508.6830441002048,3.0
43,20.8652665537802,1.0,1.0,1,2.0,3,2104.1889019064465,3.0
37,17.9977057869546,1.0,1.0,2,3.0,3,1405.6773714582885,3.0
57,25.6155802852724,1.0,2.0,1,3.0,3,2606.437239117296,5.0
54,20.2689193635481,3.0,1.0,2,2.0,3,1997.751072717002,5.0
28,23.8694367397785,1.0,1.0,2,2.0,3,2563.5308907715416,5.0
62,30.0378040762656,3.0,1.0,2,5.0,2,2282.401502460866,4.0
41,,,,1,,2,3951.313718619412,4.0
64,26.6931980877964,3.0,3.0,2,3.0,2,3218.6315290636453,3.0
68,24.1108128748231,2.0,2.0,1,3.0,2,,3.0
34,19.8951614265979,2.0,1.0,1,3.0,2,3055.5974726273653,3.0
35,27.295550066075,1.0,,2,2.0,2,1936.5753041446176,3.0
3,17.7555770460096,,,1,1.0,2,1594.6523948470185,3.0
62,22.8049506178878,1.0,2.0,1,4.0,2,1892.2002091598624,5.0
59,24.4940425635177,1.0,2.0,2,3.0,2,1550.7089824304676,5.0
39,23.0137164710131,1.0,1.0,2,3.0,2,2807.384468336369,5.0
11,22.4145484178658,,,1,1.0,2,2602.8675148424413,5.0
31,29.912123710511,2.0,1.0,1,9.0,2,1739.5413959964892,4.0
31,25.5230411256691,1.0,,2,4.0,2,1059.388386574101,4.0
1,17.7709380664136,,,1,3.0,2,1116.3315563327244,4.0
41,19.8930566926895,1.0,1.0,2,3.0,2,1459.0294681771993,4.0
43,25.638963180438,2.0,2.0,1,3.0,2,5932.7328866080525,4.0
11,18.576414277753,,,2,1.0,2,2103.570693330354,4.0
8,19.1353638777658,,,2,2.0,2,1249.007242125521,4.0
59,22.3793336785136,1.0,2.0,1,3.0,2,5393.743710136611,5.0
59,18.9670639497629,1.0,2.0,2,2.0,2,1477.2382695246597,5.0
44,21.5908672120718,1.0,1.0,2,1.0,2,1927.2891920514564,4.0
60,26.97190386595,3.0,1.0,1,3.0,2,2031.8617631070356,5.0
57,21.1879883228942,2.0,2.0,2,3.0,2,1990.4110204551987,5.0
47,28.4247619426187,2.0,2.0,2,3.0,2,1991.0859683392289,5.0
21,24.6519389036598,1.0,1.0,2,3.0,2,1703.0607014882194,5.0
56,25.3880841830307,3.0,1.0,1,1.0,2,,5.0
53,24.9845401092311,2.0,1.0,2,2.0,2,,5.0
29,18.8273002140514,1.0,1.0,2,3.0,2,1049.0912337503066,5.0
4,16.3044494910004,,,2,2.0,2,1052.0400498332067,5.0
2,16.4722744781869,,,1,1.0,2,1514.2838111863937,5.0
63,24.4290657439446,1.0,2.0,1,2.0,2,4101.744917237699,5.0
62,21.0274229945731,3.0,1.0,2,2.0,2,2451.0283312024467,5.0
66,25.6789426849423,3.0,2.0,1,3.0,2,,3.0
66,21.6345270890725,3.0,2.0,1,4.0,2,1946.2775756993187,5.0
61,26.4378478664193,2.0,2.0,2,4.0,2,1255.475795787857,5.0
45,26.1987279204455,1.0,1.0,1,2.0,2,2400.7687617789247,5.0
45,18.9143037424062,1.0,1.0,2,3.0,2,1919.96776167489,5.0
62,24.0229939775426,2.0,2.0,1,3.0,2,1460.1371511574066,5.0
59,28.3129255749913,1.0,2.0,2,3.0,2,921.4882049603176,5.0
70,21.806631880078,1.0,2.0,1,2.0,2,,4.0
69,20.4599445024005,3.0,3.0,2,3.0,2,,4.0
38,18.9382903094225,1.0,1.0,2,2.0,2,,4.0
51,19.0935685795563,1.0,2.0,2,2.0,2,473.5421319769337,5.0
56,,,,1,,2,1482.127093446387,5.0
40,23.9412565169462,3.0,2.0,1,3.0,2,2450.5768549019604,4.0
39,22.5037794094875,1.0,1.0,2,2.0,2,1908.2836531613468,4.0
11,16.3150739002675,,,2,2.0,2,1932.9272999096688,4.0
9,16.5531764393691,,,2,2.0,2,1695.9694395633787,4.0
51,23.8488041067825,2.0,1.0,1,2.0,1,1641.0744610996294,2.0
48,,,,2,,1,2040.1048061953768,2.0
22,27.0902480565988,2.0,1.0,1,3.0,1,804.276912265121,2.0
73,24.4546398891967,2.0,,2,3.0,1,974.972452632878,4.0
25,50.2896324149186,3.0,3.0,2,3.0,1,1371.1448912718026,3.0
24,19.3850011971027,1.0,1.0,1,9.0,1,2521.72850417518,3.0
63,24.3265693603892,2.0,3.0,1,3.0,3,2076.048045047996,5.0
60,24.0554133916767,1.0,2.0,2,3.0,3,1921.6538104781291,5.0
35,23.7781152468599,1.0,,1,3.0,3,,5.0
61,25.3686811874523,1.0,1.0,2,3.0,3,1533.7665164576715,2.0
34,20.6829046753127,1.0,1.0,1,9.0,3,1750.6683109836354,2.0
59,20.4984277474732,1.0,,2,3.0,3,774.5080345386496,4.0
24,,,,2,,3,697.6331336052381,4.0
53,24.9997970795692,3.0,2.0,1,5.0,3,881.7254963316587,3.0
48,23.7202543129461,2.0,1.0,2,2.0,3,,3.0
25,,,,2,,3,2128.892373030839,3.0
47,20.0646162539771,1.0,1.0,2,3.0,3,2028.593129816624,2.0
23,20.6858782927437,1.0,1.0,1,4.0,3,1899.131214285714,2.0
67,21.9047738360574,3.0,3.0,1,3.0,3,3536.2660519989254,4.0
57,42.4897538993454,2.0,3.0,2,9.0,1,1348.466458240001,1.0
66,22.7619444249157,2.0,2.0,1,9.0,1,2305.648828411432,1.0
63,22.5080351552041,2.0,2.0,1,9.0,1,,3.0
60,19.6551342896102,3.0,2.0,1,2.0,1,2239.9017029192955,5.0
58,24.5633140892078,1.0,2.0,2,3.0,1,1748.4480307717113,5.0
63,21.0593702561575,3.0,2.0,2,3.0,1,1292.1532482575935,2.0
63,17.6377291830701,2.0,2.0,2,3.0,1,1237.8994999999995,1.0
80,22.3260747776176,2.0,2.0,1,3.0,1,1309.3273279052537,1.0
53,28.3570863922631,2.0,1.0,2,2.0,1,549.9874501208483,4.0
24,17.0884544187963,1.0,1.0,2,3.0,1,1774.2324850131706,4.0
18,21.0192076553254,,,2,1.0,1,1479.344595149551,4.0
52,,,,1,,1,1787.693939451869,5.0
51,23.281643812209,1.0,2.0,2,4.0,1,1550.4926295578414,5.0
27,24.8290844576114,2.0,1.0,1,3.0,1,679.9947442854386,5.0
21,,,,1,,1,767.4210932187501,5.0
63,23.4763642332264,2.0,2.0,2,3.0,1,1880.8262334174187,3.0
39,26.6428527166116,1.0,2.0,1,3.0,2,,5.0
50,28.0428165931398,2.0,2.0,1,2.0,2,3698.569768734411,5.0
48,26.2910921747588,3.0,1.0,2,4.0,2,1140.9291881254392,5.0
47,23.263503057489,3.0,1.0,2,2.0,2,637.4381841554182,3.0
44,25.3005681067512,2.0,2.0,1,2.0,2,1371.3088909756516,3.0
15,17.4702380597871,,,2,2.0,2,2273.6906946523764,3.0
8,13.824,,,1,1.0,2,1315.4171201855063,3.0
42,,,,1,,2,1872.184372111413,3.0
39,21.9578072288787,1.0,1.0,2,3.0,2,1346.1593976500362,3.0
8,20.5822011288292,,,1,1.0,2,2123.2650219123775,3.0
53,23.4972974962324,1.0,2.0,1,1.0,2,2263.897779968412,5.0
51,21.1778985759304,3.0,2.0,2,3.0,2,1826.520704431411,5.0
25,19.4437077902077,1.0,1.0,1,2.0,2,1928.6703178814023,5.0
21,16.9734019232857,1.0,1.0,2,2.0,2,1229.2739666666669,5.0
46,25.5643244739102,1.0,2.0,1,3.0,2,2787.25240104275,4.0
41,22.2397765126582,2.0,1.0,2,2.0,2,1602.0513067068266,4.0
8,14.6945633939306,,,2,2.0,2,1224.471141960859,4.0
6,16.2799129559398,,,1,2.0,2,1699.0964777724278,4.0
56,25.4228131613904,2.0,2.0,1,3.0,2,2103.7501250790283,4.0
53,19.925031544471,3.0,2.0,2,3.0,2,1605.1946651223532,4.0
25,23.7659386441106,1.0,1.0,1,3.0,2,2152.8532547932236,4.0
31,23.2920202396439,1.0,,1,3.0,2,3683.651285158491,5.0
28,19.8926386302425,2.0,,2,3.0,2,2574.025995222187,5.0
64,22.8412208357341,2.0,2.0,1,3.0,2,1949.6505307963985,4.0
59,23.7914878096681,1.0,2.0,2,2.0,2,2057.681706947365,4.0
32,19.0266299357208,1.0,1.0,2,3.0,2,1309.6160349938948,2.0
4,14.5878530264891,,,1,2.0,2,1149.7443456315482,2.0
19,20.9263392857143,1.0,1.0,1,1.0,2,2591.763758394344,1.0
47,19.3787403818752,2.0,1.0,2,2.0,2,,3.0
34,21.0370961395294,3.0,2.0,2,3.0,2,1290.337532524184,2.0
1,16.7942130881558,,,1,1.0,2,1311.5229107938285,2.0
40,29.3083134819962,1.0,1.0,1,3.0,2,2701.419548396997,3.0
40,21.2060732030557,1.0,1.0,2,3.0,2,2279.450225165939,3.0
6,16.3639837262537,,,1,1.0,2,1444.946678673705,3.0
4,15.7086209209761,,,1,1.0,2,1220.5162344193263,3.0
1,,,,2,1.0,2,1140.3665370012557,3.0
32,24.126141116212,1.0,1.0,2,2.0,2,1308.5963240377532,3.0
34,23.7037037037037,2.0,1.0,1,2.0,2,2405.408608046576,3.0
1,18.4135366105092,,,1,2.0,2,638.2420504086326,3.0
39,19.2675047132965,1.0,2.0,1,3.0,2,3868.578349089728,5.0
38,19.5629552549428,1.0,1.0,2,3.0,2,1588.815345508962,5.0
3,15.8829909953341,,,1,2.0,2,1114.6988304820377,5.0
42,30.1012789078304,2.0,1.0,1,2.0,2,1554.2903741505645,3.0
40,18.2444152893835,1.0,1.0,2,2.0,2,1694.2891200171357,3.0
13,21.7684476644033,,,2,1.0,2,2203.075052781329,3.0
9,21.1556953398537,,,2,2.0,2,1614.1446095522554,3.0
35,23.7714104845865,2.0,1.0,1,3.0,2,1636.4791897681764,5.0
34,27.1085131500427,1.0,1.0,2,2.0,2,1419.6752889307274,5.0
4,14.4565385681726,,,1,1.0,2,1169.5956840163117,5.0
58,26.6912933770945,2.0,1.0,2,2.0,2,2069.604491845922,3.0
30,33.2818353626672,2.0,1.0,2,4.0,2,1491.7954796354668,3.0
29,21.8160677559111,2.0,2.0,1,4.0,2,1513.3124438797383,3.0
32,21.7687074829932,2.0,2.0,2,3.0,2,715.1664602165781,5.0
34,22.5473651017479,,1.0,1,9.0,2,1691.0594264016452,5.0
37,20.5913209641268,2.0,1.0,1,3.0,2,,4.0
35,22.9314855308338,1.0,1.0,2,2.0,2,949.8615716432448,4.0
5,14.5896158971565,,,2,1.0,2,747.6204165853593,4.0
3,13.1611052370847,,,2,1.0,2,867.871192210338,4.0
61,29.3626960293627,3.0,3.0,1,3.0,2,2265.185598359203,4.0
58,30.815320652362,2.0,1.0,2,2.0,2,1281.3498349379306,4.0
32,26.489640614263,2.0,1.0,2,2.0,2,430.5080742718828,4.0
26,25.4761103994176,2.0,1.0,1,2.0,2,1578.3966069840164,4.0
45,23.046875,2.0,2.0,2,2.0,2,2212.3574946638137,4.0
49,21.7738423573813,1.0,2.0,1,3.0,2,2030.2632708417304,4.0
18,26.5563591644379,,,1,2.0,2,3470.373784898,4.0
15,27.891052778374,,,1,3.0,2,2238.9732490489437,4.0
38,20.0796438995632,1.0,1.0,2,9.0,2,,5.0
79,24.5377881938185,2.0,2.0,2,2.0,2,1073.993,2.0
28,30.6935388714963,2.0,,1,9.0,2,1298.2607097687549,
26,27.7774791722655,1.0,1.0,2,3.0,2,1659.955372754702,
69,26.5531703261873,3.0,3.0,1,1.0,2,2737.946598565376,3.0
69,21.9087394587665,1.0,,2,2.0,2,1139.2215931706949,3.0
60,27.612630466376,3.0,3.0,1,3.0,2,,4.0
55,25.9830592060348,2.0,1.0,2,2.0,2,3178.612799920938,4.0
69,24.1230769230769,3.0,1.0,1,3.0,2,601.1511646536395,3.0
65,24.9443480954222,3.0,3.0,2,5.0,2,1516.8791018377242,3.0
56,27.9255209928344,1.0,2.0,1,3.0,2,1924.4235324317656,5.0
55,26.9581001310475,3.0,1.0,2,3.0,2,2065.3924548827067,5.0
28,24.5191214429915,1.0,1.0,2,2.0,2,2591.021099852779,5.0
27,25.512255795902,1.0,1.0,2,2.0,2,4457.16963231344,5.0
40,22.7805760628774,1.0,1.0,2,4.0,2,1803.69225109684,2.0
13,21.9915552427868,,,1,3.0,2,2998.464124800156,2.0
11,14.1836937115652,,,2,3.0,2,1572.5555238447007,2.0
4,14.5354656122295,,,1,3.0,2,1599.704853233035,2.0
64,33.3217514140384,3.0,3.0,1,3.0,2,1864.7577104359425,3.0
66,21.175800701675,3.0,1.0,2,3.0,2,2160.1874485886588,3.0
20,20.9858878321129,1.0,1.0,2,3.0,2,1233.2741784240095,3.0
40,23.8040816326531,1.0,1.0,1,4.0,2,,4.0
35,24.5436834252587,1.0,,2,3.0,2,1009.1398461538464,4.0
40,22.2403293930555,1.0,1.0,1,3.0,2,3710.3501753040414,4.0
4,16.8385402036063,,,1,1.0,2,2390.144379011457,4.0
65,22.9865404582622,2.0,2.0,1,2.0,2,3237.3426024659548,2.0
61,21.9732727308043,1.0,1.0,2,4.0,2,1291.2341384699048,2.0
27,23.2087433665919,1.0,2.0,2,2.0,2,3784.2371846914984,4.0
56,24.4056801550572,2.0,1.0,2,3.0,2,2011.33199999455,4.0
59,25.0062411410181,1.0,2.0,2,3.0,2,1350.603180270024,5.0
58,30.7358799584686,1.0,2.0,1,3.0,2,1376.1688775849966,5.0
56,23.460960960961,3.0,1.0,1,2.0,2,2033.298421946143,4.0
55,23.7942637397853,3.0,2.0,2,2.0,2,1469.2163600189683,4.0
30,25.8289707634611,2.0,2.0,1,2.0,2,1913.398089562447,4.0
25,24.9429147383148,2.0,1.0,1,2.0,2,2436.2289813484063,4.0
61,27.1581600715366,3.0,3.0,1,3.0,2,2257.256101261614,3.0
58,25.7073703123492,2.0,2.0,2,2.0,2,823.9165374035811,3.0
54,23.8528762510801,2.0,2.0,1,2.0,2,1809.34920349716,4.0
51,21.029380892836,3.0,2.0,2,4.0,2,1372.9018677072802,4.0
25,20.6125648788927,3.0,1.0,2,3.0,2,4010.125980129661,4.0
22,20.5366860574217,3.0,2.0,1,3.0,2,2579.896677062515,4.0
38,23.7345679012346,2.0,1.0,1,3.0,2,3608.3784461537207,3.0
33,21.1827830575865,2.0,,2,3.0,2,1365.9906116469665,3.0
6,13.0504932003302,,,2,1.0,2,2435.3752376961284,3.0
5,16.5201424393419,,,2,1.0,2,2703.9207238958707,3.0
57,21.5570934256055,1.0,2.0,1,3.0,2,,
42,26.8643791938523,1.0,2.0,1,2.0,3,1725.780455810247,4.0
42,20.8073396128722,1.0,1.0,2,3.0,3,1381.0853126107809,4.0
12,15.4866057925025,,,2,1.0,3,1785.469679835768,4.0
8,21.5227303315466,,,1,2.0,3,1450.7919458281715,4.0
7,25.7189412956357,,,1,2.0,3,1739.4227490924688,4.0
48,26.1504657004592,3.0,2.0,1,2.0,3,1840.4925997067696,5.0
41,25.6848415459317,1.0,1.0,2,2.0,3,862.4357527030577,5.0
17,27.9028569234735,,,1,3.0,3,2095.552994348752,5.0
12,20.885202076953,,,2,2.0,3,1386.8889313810807,5.0
42,25.2323031913551,1.0,1.0,2,3.0,3,1254.031651279209,4.0
48,27.988373593182,3.0,2.0,1,3.0,3,1547.107195835357,4.0
15,17.3214101983613,,,1,2.0,3,2605.4721372143817,4.0
75,23.29191646893,3.0,3.0,1,4.0,1,1682.2988409623197,3.0
68,23.214388946699,2.0,3.0,2,3.0,1,1029.4758425871942,3.0
58,26.4703189029555,3.0,2.0,1,2.0,3,5191.451221710189,4.0
66,,,,2,,3,2652.527092965406,4.0
77,24.1393075837778,3.0,2.0,1,9.0,1,1134.987,1.0
54,20.0827072828264,1.0,3.0,2,4.0,3,1564.9103928853904,2.0
30,33.5812606874878,1.0,2.0,1,3.0,3,1046.2376304194504,2.0
27,,,,2,,3,816.6144577872107,2.0
79,24.5909218447097,1.0,1.0,1,3.0,3,,1.0
72,28.2508023008855,3.0,2.0,2,3.0,3,,1.0
62,30.8066829668742,3.0,,2,4.0,3,1029.7529858738258,1.0
78,31.9820215105661,3.0,2.0,1,3.0,3,1062.5162593717987,1.0
80,34.8087496538903,3.0,3.0,1,4.0,3,1621.3497049683035,1.0
80,19.3672284164907,3.0,,2,3.0,3,758.1635859314075,1.0
35,23.8363941041688,1.0,1.0,2,4.0,3,796.4818813161337,1.0
11,16.9344734935394,,,1,3.0,3,1708.9558938074515,1.0
5,14.1015782820055,,,1,4.0,3,1540.187568243644,1.0
74,19.7939653946147,3.0,1.0,1,3.0,3,972.0327688154904,1.0
65,33.6896989809653,3.0,3.0,2,3.0,3,914.2514667196962,1.0
62,22.8918053277707,3.0,3.0,1,3.0,3,1651.8835423628857,4.0
79,21.1849445660617,3.0,2.0,1,3.0,3,2747.104481814436,1.0
69,22.1597285991225,2.0,1.0,2,3.0,3,2390.325667810243,1.0
71,28.7319173600447,3.0,2.0,1,2.0,1,2035.5563063973063,1.0
23,22.9946145124717,1.0,1.0,1,3.0,1,4019.2351453641095,3.0
23,28.1211185456113,3.0,1.0,1,3.0,1,,1.0
23,26.1255487354839,1.0,1.0,2,3.0,1,1369.5676666070003,2.0
19,22.7635643927404,2.0,1.0,1,5.0,1,1728.627916645493,1.0
25,33.5510568380056,2.0,1.0,2,3.0,1,2798.594540553137,3.0
80,26.5186581145716,1.0,3.0,1,9.0,1,1721.3149746085146,1.0
80,20.5655397255573,2.0,2.0,2,9.0,1,1959.7592718265744,1.0
26,22.7327142774411,1.0,1.0,1,3.0,1,1568.83263524225,3.0
34,24.9498992626886,1.0,1.0,1,2.0,1,2255.964131454506,4.0
25,22.2647024864353,1.0,1.0,2,3.0,1,3789.800219737898,3.0
33,27.7093229125974,3.0,2.0,1,3.0,1,1858.381042063009,4.0
39,23.1067633665036,3.0,1.0,2,3.0,1,2319.692343478967,4.0
25,26.1627614008566,2.0,2.0,2,2.0,1,2155.00420782636,4.0
32,25.3565997357403,1.0,2.0,2,5.0,1,2736.453237699339,4.0
23,20.9337768022314,1.0,2.0,2,4.0,1,761.0120000000001,2.0
43,20.9681712928639,1.0,1.0,1,1.0,2,3164.8533038254204,3.0
10,23.1692247658689,,,2,1.0,2,2928.097393593562,3.0
65,20.5355149891791,1.0,3.0,2,2.0,2,1267.2493639183208,2.0
70,25.9291657946031,2.0,2.0,1,2.0,2,,2.0
39,,,,1,,2,2088.9707241707188,2.0
53,32.2917312501292,3.0,3.0,2,4.0,2,,5.0
31,28.8923816568047,2.0,3.0,2,3.0,2,895.712672521578,5.0
27,30.3835253228748,3.0,2.0,1,4.0,2,3213.2187271525654,5.0
47,30.8897959183673,3.0,2.0,1,2.0,2,2576.5466950832624,4.0
45,29.0600340093782,3.0,2.0,2,2.0,2,876.8561326086956,4.0
19,22.9114356118522,1.0,1.0,2,1.0,2,1897.8016384688044,4.0
18,28.7366632805453,,,1,2.0,2,1707.6237065793075,4.0
65,24.5659080337235,3.0,3.0,1,4.0,2,888.6189453371569,2.0
59,20.9905546494677,3.0,2.0,2,3.0,2,1076.7317729382655,2.0
4,14.8959838721239,,,1,1.0,2,1010.6548506778818,2.0
67,20.6010570579839,1.0,1.0,2,2.0,2,2926.1103319698536,2.0
38,20.430101629472,3.0,1.0,1,4.0,2,2994.2538908035017,3.0
55,26.3504497128971,3.0,1.0,2,3.0,2,,3.0
54,23.6889238499947,2.0,1.0,1,3.0,2,,3.0
57,22.2708481918036,2.0,1.0,2,3.0,2,2890.313217098837,3.0
22,22.3927006757258,1.0,1.0,2,3.0,2,,3.0
21,24.3188301733005,2.0,1.0,1,3.0,2,1987.9825,3.0
70,24.4294941187582,2.0,3.0,2,3.0,2,1444.2534182534507,2.0
53,21.3629152198558,2.0,1.0,1,9.0,2,1984.107747983681,3.0
51,,,2.0,2,9.0,2,3213.7483467443067,3.0
19,25.8174053070083,2.0,1.0,2,3.0,2,3370.118638697723,3.0
64,25.7272419417518,1.0,2.0,1,3.0,2,1683.1621856651177,2.0
62,30.410961888268,2.0,3.0,2,3.0,2,984.1647551442984,2.0
38,,,,2,,2,2218.596442288618,2.0
8,26.0010242459551,,,1,3.0,2,1145.303418097693,2.0
47,20.4837426932729,1.0,1.0,2,2.0,2,1466.8227279432488,2.0
16,22.2345654005738,,,2,2.0,2,5411.672578829794,2.0
13,22.1465128343592,,,1,2.0,2,4680.498729898515,2.0
57,23.4868375301294,3.0,2.0,1,4.0,2,2632.861042311177,2.0
55,22.4873074995925,1.0,1.0,2,3.0,2,2842.892533972283,2.0
51,28.3536256005976,2.0,1.0,1,9.0,2,2585.2477051027336,3.0
50,23.269010340429,3.0,2.0,2,2.0,2,1771.698430527476,3.0
24,,,,2,,2,3393.7942098113253,3.0
72,24.7946665760017,3.0,2.0,2,4.0,2,1572.9660989708912,1.0
72,28.1795918367347,1.0,3.0,1,3.0,2,1712.8762582330774,1.0
53,25.0477935264682,3.0,2.0,2,2.0,2,2469.269773697827,4.0
34,31.0501217230836,2.0,2.0,1,3.0,2,2632.944854484748,4.0
61,,,,1,,2,2982.8011378283136,4.0
80,24.1035538853316,3.0,3.0,2,9.0,2,1657.3329003830702,4.0
56,24.1935383299225,1.0,1.0,2,2.0,2,1764.018203653669,4.0
77,,3.0,2.0,1,3.0,2,540.3300012906644,5.0
43,27.4464032736074,2.0,1.0,2,1.0,2,1444.2749896589853,5.0
16,21.9961950037543,,,2,2.0,2,941.025,5.0
14,21.4037584999926,,,2,2.0,2,2567.7890826948187,5.0
51,23.3910221741482,2.0,2.0,1,3.0,2,2179.5898117225665,4.0
50,17.6630902364159,1.0,2.0,2,3.0,2,1890.439130561909,4.0
23,21.1900705743347,2.0,1.0,1,2.0,2,2351.368072113162,4.0
54,28.5449225718975,3.0,1.0,2,4.0,2,1243.6017635574062,2.0
13,36.7642446637831,,,2,3.0,2,1727.2549486573896,2.0
80,24.3602965789877,2.0,,1,2.0,2,2028.173980256252,2.0
76,25.7839697376717,2.0,1.0,2,3.0,2,1830.9005672482872,2.0
35,26.7036235803137,3.0,2.0,2,3.0,2,984.9651009545214,4.0
37,17.7174523946134,1.0,1.0,2,2.0,2,1053.2498332731616,2.0
38,,,,1,,2,1574.790494370037,2.0
5,15.6763490279567,,,2,2.0,2,1496.6574948392451,2.0
2,16.4780497831122,,,1,1.0,2,1248.8999182342675,2.0
59,22.5243593179003,2.0,2.0,1,3.0,2,2878.113462423314,5.0
54,25.1291100414815,1.0,1.0,2,4.0,2,1775.054700544093,5.0
54,21.4201383032552,1.0,2.0,2,1.0,2,1290.345001526041,5.0
29,19.6123357466881,3.0,1.0,2,3.0,2,1560.2991590614877,5.0
67,,,,1,,2,1344.646015433156,4.0
64,24.0334635722286,2.0,3.0,2,3.0,2,1582.0903477449192,4.0
2,17.5006875223769,,,2,1.0,2,1642.773475177417,4.0
43,19.792631091659,1.0,2.0,1,3.0,2,3248.7524384530448,5.0
40,35.0432240749819,2.0,3.0,2,3.0,2,1601.03043951582,5.0
7,21.359306249733,,,1,2.0,2,1926.9612391991543,5.0
41,29.0774574584936,3.0,2.0,1,4.0,2,1735.0873897695622,5.0
40,26.3101632806308,1.0,2.0,2,3.0,2,2514.437165817268,5.0
9,23.4573705320348,,,1,2.0,2,3113.0001513829884,5.0
3,14.6703969956633,,,2,3.0,2,1298.049262048185,5.0
39,19.0741010982875,1.0,1.0,2,2.0,2,,4.0
44,22.9395410385545,2.0,2.0,1,9.0,2,,4.0
7,15.8784673868042,,,2,1.0,2,,4.0
64,25.6034389461153,1.0,2.0,2,3.0,2,,4.0
38,20.5325987144169,1.0,1.0,2,3.0,2,1310.3878260869565,3.0
44,25.011830365087,2.0,2.0,1,3.0,2,3220.0509464221286,3.0
9,17.2796432279576,,,2,2.0,2,2031.988073434913,3.0
7,14.9342794307572,,,1,2.0,2,2465.144844352472,3.0
59,23.7362721415563,,2.0,2,2.0,2,,
43,21.4469816694735,1.0,1.0,1,3.0,2,2062.5231962666476,5.0
38,22.7143006907477,1.0,,2,3.0,2,1465.358615953713,5.0
6,13.7743839339693,,,2,2.0,2,1019.1410154500264,5.0
30,32.4330890266713,3.0,2.0,1,3.0,2,,3.0
43,24.8577391587942,1.0,1.0,1,2.0,2,4480.469528680543,4.0
42,19.0572836490914,1.0,2.0,2,3.0,2,862.6417068772213,4.0
14,17.6901220540492,,,2,4.0,2,2429.6489550841256,4.0
7,14.928191570803,,,2,3.0,2,1753.9659643483333,4.0
42,22.5679386860081,2.0,2.0,1,2.0,2,1886.851328708646,4.0
44,20.4620294526328,1.0,1.0,2,2.0,2,2643.810668526118,4.0
11,18.2180528048709,,,2,2.0,2,1310.801205721859,4.0
45,20.9854973580568,1.0,1.0,2,3.0,2,2140.152046772099,4.0
50,25.8486424214273,1.0,1.0,1,2.0,2,1500.9706214726434,4.0
20,19.6761155667447,1.0,1.0,2,2.0,2,1052.4683316051853,4.0
19,18.5090580568698,1.0,1.0,2,3.0,2,293.144,4.0
49,27.4518284596463,3.0,3.0,1,4.0,2,2297.1104942831325,4.0
46,24.8047337278106,2.0,2.0,2,2.0,2,1956.0448981431832,4.0
48,31.5115016981198,3.0,3.0,2,3.0,2,1090.2328824415504,4.0
25,26.7504930966469,3.0,2.0,2,2.0,2,,4.0
58,23.4527839539558,3.0,1.0,2,3.0,2,2285.282433207744,5.0
28,29.3984195118006,2.0,2.0,1,5.0,2,1835.511051996799,5.0
52,23.4413291943997,2.0,2.0,2,2.0,2,967.8669771231174,4.0
26,20.5399442940441,1.0,2.0,2,3.0,2,974.2880440832022,4.0
43,22.555919368459,1.0,1.0,1,3.0,2,2111.4610474976644,4.0
45,20.6107373697401,1.0,1.0,2,2.0,2,1206.3277062401676,4.0
12,18.0973638173373,,,2,2.0,2,3188.423152305188,4.0
53,16.717858890076,1.0,1.0,1,3.0,2,2046.804876432896,4.0
50,20.2905608311014,2.0,2.0,2,3.0,2,1035.731370804035,4.0
23,16.2127997675311,1.0,1.0,2,4.0,2,1239.1552804089488,4.0
43,21.1613702576049,1.0,1.0,2,2.0,2,2517.7119000000184,5.0
43,30.2582971629174,3.0,3.0,1,4.0,2,1017.613298510707,5.0
9,19.8461817548469,,,2,2.0,2,,5.0
7,19.5742572524214,,,2,2.0,2,2093.108428379388,5.0
40,22.2147560463053,1.0,1.0,1,4.0,2,,4.0
39,19.2158239540797,1.0,1.0,2,2.0,2,1334.5453562283635,4.0
10,17.1609766605564,,,2,2.0,2,2662.9517674859967,4.0
6,15.2460860776873,,,2,2.0,2,1439.1694535615109,4.0
4,15.5051395343513,,,1,3.0,2,1420.111453561511,4.0
65,22.1333333333333,2.0,2.0,2,2.0,2,1088.9447395926636,4.0
57,26.8922588147854,2.0,1.0,1,2.0,2,2909.6255765952737,5.0
55,19.4668372182284,1.0,2.0,2,3.0,2,1991.381604054821,5.0
28,27.5545252077625,1.0,,2,4.0,2,621.2454331192862,5.0
24,26.2634746576972,2.0,1.0,1,2.0,2,3002.2605360116195,5.0
42,24.040000952212,1.0,2.0,1,4.0,2,2734.0175116657174,4.0
42,22.7262759607832,1.0,1.0,2,2.0,2,824.6820924507338,4.0
9,22.6592886442314,,,1,1.0,2,2458.326531499947,4.0
7,13.3682543206137,,,1,3.0,2,2007.4102722148305,4.0
56,21.7079233920381,2.0,2.0,1,3.0,2,2171.685386913754,3.0
51,19.888231426693,1.0,1.0,2,2.0,2,1869.1942331791192,3.0
23,18.6868934418194,1.0,1.0,2,2.0,2,,3.0
18,20.335320326822,,,1,1.0,2,2321.526519437178,3.0
39,25.523166371238,3.0,1.0,1,3.0,2,,4.0
39,28.9898830777848,3.0,1.0,2,3.0,2,,4.0
12,19.9963476990504,,,1,2.0,2,,4.0
9,23.1287874005807,,,2,1.0,2,,4.0
53,23.2465645571059,1.0,1.0,1,2.0,2,3374.5854900718023,5.0
51,21.2201673682617,1.0,2.0,2,2.0,2,2057.7948619085414,5.0
25,20.3237470556154,1.0,1.0,2,3.0,2,1939.469595576879,5.0
24,18.9838133857312,1.0,1.0,2,3.0,2,1380.2422286467615,5.0
58,,,,1,,2,2529.200327137856,3.0
54,21.2580759143127,1.0,1.0,2,3.0,2,1274.8599906453292,3.0
49,,,,1,9.0,2,2246.2008615285185,4.0
44,20.8562204250391,1.0,2.0,2,3.0,2,1568.0834804101198,4.0
17,25.764386665817,,,1,2.0,2,1974.9246353006056,4.0
12,21.0786928240457,,,2,1.0,2,1147.8643288344642,4.0
45,,,,1,,2,2231.602959882589,3.0
40,24.3893480257117,1.0,1.0,2,3.0,2,1834.8161015969492,3.0
15,22.9218131430363,,,1,2.0,2,,3.0
13,20.1516498344521,,,2,1.0,2,2227.1497923577463,3.0
5,17.1141338890034,,,1,2.0,2,1677.3887779668355,3.0
66,21.2788390572132,2.0,3.0,1,2.0,2,,3.0
63,21.8189898208797,3.0,1.0,2,3.0,2,,3.0
46,22.8783798039831,1.0,2.0,1,2.0,2,2816.067398901879,4.0
48,26.9528316834411,1.0,1.0,2,3.0,2,1530.8764830088812,4.0
17,22.5579844213389,,,1,1.0,2,3370.325200634262,4.0
15,17.6302098093828,,,1,2.0,2,3297.7561628766825,4.0
40,29.3607026143791,1.0,2.0,2,3.0,2,,2.0
45,26.5535618662292,3.0,3.0,1,3.0,2,3491.5939331224085,5.0
31,21.8991671624033,1.0,1.0,2,2.0,2,1808.477159732684,5.0
9,15.3997961109186,,,1,3.0,2,956.3719514657088,5.0
7,16.0302080364776,,,2,2.0,2,1108.9871290525257,5.0
42,30.4280564228117,3.0,2.0,1,9.0,2,3579.0425660377364,3.0
39,20.7185452626342,1.0,1.0,2,2.0,2,986.5330935624283,3.0
6,17.7890395023324,,,2,1.0,2,1228.838613439909,3.0
4,16.9131756961989,,,2,1.0,2,1261.4208129614058,3.0
2,20.1649326651046,,,1,1.0,2,1213.3406281870332,3.0
77,19.3847569764754,3.0,2.0,2,4.0,2,857.9729312478926,3.0
55,20.2479136767988,1.0,1.0,2,3.0,2,1956.846241842176,5.0
25,23.8747475946681,1.0,1.0,1,2.0,2,,5.0
71,24.0852071005917,3.0,1.0,1,4.0,2,2812.5949195429457,2.0
65,22.5536950051992,3.0,2.0,2,4.0,2,2135.522805800901,2.0
35,27.7602854039306,1.0,1.0,1,3.0,2,1696.3517227612465,4.0
35,19.1657501670098,1.0,1.0,2,2.0,2,1414.1662140477872,4.0
5,14.8574355766897,,,1,1.0,2,1047.5307305972212,4.0
62,20.9067120330359,3.0,2.0,1,9.0,2,2321.548420764654,5.0
58,23.346474499241,2.0,2.0,2,3.0,2,,5.0
33,22.106816025221,1.0,1.0,1,4.0,2,,5.0
80,21.4822346857594,3.0,,2,3.0,2,901.295755065556,5.0
52,20.3013414006767,1.0,1.0,1,2.0,2,2546.080455414518,4.0
48,19.2965919091735,1.0,1.0,2,1.0,2,1231.9793639084437,4.0
24,21.3226042691381,1.0,1.0,1,2.0,2,2178.770818880214,4.0
19,23.6734200243682,1.0,1.0,2,1.0,2,904.1321447410744,4.0
50,22.9925342619831,1.0,3.0,1,4.0,2,2472.937273338181,5.0
45,21.2382024841057,2.0,1.0,2,2.0,2,2337.0776624407627,5.0
17,19.7779068079547,,,2,2.0,2,2243.7206203861106,5.0
15,25.3843130404402,,,1,2.0,2,1977.982679268592,5.0
35,18.9792310114201,1.0,1.0,2,4.0,2,910.0710518033386,3.0
63,22.0438709037307,3.0,1.0,2,3.0,2,1303.2342717821314,3.0
16,23.154415367622,,,1,3.0,2,1004.5995584760848,3.0
14,35.0885452220104,,,1,4.0,2,1382.080841734052,3.0
75,23.9056253153649,3.0,3.0,2,2.0,2,1477.4508551761496,3.0
68,23.7094296677259,1.0,,1,2.0,2,,2.0
60,22.1827861579414,2.0,1.0,2,3.0,2,,2.0
40,18.8118559330681,2.0,1.0,2,4.0,2,1857.4389861220436,5.0
10,14.4910779666243,,,1,2.0,2,2274.7593951944814,5.0
7,15.6641498248924,,,2,1.0,2,1871.8212541631735,5.0
48,20.6720430026639,2.0,2.0,1,3.0,2,1462.1888307965305,5.0
41,23.6333482649152,2.0,2.0,2,2.0,2,2693.967976617197,5.0
18,18.9232085851738,,,1,2.0,2,1219.9458516153647,5.0
80,25.0225860746021,3.0,3.0,1,2.0,2,1834.3378992804987,5.0
76,24.3548393805275,2.0,1.0,2,3.0,2,1339.7512577027012,5.0
49,23.160600083677,3.0,1.0,1,2.0,2,2966.5679281874764,5.0
41,28.7630591096182,2.0,1.0,1,3.0,2,1382.0302264349202,4.0
40,27.6057182364576,1.0,1.0,2,3.0,2,1334.3716610904405,4.0
11,23.9354295441475,,,1,2.0,2,2595.9081594537006,4.0
9,19.7269341413486,,,1,1.0,2,1461.6234722631789,4.0
64,22.814555686528,3.0,1.0,2,3.0,2,1437.6424993331968,4.0
46,19.0292001133985,1.0,1.0,1,4.0,2,1661.8622334764148,5.0
41,21.5466351829988,1.0,1.0,2,2.0,2,1318.4532502383593,5.0
13,22.0403697179327,,,2,2.0,2,2269.367868558079,5.0
10,16.9579044695742,,,2,2.0,2,2130.8420806700065,5.0
45,23.7228173231389,1.0,1.0,1,3.0,2,2061.7175354895794,5.0
44,26.2035049670104,2.0,2.0,2,2.0,2,1857.910672979427,5.0
13,18.0683233330783,,,2,1.0,2,1183.7002461468142,5.0
12,20.3329624677194,,,1,1.0,2,1965.1683175242072,5.0
45,23.1086387201886,3.0,2.0,1,2.0,2,,5.0
45,19.8494616825992,1.0,1.0,2,4.0,2,1481.276251381987,5.0
17,19.2862968105975,,,1,2.0,2,2270.1542385732455,5.0
46,23.7112525428274,2.0,2.0,2,1.0,2,1836.931314148555,3.0
50,21.5569680953488,2.0,2.0,1,3.0,2,5208.815042676895,3.0
18,21.8949737760279,,,1,4.0,2,4509.507748478164,3.0
16,19.5387106209075,,,2,3.0,2,1518.1509735191196,3.0
65,25.8700377639454,3.0,2.0,1,4.0,2,1125.853695128037,1.0
64,24.5843246596541,3.0,2.0,2,3.0,2,1339.5916917402535,1.0
48,26.3285435015092,3.0,2.0,1,2.0,2,1779.3228402808095,4.0
40,22.2610826562406,2.0,2.0,2,2.0,2,1888.828879467963,4.0
8,14.16015625,,,2,2.0,2,2090.1151105188005,4.0
6,14.4911320601069,,,2,2.0,2,1105.1368651727776,4.0
50,25.2243681810554,2.0,1.0,1,3.0,2,2377.001956918643,5.0
20,18.712343284125,1.0,1.0,2,3.0,2,1433.327035806047,5.0
18,25.8592373615217,,,1,4.0,2,1962.5256703108316,5.0
35,24.4485813931568,1.0,2.0,1,3.0,2,2342.682918914218,3.0
34,20.8711083677327,1.0,,2,2.0,2,1053.778104215291,3.0
3,17.0379503983043,,,1,1.0,2,1017.026316894146,3.0
67,27.3468187481266,2.0,2.0,1,9.0,1,3141.8932716333557,3.0
64,23.6254860361737,1.0,2.0,2,3.0,1,2685.252311147342,3.0
63,24.1361915641252,2.0,2.0,1,2.0,1,1911.2901140829697,2.0
63,23.5617530966876,1.0,2.0,2,3.0,1,1108.789766898698,2.0
14,21.9981909519189,,,1,2.0,1,1924.6269486323156,4.0
13,27.1747121807111,,,2,2.0,1,1574.337081014554,4.0
69,22.8023382761432,3.0,2.0,2,2.0,1,1366.2295844554462,4.0
66,28.7793670061593,3.0,2.0,1,3.0,1,1669.8066107897937,3.0
60,25.1435352999235,3.0,2.0,2,2.0,1,2864.1708093797183,3.0
66,27.61908318597,3.0,2.0,2,3.0,1,1393.4147292183595,2.0
65,29.2033256372211,3.0,2.0,1,3.0,1,2617.076384060149,1.0
65,25.2997883466588,3.0,2.0,2,4.0,1,2799.0306884759616,1.0
70,25.856485626639,3.0,2.0,2,4.0,1,2389.7611897407064,3.0
45,26.5346133044889,2.0,2.0,1,3.0,1,2463.907229512908,3.0
45,16.8630418333153,2.0,2.0,2,2.0,1,2278.92891111414,3.0
15,18.5935888907781,,,1,2.0,1,3442.9441378161864,3.0
7,14.1534156085598,,,1,1.0,1,1884.8074664773192,3.0
76,20.3361948380715,1.0,2.0,2,3.0,1,951.1335006625766,2.0
60,22.462311878138,3.0,2.0,1,3.0,1,3018.194306553085,5.0
56,27.7970039198487,1.0,2.0,2,4.0,1,2937.256350758871,5.0
30,26.0638069016819,1.0,1.0,1,2.0,1,3346.5880402154503,5.0
56,25.2504757009261,3.0,2.0,1,5.0,1,2107.907967157478,4.0
46,23.1747487937144,2.0,2.0,2,2.0,1,1952.8479457796543,4.0
20,22.8961218786301,1.0,1.0,1,3.0,1,5545.80199289623,4.0
20,19.841806381828,1.0,1.0,1,4.0,1,2683.446566942932,4.0
74,24.7250740347387,3.0,,2,5.0,1,1066.571112698183,1.0
63,26.5637505275645,3.0,3.0,1,9.0,1,1381.0800598818576,4.0
61,25.6037364987341,3.0,3.0,2,3.0,1,767.4494273664045,4.0
79,26.2349288377555,3.0,2.0,2,1.0,1,1334.8802163591258,4.0
48,28.756199166832,3.0,3.0,1,2.0,1,3022.083129875236,4.0
45,31.7245545885538,1.0,2.0,2,3.0,1,1513.8812119209265,4.0
29,29.8463488232901,2.0,1.0,1,2.0,1,1321.2642039961609,3.0
30,24.4051719747916,1.0,1.0,2,2.0,1,2265.1847529082956,3.0
3,16.0552689572505,,,2,2.0,1,1413.3030241527342,3.0
1,18.0290117783103,,,2,2.0,1,1062.5019060742093,3.0
54,39.0223941517559,3.0,2.0,2,3.0,1,1667.7019054376103,4.0
76,27.7746163966077,2.0,2.0,1,2.0,1,1157.277504860369,2.0
72,26.3101632806308,3.0,,2,5.0,1,713.3799437822342,2.0
52,27.2355207361351,1.0,1.0,1,3.0,1,958.236053091777,5.0
53,21.2807443094926,3.0,1.0,2,5.0,1,886.865479189162,5.0
26,26.1307044788214,1.0,1.0,1,2.0,1,,5.0
21,24.4256329482236,1.0,1.0,1,2.0,1,968.186191913489,5.0
80,19.7414977869915,3.0,1.0,2,5.0,1,890.4651185130134,1.0
60,25.8383392340864,3.0,2.0,1,2.0,1,3089.299496734877,5.0
58,21.9808857386033,3.0,2.0,2,3.0,1,1375.026266388571,5.0
30,26.5075130253215,2.0,1.0,1,2.0,1,3373.53991892586,5.0
62,25.456921062075,1.0,2.0,1,3.0,1,2374.5211301153145,5.0
56,26.1416879486819,3.0,2.0,2,4.0,1,1196.9899869874112,5.0
55,22.5693324933904,1.0,1.0,1,3.0,1,1336.63675,1.0
59,24.6856624862914,3.0,2.0,1,1.0,1,3506.031598495415,3.0
50,23.3287155916874,3.0,2.0,2,3.0,1,1272.5624235832688,3.0
43,23.4818836005555,2.0,2.0,1,4.0,1,2812.2841342318666,5.0
43,21.099559719724,2.0,2.0,2,3.0,1,2823.614034881202,5.0
14,25.7100399071318,,,2,3.0,1,2053.4720445763396,5.0
13,26.6682880985831,,,1,3.0,1,1589.6828608154651,5.0
6,20.9898874541804,,,1,2.0,1,2118.276817017342,5.0
55,26.3485350806206,2.0,2.0,1,1.0,1,3175.7193956952815,5.0
48,19.6093191313185,2.0,2.0,2,3.0,1,2252.158964314941,5.0
55,24.0955004591368,2.0,2.0,1,3.0,2,,2.0
56,27.6647573709173,1.0,2.0,2,3.0,2,,2.0
24,31.8308173037903,1.0,1.0,1,3.0,2,,2.0
49,25.2323031913551,2.0,1.0,2,2.0,2,1632.3149647153043,5.0
21,19.6720760419325,2.0,1.0,2,4.0,2,1429.3530080446417,5.0
19,31.462479828759,2.0,1.0,1,3.0,2,1482.521695785601,5.0
46,28.8921122108667,2.0,2.0,1,3.0,2,2847.882113100886,4.0
46,21.0748884067384,3.0,2.0,2,4.0,2,1257.7320250797245,4.0
13,22.2550772566521,,,1,2.0,2,1622.9499928155396,4.0
6,16.0611550014888,,,2,2.0,2,1453.71915088396,4.0
62,26.2357169239428,3.0,2.0,1,3.0,2,1608.4665156614108,3.0
61,,,,2,,2,1328.9263388605775,3.0
58,29.4571187892036,3.0,,2,5.0,2,1494.852608466333,1.0
53,22.6355482296763,1.0,1.0,2,2.0,2,1932.1616271780256,2.0
28,,,,1,,2,2630.505078077491,2.0
37,24.1677774767206,1.0,1.0,1,2.0,2,3337.838541854423,3.0
35,17.4839302112029,1.0,1.0,2,3.0,2,1736.2730193713053,3.0
3,15.2830948481838,,,2,1.0,2,1083.5593557471211,3.0
58,28.9566341022165,3.0,3.0,1,4.0,2,1820.4843391142945,5.0
44,23.069127931208,1.0,1.0,1,3.0,2,1794.18286400864,4.0
43,23.4875994746195,2.0,1.0,2,3.0,2,2300.332437365907,4.0
17,29.2054472958224,,,1,2.0,2,2648.9663384299956,4.0
13,22.2628961801641,,,1,2.0,2,1578.3159234251405,4.0
59,20.1093867715064,1.0,,2,3.0,2,,3.0
42,27.5216496772305,3.0,2.0,1,3.0,2,1739.9677201937905,3.0
38,26.4513005417835,1.0,1.0,2,2.0,2,1330.6361955463385,3.0
11,17.1691438831808,,,1,3.0,2,2761.7950728734295,3.0
3,16.4297448478993,,,2,2.0,2,1255.348379834532,3.0
34,20.1409795461225,2.0,1.0,2,3.0,2,870.7813694696733,5.0
37,20.8564796116325,1.0,1.0,1,2.0,2,1965.9389285419152,5.0
7,13.6552231228445,,,2,3.0,2,1548.210107466443,5.0
66,25.7055408511148,2.0,2.0,2,3.0,2,1175.43714031375,2.0
70,24.8832802290756,3.0,3.0,1,4.0,2,1358.190807497984,2.0
42,21.7134131752862,2.0,1.0,2,1.0,2,2109.8418053519526,3.0
17,24.5909077766527,,,1,2.0,2,2497.4442980544086,3.0
30,,,,1,,2,1780.2064224339097,5.0
57,19.0642780633052,1.0,2.0,2,3.0,2,1876.6482651371975,5.0
33,,,,1,,2,3399.859916836249,5.0
29,18.4328151576283,1.0,1.0,2,2.0,2,1472.5797188645286,5.0
52,,,,1,,2,3294.1991453681294,4.0
50,22.7923397810607,3.0,2.0,2,2.0,2,1354.777920800943,4.0
24,19.4521598443827,2.0,1.0,1,3.0,2,,4.0
22,22.2947862413194,1.0,1.0,2,4.0,2,1018.8940116410542,4.0
55,26.484375,3.0,2.0,2,2.0,3,1409.9143413331135,4.0
48,26.5327581293423,3.0,2.0,1,2.0,3,1790.5036509787394,3.0
45,29.7333333333333,2.0,2.0,2,3.0,3,687.2919625775686,3.0
18,32.1858133849918,,,1,1.0,3,1233.1489973077669,3.0
12,26.2603931730494,,,1,2.0,3,959.5260713201098,3.0
44,26.4245311560541,1.0,3.0,2,4.0,3,2567.252736441799,2.0
18,35.0127796645776,,,2,2.0,3,2474.0852339111384,2.0
60,21.5120467461779,2.0,2.0,2,2.0,3,1733.8873124785675,2.0
74,23.8539841071806,1.0,2.0,2,3.0,3,1026.629856311221,1.0
63,27.422955207345,3.0,,1,3.0,3,,2.0
41,22.7248096797189,1.0,1.0,2,1.0,3,1776.8045814403872,2.0
16,21.3856092670973,,,2,2.0,3,1954.7688742005969,2.0
47,24.7193860689229,1.0,1.0,1,3.0,3,3867.750605937046,5.0
19,22.4074074074074,1.0,1.0,1,1.0,3,5436.306107523073,5.0
42,21.6012683313516,1.0,2.0,1,3.0,3,,2.0
37,20.3552232693033,1.0,,2,2.0,3,944.39460729217,2.0
4,14.87866244623,,,2,3.0,3,842.5123624165573,2.0
29,32.2630419840368,3.0,2.0,2,4.0,1,2847.551483074353,3.0
38,27.2856905893291,2.0,1.0,1,2.0,1,2861.2041791197425,5.0
36,21.1815731861341,2.0,1.0,1,2.0,1,,5.0
37,18.8963929988544,3.0,,1,3.0,1,,5.0
20,26.6297803739713,1.0,1.0,2,2.0,1,2045.0994658248164,4.0
28,29.8745334751152,2.0,1.0,1,2.0,1,2107.7640095472343,5.0
31,22.2965162627551,2.0,1.0,1,2.0,1,,4.0
42,25.5448333644392,3.0,2.0,1,2.0,1,1386.8917283730786,4.0
39,19.6366949609622,1.0,2.0,1,3.0,1,2755.967417473624,3.0
24,20.9253824889591,2.0,1.0,1,2.0,1,2328.9986050965977,4.0
65,25.9767982200474,3.0,3.0,1,3.0,1,1959.2346589750252,2.0
66,21.0104458993377,3.0,2.0,2,2.0,1,2630.0123380440127,2.0
80,27.1374865475868,3.0,2.0,1,3.0,1,424.5958257701966,1.0
67,23.3742327708931,1.0,2.0,1,2.0,1,2559.97638094155,1.0
67,21.7487697519886,3.0,1.0,2,3.0,1,,1.0
75,26.2970096189608,2.0,,2,3.0,3,1291.935214521895,2.0
52,23.0945809642389,2.0,2.0,2,3.0,3,2487.485998924369,3.0
19,32.312925170068,2.0,1.0,1,1.0,3,1100.9974448558812,3.0
56,,,,1,,3,1966.5639618666755,3.0
51,30.4450541076055,3.0,3.0,1,3.0,3,,3.0
47,22.6556745937665,1.0,2.0,2,3.0,3,,3.0
16,22.0838318983277,,,2,3.0,3,,3.0
34,18.4735906525735,1.0,1.0,2,4.0,3,1064.150789309061,1.0
9,21.5344037481618,,,2,2.0,3,2255.374681836748,1.0
6,17.0389650062972,,,1,3.0,3,980.9591164357332,1.0
4,15.6842300365023,,,2,1.0,3,1021.0693743863042,1.0
2,16.0194190014133,,,2,2.0,3,898.7890749302087,1.0
79,,3.0,2.0,1,4.0,1,,1.0
76,18.5482036041449,3.0,3.0,2,4.0,1,1210.923506274956,1.0
70,22.3487994936909,3.0,3.0,1,2.0,1,2907.0078340482596,2.0
65,25.1742858791904,2.0,1.0,2,3.0,1,1216.4136212273468,2.0
65,26.3534738471948,3.0,3.0,1,5.0,1,1330.20991733877,2.0
66,23.8270332584213,3.0,2.0,2,3.0,1,1840.927299998043,2.0
61,27.2343388513286,3.0,3.0,1,3.0,1,2211.104814697477,5.0
59,24.5458906571789,2.0,3.0,2,3.0,1,2409.3857048803734,5.0
54,26.6731773219737,2.0,2.0,1,3.0,1,2059.2899181628136,2.0
52,28.1128020700846,2.0,2.0,2,3.0,1,3963.406531730685,2.0
24,23.4299364462974,1.0,1.0,2,3.0,1,1529.7180011891778,2.0
67,27.1726617144427,3.0,3.0,1,4.0,1,,5.0
64,26.5397437160409,3.0,2.0,2,3.0,1,,5.0
75,18.655489809336,3.0,2.0,2,4.0,1,1697.1767856148638,1.0
80,23.0173712444325,3.0,2.0,2,5.0,1,842.070020160407,1.0
63,25.639985394945,3.0,3.0,2,2.0,1,1840.8306844887952,1.0
67,23.4247874626918,3.0,3.0,1,3.0,1,1360.5539174663566,2.0
62,22.9710157268287,1.0,2.0,2,4.0,1,983.9132803428964,2.0
72,27.4556548555012,3.0,3.0,2,3.0,1,1475.596799470031,2.0
64,25.0130204764124,3.0,1.0,2,4.0,1,762.6957350349851,2.0
74,23.3412710208897,3.0,,1,5.0,1,953.207662344004,2.0
36,24.0657093545833,2.0,3.0,1,3.0,1,2391.209946405224,2.0
36,24.4379189325631,1.0,,2,2.0,1,3258.1693308011836,2.0
8,16.2059815820797,,,1,1.0,1,1935.1398720192424,2.0
5,17.1337725191568,,,1,1.0,1,1167.0741890684703,2.0
40,24.1430566190712,2.0,1.0,2,3.0,1,1872.4279146475712,2.0
15,19.3270543748468,,,1,2.0,1,2130.263223055455,2.0
7,20.2853349706497,,,2,1.0,1,1599.2990753977354,2.0
67,27.4648922284904,1.0,2.0,1,3.0,1,764.3975002439499,1.0
63,27.3449809180351,2.0,2.0,1,2.0,1,2277.173681129963,5.0
63,26.8107869665213,3.0,3.0,2,4.0,1,1740.1593176225797,5.0
34,20.3025979949729,1.0,1.0,2,3.0,1,1476.1348813140066,5.0
1,,,,1,,1,1193.5920862986036,5.0
79,26.6440443648475,3.0,2.0,2,3.0,1,,1.0
51,26.9382057735188,3.0,2.0,1,3.0,1,1702.4514483374255,3.0
52,25.936345360346,2.0,2.0,2,2.0,1,1534.4511294561562,3.0
26,25.0701151602052,1.0,2.0,1,3.0,1,1780.1676816902884,3.0
56,24.9294882948376,2.0,1.0,2,3.0,2,3047.3829605862315,5.0
51,22.5541262828338,2.0,2.0,1,2.0,2,,5.0
49,20.4966117991804,3.0,1.0,2,3.0,2,,5.0
22,23.0146873158825,1.0,2.0,1,3.0,2,1695.6567454138712,5.0
20,18.689719506657,3.0,1.0,2,1.0,2,2414.6322971669647,5.0
15,21.2657860357091,,,2,2.0,2,3190.143302668472,5.0
66,21.2548871924652,1.0,1.0,1,2.0,2,1821.8814920382165,3.0
63,26.861893653488,2.0,2.0,2,3.0,2,1353.4474637652183,3.0
28,25.0340430520611,2.0,1.0,1,4.0,2,,3.0
63,27.6250831553517,2.0,2.0,1,2.0,2,2256.9013952163223,3.0
62,20.9491068361853,1.0,1.0,2,3.0,2,1450.4148697707103,3.0
57,27.9718576472205,3.0,2.0,2,2.0,2,1854.528357013988,5.0
27,22.149517763952,2.0,1.0,2,2.0,2,,5.0
26,21.4475403748967,1.0,1.0,2,3.0,2,1398.327,5.0
24,19.6550026374801,2.0,,1,9.0,2,1326.1678881085404,5.0
36,32.3503127247714,2.0,2.0,1,2.0,2,1626.0275241785405,3.0
56,21.4174381669679,2.0,1.0,1,2.0,2,2722.558072852132,4.0
55,24.034609838167,,1.0,2,3.0,2,,4.0
27,20.2704565974069,2.0,2.0,2,2.0,2,,4.0
18,28.8005308696123,,,1,3.0,2,509.783083123633,4.0
78,28.5441668767478,1.0,1.0,1,4.0,2,1687.4971598159125,4.0
53,28.0230913842827,2.0,2.0,2,3.0,2,1545.222422014335,4.0
15,,,,2,,2,1588.3066330172828,4.0
80,19.66562199553,3.0,1.0,1,3.0,2,,1.0
59,21.1759263797667,3.0,1.0,2,1.0,2,2041.630074957119,2.0
50,29.8540454213009,3.0,1.0,2,2.0,2,1338.3838876027928,3.0
51,25.0062411410181,1.0,1.0,2,3.0,2,2372.02962758824,4.0
25,,,,2,,2,839.0707791570419,4.0
61,25.4523578138738,1.0,3.0,1,2.0,2,2270.628730531621,2.0
60,24.9837546484955,2.0,2.0,2,2.0,2,1832.278166280652,2.0
26,25.9532383361474,2.0,1.0,1,3.0,2,2597.9998885568325,2.0
71,17.722159162747,3.0,1.0,1,3.0,2,1590.5794066362996,2.0
67,24.6232539548024,2.0,2.0,2,2.0,2,974.3986247168666,2.0
41,20.6297153635117,2.0,1.0,1,3.0,2,904.1686831206216,2.0
44,21.7738330062964,1.0,2.0,1,2.0,2,4175.287769232025,4.0
41,23.2337598922573,1.0,1.0,2,2.0,2,1346.0288670538812,4.0
10,15.7929161321658,,,2,2.0,2,2127.4456328336432,4.0
8,21.8006959612654,,,1,2.0,2,1793.8036589184849,4.0
54,25.2493372048984,3.0,3.0,1,2.0,2,,5.0
50,21.9647230162597,1.0,1.0,2,3.0,2,,5.0
24,20.2499504066653,3.0,1.0,1,4.0,2,,5.0
22,27.413001690345,2.0,1.0,2,5.0,2,2859.0919848159515,5.0
62,23.0219997973551,3.0,2.0,1,2.0,2,2027.7191088996271,4.0
59,22.5472940954847,1.0,1.0,2,3.0,2,2513.268068452594,4.0
60,22.3609459637997,3.0,2.0,1,2.0,2,3197.100377327095,5.0
31,28.0931011163387,2.0,2.0,1,3.0,1,2758.688868976086,4.0
58,22.3300427254857,3.0,2.0,1,2.0,1,2867.543770469951,5.0
51,,,,2,,1,1052.888065505539,5.0
19,,,,2,,1,2611.8225164324563,5.0
61,25.4673699322743,1.0,2.0,1,4.0,1,2085.767909219732,2.0
59,19.7285353535354,3.0,1.0,2,3.0,1,1561.9106998098428,2.0
29,28.734672057202,3.0,2.0,1,4.0,1,1204.576657020887,2.0
37,23.5675954168383,1.0,1.0,1,2.0,1,3844.02537943211,5.0
38,28.0260152598793,3.0,1.0,1,4.0,1,,4.0
36,20.6925527817653,1.0,1.0,2,2.0,1,2314.036194718638,2.0
59,23.9545700549342,3.0,3.0,1,4.0,1,763.3445492006765,2.0
25,21.2898246734552,1.0,2.0,1,2.0,1,934.609482019828,4.0
31,23.0587206111682,1.0,1.0,1,3.0,1,,5.0
50,28.2987083356868,2.0,2.0,1,3.0,1,1824.910264285714,4.0
50,31.759339959332,2.0,2.0,2,4.0,1,1393.6358814899831,4.0
20,25.9871844829958,2.0,1.0,1,2.0,1,736.1418501806561,4.0
12,,,,1,,1,2020.3923203202696,4.0
35,23.7053719754905,1.0,1.0,1,2.0,1,,5.0
53,,,,2,,1,821.5593020997162,3.0
24,18.1002771478962,1.0,2.0,2,2.0,1,1319.669759850219,3.0
32,19.166850987261,1.0,2.0,2,1.0,1,,4.0
50,21.8240985737952,1.0,1.0,2,3.0,1,1353.430138413484,5.0
20,,,,2,,1,1558.7200146377372,5.0
58,,,,1,,1,1898.5481516660768,4.0
54,,,,2,,1,1306.9367692239598,4.0
27,29.0636141865266,2.0,1.0,1,2.0,1,,4.0
24,,,,2,,1,1951.827854674556,4.0
44,22.712611500257,1.0,1.0,1,3.0,1,2771.225499896644,4.0
41,17.9850821918256,1.0,1.0,2,4.0,1,2597.037092232651,4.0
1,,,,1,2.0,1,784.5651428424,4.0
46,20.5569188789951,1.0,1.0,1,3.0,3,2856.3256699240387,2.0
44,30.0530406313129,1.0,2.0,2,2.0,3,1192.437921180766,2.0
18,17.8957890548422,,,2,4.0,3,1750.6587924575074,2.0
9,23.3010304364549,,,2,3.0,3,1319.3160042222148,2.0
77,23.9109503169805,2.0,2.0,2,3.0,3,1218.299217378213,2.0
70,29.5142372606627,1.0,3.0,2,5.0,3,218.2435716045228,1.0
69,,,,1,,3,905.7880312227676,3.0
61,32.4905482041588,3.0,2.0,2,3.0,3,1418.1145882981143,3.0
37,24.7143584007379,1.0,3.0,1,3.0,3,1452.8930356377823,3.0
53,18.8803371162138,2.0,1.0,1,4.0,3,1897.909718797835,5.0
49,26.987041401013,2.0,2.0,2,3.0,3,901.632952081571,5.0
26,21.8624406981296,1.0,1.0,2,3.0,3,1042.0151003183987,5.0
23,24.2359230322569,1.0,1.0,1,1.0,3,2290.296924343171,5.0
57,17.5575465150755,2.0,2.0,2,2.0,3,579.7911405723827,2.0
35,26.7184510522959,1.0,1.0,1,3.0,3,1752.8902404096434,2.0
57,27.4189125981839,3.0,3.0,1,3.0,3,1437.0646165125377,4.0
51,19.7611334314169,3.0,1.0,2,3.0,3,1266.9791015844069,4.0
24,18.8494953476018,1.0,1.0,1,2.0,3,2120.563902546777,4.0
22,26.1171979428398,1.0,2.0,1,2.0,3,1782.8701254994562,4.0
20,24.248998415328,1.0,1.0,2,3.0,3,1112.5475075714285,4.0
52,27.6551558602841,2.0,2.0,2,1.0,3,2167.8291957923707,3.0
27,21.6296951307096,2.0,1.0,1,1.0,3,3954.716428798989,3.0
25,32.0777579350768,2.0,1.0,2,3.0,3,1457.5850290253638,3.0
79,25.7858046719699,2.0,2.0,1,9.0,3,2223.0476406502835,1.0
73,26.1392233120764,3.0,3.0,2,9.0,3,992.5985183246077,1.0
80,22.6166291098992,2.0,1.0,1,4.0,3,1760.59027767263,2.0
54,30.2657227864984,3.0,3.0,1,3.0,3,755.8578323989669,2.0
56,,,,2,,3,2185.4281400322006,4.0
24,25.300313482342,1.0,1.0,1,1.0,3,2696.9323455299927,4.0
77,24.5311526339467,3.0,,2,4.0,3,881.9623419494391,1.0
80,20.5152666567836,3.0,2.0,1,3.0,1,1646.003506692465,2.0
77,20.478156419838,3.0,1.0,2,3.0,1,793.3177638647811,2.0
44,26.7248239772609,3.0,1.0,1,3.0,1,4035.238813668486,4.0
36,20.9571711629325,1.0,1.0,2,1.0,1,1373.371,4.0
9,19.6148259553567,,,1,1.0,1,1945.7693876931503,4.0
9,16.9757789809602,,,2,1.0,1,1892.4013876906504,4.0
72,22.7057764713003,3.0,3.0,1,3.0,1,1237.0326968454854,2.0
72,22.0105262635643,2.0,2.0,2,3.0,1,817.2289509366844,2.0
59,25.8911190379424,3.0,2.0,2,4.0,1,2060.886405894781,3.0
63,22.6872427463953,2.0,2.0,1,3.0,1,1646.1442382803382,3.0
30,24.2250497697521,1.0,1.0,1,3.0,1,,3.0
30,18.9546337613147,2.0,1.0,2,3.0,1,1578.795876099288,3.0
2,,,,1,,1,1271.5423160693106,3.0
41,26.4668367346939,1.0,1.0,1,3.0,3,958.7454125938698,3.0
50,19.9475498905962,2.0,1.0,2,3.0,3,959.2168526451552,3.0
39,26.185350742759,1.0,2.0,2,1.0,1,2657.2959384765923,3.0
43,21.9404027152792,2.0,2.0,1,3.0,1,1695.1004016009665,3.0
5,14.8284695392092,,,1,1.0,1,1525.961445809677,3.0
58,26.919672359638,3.0,2.0,1,2.0,1,1113.4559921981993,4.0
56,25.4361984696031,2.0,2.0,2,1.0,1,1230.4510085631548,4.0
29,22.9833196174813,2.0,1.0,1,3.0,1,1462.391795328408,4.0
54,23.7228553056125,1.0,2.0,2,2.0,2,1050.7958148578246,5.0
57,,,,1,,2,3099.7548153700905,5.0
60,26.1960945248111,3.0,1.0,1,2.0,2,2114.3731886326023,2.0
61,24.9114211590998,3.0,2.0,2,3.0,2,1441.722561107621,2.0
42,22.6284966561477,1.0,2.0,1,3.0,2,2293.4788067573545,4.0
38,19.7019273946912,1.0,1.0,2,4.0,2,2464.9456644820852,4.0
5,15.9516368415453,,,2,1.0,2,790.3377175733972,4.0
45,25.0361836114599,1.0,1.0,2,2.0,2,1978.761908621832,3.0
8,17.9093084364587,,,1,1.0,2,1737.7740452641835,3.0
57,22.5089668873524,3.0,2.0,2,5.0,2,789.3702113839414,3.0
62,18.1377881877837,1.0,1.0,1,2.0,2,1224.0814267980145,3.0
42,19.6544378698225,1.0,1.0,2,3.0,2,1701.2211995929367,4.0
8,15.2651272342392,,,2,3.0,2,1709.3949402811304,4.0
49,24.6642561983471,1.0,2.0,1,3.0,2,1986.8633637661767,4.0
52,21.2103358303173,1.0,2.0,2,4.0,2,864.4007234278087,4.0
14,23.4642333387649,,,2,3.0,2,1645.0494456185636,4.0
52,25.1112620627097,3.0,3.0,1,3.0,2,1380.7343388820425,3.0
51,27.2912070619609,1.0,2.0,2,3.0,2,1084.3253943921584,3.0
17,26.0768411895332,,,1,4.0,2,1418.341297648747,3.0
48,22.3282582124717,2.0,2.0,1,3.0,2,2184.7522556780177,2.0
32,19.4741267470347,1.0,2.0,2,4.0,2,1866.4833831983128,2.0
5,13.3286053333084,,,2,2.0,2,1314.2314628087274,2.0
80,26.2117732562469,3.0,3.0,2,4.0,2,1068.1962423249113,2.0
80,24.6068589034439,1.0,1.0,1,2.0,2,1944.1628414037484,2.0
56,23.8690822222016,3.0,2.0,1,2.0,2,1767.4921283493402,4.0
51,20.0390625,2.0,1.0,2,3.0,2,1072.129250865839,4.0
26,15.4432308180942,1.0,1.0,2,4.0,2,1423.256502915136,4.0
23,,,,2,,2,2926.7680880214416,4.0
19,18.9439464380984,1.0,1.0,2,3.0,2,3681.825410494233,4.0
36,28.3088558498627,3.0,2.0,1,9.0,2,3806.8475166400694,4.0
34,30.3011192382627,2.0,2.0,2,2.0,2,2864.758266477434,4.0
5,19.644120199777,,,1,1.0,2,2496.325992994484,4.0
1,19.5178844427188,,,1,2.0,2,836.6425919533834,4.0
52,24.1618739737817,2.0,2.0,2,3.0,2,605.539286270068,3.0
51,25.3319548727849,1.0,3.0,1,3.0,2,1383.1822053185583,3.0
43,26.1553293995256,1.0,2.0,1,3.0,2,2152.031758244148,3.0
38,23.9152000824551,,1.0,2,2.0,2,1172.7302761513558,3.0
39,23.9775989756061,2.0,1.0,1,2.0,2,,3.0
41,22.0281105827114,1.0,1.0,2,3.0,2,1104.3075148385226,3.0
10,20.3758493179197,,,1,2.0,2,1141.3916438219576,3.0
56,23.2073289505722,3.0,2.0,1,2.0,2,2564.677679013196,4.0
56,22.3325945194796,1.0,2.0,2,4.0,2,2084.4159525798023,4.0
34,22.796126166327,1.0,1.0,2,3.0,2,,4.0
58,18.2417924485674,1.0,2.0,2,3.0,2,1676.6881676318494,4.0
80,23.8276670985237,3.0,3.0,2,2.0,2,1247.890102920443,4.0
30,24.3301651111793,1.0,1.0,2,2.0,2,1647.2753846400003,4.0
57,,,,1,,2,2535.220877330424,5.0
49,,1.0,1.0,2,4.0,2,1374.253230996774,5.0
21,18.6008266042612,1.0,1.0,2,3.0,2,1545.682272202999,5.0
50,28.4734693877551,3.0,2.0,1,3.0,2,2475.8826845809363,3.0
49,20.4748962605256,3.0,2.0,2,3.0,2,1894.2474850769663,3.0
68,25.1748639650624,3.0,3.0,1,3.0,2,2205.9282806467727,3.0
36,26.6330644586663,1.0,2.0,1,3.0,1,2003.870049346408,4.0
33,20.1362490120065,1.0,1.0,2,9.0,1,1114.8870587626377,4.0
8,18.1895852189382,,,1,3.0,1,2387.1053098397547,4.0
7,13.5895978027509,,,2,2.0,1,1682.083614252567,4.0
49,24.4246893619404,2.0,2.0,1,2.0,1,2521.090968946756,5.0
59,27.1120485146186,1.0,3.0,1,2.0,1,1177.0558501055546,3.0
49,23.4107418419963,1.0,2.0,2,3.0,1,1597.5092813300123,3.0
26,22.1246893068429,2.0,2.0,1,3.0,1,,5.0
74,24.2275186378283,3.0,1.0,1,3.0,1,1188.1537073559132,1.0
71,19.5205264964861,2.0,3.0,2,4.0,1,761.2373546499186,1.0
38,24.5118818775605,2.0,1.0,1,3.0,1,1669.2460414687475,3.0
77,18.2615047479912,3.0,2.0,2,9.0,1,827.627325177033,3.0
56,22.4277210884354,3.0,1.0,1,3.0,1,1387.76988963401,5.0
52,24.3080124869927,1.0,2.0,2,3.0,1,1810.916651780566,5.0
29,20.7551093121641,1.0,1.0,2,2.0,1,4030.3833208443098,5.0
70,20.9883311144177,1.0,2.0,1,9.0,1,1871.619830583,1.0
67,26.9885177849115,3.0,3.0,2,3.0,1,1322.7680868600714,1.0
75,25.3085478914875,2.0,1.0,2,9.0,1,1435.1982684384675,1.0
73,11.4434221733938,1.0,,1,9.0,1,798.9893827842787,1.0
53,23.8133802273744,,1.0,1,9.0,1,2394.4887111346247,3.0
51,29.0259533379081,,2.0,2,9.0,1,1275.694606873181,3.0
38,34.0525201567497,3.0,1.0,2,3.0,1,1421.9690136456304,3.0
13,23.5466764026077,,,1,2.0,1,2204.776442648448,3.0
80,29.6730078175285,3.0,3.0,2,3.0,1,1208.411497243585,3.0
69,19.9649458450844,3.0,3.0,2,9.0,1,1283.7604537203088,1.0
58,22.9960040178182,3.0,2.0,1,2.0,1,2234.865499927714,3.0
80,22.4656703264996,1.0,2.0,2,9.0,1,2475.873679050459,3.0
80,26.361267879005,1.0,1.0,2,9.0,1,980.8363085752868,1.0
78,22.5448368058475,3.0,,2,9.0,1,1721.1507550916206,1.0
80,21.1680905908053,2.0,2.0,1,9.0,1,2556.213762799576,1.0
52,26.421966706168,2.0,3.0,1,2.0,1,,4.0
42,21.9205948372615,2.0,2.0,1,3.0,1,1087.2707048716193,1.0
80,20.2222222222222,2.0,2.0,2,9.0,1,1146.6035392450472,1.0
16,,,,2,,1,1153.713898602803,1.0
40,23.1388231817555,1.0,1.0,1,3.0,2,1555.0158928805706,5.0
38,22.8284946743331,1.0,1.0,2,1.0,2,360.38394736845333,5.0
7,15.9064787014449,,,2,1.0,2,1739.742331455166,5.0
3,14.4321180394008,,,1,1.0,2,1040.3849774708383,5.0
58,,,,1,,2,3314.189796618509,5.0
58,24.5686961416811,1.0,2.0,2,3.0,2,1376.3003684818689,5.0
26,20.0446954059264,1.0,1.0,2,9.0,2,1058.2415826345612,5.0
42,24.4989778409044,3.0,1.0,1,2.0,2,1711.9167783597711,2.0
40,20.3106637890518,1.0,1.0,2,2.0,2,846.7465049679538,2.0
10,20.6678440008724,,,1,2.0,2,1952.5120992904317,2.0
7,13.5994351577069,,,1,2.0,2,1243.7658696145354,2.0
44,31.1751537841706,3.0,1.0,1,3.0,2,,5.0
39,21.3039485766759,1.0,1.0,2,2.0,2,2061.6023484873176,5.0
5,16.1549935255454,,,2,1.0,2,1820.8243961438357,5.0
66,25.8122965225522,3.0,2.0,1,3.0,2,2154.7640820576653,2.0
62,,1.0,2.0,2,5.0,2,579.4905067665296,2.0
39,24.3446202157333,2.0,1.0,2,2.0,2,2457.402412246715,2.0
45,21.1017404377885,1.0,1.0,1,3.0,2,2233.1396852041194,2.0
45,20.3202529511204,3.0,2.0,2,3.0,2,1790.134949118484,2.0
13,15.0006078799951,,,1,2.0,2,2833.0159472883024,2.0
12,15.2169898430286,,,1,3.0,2,2726.4233115304255,2.0
46,26.3417870486335,1.0,1.0,2,3.0,2,1473.3865997885096,5.0
52,30.3337886994473,3.0,2.0,1,3.0,2,776.4298442901536,5.0
9,14.6071047999904,,,2,3.0,2,1248.932753756456,5.0
72,28.6107836956224,2.0,2.0,2,2.0,2,1567.0964707016794,5.0
60,28.5944640100339,3.0,2.0,1,2.0,2,1740.3126075421387,4.0
55,22.1370376497819,3.0,2.0,2,3.0,2,1288.3182931237302,4.0
45,27.0155751900332,1.0,2.0,1,2.0,2,1352.2522704668463,5.0
41,22.192439803007,2.0,2.0,2,3.0,2,1177.9099417485954,5.0
17,17.5970273013044,,,2,1.0,2,1065.9974765497552,5.0
15,14.1752518393532,,,2,1.0,2,876.9787011993147,5.0
9,20.3373193732296,,,1,1.0,2,1835.4497144071056,5.0
11,16.1319288983929,,,2,3.0,2,2502.280098275792,5.0
5,13.9051074340915,,,1,2.0,2,1882.650640799907,5.0
68,24.3680357479853,3.0,2.0,2,2.0,2,,5.0
77,26.3321799307958,3.0,2.0,1,4.0,2,895.5549336390513,2.0
73,,,,2,,2,1413.313590095479,2.0
62,27.8052305060253,3.0,2.0,1,2.0,2,3401.5019846165997,4.0
59,22.4987432790257,1.0,1.0,2,3.0,2,931.35152900393,4.0
50,,3.0,2.0,1,2.0,2,,5.0
50,22.484439340393,1.0,1.0,2,2.0,2,1472.1705183428485,5.0
23,18.4635778310819,1.0,1.0,1,2.0,2,1769.330678132951,5.0
59,28.776131506921,3.0,2.0,1,3.0,2,2197.891346059771,5.0
51,19.6964730373974,1.0,2.0,2,2.0,2,1954.0134747843408,5.0
27,,,,1,,2,2293.488583036731,5.0
50,20.9370375025928,1.0,1.0,2,3.0,2,1195.2220727932292,5.0
79,25.1211621091812,3.0,2.0,2,4.0,2,1136.8470324117077,5.0
20,24.712403448027,2.0,1.0,1,4.0,2,2856.4280846308507,5.0
44,28.042855114653,3.0,2.0,2,3.0,2,1460.3456692947882,4.0
15,20.3548647739098,,,2,3.0,2,1882.7480952998471,4.0
13,23.5736154364111,,,1,3.0,2,2611.92191250964,4.0
70,23.7392477652218,3.0,3.0,2,2.0,2,1247.7357395456263,4.0
53,,,,1,,2,1147.9816222076895,5.0
49,19.0129601784972,1.0,1.0,2,1.0,2,1438.1538198041185,5.0
22,22.8115179617111,1.0,1.0,1,1.0,2,,5.0
49,22.7153468237085,3.0,1.0,1,3.0,2,3502.5800321523493,4.0
48,22.720129819459,2.0,2.0,2,3.0,2,2400.1595942266085,4.0
23,,,,1,,2,1402.0134712670715,4.0
79,22.8844551188874,3.0,3.0,1,3.0,2,1567.715934965136,2.0
77,25.9858687888991,3.0,2.0,2,5.0,2,832.2980890973988,2.0
79,21.8401529919347,2.0,,1,3.0,2,1535.3430217892185,3.0
75,25.7784531430999,3.0,1.0,2,2.0,2,2088.198612791531,3.0
49,30.9105233798573,,2.0,1,9.0,2,2027.2861703626052,3.0
39,16.7676073779183,1.0,1.0,2,9.0,2,,3.0
14,29.9361545468653,,,1,4.0,2,2934.677310931721,3.0
12,28.3059950645957,,,1,4.0,2,1520.811322220054,3.0
57,22.2851468601909,1.0,2.0,1,3.0,2,,3.0
54,20.5429359913912,1.0,1.0,2,3.0,2,,3.0
55,25.4127069676882,3.0,1.0,1,3.0,2,2892.3416595581857,4.0
48,19.0192765962208,3.0,2.0,2,3.0,2,2288.9129109577675,4.0
12,16.9145547669778,,,1,3.0,2,2848.7018524934856,4.0
75,24.4072738738393,3.0,3.0,1,9.0,2,,3.0
40,21.743709868818,2.0,1.0,2,2.0,2,1084.894144305436,1.0
19,17.9074918648823,1.0,,2,2.0,2,2540.922571126289,1.0
18,20.5796215689055,,,2,2.0,2,931.38066193868,1.0
45,17.3192028856825,1.0,1.0,2,4.0,2,1102.529,4.0
65,20.6014404283883,1.0,1.0,1,2.0,2,1846.130262220899,5.0
62,28.2724651929004,3.0,2.0,2,2.0,2,1191.281434763659,5.0
41,22.762025011262,1.0,1.0,2,2.0,2,886.7674168810987,4.0
12,21.4620532424013,,,2,3.0,2,2029.9097069777815,4.0
9,20.3290173265778,,,1,2.0,2,1920.1665294571585,4.0
35,22.4081789853296,1.0,1.0,1,2.0,2,1578.312272718427,4.0
35,19.6575579230344,1.0,1.0,2,3.0,2,1764.6125572695846,4.0
5,15.4625633327078,,,1,3.0,2,1971.099661696998,4.0
3,15.6143509734937,,,1,2.0,2,1600.2021566732492,4.0
50,24.6335046374972,2.0,1.0,1,3.0,2,3409.497372933293,4.0
45,28.1241277960367,1.0,1.0,2,9.0,2,2476.893198530346,4.0
19,27.6790396830022,2.0,1.0,1,2.0,2,2738.794719783785,4.0
16,17.0875832737401,,,2,1.0,2,954.6236593974749,4.0
45,32.9827549699091,2.0,2.0,1,3.0,2,2736.3995392156194,4.0
42,20.5886456841952,1.0,1.0,2,3.0,2,1134.294835198703,4.0
12,17.7325850182456,,,1,3.0,2,2110.435882055458,4.0
8,14.520202020202,,,2,2.0,2,1672.4980170389458,4.0
45,25.0703633690401,1.0,2.0,1,3.0,2,981.5419683200896,5.0
29,19.8986466757364,,,1,4.0,2,3375.9479822415237,5.0
43,21.9253664435687,1.0,2.0,1,3.0,2,2907.784440810011,3.0
40,21.1228643789349,3.0,1.0,2,3.0,2,1304.073832329655,3.0
10,,,,2,,2,2142.0700242404746,3.0
7,15.7339608382347,,,2,2.0,2,1000.0798928952296,3.0
4,16.2081891580161,,,2,3.0,2,1145.6623408226562,3.0
41,23.2794917928218,1.0,2.0,1,3.0,2,1770.6034531427938,3.0
38,27.0806934527845,1.0,3.0,2,5.0,2,1904.082887389614,3.0
11,18.9447682430156,,,1,2.0,2,2616.309046302276,3.0
9,14.7117670597651,,,2,1.0,2,1213.35787654944,3.0
73,21.9380872923833,3.0,1.0,2,3.0,2,1324.1317437296211,1.0
42,21.2645067902685,1.0,2.0,2,3.0,2,822.391226923077,5.0
46,20.7165699413019,2.0,2.0,1,2.0,2,2191.3203279437766,5.0
12,19.8412396745733,,,1,2.0,2,1965.6009670627857,5.0
6,15.1458264873109,,,1,3.0,2,1513.185644832957,5.0
39,24.3347755765552,3.0,1.0,1,3.0,2,,4.0
37,20.8418038752088,1.0,1.0,2,2.0,2,,4.0
9,16.3217588023625,,,1,2.0,2,,4.0
5,16.207643637546,,,1,2.0,2,,4.0
46,19.7059166163617,1.0,2.0,2,3.0,2,1665.3489089407756,4.0
51,22.3146397815585,1.0,1.0,1,2.0,2,,4.0
19,17.8015554246128,1.0,1.0,2,2.0,2,2664.994958876687,4.0
17,19.0311418685121,,,1,1.0,2,2708.559076688074,4.0
36,26.5408852029412,2.0,2.0,1,2.0,2,4066.1587109268503,5.0
35,23.7620326480348,1.0,2.0,2,3.0,2,,5.0
5,15.6506802410519,,,1,2.0,2,1218.9946734808484,5.0
43,20.0436286634843,1.0,1.0,2,3.0,2,1082.23232641433,3.0
11,18.2932406475807,,,2,2.0,2,1666.9589472022726,3.0
8,15.8376895605818,,,2,2.0,2,1413.623108786879,3.0
6,14.4920268415013,,,1,2.0,2,1344.496521080209,3.0
53,25.478213641657,3.0,3.0,1,3.0,2,2598.096602879268,5.0
49,33.9226226157369,3.0,2.0,2,3.0,2,1379.8797382204932,5.0
20,25.0024862197955,2.0,2.0,1,2.0,2,1990.7868397075663,5.0
49,21.6948281722616,1.0,1.0,2,3.0,2,1475.8681188534142,3.0
24,23.34245888157,1.0,1.0,2,4.0,2,1567.1959088173537,3.0
57,25.319750148721,3.0,2.0,1,1.0,2,2211.4964445900623,5.0
57,28.4460217688261,1.0,2.0,2,3.0,2,1866.0757239843035,5.0
25,30.6672851175057,2.0,1.0,1,2.0,2,2367.7889526218164,5.0
24,24.6952947845805,1.0,1.0,1,1.0,2,6221.219993403443,5.0
68,21.3646097762436,2.0,3.0,2,3.0,1,1053.8831288905722,3.0
58,20.2526202633701,1.0,1.0,2,4.0,1,1206.030065287127,3.0
18,19.5752793309814,,,2,2.0,1,,3.0
69,29.0634435829831,3.0,2.0,1,4.0,1,2011.375963542086,3.0
66,23.6767141263926,3.0,3.0,2,2.0,1,,3.0
47,22.2166348050856,2.0,3.0,1,2.0,1,1826.8297426085076,5.0
45,18.8041962378886,1.0,1.0,2,3.0,1,1783.1897799853343,5.0
19,21.9426102516275,1.0,2.0,1,1.0,1,2324.9648493096806,5.0
59,24.6375602360798,1.0,2.0,2,3.0,1,1621.165779296936,3.0
26,32.107207071557,2.0,1.0,1,3.0,1,904.1813833888172,3.0
80,29.5298710305254,3.0,,2,3.0,1,1218.1500973119466,2.0
54,23.5248989954492,1.0,2.0,2,3.0,1,924.393495326228,2.0
80,29.1435334906449,3.0,2.0,1,3.0,1,1154.050603976116,2.0
80,26.594673682515,3.0,2.0,2,2.0,1,992.255596,2.0
47,33.669511783468,2.0,2.0,2,5.0,1,1891.1345016638456,4.0
16,24.414624820921,,,2,3.0,1,1657.082999268937,4.0
14,21.5592561829677,,,2,3.0,1,1462.8384763097254,4.0
47,29.2626420138115,1.0,2.0,1,2.0,1,2999.063563290117,4.0
43,30.2663327220146,1.0,2.0,2,2.0,1,1911.9796216326456,4.0
15,35.902403292419,,,2,2.0,1,1458.6450727545175,4.0
67,23.1442078788687,2.0,2.0,1,3.0,1,2458.6255622106637,3.0
62,22.6096677376966,3.0,2.0,2,4.0,1,2064.9946604006645,3.0
45,23.8669780650367,2.0,2.0,1,1.0,1,,4.0
73,20.3319461980469,2.0,,2,2.0,1,1771.055762216739,4.0
8,13.6231241078662,,,2,2.0,1,779.3977896955728,4.0
60,25.6597163723508,1.0,2.0,1,4.0,1,3103.976433756115,3.0
66,24.4837200861545,1.0,2.0,1,3.0,1,1955.000929733539,4.0
62,24.2038266380276,1.0,2.0,2,2.0,1,1474.5897900252594,4.0
77,22.4379514150358,1.0,2.0,2,3.0,1,1728.6309691699366,1.0
68,19.5465451585625,2.0,2.0,1,4.0,1,3866.401595881975,1.0
72,25.7582685566225,2.0,,1,4.0,1,891.5016676467661,2.0
60,25.0280256102071,1.0,,1,3.0,1,,2.0
68,23.3872105368664,1.0,2.0,2,4.0,1,1542.5381885195366,2.0
80,27.7764565992866,1.0,3.0,2,2.0,1,1941.7465185868,1.0
53,21.3422642500657,1.0,1.0,1,2.0,2,2864.9196721302865,5.0
53,22.9644326866549,3.0,3.0,2,4.0,2,1239.4269674134391,5.0
26,25.4878014479433,2.0,1.0,1,2.0,2,2354.15780425209,5.0
24,21.9831879342736,1.0,1.0,2,2.0,2,2346.625262296771,5.0
44,28.644882772133,2.0,2.0,2,4.0,2,2723.3866385580027,4.0
47,24.0621718126444,3.0,1.0,1,3.0,2,2052.6063304480267,4.0
10,22.1968061153183,,,1,2.0,2,1675.199752121437,4.0
49,23.7245372449929,2.0,2.0,1,9.0,2,3131.918689257575,5.0
48,20.9506668866057,2.0,1.0,2,1.0,2,1490.0206939727375,5.0
18,19.9832128099174,,,2,2.0,2,984.8149553678032,5.0
13,17.8223872896547,,,2,1.0,2,964.6783120460454,5.0
80,21.8240680811157,3.0,3.0,2,2.0,2,1911.76210939693,5.0
47,25.6470196779685,3.0,2.0,1,3.0,2,2938.6637346132416,5.0
47,21.5176054334403,1.0,2.0,2,3.0,2,2840.79348537759,5.0
18,21.997983084332,,,1,3.0,2,2491.0714896834884,5.0
40,23.6612718123395,3.0,1.0,1,3.0,2,2718.7777863531783,5.0
40,21.8860296737019,1.0,1.0,2,3.0,2,2419.324007393827,5.0
8,16.6548598360537,,,1,2.0,2,2292.321801336756,5.0
6,13.1837098692033,,,1,2.0,2,1963.093061684949,5.0
71,21.9579548052111,2.0,2.0,2,4.0,2,1261.9998995809683,5.0
49,19.2851529284444,1.0,1.0,2,3.0,2,1665.4505920616211,5.0
22,24.4328350821463,1.0,2.0,1,2.0,2,3241.9182280783366,5.0
24,23.0816103030869,1.0,1.0,2,3.0,2,2181.328088022975,5.0
37,32.7482563789441,3.0,2.0,1,3.0,2,1964.3502447907383,5.0
38,27.596056805075,1.0,1.0,2,1.0,2,1336.0595157188218,5.0
10,28.1603917967554,,,2,1.0,2,1438.5368526782847,5.0
8,26.8351916703565,,,2,2.0,2,1622.7518595394583,5.0
41,20.3496772478453,1.0,1.0,2,1.0,2,1235.4365,5.0
14,20.4634406670665,,,2,2.0,2,2091.841273475975,5.0
11,16.0803567406874,,,1,2.0,2,2198.408753759894,5.0
51,,,,1,,2,2198.256045502275,5.0
47,20.6841668829777,2.0,1.0,2,3.0,2,1800.0922459038948,5.0
55,22.9778038151374,1.0,1.0,2,3.0,2,1998.9432368764608,5.0
59,24.0409889445974,1.0,2.0,1,2.0,2,4166.493296553269,5.0
49,23.4189167661744,2.0,1.0,1,3.0,2,1726.7495027512412,5.0
46,21.9187146534879,1.0,1.0,2,3.0,2,855.7510623502577,5.0
18,20.8187560505708,,,2,2.0,2,2197.062651363236,5.0
50,22.8799483318635,2.0,1.0,1,2.0,2,1629.16496029745,5.0
44,22.8761302803848,2.0,1.0,2,3.0,2,2033.4415446628889,5.0
17,19.4209653669113,,,2,2.0,2,1677.7538367881657,5.0
44,21.1093684922949,2.0,1.0,2,3.0,2,1353.0532787200818,4.0
15,,,,2,,2,1252.7465767656777,4.0
12,,,,1,,2,2400.389789486217,4.0
53,22.2766763198931,1.0,1.0,1,1.0,2,2174.56171697493,5.0
46,18.5562888060884,1.0,2.0,2,9.0,2,,5.0
15,,,,1,,2,2077.88724987902,5.0
45,26.9163064367655,3.0,2.0,1,1.0,2,,4.0
41,23.1991107605149,1.0,2.0,2,2.0,2,2020.572597335855,4.0
12,22.6492451910159,,,1,3.0,2,2800.3073709344467,4.0
9,16.9333585110139,,,1,1.0,2,2225.4625131518237,4.0
46,24.6124930777363,2.0,2.0,1,3.0,2,3535.0539266349338,5.0
45,20.248195316542,2.0,2.0,2,3.0,2,1786.3267748941278,5.0
13,21.4361916718944,,,2,1.0,2,2284.5326091923625,5.0
53,25.4798618849931,2.0,3.0,1,2.0,2,4540.728564621341,5.0
52,23.8707356434441,3.0,2.0,2,3.0,2,1263.6527876161952,5.0
17,16.0958562551164,,,1,,2,2994.1313579677917,5.0
59,21.8582069817201,1.0,2.0,1,2.0,2,2875.16695025217,5.0
56,20.6125707649877,2.0,2.0,2,2.0,2,1803.2622016802352,5.0
28,21.5138585105239,2.0,1.0,2,2.0,2,1330.2314531385612,5.0
24,22.3148082762517,1.0,1.0,1,3.0,2,1604.770097207282,5.0
40,22.2147560463053,2.0,1.0,1,2.0,2,,3.0
40,31.7266009298982,1.0,2.0,2,2.0,2,,3.0
10,16.7416412302567,,,1,2.0,2,,3.0
10,16.2559817763007,,,2,3.0,2,,3.0
46,26.0683293741847,2.0,2.0,1,3.0,2,2555.9874624435593,4.0
44,23.763119717409,1.0,2.0,2,3.0,2,2608.113952893219,4.0
9,12.8797649864191,,,2,2.0,2,2541.0814328946544,4.0
6,16.5151757773803,,,1,1.0,2,2015.786389873218,4.0
40,20.851713426113,,1.0,2,1.0,2,,5.0
11,24.6786171000381,,,1,1.0,2,,5.0
9,20.6213179941621,,,2,1.0,2,,5.0
49,20.4834149847205,1.0,3.0,1,3.0,2,1317.221364168657,5.0
21,21.5847245336835,1.0,1.0,1,2.0,2,,5.0
46,28.3376631132611,2.0,2.0,1,2.0,2,2599.583906306424,4.0
46,20.4242222363335,1.0,1.0,2,2.0,2,1070.97955771334,4.0
17,26.9222551204176,,,1,3.0,2,2457.1091611918014,4.0
13,27.1678593356915,,,1,3.0,2,2429.231461204495,4.0
35,23.3317083133933,1.0,2.0,2,4.0,2,2418.0454707181034,5.0
42,31.6763154164818,3.0,2.0,1,9.0,2,3489.1540284681346,5.0
8,16.5253679099703,,,1,3.0,2,1359.44459645109,5.0
4,15.3243155350806,,,1,3.0,2,1251.4716514924082,5.0
61,18.5624783211932,3.0,2.0,2,3.0,2,1513.1166195559567,3.0
59,15.1823309630392,2.0,,2,3.0,2,1425.668926942741,3.0
36,26.7734466252218,3.0,2.0,1,2.0,2,1490.2341184462095,4.0
33,21.8248172171558,1.0,1.0,2,2.0,2,1309.824017881476,4.0
5,19.9639076831382,,,1,2.0,2,1188.8705204903315,4.0
2,,,,2,2.0,2,1027.640684925818,4.0
44,22.3262332512277,3.0,1.0,1,3.0,2,3499.848395939487,2.0
38,17.7626382920504,1.0,1.0,2,2.0,2,1907.255561844584,2.0
11,17.4617858163795,,,2,2.0,2,1675.408494260169,2.0
8,15.2415790275873,,,2,2.0,2,1834.4952605247925,2.0
41,23.4840218328376,3.0,1.0,2,3.0,2,1152.1280606494877,4.0
43,22.9490468286304,2.0,1.0,1,3.0,2,2228.9773975155276,4.0
8,16.7892065734682,,,2,2.0,2,1294.9868763224654,4.0
61,24.2231748095474,2.0,2.0,1,2.0,2,1375.6918972685603,4.0
55,19.2581286282136,1.0,1.0,2,3.0,2,1335.5496867534664,4.0
76,21.1721809362763,3.0,2.0,1,2.0,2,1628.6357776050884,4.0
72,22.780170111336,3.0,1.0,2,2.0,2,1363.6803489499705,4.0
57,21.9968495107284,3.0,2.0,2,3.0,2,,5.0
32,21.5871052081192,1.0,1.0,1,3.0,2,,5.0
69,22.3548886575684,3.0,2.0,2,4.0,2,938.747243808676,2.0
46,22.6301561185229,1.0,2.0,2,4.0,2,998.075413462599,4.0
45,21.972443008123,2.0,2.0,1,1.0,2,2150.253646198274,4.0
18,20.4635198032389,,,1,1.0,2,977.2808547283342,4.0
11,16.5710912464159,,,1,1.0,2,1505.1437263634257,4.0
55,18.7214466676361,1.0,2.0,1,3.0,2,1311.6083135152144,4.0
54,26.9805446530173,1.0,2.0,2,3.0,2,2233.9775031899007,4.0
30,20.9261690842733,1.0,1.0,2,3.0,2,,4.0
44,23.5592072326766,1.0,2.0,2,3.0,2,2266.1918096742916,4.0
45,21.9040854718668,1.0,1.0,1,3.0,2,2640.3928281948088,4.0
18,22.6133378967457,,,2,4.0,2,1355.927951329489,4.0
11,17.6792859341336,,,1,3.0,2,2597.9218165791767,4.0
50,30.8311235569233,2.0,1.0,1,4.0,2,3950.416859660515,3.0
45,21.4635461080255,2.0,,2,2.0,2,1010.1007076500516,3.0
15,18.9546337613147,,,2,3.0,2,651.9579047610462,3.0
7,14.9694815730511,,,2,2.0,2,690.9637585884067,3.0
39,24.9836839583549,3.0,1.0,1,3.0,2,,5.0
36,25.4441309990077,2.0,2.0,2,4.0,2,2118.5517377600945,5.0
5,15.5057078832428,,,1,1.0,2,,5.0
57,22.0164894825888,3.0,2.0,2,2.0,2,2835.0302108860715,5.0
72,25.3665263463493,3.0,1.0,1,3.0,2,1648.5896611704238,3.0
69,23.3511170211818,3.0,2.0,2,3.0,2,966.0578117017244,3.0
76,22.3418061507482,3.0,1.0,1,3.0,2,1212.4265028487305,5.0
69,23.0218466881235,2.0,2.0,2,4.0,2,1274.071416890548,5.0
44,25.4288156747755,2.0,1.0,1,3.0,2,1778.2404795143402,4.0
42,21.7466401961152,1.0,1.0,2,2.0,2,1783.878874464357,4.0
14,19.1463742300152,,,1,2.0,2,2191.73308116504,4.0
12,18.1168393344248,,,2,2.0,2,1296.884895814012,4.0
42,28.4344910376286,3.0,3.0,1,3.0,2,,5.0
40,19.703649155629,1.0,1.0,2,2.0,2,2440.3010763761804,5.0
14,20.1529787610405,,,1,2.0,2,2153.8619422397246,5.0
70,25.7073925751855,3.0,3.0,1,2.0,2,,3.0
70,20.814421830548,2.0,3.0,2,3.0,2,,3.0
69,28.227585105968,3.0,3.0,2,4.0,2,1265.1250915055805,4.0
64,29.6871301460071,3.0,3.0,2,3.0,2,,1.0
21,14.6050549718041,2.0,1.0,2,4.0,2,,1.0
37,22.4957102158439,1.0,,2,1.0,2,1407.857815988424,5.0
49,27.9202604535817,3.0,,1,2.0,2,1981.077321698083,5.0
78,25.7645242504584,3.0,,2,4.0,2,1444.655852783914,5.0
61,26.5255731922399,3.0,3.0,2,3.0,2,1057.20584718983,5.0
5,16.5279429250892,,,2,1.0,2,1027.7901406894878,5.0
5,14.3213610586011,,,2,1.0,2,1032.7502877336867,5.0
49,29.0819359848577,2.0,2.0,2,3.0,2,,5.0
21,31.5931387226698,2.0,1.0,2,2.0,2,,5.0
15,31.2680363552676,,,1,2.0,2,,5.0
75,21.3871255703233,2.0,1.0,1,2.0,2,1910.080833554493,4.0
71,22.2735338446347,3.0,1.0,2,3.0,2,1009.048991160109,4.0
46,19.3788801475922,1.0,1.0,2,3.0,2,1410.8807452257563,4.0
17,20.4787100025195,,,2,2.0,2,,4.0
40,23.3745311109016,1.0,,2,2.0,2,1962.12576280516,5.0
40,24.2715155908113,1.0,1.0,1,3.0,2,2293.325948806141,5.0
80,22.2589531680441,2.0,2.0,1,4.0,2,1819.263952398169,5.0
70,22.0720718976444,1.0,2.0,2,3.0,2,2154.2067576731833,5.0
2,15.9273836199965,,,1,2.0,2,896.4049879985834,5.0
53,25.4167831901725,1.0,2.0,2,2.0,2,3330.3248566560096,5.0
23,29.1228480015933,1.0,1.0,1,1.0,2,4898.161793554877,5.0
67,24.6890844089236,1.0,1.0,2,2.0,2,1957.887331507684,4.0
67,26.711211365851,3.0,2.0,1,2.0,2,1531.9658348675066,5.0
65,27.6122569219591,3.0,2.0,2,3.0,2,1540.5806240287368,5.0
59,22.3773720014322,2.0,2.0,2,9.0,2,,4.0
64,26.3264091808841,1.0,2.0,1,4.0,2,2795.5191642581804,3.0
55,25.6797875845495,3.0,2.0,2,3.0,2,2197.5627411605997,5.0
22,24.4367036252836,1.0,,1,1.0,2,660.2577388392385,5.0
47,28.3717203231805,1.0,2.0,1,1.0,2,2125.4178820859383,5.0
47,23.1612582640029,3.0,2.0,2,3.0,2,1533.5824536524756,5.0
12,21.2671029149316,,,2,1.0,2,1791.3068999999998,5.0
66,,,,1,,2,2599.2982647648196,4.0
64,20.8568976166984,1.0,2.0,2,3.0,2,2933.2359901914183,4.0
80,20.1258670617177,3.0,3.0,2,3.0,2,2109.35083013237,4.0
76,17.8093396787626,2.0,2.0,1,3.0,2,1418.4459059525611,3.0
72,29.1055681531872,3.0,2.0,2,2.0,2,1888.284395404743,3.0
67,21.8684865929816,1.0,2.0,2,2.0,2,1886.7592740922692,4.0
49,25.2477199675362,1.0,2.0,1,3.0,2,816.0937386723909,5.0
44,18.2900323520247,1.0,1.0,2,4.0,2,1440.5352258253797,5.0
13,17.5895554626827,,,2,3.0,2,1460.4637783482124,5.0
12,17.6216275832788,,,1,2.0,2,1744.2617315819878,5.0
29,18.6538280517025,1.0,1.0,1,2.0,1,2456.252269708185,5.0
51,18.5504837877259,1.0,1.0,2,2.0,1,,2.0
35,21.7738423573813,1.0,1.0,2,2.0,1,1223.2487012409388,2.0
58,25.2951971764329,1.0,2.0,2,2.0,1,2066.628213373886,2.0
73,27.0731153473768,3.0,3.0,1,3.0,1,2054.676648227833,5.0
70,25.2746638227533,3.0,2.0,2,3.0,1,1238.652935383333,5.0
71,21.4624207321261,1.0,2.0,1,4.0,1,1309.5581324641105,2.0
64,28.4375,3.0,2.0,2,3.0,1,759.6275433460974,2.0
58,20.5016617225816,1.0,1.0,1,3.0,1,4038.373265907311,5.0
51,27.2280727913353,2.0,1.0,2,3.0,1,1714.3782899665598,5.0
26,20.8379114983082,1.0,1.0,2,2.0,1,1363.2389892855715,5.0
59,25.6550172393664,1.0,1.0,1,3.0,1,2039.702692644551,5.0
53,30.1765826662653,1.0,2.0,2,3.0,1,2070.5094396290788,5.0
25,22.2658090847383,1.0,1.0,2,5.0,1,1967.5988285714288,5.0
40,21.556621638682,1.0,2.0,1,2.0,1,2570.9305922618814,5.0
25,22.127114449588,1.0,1.0,2,3.0,1,1158.789499252979,3.0
20,21.84768186342,1.0,1.0,2,3.0,1,1017.5991578068468,3.0
46,28.6104562240921,2.0,1.0,2,3.0,1,,4.0
33,30.7035904708553,3.0,1.0,1,4.0,1,1559.5028161824334,4.0
52,25.0897447242763,2.0,1.0,1,2.0,1,1509.143568896606,4.0
29,18.72658445436,2.0,1.0,2,3.0,1,3977.648967466702,4.0
51,21.8324385233733,2.0,2.0,1,2.0,1,2220.5004650824512,1.0
55,22.3037236968051,1.0,2.0,1,2.0,1,2393.054558170939,5.0
45,24.7292946441173,3.0,1.0,2,3.0,1,1546.0919709503255,5.0
26,21.338541857579,1.0,1.0,1,3.0,1,4838.54402910565,5.0
24,18.3109603915616,1.0,1.0,2,3.0,1,1632.7339086066502,5.0
8,17.3128060546764,,,2,2.0,1,1830.402109567077,5.0
63,27.1078685665721,1.0,3.0,2,4.0,1,1443.0927836208716,1.0
38,27.040172152228,3.0,1.0,1,4.0,1,996.6818779265265,1.0
49,,,,1,,1,2247.933249241072,3.0
45,25.4995316793328,2.0,1.0,2,3.0,1,1802.5786857333203,3.0
75,21.7265280572293,2.0,3.0,1,4.0,1,1610.1973943160856,1.0
35,23.4509201554796,1.0,1.0,1,3.0,1,2199.256740004459,3.0
43,25.2629172382259,1.0,1.0,2,3.0,1,882.681,3.0
8,19.001285951052,,,2,1.0,1,2072.7340667662434,3.0
56,26.3560564148504,3.0,2.0,1,9.0,1,2370.0090789232704,4.0
22,23.1982084839971,1.0,1.0,2,4.0,1,3528.352681668098,3.0
46,25.7581838828413,2.0,3.0,1,3.0,1,6195.0187108617665,1.0
69,23.4235495956024,3.0,2.0,1,3.0,1,1210.5210918606683,4.0
67,22.592089395433,3.0,1.0,2,3.0,1,1329.747468386504,4.0
78,25.5391381505343,3.0,2.0,1,5.0,1,2885.5261284196276,1.0
76,23.228707363915,3.0,2.0,2,2.0,1,1346.1323663850171,1.0
53,22.4585039159843,1.0,2.0,1,2.0,1,2957.4366749562555,4.0
48,20.4868404702047,1.0,2.0,2,2.0,1,2222.971852716664,4.0
14,22.9682799742665,,,2,2.0,1,1360.5167801264677,4.0
8,17.3521563482953,,,2,1.0,1,1734.0482924074,4.0
80,22.5502077562327,3.0,3.0,2,4.0,1,1138.9414076769683,1.0
64,22.231355837679,3.0,2.0,1,9.0,1,2990.0508685847385,3.0
78,31.0155715561121,3.0,3.0,1,5.0,1,2798.6811882065335,1.0
67,22.7329771594535,3.0,2.0,1,4.0,1,385.240857184837,1.0
48,19.3540433925049,1.0,1.0,2,2.0,1,1323.2638660353953,3.0
21,21.5021799445105,2.0,1.0,1,4.0,1,2546.5116122882137,3.0
59,24.9903137676411,1.0,2.0,1,3.0,1,1040.5903238812582,2.0
33,35.3356768046571,3.0,2.0,1,3.0,1,1558.3426628186228,2.0
62,19.8784880883558,,3.0,1,3.0,1,2131.766,1.0
51,22.2501721538462,1.0,1.0,2,3.0,1,955.4364515823888,3.0
23,21.1006584006152,1.0,1.0,2,3.0,1,2043.9218131352204,3.0
75,22.8718847711604,3.0,3.0,1,3.0,1,1739.036851295128,2.0
51,20.9597250821114,1.0,1.0,2,2.0,2,1100.0999950496705,5.0
72,,,,1,,2,2421.880290461783,1.0
72,21.448761925267,3.0,2.0,2,4.0,2,1761.700125446252,1.0
53,23.7014926073637,2.0,2.0,2,3.0,2,1303.5483115836005,5.0
78,27.1275336780164,3.0,3.0,1,4.0,2,1594.1086613369798,1.0
74,29.1617645336042,3.0,3.0,2,5.0,2,,1.0
40,31.0302739756221,2.0,1.0,1,4.0,2,,4.0
40,19.5388756546641,1.0,1.0,2,3.0,2,1779.423052140036,4.0
8,13.2060264120528,,,2,3.0,2,1163.0549675027785,4.0
6,14.6784900588438,,,1,1.0,2,1514.158570336093,4.0
39,22.2196303421233,1.0,1.0,2,3.0,2,,2.0
39,20.696142397043,1.0,2.0,1,3.0,2,,2.0
12,22.6617136452129,,,2,3.0,2,,2.0
7,21.8780032788739,,,1,2.0,2,,2.0
58,26.2574796110328,2.0,3.0,1,2.0,2,1916.941058289842,4.0
52,19.6674811674763,1.0,1.0,2,3.0,2,1085.169415852402,4.0
28,24.7014388355089,2.0,1.0,1,2.0,2,4962.147597739607,4.0
25,24.9779078581332,2.0,1.0,1,2.0,2,2143.9707013671327,4.0
80,22.3449702186069,3.0,2.0,2,1.0,2,1476.9777565276538,1.0
44,26.0020928205122,2.0,3.0,1,2.0,2,2441.9142219771093,4.0
45,20.7205845301083,1.0,2.0,2,3.0,2,1292.0086903448027,4.0
17,22.1714285714286,,,1,1.0,2,2763.64081679646,4.0
14,18.3773233394398,,,1,1.0,2,1602.345824704958,4.0
12,13.4952705003873,,,2,2.0,2,2106.820834375271,4.0
52,25.5051274529175,1.0,2.0,2,3.0,2,1875.2531638538535,3.0
55,24.7294616070316,1.0,2.0,2,2.0,2,2244.1021485873616,3.0
23,,,,1,,2,1350.4176666666665,3.0
62,,,,1,,2,2306.77708094278,2.0
61,19.7452290350717,1.0,1.0,2,3.0,2,1743.0687046321962,2.0
68,24.0757840019151,1.0,1.0,1,2.0,2,2117.2133932738852,5.0
65,22.9921526942124,1.0,2.0,2,4.0,2,1598.663696424628,5.0
38,22.5253907268465,3.0,1.0,2,3.0,2,1674.4974455243018,5.0
3,17.2845799431428,,,1,1.0,2,1002.1870421616426,5.0
41,25.7710641113616,1.0,1.0,2,2.0,2,863.062509130075,3.0
41,23.1945599078466,1.0,1.0,1,1.0,2,2443.321618637089,3.0
12,17.9211394843963,,,2,3.0,2,1350.9512316404184,3.0
7,14.0055934050058,,,1,1.0,2,1274.703123977338,3.0
76,25.608027545756,3.0,3.0,2,3.0,2,1826.7059688046008,1.0
61,21.8134562073811,1.0,,2,3.0,2,2298.6106614892756,4.0
28,,,,2,,2,2273.5281437171816,4.0
60,21.4167055387286,1.0,2.0,1,2.0,2,3727.36420613836,5.0
60,24.4323331743678,1.0,2.0,2,3.0,2,2103.1624352951494,5.0
79,,2.0,1.0,1,9.0,2,1160.2380211548405,1.0
79,23.0939306845201,3.0,3.0,2,3.0,2,1616.2178069834413,1.0
47,24.2583211761349,3.0,2.0,1,2.0,2,2390.2892963847125,5.0
46,23.0495171769313,2.0,1.0,2,4.0,2,1087.9203820916105,5.0
72,23.40823056795,3.0,2.0,2,4.0,2,2184.617332491893,1.0
70,23.3576877131983,3.0,3.0,1,3.0,2,1477.4295394157818,3.0
66,26.5991832104473,3.0,2.0,2,3.0,2,2017.4838062292704,3.0
47,22.9893656649538,1.0,1.0,2,1.0,2,1145.800838522779,3.0
25,22.1744026408749,1.0,1.0,1,3.0,2,1962.0910973370137,3.0
26,28.5262523024761,2.0,1.0,1,3.0,2,,3.0
60,23.2827602733478,2.0,1.0,1,3.0,2,,4.0
53,,,,2,,2,886.6066803603702,4.0
26,19.84376370321,2.0,1.0,2,3.0,2,1659.6319718772356,4.0
63,23.7448138438682,3.0,2.0,2,4.0,2,1084.0039872715429,2.0
78,26.0586319218241,1.0,2.0,1,2.0,2,1473.6134832321868,2.0
73,32.2986369975187,3.0,2.0,2,5.0,2,1072.2488865292555,2.0
54,22.1039252887325,1.0,2.0,2,2.0,2,,2.0
48,,,,2,,2,1773.6297958494204,4.0
22,17.9021202394106,2.0,1.0,1,3.0,2,1955.5419328161547,4.0
19,19.3957590542316,1.0,1.0,1,2.0,2,2563.2126806469346,4.0
80,23.7614400663843,3.0,2.0,2,5.0,2,1160.89,4.0
62,20.5837763633702,2.0,2.0,2,3.0,2,723.5808260223979,3.0
66,23.768094574138,3.0,2.0,1,3.0,2,1130.6696248775424,3.0
58,24.128420191688,2.0,3.0,2,2.0,2,1254.6977666651796,3.0
28,21.4922239069472,1.0,1.0,1,2.0,2,1315.387686782774,3.0
65,24.8175875252825,3.0,2.0,1,2.0,2,1554.2981298932746,5.0
64,22.5665510562587,1.0,2.0,2,4.0,2,1064.139458448273,5.0
37,24.5173130526721,1.0,1.0,2,3.0,2,2385.05110396027,5.0
43,26.459075830497,2.0,1.0,1,2.0,2,4028.70418492113,3.0
42,28.9776259537405,3.0,2.0,2,4.0,2,1624.7853038887215,3.0
14,29.8372815663738,,,1,4.0,2,2222.9739467356944,3.0
63,20.414982124361,3.0,1.0,1,3.0,2,3330.878143954372,3.0
25,23.2809047358682,1.0,,1,3.0,2,,3.0
52,24.5001376850284,1.0,2.0,2,3.0,2,1797.2913674104177,1.0
15,22.8678383070882,,,1,2.0,2,2680.5150891592666,1.0
53,20.2473974131864,1.0,2.0,2,3.0,2,1283.2250442146265,2.0
59,21.4576640650457,2.0,2.0,1,4.0,2,1829.6802155893192,2.0
24,21.2214360040833,1.0,2.0,2,3.0,2,2269.0897788167504,2.0
9,14.6369942267037,,,1,2.0,2,1962.4515662181643,2.0
46,26.8326714607706,2.0,1.0,1,3.0,2,1867.014755609575,4.0
43,20.8532778355879,2.0,1.0,2,4.0,2,2275.2108790192874,4.0
14,16.1138860630921,,,2,3.0,2,2673.0842934282477,4.0
79,24.5170385954909,3.0,3.0,1,3.0,2,3271.6074741135462,2.0
40,25.8199945563622,1.0,1.0,1,3.0,2,,4.0
42,23.7182635190301,1.0,2.0,2,2.0,2,1353.4907569009788,4.0
7,13.9833711262283,,,2,1.0,2,2160.383881335269,4.0
4,15.4013318521465,,,2,1.0,2,1787.8805244397856,4.0
51,21.4330329188701,3.0,1.0,2,3.0,2,1646.0551603617814,2.0
60,27.1902091574783,3.0,3.0,1,5.0,2,1556.188405052771,2.0
76,23.0798925370423,3.0,3.0,1,3.0,2,2264.8596431751193,1.0
47,21.0531299832082,2.0,1.0,2,2.0,2,860.1587881185154,3.0
17,18.8994072059084,,,2,4.0,2,1432.3777932541575,3.0
43,25.0210825788396,3.0,2.0,1,3.0,2,,3.0
43,18.9164370982553,2.0,1.0,2,2.0,2,4511.971053058287,3.0
14,17.2015091890138,,,2,2.0,2,3265.0087171477353,3.0
12,16.5074803731533,,,2,2.0,2,1827.7488284689296,3.0
49,24.1938559524037,1.0,3.0,1,2.0,2,3506.6977463705066,3.0
40,25.3565129755606,1.0,1.0,2,3.0,2,2056.4685294177216,3.0
15,21.6697867853215,,,2,2.0,2,2641.2839860065887,3.0
12,21.3376885748309,,,1,3.0,2,3935.370852897174,3.0
50,26.9138745907761,2.0,2.0,2,2.0,2,1350.1254932704408,2.0
50,27.612630466376,1.0,1.0,1,2.0,2,3523.502530329062,2.0
42,,,,1,,2,956.1543459504594,3.0
44,,,,2,,2,1979.9258046123273,3.0
17,19.4020881630886,,,1,2.0,2,,3.0
14,20.6241430296082,,,2,3.0,2,1273.773,3.0
45,26.3414365649718,1.0,1.0,2,2.0,2,2247.051534149688,3.0
12,22.5968722500937,,,1,2.0,2,,3.0
10,18.1388825670263,,,2,2.0,2,,3.0
73,24.6290933392738,1.0,2.0,1,4.0,2,1528.0266493839688,1.0
77,27.3528319949983,3.0,3.0,2,5.0,2,794.7729073092544,1.0
37,25.8308417068842,2.0,2.0,1,2.0,2,2260.378297880045,5.0
33,21.4981914333463,3.0,2.0,1,2.0,2,2666.0693918536053,4.0
39,21.8688378772291,1.0,1.0,1,3.0,2,2397.694225580005,2.0
32,24.5964024816731,1.0,,2,3.0,2,1845.7803728534052,2.0
5,15.4062237186156,,,1,2.0,2,1928.6759545134123,2.0
2,16.3403643428747,,,2,2.0,2,1060.156803008942,2.0
45,24.7412646466753,2.0,2.0,1,3.0,2,1922.1612062691745,1.0
40,21.45861577836,1.0,2.0,1,3.0,2,4147.490787798649,4.0
50,21.2514933879233,1.0,,2,4.0,2,3008.051353278486,2.0
43,19.0362879238549,2.0,1.0,2,3.0,2,1959.5316152207283,2.0
19,21.7341098770413,1.0,1.0,1,3.0,2,2977.9373385251447,2.0
15,22.639103223594,,,1,2.0,2,2579.208677720728,2.0
79,24.3469592197286,3.0,3.0,2,5.0,2,835.0593617159572,1.0
44,26.6273713180452,3.0,3.0,1,4.0,2,1910.6240562035955,1.0
80,26.9923288310751,3.0,3.0,2,3.0,2,1717.5287063880933,1.0
64,26.0247124565972,3.0,2.0,2,4.0,2,,1.0
60,26.5323599535149,3.0,2.0,2,3.0,2,,3.0
80,28.755350782603,3.0,2.0,2,3.0,2,1495.3088421216355,1.0
63,20.4959501040364,2.0,1.0,1,3.0,2,1710.6670227980517,2.0
77,18.0465316318754,1.0,1.0,2,3.0,2,1354.4651255180531,1.0
66,,,,1,,3,1823.7653662032496,3.0
65,26.264308012487,3.0,3.0,2,9.0,3,1322.947065766401,3.0
35,27.3239084870611,1.0,2.0,1,3.0,3,1929.149947160672,3.0
33,27.5319312895008,1.0,2.0,2,2.0,3,2293.1123446215684,3.0
44,21.3781663413074,,,1,2.0,3,2341.262289160359,2.0
30,27.7332663042909,1.0,2.0,2,9.0,3,437.368706673789,2.0
6,18.5864568447513,,,2,2.0,3,2306.326928945237,2.0
46,25.146444510682,1.0,2.0,1,3.0,3,3378.657915161677,5.0
46,18.2714569273242,1.0,1.0,2,3.0,3,2426.5166935788575,5.0
50,23.6778683604377,1.0,2.0,2,2.0,3,1111.9624327297488,5.0
48,29.9043062200957,3.0,3.0,1,2.0,3,5099.97908142951,5.0
22,25.0430787884269,1.0,1.0,2,1.0,3,1577.562013065586,5.0
62,24.1290685813936,2.0,1.0,2,3.0,3,,1.0
46,28.5822808521874,3.0,2.0,1,4.0,3,1701.443886055989,3.0
40,21.5365337927794,1.0,1.0,2,2.0,3,1420.5224549662,3.0
16,,,,1,,3,2552.7849676185992,3.0
14,18.8277447268794,,,1,2.0,3,1776.4245935714289,3.0
3,14.3031225582873,,,1,2.0,3,1397.1497816961662,3.0
52,39.0539687932248,3.0,,2,3.0,3,1224.397246843764,5.0
71,24.9977809940784,3.0,1.0,2,3.0,3,1136.066047245694,2.0
54,24.21244173108,2.0,2.0,1,2.0,4,2695.7123195881827,5.0
50,20.8180222191324,1.0,1.0,2,1.0,4,2448.90155777021,5.0
41,31.9301725848046,2.0,2.0,1,4.0,3,1633.7763823414912,4.0
35,27.3377781552573,2.0,3.0,2,4.0,3,1716.6488016596113,4.0
13,32.6480779039568,,,2,3.0,3,949.3053865814934,4.0
9,33.9956677315737,,,2,3.0,3,2230.751438882443,4.0
46,19.0952851639831,1.0,1.0,1,3.0,3,2334.721923159811,5.0
68,23.6136612258864,3.0,3.0,2,5.0,3,970.7030762716296,2.0
42,24.1573591046188,3.0,2.0,1,4.0,3,2422.6580584565763,3.0
11,17.8210907766654,,,1,1.0,3,2672.6404024704448,3.0
52,22.9865337532553,1.0,2.0,1,4.0,3,3799.153334148488,4.0
66,20.001724029198,2.0,3.0,2,3.0,3,1651.2878844637423,4.0
25,28.6068809276412,1.0,1.0,2,4.0,3,2742.634577500749,1.0
62,21.5686737666455,3.0,2.0,1,3.0,1,2366.5728107852897,3.0
54,20.8048544076289,2.0,2.0,2,3.0,1,1849.7883206473784,4.0
29,22.2138060625482,1.0,1.0,1,2.0,1,1323.1263383557875,4.0
47,19.0984868039149,1.0,1.0,2,3.0,1,2452.891179134171,3.0
44,24.562279579289,1.0,1.0,1,4.0,2,2116.399481764287,4.0
43,19.8927235530226,3.0,1.0,2,3.0,2,962.862340727112,4.0
15,19.975270538393,,,2,1.0,2,2223.723477818652,4.0
14,18.0708820484331,,,2,2.0,2,1187.21409809616,4.0
55,24.476412153874,2.0,1.0,1,2.0,2,2540.2668185158454,5.0
54,18.2331509190537,2.0,1.0,2,2.0,2,1200.2516674712454,5.0
43,27.6159213053673,1.0,2.0,1,2.0,2,,5.0
42,22.38059188486,2.0,2.0,2,3.0,2,,5.0
3,19.1242885152188,,,1,2.0,2,,5.0
1,19.6178725690785,,,1,2.0,2,,5.0
41,15.5664752067278,1.0,1.0,2,3.0,2,1045.176642617051,4.0
19,23.4555113769254,1.0,1.0,1,1.0,2,,4.0
14,18.2867282799597,,,2,2.0,2,814.3699899689066,4.0
50,23.3965162352354,2.0,2.0,1,3.0,2,1700.8533049313096,4.0
41,20.0233354661448,1.0,2.0,2,3.0,2,1270.2815327557705,4.0
6,14.9505723204995,,,1,2.0,2,1745.9789947126897,4.0
49,21.5729783037475,2.0,1.0,2,2.0,2,2185.00403970605,5.0
41,31.2421974124709,2.0,1.0,1,2.0,2,2685.430540690849,4.0
33,22.6704096843382,1.0,2.0,2,3.0,2,2500.088185940208,4.0
5,16.0219478737997,,,2,2.0,2,1871.2857726125596,4.0
2,15.988938017697,,,1,2.0,2,1935.611304813288,4.0
29,22.7814718177482,1.0,1.0,2,4.0,2,,2.0
21,22.6692236908867,2.0,1.0,1,3.0,2,,2.0
58,22.6884816525488,1.0,2.0,1,2.0,2,,5.0
49,26.8595041322314,,,2,9.0,2,,5.0
46,20.5575093566088,1.0,1.0,2,2.0,2,1819.2881500932515,5.0
70,22.0979486102359,2.0,3.0,1,1.0,2,1830.9676080085117,2.0
65,18.4869836012644,1.0,2.0,2,3.0,2,1603.887776961916,2.0
46,22.6251248636917,1.0,3.0,1,4.0,2,,3.0
43,18.581955697057,1.0,1.0,2,3.0,2,1340.0368002858088,3.0
16,20.5909639493929,,,2,4.0,2,,3.0
14,17.2981810638484,,,1,1.0,2,,3.0
11,16.5435986017135,,,2,3.0,2,2510.009536135065,3.0
57,20.7833049092726,2.0,1.0,1,3.0,2,2327.3530953248473,5.0
55,18.3768125814629,1.0,1.0,2,4.0,2,1486.20579117039,5.0
24,19.9478794977401,1.0,1.0,2,3.0,2,2699.422412245822,5.0
57,26.9902399809617,2.0,2.0,1,2.0,2,1808.5478344127591,5.0
57,25.6429458961288,1.0,1.0,2,3.0,2,1472.412843985225,5.0
31,23.7028153010983,1.0,1.0,1,2.0,2,4130.817642028986,5.0
29,24.9664673960779,2.0,1.0,1,2.0,2,2926.2836509273584,5.0
52,27.4472687939427,2.0,2.0,1,3.0,2,3184.5548685700523,4.0
47,,,,2,,2,2212.9916696251776,4.0
47,21.2072556394901,2.0,2.0,2,2.0,2,,4.0
41,26.4476699284495,2.0,1.0,1,3.0,2,2129.810291617012,3.0
41,20.7168770648329,1.0,1.0,2,1.0,2,1761.5708744220233,3.0
13,17.514564404749,,,1,2.0,2,2160.036158990388,3.0
11,14.9532643732691,,,1,1.0,2,1558.2812052016432,3.0
8,15.5147588874026,,,2,1.0,2,1436.4271743204638,3.0
7,13.4189061472715,,,2,2.0,2,1748.3874710313494,3.0
73,28.8077790860004,3.0,3.0,2,3.0,2,774.2152453404435,3.0
35,19.1169776968594,3.0,1.0,2,3.0,2,596.629728467056,2.0
42,,,,1,,2,669.4395303377806,2.0
39,19.6539162176633,1.0,1.0,2,2.0,2,734.558,5.0
35,26.9371345881132,1.0,1.0,1,3.0,2,1759.5229730514095,5.0
44,25.6791031850144,1.0,2.0,1,3.0,2,1821.9634011094356,5.0
43,24.0774039278088,1.0,,2,3.0,2,1636.7662812709802,5.0
76,24.629991142147,2.0,1.0,1,1.0,2,,2.0
67,15.9386441105921,,,1,9.0,2,,2.0
68,21.5745858401272,1.0,,2,2.0,2,639.5714915297492,2.0
34,26.4975822951455,1.0,1.0,2,3.0,1,864.8008360259117,2.0
3,17.641746916461,,,2,1.0,1,560.3069913166071,2.0
33,27.3101183832908,2.0,1.0,1,3.0,1,3466.073241788402,4.0
32,21.6482968258653,1.0,1.0,2,3.0,1,1225.7498080389762,4.0
5,15.7600538274416,,,2,2.0,1,1315.625075815616,4.0
2,17.0670561083005,,,1,2.0,1,1237.4712336575833,4.0
62,24.8245955065825,2.0,1.0,1,2.0,1,1521.4538933006995,2.0
57,26.1422383729408,2.0,2.0,2,2.0,1,1144.1181859959324,2.0
75,25.7316155089726,3.0,1.0,2,3.0,1,1276.2913965653854,1.0
73,25.2920024999797,3.0,2.0,1,3.0,1,1272.7713965653852,1.0
38,22.3959631592733,2.0,2.0,1,1.0,3,,2.0
39,26.2643651089329,2.0,2.0,2,3.0,3,1960.042185664738,2.0
12,21.9686176657196,,,2,1.0,3,2884.7309319235505,2.0
10,22.4244698817789,,,1,2.0,3,2492.936697210321,2.0
8,20.1551208718782,,,1,2.0,3,1973.708470793143,2.0
43,20.9241152088426,2.0,2.0,2,3.0,3,1100.8673818212917,1.0
14,20.2580539119001,,,2,2.0,3,2326.545755830547,1.0
11,23.0996270243727,,,1,1.0,3,2387.866333918992,1.0
7,15.9619698812139,,,1,2.0,3,1226.6094580799515,1.0
55,26.2100930196604,2.0,3.0,1,3.0,1,1334.6846795881156,5.0
54,22.3986892435554,3.0,2.0,2,3.0,1,776.3430873880704,5.0
27,28.8069800514571,1.0,1.0,1,2.0,1,,5.0
12,23.4080102446314,,,1,1.0,1,1457.3519576702308,5.0
46,26.6980719113245,2.0,2.0,1,3.0,3,1766.2474008593365,3.0
46,22.1519367550942,2.0,1.0,2,2.0,3,1047.9187092496438,3.0
21,23.0675642365757,1.0,1.0,1,2.0,3,1574.2969038620245,3.0
18,24.3298123053615,,,1,2.0,3,3730.954162015247,3.0
68,24.7933766536636,2.0,1.0,2,3.0,3,1756.28907883044,1.0
39,35.59674875196,2.0,2.0,2,3.0,3,1564.9925372079713,2.0
13,19.6248855572866,,,2,2.0,3,1236.1607370751954,2.0
8,19.7782816830436,,,2,2.0,3,1011.9485002820952,2.0
50,28.6746467283523,3.0,2.0,1,2.0,3,1819.608364436664,5.0
46,25.8211191729962,1.0,2.0,2,1.0,3,595.9950886081631,5.0
22,24.1032787664886,2.0,1.0,1,4.0,3,,5.0
29,35.3063722737584,3.0,2.0,1,4.0,3,,4.0
27,20.9642816816591,1.0,1.0,2,3.0,3,602.8236288032325,4.0
2,16.2176964582742,,,2,1.0,3,1068.7381772990389,4.0
80,19.0331922477166,3.0,2.0,1,2.0,3,1005.706970526276,2.0
79,,3.0,3.0,2,3.0,3,771.1270668598258,2.0
17,,,,2,,3,2578.844176495203,2.0
48,24.2891121068615,1.0,2.0,1,3.0,3,2578.695013494597,5.0
39,20.6268664555013,1.0,2.0,2,3.0,3,959.9005835061485,5.0
49,37.166568884889,3.0,2.0,1,3.0,3,1139.069835059383,4.0
45,22.5577484285625,1.0,2.0,2,3.0,3,2269.4910745683983,4.0
16,23.1872888680348,,,1,2.0,3,1621.0820429074956,4.0
43,21.3902222222222,2.0,1.0,1,3.0,1,3337.164965747966,4.0
46,26.3603156930603,3.0,3.0,1,3.0,1,2508.730668705148,4.0
68,22.8230248037512,1.0,,2,5.0,1,705.5225768410048,1.0
25,27.1171885321707,2.0,2.0,1,3.0,1,,3.0
24,28.7268276368024,2.0,1.0,1,3.0,1,4899.196463913178,3.0
23,27.5816315160225,1.0,1.0,2,2.0,1,2996.3289771165405,4.0
22,23.4911840807972,2.0,1.0,1,2.0,1,3942.0957656442056,4.0
46,27.4858312922853,2.0,1.0,1,4.0,1,,3.0
46,26.1624669934856,1.0,1.0,2,3.0,1,619.2924662205639,3.0
20,22.438874625823,1.0,1.0,2,4.0,1,,3.0
18,19.010000991983,,,1,2.0,1,,3.0
60,24.2043845647449,3.0,3.0,2,4.0,1,1466.237291521828,1.0
40,25.3045035747972,2.0,2.0,1,3.0,1,2723.2536255136833,4.0
39,21.4510480990803,2.0,1.0,2,3.0,1,1574.7009234747673,4.0
50,26.2093115945962,1.0,3.0,2,3.0,1,1535.3327795222992,2.0
75,21.0702172649156,1.0,2.0,1,1.0,1,2068.7323217042267,1.0
75,22.4814560663987,3.0,2.0,2,2.0,1,1016.5749647299474,1.0
80,21.9570639151059,1.0,3.0,2,4.0,1,1221.6771966893955,1.0
80,16.5916940885435,3.0,1.0,1,4.0,1,1051.4475144711887,1.0
52,21.806631880078,3.0,2.0,2,3.0,1,1932.459,4.0
29,24.0712360227345,1.0,1.0,2,3.0,1,,4.0
69,28.1680287350714,3.0,3.0,2,2.0,1,1696.1857192008065,2.0
27,22.6537133518265,1.0,1.0,2,3.0,1,2072.465962039289,4.0
63,27.5505913628472,3.0,3.0,2,4.0,1,802.9927119509446,1.0
52,26.8168602303091,3.0,3.0,1,3.0,1,,1.0
35,31.245871317215,2.0,2.0,1,3.0,1,,5.0
38,25.7494333382878,1.0,2.0,1,3.0,2,3549.160557624754,3.0
38,22.3898221389334,1.0,1.0,2,2.0,2,2764.676166666666,3.0
17,21.88744317754,,,2,2.0,2,2108.7992246348203,3.0
12,20.4777739742775,,,2,1.0,2,1822.9168361255624,3.0
6,15.5684140700635,,,2,1.0,2,2084.5031666666664,3.0
29,21.2870689797015,1.0,1.0,2,5.0,2,666.3070632855706,2.0
2,14.9332612546093,,,1,2.0,2,1811.698340146813,2.0
55,21.818266549314,2.0,2.0,2,2.0,2,2975.898029882558,5.0
60,23.7216854237889,2.0,1.0,1,3.0,2,2121.423478489606,5.0
46,21.1927625868056,1.0,1.0,2,3.0,2,2802.5470908327907,2.0
17,23.084025854109,,,1,2.0,2,,2.0
14,20.7484813599423,,,2,1.0,2,1374.5185167995237,2.0
53,25.2219163100263,3.0,3.0,1,3.0,2,2111.9121372454015,2.0
43,18.8951966947645,2.0,1.0,2,4.0,2,1541.6404177564648,2.0
17,20.880460489761,,,1,1.0,2,1871.0713880561789,2.0
13,20.0639290167469,,,2,3.0,2,1986.0002912517923,2.0
11,16.4689741385235,,,2,1.0,2,1651.8014259433126,2.0
71,25.3260807383536,3.0,3.0,1,4.0,2,1378.8106726875665,1.0
67,23.7953100616877,1.0,2.0,2,5.0,2,1119.0350163428732,1.0
74,27.9404610212402,3.0,3.0,1,3.0,2,2157.064532464361,1.0
39,19.73548122913,2.0,1.0,2,1.0,2,861.384247757627,1.0
45,22.29099702455,1.0,2.0,2,3.0,2,540.2342661004953,4.0
20,19.083351036442,1.0,1.0,2,3.0,2,2022.1109957693088,4.0
75,23.5120387679134,1.0,2.0,2,3.0,2,1092.6529659151702,1.0
79,23.2908528980938,2.0,3.0,1,5.0,2,820.3691056642892,1.0
37,26.368256039054,2.0,1.0,1,1.0,2,5170.315548864668,3.0
44,22.4724774377393,1.0,1.0,2,3.0,2,1645.6968017836537,3.0
14,19.8757315874433,,,1,2.0,2,3466.3057126344747,3.0
8,14.3609544615489,,,1,2.0,2,1046.9402737128553,3.0
77,26.6912933770945,3.0,2.0,2,3.0,2,1229.1917687542564,1.0
72,20.7915395292121,2.0,1.0,2,4.0,2,,1.0
62,26.9277178247858,1.0,2.0,2,3.0,2,,4.0
37,25.1272713504359,1.0,1.0,2,3.0,2,,4.0
65,27.5799819476482,2.0,3.0,2,3.0,2,2037.155824956796,4.0
54,23.2803185909636,2.0,2.0,2,4.0,2,1973.4965160589336,3.0
30,25.2953897723022,1.0,,1,2.0,2,,3.0
28,26.3263637749235,1.0,1.0,1,2.0,2,1603.2852306654877,3.0
23,21.3792156543283,1.0,2.0,2,3.0,2,953.9467368104608,3.0
39,21.6556683793151,1.0,2.0,1,3.0,2,4130.248188404897,2.0
35,30.22319244232,1.0,1.0,2,3.0,2,3161.1072077500835,2.0
4,16.1575291884857,,,1,2.0,2,1927.1985210607168,2.0
2,15.6081327050276,,,1,3.0,2,1744.216801450862,2.0
53,25.7307728691704,1.0,3.0,1,3.0,2,,4.0
52,22.0812903917677,2.0,2.0,2,3.0,2,,4.0
48,29.5694155470611,2.0,3.0,2,3.0,2,1914.286421638677,2.0
24,23.1885791206835,1.0,1.0,1,2.0,2,1271.9286868860745,2.0
49,21.2404988066597,2.0,1.0,2,3.0,2,1424.533140070641,4.0
22,22.0836010637378,1.0,2.0,1,4.0,2,557.4988037006674,4.0
45,23.7013904815749,1.0,1.0,1,3.0,2,2444.35504486776,3.0
46,21.8312304026286,1.0,2.0,2,3.0,2,1365.999623752514,3.0
17,17.5943180006378,,,1,3.0,2,,3.0
14,21.0514891014838,,,2,1.0,2,1728.1993037911768,3.0
66,22.1097576359219,3.0,,1,9.0,2,1306.416366015721,3.0
64,24.5996446038922,3.0,,2,9.0,2,1306.8540293343565,3.0
36,23.1536179653036,1.0,2.0,1,2.0,2,2019.0485271965545,4.0
41,22.9753096718277,1.0,3.0,2,4.0,2,663.5196365445861,4.0
55,19.8236459504875,1.0,2.0,2,3.0,1,1349.4514511238194,5.0
24,16.4597140228079,1.0,1.0,2,3.0,1,2992.4488358925014,5.0
52,21.2422212772412,2.0,1.0,2,2.0,1,1392.3691393183651,3.0
58,22.2604875128008,1.0,3.0,2,3.0,1,,4.0
80,20.2395007589813,2.0,2.0,1,9.0,1,1493.2990465471794,2.0
67,,,,2,,1,737.4052937744473,2.0
43,38.0493503501911,3.0,3.0,1,4.0,1,,3.0
31,19.6017918431857,1.0,2.0,2,2.0,1,,3.0
63,19.4001895100349,2.0,1.0,2,3.0,1,1557.0233708440749,2.0
62,27.808404968435,2.0,2.0,1,3.0,1,,3.0
58,20.1290194346104,2.0,3.0,2,3.0,1,,3.0
50,23.1823201302058,1.0,2.0,1,3.0,1,1777.07699688475,2.0
54,22.7861606462429,1.0,2.0,2,2.0,1,2142.8355240264577,2.0
22,19.3564093661075,1.0,1.0,1,2.0,1,957.0947722816644,2.0
20,21.3236311445126,1.0,1.0,2,2.0,1,1487.480904481327,2.0
55,25.6240889212828,3.0,2.0,2,3.0,1,1618.5578087401263,1.0
72,23.700338703432,3.0,3.0,1,3.0,1,1762.3679168163703,4.0
58,23.291699420619,3.0,1.0,2,3.0,1,2007.6853312581693,4.0
32,22.6267059153921,1.0,1.0,1,2.0,1,1667.1598697681036,4.0
69,23.6734200243682,2.0,2.0,2,1.0,1,1342.4662599070853,2.0
66,25.7642998027613,1.0,2.0,2,2.0,3,1481.9276260098084,5.0
74,24.8191608158055,3.0,3.0,1,5.0,3,1768.8421786663846,1.0
61,24.3308195172987,3.0,1.0,1,4.0,3,1389.4958739827036,4.0
60,24.2751808407786,1.0,2.0,2,3.0,3,1473.1794246465834,4.0
30,18.9263616778466,1.0,1.0,1,3.0,3,2513.5720586513207,4.0
50,18.9630661986054,1.0,2.0,2,3.0,3,1800.1842557420885,3.0
24,20.3247242906966,1.0,1.0,1,3.0,3,3614.236153387906,3.0
22,18.5950215184656,1.0,1.0,2,3.0,3,1319.017007781737,3.0
67,24.858757948235,2.0,2.0,1,3.0,3,1107.5454073883463,1.0
60,26.0090643530245,3.0,2.0,2,3.0,3,914.6269161940884,1.0
80,24.2085460897608,2.0,2.0,2,3.0,1,1562.1063408879288,2.0
69,27.2030920956611,1.0,2.0,1,3.0,4,,
62,24.2766776368982,2.0,1.0,2,9.0,4,1077.8929350538774,
37,24.972594762825,1.0,2.0,2,2.0,2,2292.7312150884977,5.0
41,18.4851382008135,1.0,2.0,1,3.0,2,1852.8431787851164,5.0
5,14.893181906622,,,2,1.0,2,1363.241245249809,5.0
2,15.3315821188046,,,1,1.0,2,1578.1177869977705,5.0
39,24.0458602646968,1.0,1.0,1,2.0,2,3022.454168963624,5.0
37,22.2965074816259,1.0,1.0,2,3.0,2,1542.5740194604225,5.0
10,14.9982592273135,,,2,3.0,2,1597.7533255667702,5.0
9,17.7145933567074,,,2,2.0,2,1726.9136423488785,5.0
6,14.8157985995824,,,2,2.0,2,1461.352362136967,5.0
53,18.9151454752017,1.0,1.0,2,3.0,2,2134.0967890622787,4.0
56,19.8092421528891,2.0,1.0,1,3.0,2,2365.78662914149,5.0
50,21.2788390572132,1.0,1.0,2,3.0,2,762.6681331367314,5.0
57,18.9339404063641,2.0,1.0,1,4.0,2,1950.8753704492196,4.0
58,24.9442312907029,3.0,2.0,2,2.0,2,737.5972267541978,4.0
46,21.6438006513944,1.0,2.0,2,3.0,2,2679.087485484595,5.0
18,17.2099352529523,,,2,2.0,2,2093.070625904773,5.0
68,25.1987825969767,3.0,2.0,1,3.0,2,2595.2408920839375,2.0
65,22.2972316840745,2.0,1.0,2,3.0,2,793.6638558414825,2.0
80,28.4990186424885,3.0,2.0,2,1.0,2,1137.949058730765,4.0
59,21.0517082584097,1.0,2.0,2,3.0,2,2130.261229411766,4.0
27,19.1468818796945,1.0,1.0,2,3.0,2,1764.4476203785398,4.0
44,22.9605348717943,1.0,2.0,2,2.0,2,1288.1127934277793,5.0
44,23.9469059217232,3.0,2.0,1,3.0,2,2661.4591973900183,5.0
8,15.6489048528174,,,2,1.0,2,1382.8480511315393,5.0
63,22.2208450700367,1.0,2.0,1,2.0,2,1871.993952460778,3.0
61,22.7157711846294,2.0,2.0,2,3.0,2,1831.2602570449408,3.0
58,20.6398031493188,1.0,1.0,2,3.0,2,,4.0
42,24.5864719856604,1.0,1.0,2,2.0,2,2067.772114962863,5.0
46,25.179973103363,2.0,1.0,1,3.0,2,1927.999841369958,5.0
14,19.3691291150225,,,2,2.0,2,1803.22834433896,5.0
10,22.902479338843,,,1,2.0,2,1459.291099521429,5.0
72,19.2359038516741,3.0,1.0,1,4.0,2,776.2034489358398,5.0
36,18.0815985130691,1.0,2.0,1,3.0,2,,3.0
32,22.9278666678836,1.0,1.0,2,2.0,2,2183.7530084363807,3.0
3,16.1279501938843,,,2,2.0,2,1615.9869150590475,3.0
57,26.407541322314,3.0,2.0,1,2.0,2,4454.746924556191,5.0
52,23.6963851861351,1.0,2.0,2,3.0,2,1030.024357522785,5.0
25,29.359640831758,2.0,1.0,1,3.0,2,2007.7380322947056,5.0
19,22.669247818646,1.0,1.0,2,2.0,2,3097.751925238096,5.0
72,25.0668071813015,3.0,2.0,1,1.0,2,3305.1865673862344,5.0
68,20.9219487199491,1.0,1.0,2,3.0,2,657.3063299063979,5.0
57,22.8537711084006,1.0,,1,4.0,2,2471.333264071284,4.0
51,21.9732727308043,3.0,1.0,2,4.0,2,866.2718873009165,4.0
25,20.7162534435262,1.0,1.0,1,1.0,2,,4.0
54,19.8851050328324,3.0,2.0,2,3.0,2,1724.0591215451216,5.0
57,25.424422114522,1.0,3.0,1,2.0,2,1792.7304164924772,5.0
23,18.5083876116153,1.0,1.0,2,3.0,2,,5.0
19,19.0032638479739,1.0,1.0,2,4.0,2,2845.05624192615,5.0
15,16.1381686018092,,,2,3.0,2,1374.85235157009,5.0
61,28.6294559235548,2.0,,1,9.0,2,,5.0
53,26.564664755131,2.0,,2,2.0,2,,5.0
56,25.2050800476793,3.0,2.0,1,3.0,2,2718.7080533333333,4.0
48,18.7429138321995,1.0,1.0,2,3.0,2,1067.6301889362874,4.0
22,26.330216989843,1.0,2.0,1,2.0,2,4703.267454324799,4.0
21,28.3124893548555,1.0,2.0,1,3.0,2,1066.559656,4.0
15,19.9599647782282,,,2,,2,3838.222415777522,4.0
52,21.2432628025386,1.0,1.0,1,3.0,2,3102.8119281852405,5.0
49,21.4462081128748,2.0,1.0,2,3.0,2,3135.5538507197825,5.0
13,20.8857506154803,,,1,3.0,2,4570.447118577574,5.0
13,23.8136575857011,,,1,3.0,2,1914.9429297262172,5.0
77,24.089750119115,3.0,1.0,2,4.0,2,970.4902005818803,5.0
48,18.3493563905664,2.0,1.0,2,2.0,2,1792.8423865080165,5.0
62,22.2925628331034,3.0,2.0,1,2.0,2,,5.0
61,24.7339438252645,1.0,2.0,2,2.0,2,1218.064860062257,5.0
68,23.7850095791682,2.0,2.0,1,4.0,1,2498.7271037823702,2.0
59,21.8968776360916,2.0,2.0,2,2.0,1,2774.599645972886,2.0
48,24.6837675722025,1.0,1.0,1,3.0,1,,5.0
46,25.6214883605239,3.0,1.0,2,4.0,1,,5.0
63,19.4758683837429,1.0,1.0,2,1.0,1,,1.0
52,29.9211529360212,2.0,2.0,1,3.0,1,,1.0
47,29.9770240367184,3.0,2.0,2,2.0,1,,1.0
18,23.3747045296266,,,1,2.0,1,,1.0
16,19.5390138238523,,,1,3.0,1,,1.0
52,23.8044334443803,2.0,2.0,2,4.0,1,2501.1658287246432,3.0
43,27.0899040560536,2.0,1.0,1,2.0,1,3803.461237492621,3.0
16,17.3802272311355,,,1,2.0,1,3184.4333254298267,3.0
57,24.0155571965433,1.0,2.0,1,3.0,1,1937.5037349004735,2.0
80,21.982131667259,3.0,2.0,1,3.0,4,814.7539031139632,2.0
74,,,,2,,4,663.5602471768241,2.0
21,23.3194534760737,1.0,,2,3.0,4,,2.0
59,26.9368114961932,1.0,1.0,2,3.0,3,1996.370156095496,2.0
48,21.3726322286949,1.0,1.0,2,3.0,3,,3.0
24,20.6222243072496,2.0,1.0,1,3.0,3,,3.0
20,25.8830418535578,1.0,1.0,2,3.0,3,,3.0
55,21.5234375,3.0,3.0,1,2.0,3,1389.4955511655153,5.0
58,30.7520722975002,1.0,2.0,2,3.0,3,801.378830849501,5.0
29,40.1747350089866,2.0,2.0,1,3.0,3,609.2147075027126,5.0
64,23.6611873635249,3.0,3.0,2,4.0,1,811.3546901738158,2.0
40,27.8085182854326,2.0,2.0,1,3.0,1,1420.5729553375045,2.0
79,24.7608521154035,3.0,3.0,2,4.0,1,1192.2244934060448,1.0
64,21.6762266258632,3.0,2.0,1,3.0,1,2531.468991092046,3.0
61,20.5478732367453,3.0,,2,3.0,1,1372.0274449013068,3.0
77,26.4210023806383,3.0,3.0,2,5.0,1,1602.802913280556,2.0
67,23.260548409928,2.0,2.0,2,3.0,1,1329.1939585650332,1.0
67,23.3186715986137,3.0,3.0,1,4.0,1,1618.3793158289398,3.0
66,16.4251487098427,1.0,2.0,2,5.0,1,779.7410126406924,3.0
55,28.6616957221872,2.0,2.0,1,3.0,3,2607.296131828308,2.0
77,22.0815666706765,1.0,3.0,1,3.0,3,847.619630345364,1.0
51,24.2160505428732,1.0,1.0,2,3.0,1,1153.8647250427737,1.0
53,23.3886865581877,3.0,,2,4.0,1,1916.8575339713032,3.0
34,17.8223397880567,1.0,1.0,2,3.0,1,1145.4899812247425,2.0
10,18.9606597354391,,,1,2.0,1,1362.3739770516136,2.0
8,15.112452725354,,,1,4.0,1,2098.8705270461014,2.0
60,26.6866725940127,3.0,1.0,1,3.0,1,3049.251683785801,4.0
57,26.9760654075484,1.0,2.0,2,3.0,1,1759.2201863289783,4.0
20,,,,2,,1,3306.1288627493227,4.0
76,23.5843759124907,3.0,2.0,1,2.0,1,2820.2284883343436,2.0
72,32.1558917632683,3.0,,2,3.0,1,,2.0
80,24.6258145156685,2.0,2.0,1,3.0,1,1053.7720189447873,1.0
80,27.6816748827696,3.0,2.0,2,3.0,1,1371.689299953327,1.0
62,17.715412286514,3.0,2.0,2,3.0,1,1302.5559238531032,
66,29.0614360949608,3.0,2.0,1,2.0,1,,
80,22.5612266275215,3.0,2.0,2,9.0,1,659.8399011662829,
60,24.6370602796489,2.0,3.0,1,3.0,1,1535.0120353695947,2.0
56,33.5216731320627,3.0,3.0,2,4.0,1,1089.1747574602905,2.0
67,22.5169571695308,3.0,2.0,1,3.0,1,1638.0954302517052,1.0
64,30.1128171991238,2.0,2.0,2,3.0,1,1637.8116252089635,4.0
39,28.2343329488658,1.0,2.0,2,2.0,1,1017.800701785128,4.0
4,14.478550295858,,,1,2.0,1,2146.8028060370957,4.0
3,15.3463105477592,,,1,2.0,1,1262.8416239863611,4.0
76,23.6400001244211,2.0,2.0,1,1.0,1,1579.337540588212,2.0
68,20.9447041983882,3.0,2.0,2,2.0,1,1276.4472267309254,2.0
67,,,,1,,1,1105.044875280663,4.0
64,22.2484007875586,1.0,1.0,2,2.0,1,981.9334503677004,4.0
61,25.9215760318227,1.0,2.0,1,2.0,1,2351.6605701760577,4.0
63,25.3718360797512,3.0,3.0,2,4.0,1,1340.291046554189,4.0
64,27.1349252489479,3.0,2.0,1,3.0,1,2926.048950371022,2.0
58,28.4973021578976,2.0,1.0,2,4.0,1,1427.501569599803,2.0
80,27.6976500108158,3.0,3.0,1,3.0,1,2406.117867599263,2.0
72,23.9765081415604,3.0,2.0,2,2.0,1,2137.7046459997146,2.0
62,25.5639014174889,1.0,1.0,1,2.0,1,2326.5076727175347,1.0
58,22.2609252093282,1.0,1.0,2,3.0,1,2482.7243758127715,1.0
32,,,,2,,1,2095.5158676150654,1.0
73,24.2707530447001,3.0,2.0,1,3.0,1,1468.2431539963234,1.0
69,24.8673303802465,3.0,3.0,2,3.0,1,1401.7962955973242,1.0
69,22.1833763697487,1.0,,1,3.0,1,2857.516349232551,3.0
63,,,,2,,1,1602.2192178142168,3.0
62,26.8124264996564,1.0,2.0,2,4.0,1,1632.3142141352505,2.0
37,28.7645992461089,2.0,1.0,1,3.0,1,2069.766291746154,5.0
65,26.051488969782,2.0,1.0,2,3.0,1,1784.8440647930431,5.0
64,22.3381958363891,2.0,1.0,1,3.0,2,2789.981308870658,4.0
62,24.7978557981763,1.0,1.0,2,2.0,2,733.7069637395148,4.0
64,25.2213430028155,3.0,2.0,1,9.0,2,,2.0
62,21.6556678326005,1.0,1.0,2,3.0,2,1073.3549408670224,2.0
28,25.509684125779,1.0,2.0,1,3.0,2,4036.862669682892,4.0
28,24.028925305431,1.0,2.0,2,2.0,2,2799.635978525997,4.0
3,15.8363961616809,,,1,1.0,2,1821.6112467462829,4.0
35,23.4215167548501,1.0,,2,2.0,2,2156.2124004175057,4.0
31,20.2956613411233,2.0,1.0,1,2.0,2,5719.509875438205,4.0
30,29.4024225879283,2.0,1.0,1,2.0,2,1994.2116876123555,5.0
29,19.2469553534542,1.0,1.0,2,3.0,2,1882.770150887384,5.0
62,22.4058769513315,2.0,2.0,2,1.0,2,,2.0
63,21.1993136096255,1.0,1.0,2,3.0,2,1314.1457434790402,1.0
36,28.0339083878644,1.0,2.0,2,2.0,2,,3.0
37,19.7932852173099,2.0,1.0,1,3.0,2,2019.344992290118,3.0
32,22.6082886464497,1.0,1.0,2,3.0,2,1578.9415273403663,3.0
2,14.6969815075497,,,2,2.0,2,1197.1781147812883,3.0
64,23.9091367160123,3.0,2.0,1,3.0,2,2853.4341426310675,2.0
63,22.8390335754632,3.0,2.0,2,3.0,2,1864.6518662105984,2.0
59,27.1208672504919,3.0,3.0,2,3.0,2,1108.093028782666,3.0
37,25.1765986810626,1.0,1.0,1,2.0,2,2696.6067574788185,3.0
35,21.5839154556277,1.0,1.0,2,3.0,2,786.5789040509751,3.0
7,16.1902192028698,,,1,3.0,2,1764.8744725682357,3.0
74,21.3241877019827,2.0,,1,9.0,2,2027.1673413449885,2.0
46,,,,2,,2,1416.607290427742,2.0
74,26.8656442578071,3.0,2.0,2,3.0,2,615.627999283255,1.0
66,34.3861285566917,3.0,3.0,2,2.0,2,2008.8848990080471,3.0
37,20.7007968163854,1.0,1.0,1,3.0,2,2140.3308623702,3.0
22,19.9021757463316,1.0,1.0,2,2.0,2,757.5964631155146,3.0
32,26.6600147021255,2.0,1.0,1,2.0,2,3300.38269821171,4.0
32,22.3181046618844,1.0,2.0,2,2.0,2,1299.2852302600738,4.0
3,15.7672765040298,,,2,2.0,2,956.7807887202972,4.0
67,23.5562462834276,3.0,1.0,2,4.0,2,1960.5262418603068,2.0
57,20.462664432766,2.0,1.0,1,2.0,2,3905.0703077979697,4.0
33,27.0755187824924,3.0,1.0,1,2.0,2,5150.775086715046,2.0
33,30.3384719801503,3.0,1.0,2,3.0,2,3212.9134760181346,2.0
5,17.8757782184167,,,1,2.0,2,1476.335959413901,2.0
2,18.1781366624424,,,2,2.0,2,960.2222130966168,2.0
62,19.0943741189398,1.0,1.0,1,3.0,2,,2.0
53,23.372866057329,3.0,1.0,2,2.0,2,1987.718666992749,2.0
54,20.292092207267,3.0,2.0,1,3.0,1,1106.0479935577987,5.0
50,25.6152516364625,2.0,2.0,2,2.0,1,2064.490946508621,5.0
22,17.3990200995332,1.0,1.0,2,1.0,1,3260.041857950075,5.0
18,18.7881260635492,,,2,2.0,1,1156.6262731712627,5.0
36,28.9234917900947,2.0,1.0,1,2.0,1,2120.318086995702,4.0
27,20.4891656969337,3.0,1.0,1,3.0,3,2564.0477526387376,3.0
28,19.7376636245601,1.0,1.0,1,4.0,3,2627.1329074861783,5.0
34,25.1441558788762,1.0,1.0,1,3.0,3,2398.0393265278385,5.0
26,36.127059367247,3.0,1.0,1,5.0,3,2059.0622553615563,3.0
24,24.5365285929285,1.0,1.0,1,3.0,3,2364.984095355519,3.0
35,23.6051834309202,1.0,1.0,1,3.0,3,1993.161450270838,5.0
64,31.1722456993585,3.0,3.0,1,2.0,1,2455.9196985591216,3.0
23,22.8936958168504,1.0,2.0,2,5.0,3,877.0575638810026,4.0
38,20.4509114216782,1.0,1.0,1,3.0,3,4379.231590519871,4.0
35,20.9640597898174,2.0,1.0,2,3.0,3,2103.721561983766,4.0
45,24.2362542179457,3.0,2.0,1,3.0,3,1967.4474959653528,4.0
24,20.0235501893057,1.0,1.0,1,2.0,3,2656.0973268506905,2.0
23,23.4318364645269,1.0,1.0,1,1.0,3,2838.5298196884323,1.0
61,29.0786169487827,2.0,2.0,1,1.0,3,2118.0119908881866,3.0
62,26.1738603062429,3.0,2.0,2,3.0,3,2291.806822107418,3.0
74,26.8060484060417,1.0,2.0,1,4.0,1,1092.668471099803,2.0
38,21.9759070805374,1.0,1.0,2,3.0,1,1001.2602657841384,4.0
46,24.3987705932907,1.0,1.0,1,3.0,1,3016.2600298528746,3.0
17,22.1293929064199,,,1,2.0,2,,3.0
13,16.7446093435772,,,2,3.0,2,,3.0
20,23.1312771500313,1.0,1.0,1,3.0,2,,5.0
35,18.5827898216611,2.0,1.0,2,3.0,2,1007.0592976127344,4.0
11,20.0883470499512,,,1,3.0,2,2248.402390097213,4.0
66,22.9198340604014,2.0,3.0,1,2.0,2,1319.649850323568,1.0
40,24.1967438297423,1.0,1.0,1,2.0,2,2608.945667542222,5.0
33,19.6423967352453,1.0,2.0,2,2.0,2,3307.0215095935096,5.0
4,16.3118373316084,,,2,2.0,2,1789.360133485345,5.0
42,,,,1,,2,1210.7554991560494,4.0
49,27.9458282144233,1.0,2.0,2,3.0,2,2840.637426307839,4.0
44,24.7569926601865,1.0,2.0,1,3.0,2,1989.24377684554,4.0
37,31.025299983051,2.0,2.0,2,3.0,2,1951.753621481829,4.0
12,28.617119771063,,,2,2.0,2,1489.9970751698704,4.0
8,26.0748830782313,,,2,3.0,2,1132.8014583898398,4.0
74,22.5266634533044,1.0,3.0,2,3.0,2,598.7813447955483,4.0
37,25.5550770284505,1.0,1.0,1,3.0,2,3861.570132636489,5.0
36,21.8662797348822,1.0,1.0,2,2.0,2,2782.409605924007,5.0
42,23.7082558663888,1.0,2.0,1,2.0,2,1168.4987597453855,3.0
38,,,,2,,2,2969.563936953857,3.0
11,17.8275838382828,,,1,1.0,2,2129.742658377584,3.0
9,18.5718516785868,,,1,2.0,2,3377.4312330319403,3.0
60,28.2968315347021,3.0,,1,3.0,2,2435.7005490316405,5.0
70,27.0951505585013,2.0,2.0,1,4.0,2,2099.4533410618974,2.0
69,23.4766113278183,2.0,3.0,2,2.0,2,2098.8587227220983,2.0
27,22.4655130808985,1.0,1.0,1,4.0,2,3748.677028709956,4.0
43,23.2925204354762,3.0,1.0,1,9.0,2,,4.0
37,18.8112915136305,2.0,1.0,2,4.0,2,1269.7242187308557,4.0
13,17.4770014479409,,,2,2.0,2,2294.841584297177,4.0
9,18.5219065698878,,,2,2.0,2,2031.1251527789348,4.0
45,29.1252267467317,2.0,3.0,1,3.0,2,,5.0
40,23.5830995328632,1.0,1.0,2,3.0,2,1272.7146089626278,5.0
14,28.9671691005334,,,1,2.0,2,2562.939178950616,5.0
12,17.2334558823529,,,1,1.0,2,3698.139650288691,5.0
7,15.6505444909026,,,1,1.0,2,1032.4073477519887,5.0
35,29.608336537857,2.0,1.0,1,3.0,2,5559.938581053549,3.0
34,,,,2,,2,6886.446015362085,3.0
48,34.6486685154866,3.0,3.0,1,3.0,2,2695.223966649541,4.0
40,25.5493426985963,2.0,2.0,2,3.0,2,1104.8738652388704,4.0
14,30.1357591814935,,,1,2.0,2,3429.657136162172,4.0
8,25.3194595407749,,,1,4.0,2,2038.578658488677,4.0
56,17.9875821767714,3.0,2.0,2,3.0,2,1062.3238867846296,2.0
23,20.8703812914083,1.0,1.0,2,3.0,2,,2.0
54,29.1387909690782,3.0,2.0,1,3.0,2,2943.134515618857,5.0
53,,,,2,,2,1142.3934864203586,5.0
29,22.8459386866181,2.0,2.0,2,3.0,2,4207.002051851569,5.0
27,24.1327754051716,2.0,2.0,1,3.0,2,3325.2111207749135,5.0
33,25.8918211275276,3.0,1.0,1,4.0,2,1732.12,3.0
37,21.3925087190122,1.0,1.0,2,3.0,2,,3.0
6,15.795041322314,,,2,1.0,2,,3.0
2,17.048154466818,,,1,1.0,2,,3.0
40,23.7236074866711,1.0,1.0,2,3.0,2,1274.743629820618,5.0
8,21.4816757306769,,,2,2.0,2,1555.4675059018114,5.0
72,26.5565427185235,1.0,3.0,1,4.0,2,1776.2278543220598,2.0
66,23.9037692551663,3.0,1.0,2,3.0,2,1610.4005421938718,2.0
60,23.0829524922946,3.0,1.0,1,4.0,3,1581.6867995758128,3.0
80,24.045061394769,3.0,2.0,2,2.0,3,1185.820522791727,3.0
76,27.9160535570792,3.0,2.0,1,2.0,1,,4.0
65,24.4675413503766,2.0,2.0,2,1.0,1,586.109476935975,4.0
41,26.4546740784154,1.0,2.0,1,2.0,1,792.9957941076873,4.0
21,19.5504302734109,1.0,1.0,2,3.0,1,1572.79374403325,3.0
50,21.1231060177426,3.0,1.0,2,5.0,1,2445.8662508471084,2.0
80,26.104312834085,3.0,2.0,2,3.0,3,1498.223207587052,1.0
55,22.3773720014322,2.0,3.0,1,2.0,3,3467.8342911030663,1.0
50,22.264909427884,3.0,1.0,2,3.0,3,1620.8421348050597,2.0
18,22.3838395342223,,,1,2.0,3,1815.5286749260936,2.0
13,17.2656799422361,,,1,3.0,3,2748.20311978325,2.0
55,25.361427165129,2.0,2.0,1,3.0,3,1463.892185258588,5.0
51,21.3502360948692,1.0,1.0,2,2.0,3,1264.2165033487972,5.0
26,18.3351388351992,1.0,1.0,2,2.0,3,,5.0
25,17.681660899654,1.0,1.0,2,2.0,3,743.6367791290679,5.0
63,25.3244469728884,3.0,3.0,2,4.0,3,2835.7742044795928,4.0
53,21.55096968424,2.0,2.0,1,3.0,1,2012.0306390041503,3.0
53,26.0303757238069,3.0,2.0,2,2.0,1,1390.5835345594082,3.0
48,26.6488361726457,3.0,1.0,2,3.0,4,1303.3032960514656,3.0
6,14.6538167320254,,,1,2.0,4,1524.9475689687154,3.0
49,32.9006200803844,3.0,3.0,2,3.0,4,2363.17000499763,3.0
26,16.24463287628,2.0,1.0,2,4.0,4,1608.953947530463,3.0
28,25.6290047638052,1.0,2.0,2,2.0,4,2937.5032556526185,3.0
19,20.6872764872713,1.0,1.0,2,2.0,4,521.902,3.0
62,23.9760142984231,3.0,3.0,2,4.0,3,1944.0950207468788,3.0
56,21.5897014083479,1.0,1.0,1,3.0,3,,3.0
25,21.1321204420008,1.0,1.0,1,3.0,3,,3.0
55,21.1100108248583,2.0,1.0,1,2.0,3,2303.1167745743483,4.0
55,24.468190622885,3.0,2.0,2,3.0,3,1738.756050823588,4.0
29,23.9879162018053,1.0,1.0,1,3.0,3,3628.587097190153,4.0
25,,,,1,,3,2188.91304208847,4.0
52,33.3359731222497,1.0,2.0,2,3.0,3,1237.4801010999804,4.0
25,27.5707284054787,1.0,1.0,2,3.0,3,2139.5604210374995,4.0
23,31.964212835425,1.0,1.0,2,2.0,3,850.7852812932415,4.0
17,32.7282687652145,,,1,4.0,3,2184.9845624698355,4.0
47,25.0551975202432,1.0,2.0,2,3.0,3,2019.2091894435728,2.0
45,23.662035382252,3.0,2.0,1,4.0,3,3203.9567244291857,2.0
45,25.6130610086589,3.0,2.0,2,4.0,3,955.4486422975529,2.0
18,23.9347375046003,,,1,2.0,3,2424.3212836138296,2.0
15,20.9900284175591,,,1,2.0,3,1939.5169694300664,2.0
56,21.5665661201674,2.0,3.0,1,3.0,3,2593.081115177588,4.0
50,23.2634627263174,2.0,1.0,2,2.0,3,2134.7277350201,4.0
26,,,,2,,3,1085.196561345955,4.0
48,28.2448979591837,1.0,3.0,1,2.0,1,2301.87321188515,3.0
48,,,,2,,1,1310.9034436829756,3.0
17,30.0659250405157,,,1,3.0,1,3654.639834181722,3.0
75,22.8498750054822,3.0,2.0,2,4.0,1,1394.772564326296,3.0
33,22.9937436986292,1.0,,2,4.0,1,987.101292929293,3.0
36,27.9402209226771,1.0,2.0,1,3.0,1,1789.35476468629,3.0
3,14.1653635085303,,,1,1.0,1,822.7229123589764,3.0
65,19.718658195442,2.0,1.0,1,3.0,1,,3.0
63,23.7164008207779,1.0,1.0,2,2.0,1,2292.624127588908,3.0
33,19.1457775869382,1.0,1.0,1,2.0,1,2493.8910453483786,3.0
45,,,,1,,2,2284.6115524314614,5.0
43,24.3870665576938,1.0,1.0,2,3.0,2,1925.0367601443072,5.0
13,,,,2,,2,523.1478021349837,5.0
10,17.248236621456,,,2,2.0,2,1013.2283550383478,5.0
74,18.0454386434103,2.0,2.0,1,5.0,2,1189.65969249433,3.0
71,25.9092185288476,3.0,2.0,2,3.0,2,1374.812134431725,3.0
47,26.3075043712876,1.0,1.0,1,2.0,2,1278.961274917738,3.0
28,19.0970809202429,1.0,1.0,2,3.0,2,865.3193188425497,3.0
2,,,,2,2.0,2,930.8187646320446,3.0
59,21.216989602048,3.0,1.0,1,2.0,2,,4.0
58,23.7866314123751,2.0,1.0,2,2.0,2,1697.737998505053,4.0
43,20.0248322920296,2.0,1.0,2,3.0,2,,4.0
11,20.2579269627814,,,2,2.0,2,,4.0
8,15.0934667264237,,,2,3.0,2,,4.0
48,23.3950448560771,2.0,3.0,1,9.0,2,2743.2057701202893,1.0
80,18.7462804999008,3.0,2.0,2,5.0,2,209.30384106817831,1.0
77,25.6184034245009,3.0,3.0,2,4.0,2,1584.652963394378,3.0
46,22.5613911215836,1.0,2.0,1,3.0,2,4777.425066326986,5.0
41,21.7314158826596,1.0,1.0,2,3.0,2,1806.7966567200083,5.0
9,15.2537722908093,,,2,2.0,2,1812.936900848094,5.0
5,15.3788802814829,,,2,2.0,2,1167.1051723600708,5.0
38,24.2003221410278,2.0,2.0,1,2.0,2,1920.917066206118,5.0
36,16.813899779756,2.0,1.0,2,3.0,2,1951.3922075728128,5.0
7,14.2037402333362,,,1,2.0,2,1088.976111998312,5.0
2,15.334956207898,,,1,2.0,2,830.800302662897,5.0
59,26.9964341731203,3.0,1.0,1,3.0,2,,4.0
57,22.1136870554559,1.0,2.0,2,3.0,2,,4.0
60,,,,1,,2,3259.0371322207284,5.0
61,21.757820221989,1.0,2.0,2,3.0,2,1907.8297173391256,5.0
64,20.8719851576994,2.0,1.0,2,2.0,2,1345.0994,2.0
55,21.5349543125122,3.0,1.0,1,3.0,2,,5.0
55,18.312795141565,2.0,1.0,2,2.0,2,1854.754827012165,5.0
25,23.9389897746315,1.0,1.0,1,2.0,2,2886.178010907769,5.0
36,27.5455596206382,2.0,,1,2.0,2,,3.0
35,20.2581985616298,1.0,1.0,2,3.0,2,1508.7767932799068,3.0
7,15.3324037633832,,,2,3.0,2,1466.2747246775125,3.0
4,16.1868424095271,,,1,1.0,2,1465.1538214517057,3.0
63,26.6684353024801,1.0,3.0,1,2.0,2,2649.570082033405,4.0
60,31.8499378274838,1.0,3.0,2,4.0,2,2433.7113735299276,4.0
47,24.1683477710534,2.0,1.0,2,2.0,2,1649.4659622380896,4.0
20,15.5097954614236,1.0,1.0,1,2.0,2,1729.35331890503,4.0
17,16.9538984121072,,,1,3.0,2,2123.8658206860628,4.0
51,25.5836732307063,3.0,1.0,1,4.0,2,2352.1414959518443,5.0
46,22.51358899765,1.0,2.0,2,3.0,2,2858.1269010298643,5.0
16,16.9315929478017,,,2,3.0,2,2175.247695871731,5.0
69,19.5217961217912,1.0,3.0,1,1.0,2,2436.2046041378157,5.0
62,27.6795005202914,2.0,2.0,2,2.0,2,1077.108962110102,5.0
33,29.2726107261683,2.0,1.0,1,2.0,2,929.474206522568,5.0
30,18.3250037331949,1.0,1.0,2,2.0,2,1973.8828106286555,5.0
35,,,,1,,2,3743.58264005459,4.0
32,18.4284167755054,1.0,1.0,2,3.0,2,2484.404390204909,4.0
3,14.0238496954445,,,2,3.0,2,843.8892540735596,4.0
47,25.6568971395403,3.0,3.0,1,4.0,2,2461.210568460129,5.0
42,19.8788474605676,1.0,1.0,2,3.0,2,895.4694079504213,5.0
12,14.3697320104688,,,1,1.0,2,2976.969333002384,5.0
10,16.4067030920912,,,1,3.0,2,1200.819186687457,5.0
48,27.3226003083653,3.0,2.0,1,3.0,2,1571.5451718064942,5.0
46,19.0575328694988,1.0,1.0,2,2.0,2,1754.8799138850866,5.0
17,20.3323200483978,,,2,3.0,2,1229.5504097631328,5.0
13,22.3154898623917,,,2,2.0,2,1374.8934764668966,5.0
55,21.0490360140766,3.0,2.0,2,4.0,3,1876.140398418523,4.0
24,20.4413600221893,1.0,1.0,1,9.0,3,2617.176422128333,4.0
33,20.0783301741507,1.0,1.0,2,2.0,3,1753.6228119900277,4.0
39,23.82240078292,1.0,1.0,1,2.0,3,3025.69490253451,4.0
3,14.7739923479901,,,2,2.0,3,985.7349614524848,4.0
46,24.4716469304914,1.0,1.0,1,2.0,3,1655.9117502102197,5.0
41,22.0997488810749,1.0,2.0,2,2.0,3,1006.1326355216778,5.0
12,24.2869059244792,,,1,2.0,3,1654.2022889540813,5.0
7,15.7283032196113,,,2,2.0,3,1033.3068076025208,5.0
74,24.0090448619916,3.0,1.0,1,3.0,3,1267.6828580644462,1.0
72,30.8834675813517,3.0,2.0,2,3.0,3,1488.1681086933932,1.0
39,19.8647411206215,1.0,1.0,2,1.0,3,2066.120508496286,4.0
2,17.4788878601689,,,2,2.0,3,1743.1737517523352,4.0
2,16.3692211578509,,,2,2.0,3,1571.5805719770542,4.0
80,26.1949374151357,3.0,2.0,2,2.0,3,871.6559795498495,2.0
47,20.2387506585919,1.0,1.0,2,3.0,3,1955.080638111775,2.0
19,21.9853810324964,1.0,1.0,2,3.0,3,1644.259992494728,2.0
14,18.9196859332135,,,1,2.0,3,1791.5342725559728,2.0
57,30.3662018429566,3.0,2.0,2,3.0,1,1000.5336377221066,1.0
52,27.6601092612,3.0,3.0,2,2.0,1,1275.693968336998,4.0
52,27.4349428499805,2.0,1.0,1,2.0,1,3922.3589423675585,4.0
25,20.8392921273073,1.0,1.0,2,2.0,1,2294.12821765875,4.0
22,26.2380024038323,2.0,1.0,2,3.0,1,1735.931527401989,4.0
68,22.5719970127658,3.0,3.0,1,3.0,1,1376.7923967190495,3.0
61,26.7394485977612,3.0,2.0,2,3.0,1,1727.1950039064425,3.0
53,18.3736687891383,1.0,1.0,1,3.0,3,,3.0
49,25.7006271654752,2.0,1.0,2,3.0,3,,3.0
48,22.5895514360501,1.0,,2,2.0,1,,4.0
33,29.2675452578986,3.0,1.0,1,3.0,1,2314.2234999999996,1.0
58,32.3574611646265,2.0,3.0,2,3.0,1,1100.0097518108305,4.0
58,27.1545462021326,1.0,2.0,2,3.0,3,701.2533487446515,3.0
25,22.9884986440185,1.0,1.0,1,9.0,3,1847.5178414895663,3.0
25,22.125591908534,3.0,1.0,2,9.0,3,1500.443363487292,3.0
59,28.3130663256744,3.0,2.0,1,2.0,3,,5.0
58,26.9836986714497,3.0,3.0,2,3.0,3,2866.10517429907,5.0
27,22.5715274191521,1.0,1.0,2,3.0,3,754.3952310364795,5.0
22,23.6846083275995,2.0,2.0,1,1.0,3,2872.3261828227805,5.0
25,23.6507260772906,1.0,2.0,2,3.0,3,,5.0
36,30.8997412146673,2.0,1.0,2,3.0,3,2314.188277245681,5.0
62,25.858055330773,3.0,3.0,1,2.0,3,1468.0406299062906,5.0
62,26.6663723358462,3.0,2.0,2,2.0,3,1579.6882742229511,5.0
40,24.9829348260312,2.0,2.0,1,3.0,3,983.7477347852156,4.0
35,27.9028569234735,2.0,3.0,2,3.0,3,555.383,4.0
38,27.988373593182,1.0,2.0,1,3.0,2,2943.851493839545,3.0
36,22.9132996297132,1.0,1.0,2,2.0,2,1135.1966937623035,3.0
3,15.0519031141869,,,1,1.0,2,1269.123595712298,3.0
1,16.7350800745715,,,2,1.0,2,946.9029717061504,3.0
49,20.5809947401481,1.0,2.0,2,1.0,2,1934.2709741787623,4.0
21,19.279076426489,1.0,1.0,2,3.0,2,1732.6094147772546,4.0
19,19.274838573227,1.0,1.0,2,2.0,2,998.3623782090474,4.0
16,21.2023755587942,,,1,2.0,2,3057.3524314147594,4.0
46,24.0236573297373,1.0,1.0,1,2.0,2,,5.0
45,22.2206159126382,1.0,1.0,2,3.0,2,,5.0
14,18.833388769238,,,2,3.0,2,,5.0
12,17.5531603667369,,,1,2.0,2,,5.0
32,21.6310106319498,1.0,1.0,1,3.0,2,2341.354775076223,3.0
32,19.2378698224852,1.0,1.0,2,2.0,2,1614.9349316576174,3.0
3,17.1037687520587,,,2,2.0,2,1437.4773450335,3.0
49,23.7440161249685,1.0,1.0,2,3.0,2,1701.105029415906,5.0
19,,,,1,,2,1975.3141187015628,5.0
53,,,,1,,2,1586.5500673054516,5.0
52,24.8985585774187,2.0,,2,5.0,2,1650.1640952835664,5.0
18,,,,2,,2,1444.1821245661006,5.0
41,22.0865660537783,1.0,1.0,2,2.0,2,1630.7624245641298,3.0
11,18.5327128696346,,,2,2.0,2,2506.5217834877567,3.0
9,18.0760354334517,,,1,2.0,2,1729.25231644894,3.0
41,20.9808893091302,2.0,1.0,1,1.0,2,1641.5661540510534,1.0
37,21.2914306351713,2.0,2.0,2,3.0,2,1106.8211154308588,1.0
10,22.0677386570978,,,1,1.0,2,2425.5969350132027,1.0
53,20.6898639154261,3.0,3.0,2,3.0,2,,3.0
49,26.5771463536284,3.0,2.0,1,3.0,2,2045.4420920428088,4.0
49,26.0740058117791,3.0,2.0,2,2.0,2,1151.7449130085126,4.0
19,18.415165654797,3.0,1.0,2,3.0,2,1476.8318934725426,4.0
36,23.3783929147693,1.0,2.0,1,2.0,2,1759.1855601415202,5.0
35,20.5534237949015,1.0,1.0,2,3.0,2,1520.4909621592326,5.0
2,14.4241441180006,,,1,2.0,2,838.7623505103361,5.0
51,21.95056732239,1.0,2.0,1,2.0,2,2095.733189587074,4.0
47,22.698863813036,1.0,2.0,2,3.0,2,1056.840782644363,4.0
20,22.7794485285018,1.0,1.0,2,3.0,2,3754.706744971508,4.0
13,21.2164306630567,,,1,3.0,2,2579.9073614095896,4.0
73,28.7640192532055,3.0,2.0,1,1.0,2,,2.0
34,20.885975763474,1.0,1.0,2,2.0,2,1419.009151190607,5.0
60,19.7268431881391,3.0,1.0,2,3.0,2,1799.9263332983332,5.0
55,22.4101852338544,2.0,2.0,1,2.0,2,2328.1297145513463,2.0
50,22.1825194283627,1.0,1.0,2,2.0,2,1763.464745262175,2.0
17,20.0111932528113,,,2,2.0,2,1519.220766202002,2.0
11,16.1260415351597,,,1,2.0,2,1604.4846967548622,2.0
50,24.4200145632087,1.0,2.0,2,2.0,2,1921.5361364120463,5.0
46,23.9012402166434,1.0,1.0,2,3.0,2,1421.392497727997,2.0
49,22.7187841932497,1.0,1.0,1,2.0,2,,2.0
19,21.9765533933729,2.0,1.0,1,3.0,2,2739.1060384615384,2.0
15,16.468355421659,,,2,3.0,2,1104.131711538461,2.0
23,34.742316073843,2.0,1.0,1,4.0,2,1123.3207545268765,4.0
17,,,,2,,2,1406.2018151955813,4.0
53,22.5369414849323,2.0,2.0,1,2.0,2,,3.0
46,22.3395794797559,2.0,1.0,2,3.0,2,1744.3142520603226,3.0
19,21.0512380993973,2.0,1.0,1,3.0,2,2154.609800701949,3.0
18,20.5671077504726,,,1,2.0,2,2592.4195433134146,3.0
16,21.2738690247341,,,2,3.0,2,1460.6308762641445,3.0
46,25.5799149683582,1.0,2.0,1,3.0,2,1947.772277233854,3.0
47,19.1300403328716,2.0,1.0,2,3.0,2,1890.5332219195016,3.0
21,24.170480093681,2.0,1.0,1,2.0,2,1868.003999523137,3.0
27,29.5260859772887,2.0,2.0,1,4.0,2,,3.0
28,21.5269472628371,1.0,1.0,2,3.0,2,,3.0
65,26.7455363623167,3.0,2.0,2,3.0,2,1673.5138839538604,3.0
44,24.6305092556422,1.0,2.0,2,3.0,2,2485.492074889243,3.0
58,20.1601489089355,1.0,1.0,1,1.0,2,3007.121900848396,2.0
56,21.3872543085693,2.0,2.0,2,3.0,2,1459.9395005344604,2.0
55,22.7254281308335,2.0,2.0,1,4.0,2,1039.585501130582,4.0
56,26.2107240754801,1.0,2.0,2,4.0,2,2196.232046719895,4.0
21,31.9685421544731,2.0,1.0,1,3.0,2,,4.0
30,19.2018732079805,2.0,2.0,1,3.0,2,3520.3104856399996,3.0
53,23.8539841071806,3.0,2.0,2,3.0,2,1841.9025113317205,5.0
21,27.7782181299891,1.0,1.0,1,3.0,2,2176.35891168792,5.0
60,31.2695305990872,3.0,2.0,2,2.0,2,2012.9674071205309,3.0
80,18.5856734713284,3.0,3.0,2,5.0,2,1512.7575667643698,1.0
62,21.7722248861236,2.0,2.0,2,2.0,2,996.405540101906,2.0
73,,3.0,1.0,2,4.0,2,271.1659011593855,1.0
71,19.5359989430884,2.0,1.0,2,2.0,2,1848.8025621461957,1.0
80,27.6156020764118,3.0,,1,4.0,2,1934.157586552119,1.0
79,22.3898326940483,3.0,,2,9.0,2,914.4300770734836,1.0
36,26.6682312028972,1.0,2.0,1,3.0,2,4221.990874347112,3.0
39,30.787586202715,2.0,3.0,2,4.0,2,1670.0935251614603,3.0
9,16.9766435986159,,,1,1.0,2,2148.1833107806287,3.0
6,16.5152934080411,,,1,1.0,2,1912.981613872449,3.0
56,23.9433878165887,3.0,2.0,1,3.0,2,2683.063532181403,5.0
52,22.7229866320796,2.0,2.0,2,2.0,2,1877.310987512617,5.0
25,18.6249184684692,1.0,1.0,2,3.0,2,2933.0201396415164,5.0
22,28.5383608250721,1.0,1.0,1,3.0,2,,5.0
58,27.1526627218935,3.0,2.0,1,3.0,2,2558.1380593349713,5.0
55,24.4982290436836,2.0,1.0,2,3.0,2,1100.6612545239643,5.0
25,21.737552733532,2.0,1.0,1,4.0,2,1980.840868120012,5.0
58,25.5066412139419,3.0,3.0,1,4.0,2,,5.0
50,32.8644303257366,3.0,2.0,2,2.0,2,,5.0
24,29.6610558074914,2.0,1.0,1,4.0,2,,5.0
21,35.0768110242527,3.0,2.0,1,4.0,2,,5.0
57,24.1431284466311,1.0,1.0,2,2.0,2,950.4684734211304,3.0
48,20.6611570247934,2.0,1.0,2,3.0,2,2250.3973520315803,3.0
53,25.3891803809172,1.0,2.0,1,2.0,2,1777.331671319217,3.0
16,21.8829418388496,,,1,2.0,2,3479.9159710496906,3.0
13,17.2771485902799,,,1,1.0,2,2528.523054882869,3.0
49,26.2135674761366,3.0,1.0,1,3.0,2,1949.3588591109328,5.0
42,35.3128317828479,3.0,2.0,2,4.0,2,1093.2388313857657,5.0
15,32.7217797062212,,,1,2.0,2,3310.836041204638,5.0
12,26.8122754471931,,,1,3.0,2,1659.5652712065184,5.0
53,26.3399420806416,3.0,2.0,1,3.0,2,,4.0
49,22.0351122768689,1.0,2.0,2,2.0,2,3717.2379619520607,4.0
21,21.6185986467127,1.0,,1,2.0,2,,4.0
45,22.9767169268475,1.0,1.0,2,3.0,2,1899.5649050596433,4.0
48,26.4111296159413,2.0,2.0,1,3.0,2,5461.232223872861,4.0
16,24.3517309991694,,,2,3.0,2,1188.3854344797874,4.0
13,21.1503770616319,,,2,3.0,2,2041.852547625435,4.0
11,23.7686661959691,,,1,1.0,2,1226.6921859651634,4.0
53,21.2969820384338,2.0,2.0,2,1.0,2,,5.0
57,27.8452154088461,3.0,2.0,1,1.0,2,,5.0
57,22.4669847071587,1.0,,2,2.0,2,1792.000489150119,2.0
64,28.834976826891,3.0,2.0,1,2.0,2,2126.6007680058615,2.0
28,26.6403288850797,1.0,1.0,1,2.0,2,,5.0
26,20.0558454238469,2.0,1.0,2,2.0,2,,5.0
56,,,2.0,1,9.0,2,,2.0
41,,,,2,,2,1870.38133316135,3.0
41,21.9812351114971,2.0,3.0,1,3.0,2,4114.048696092708,3.0
70,27.7697420890198,3.0,1.0,2,4.0,2,1053.9324938656114,4.0
46,21.817147449396,2.0,3.0,1,2.0,2,,4.0
76,20.1474439268252,3.0,2.0,2,3.0,2,631.8423638500526,3.0
71,22.3087370599843,2.0,3.0,1,3.0,2,1738.5727174817705,1.0
47,23.7873539832991,2.0,2.0,1,1.0,2,2194.378955851,5.0
43,21.6476864676311,2.0,1.0,2,2.0,2,1613.5288563545398,5.0
17,24.6739240074177,,,1,2.0,2,1081.5435642030593,5.0
29,22.6371227770585,3.0,1.0,1,2.0,2,2905.0095685736246,5.0
36,24.5092662165646,1.0,1.0,1,2.0,2,2083.325498468321,3.0
34,24.5501820377677,1.0,1.0,2,2.0,2,1777.0427040021823,3.0
7,16.0798617131893,,,2,2.0,2,1872.004852644903,3.0
4,15.9001318295949,,,1,3.0,2,1770.4601105391052,3.0
42,30.4660602805343,2.0,1.0,1,2.0,2,,4.0
42,21.1603570329332,1.0,1.0,2,3.0,2,1462.6857508773828,4.0
55,24.5493867889947,1.0,1.0,2,4.0,2,,4.0
62,27.3107738764355,3.0,2.0,1,1.0,2,1859.161650836834,4.0
30,23.1856562108057,1.0,1.0,1,2.0,2,2233.4909521038776,3.0
5,14.2602040816326,,,1,2.0,2,1535.5898553250695,3.0
57,24.2324175357234,1.0,,2,9.0,2,,3.0
47,24.5917361929697,2.0,1.0,2,1.0,2,789.6813619253387,5.0
47,25.4878014479433,3.0,2.0,1,2.0,2,1469.2816732961478,5.0
18,31.2004397347174,,,1,3.0,2,1810.001257983828,5.0
17,28.6218700193935,,,1,4.0,2,1590.2133594598868,5.0
66,26.0034402551458,3.0,2.0,1,1.0,2,1975.790750912101,1.0
51,29.8269896193772,3.0,2.0,1,2.0,2,2195.8472585717436,4.0
49,26.3056079252341,1.0,2.0,2,2.0,2,1193.949598922684,4.0
41,28.9349254961568,3.0,3.0,1,9.0,2,2935.585147087143,4.0
37,30.5623471882641,1.0,1.0,2,2.0,2,1008.90571398544,4.0
3,18.9410063492298,,,1,2.0,2,813.0401005658119,4.0
43,25.0285712786156,1.0,2.0,1,1.0,2,3114.6118942402054,2.0
41,22.7083378867317,3.0,2.0,2,3.0,2,565.7375875846337,2.0
14,26.6233546414204,,,1,2.0,2,2371.979033143837,2.0
11,19.0068722887256,,,2,1.0,2,1866.35392022449,2.0
60,21.6029289376896,3.0,3.0,2,9.0,2,968.4732328886136,2.0
26,,,,2,,2,977.1438791433012,2.0
43,30.090014154022,,2.0,1,3.0,2,1572.9047306417444,4.0
44,23.291699420619,1.0,2.0,2,4.0,2,1566.8308922375356,4.0
7,21.097534018292,,,2,3.0,2,1444.9184417973456,4.0
4,15.240971095487,,,2,4.0,2,822.0732076531419,4.0
12,19.0762464516287,,,2,3.0,2,,2.0
9,26.8710999910273,,,1,,2,,2.0
74,26.4331360946746,3.0,2.0,1,2.0,1,1251.5180909090907,2.0
76,22.8042916870516,3.0,2.0,2,3.0,1,1056.9197499999998,2.0
49,22.978818551612,2.0,1.0,1,2.0,1,3016.246485150489,2.0
72,35.8224318606171,3.0,2.0,1,2.0,1,,2.0
70,27.1349679739541,2.0,3.0,2,3.0,1,1506.806732203307,2.0
53,27.8819197223211,3.0,,1,9.0,1,,2.0
55,18.1363916536668,3.0,,2,1.0,1,,2.0
73,20.4673099614525,3.0,,1,3.0,1,1319.661010847189,1.0
60,,,,1,,1,1945.3575364564713,2.0
60,19.0507649740648,3.0,1.0,2,2.0,1,1977.7942006649089,2.0
59,25.3569303985723,3.0,2.0,1,3.0,1,,3.0
56,26.1412279841846,3.0,2.0,2,3.0,1,,3.0
80,25.8563244694361,3.0,2.0,2,9.0,1,696.987192473665,2.0
76,18.4866935811589,2.0,3.0,2,4.0,1,1138.2654965509114,3.0
49,,,,1,,1,1172.9235468152322,3.0
62,21.478002079673,3.0,2.0,1,3.0,1,2201.184273120073,1.0
60,,,,2,,1,1425.802963144046,1.0
75,16.6494577513296,2.0,2.0,1,4.0,1,1337.0378792951208,1.0
76,23.7708872417876,3.0,2.0,2,5.0,1,1429.4286907704236,1.0
78,26.2886306467235,3.0,2.0,1,3.0,1,1800.4680621103137,1.0
71,29.8852550130822,3.0,1.0,2,3.0,1,1503.3896263843285,1.0
63,26.3945958285275,3.0,3.0,1,3.0,1,2045.8142302790936,1.0
67,,3.0,,2,9.0,1,677.6079079600436,1.0
77,29.9820061622986,3.0,3.0,2,3.0,1,1949.129378000517,1.0
61,22.8619781587475,3.0,1.0,2,5.0,1,1292.0917259332273,2.0
80,22.8062125484547,3.0,1.0,1,3.0,1,1473.85719468683,1.0
78,24.0444444444444,2.0,1.0,2,5.0,1,628.7874280905487,2.0
80,23.4897426692249,3.0,2.0,2,3.0,1,561.2140294644807,1.0
71,23.160715638494,3.0,3.0,2,4.0,1,1079.6282484081669,1.0
57,21.4374186172071,2.0,2.0,1,4.0,1,1526.057476460786,3.0
55,22.0356813358171,3.0,1.0,2,2.0,1,1256.1412634253363,3.0
23,23.5980082730627,2.0,1.0,2,2.0,1,1035.0084247917748,3.0
41,29.6807325903174,1.0,1.0,2,2.0,2,3244.1847658827364,3.0
45,28.9941013076995,3.0,1.0,1,2.0,2,3148.8267698703003,3.0
13,20.7868594089191,,,2,2.0,2,1842.112542367293,3.0
5,15.351110874314,,,1,1.0,2,1368.7250588926736,3.0
49,20.9030035314256,1.0,1.0,1,3.0,2,,2.0
46,24.5411764416197,1.0,1.0,2,3.0,2,1583.932112089765,2.0
10,18.430660838882,,,1,2.0,2,1332.9902155010222,2.0
6,14.4168409421017,,,2,2.0,2,1184.207195140182,2.0
45,21.9587176108915,1.0,2.0,2,2.0,2,2064.4519590821656,5.0
52,20.4041743117297,2.0,1.0,1,2.0,2,,5.0
37,24.3321678363079,1.0,1.0,1,3.0,2,6021.859052773388,5.0
34,22.7839088643645,1.0,1.0,2,3.0,2,2806.415472668058,5.0
2,15.1772345595051,,,1,2.0,2,770.9435878830832,5.0
39,26.1211597653549,2.0,1.0,1,2.0,2,1470.4385649279393,5.0
38,24.8423022868357,1.0,1.0,2,3.0,2,1712.8396409475754,5.0
1,,,,2,2.0,2,817.8424147319005,5.0
41,33.3885855695022,3.0,3.0,1,3.0,2,5711.734525615822,3.0
38,32.2978231965917,3.0,2.0,2,4.0,2,1263.5757651278973,3.0
5,18.5772131229321,,,1,3.0,2,893.7010517521012,3.0
3,16.3166526058436,,,2,3.0,2,1390.4897382860834,3.0
54,22.7982074869055,1.0,2.0,1,3.0,2,,2.0
50,20.2458956048001,1.0,2.0,2,3.0,2,1391.9920092848165,2.0
18,19.243961061743,,,1,1.0,2,,2.0
33,22.4649123989381,2.0,2.0,1,2.0,2,1606.2717826033404,5.0
32,21.3782980164854,1.0,1.0,2,3.0,2,1412.3413315556304,5.0
39,24.7104887256402,1.0,1.0,2,3.0,2,3035.5414722889072,2.0
4,15.2830182111829,,,1,2.0,2,1980.008140018721,2.0
3,16.1198865114464,,,1,3.0,2,1622.0036334160814,2.0
43,23.8697204045211,1.0,1.0,2,3.0,2,1803.9899374506892,4.0
7,16.7935409457901,,,2,1.0,2,1584.097565724068,4.0
42,19.162947114105,1.0,2.0,1,3.0,2,2078.187750878903,2.0
36,24.8907518372535,1.0,1.0,2,3.0,2,1387.8923450428842,2.0
12,14.6276336389475,,,1,2.0,2,3173.4089876190765,2.0
9,14.1923470735896,,,1,2.0,2,2869.543789569417,2.0
7,14.5442781518436,,,1,3.0,2,2404.0482016139704,2.0
41,22.5834110705439,1.0,1.0,2,2.0,2,,3.0
16,23.7709553431932,,,2,3.0,2,,3.0
41,26.112861792816,3.0,3.0,1,3.0,2,2053.1987463993946,5.0
40,21.7822229647606,1.0,1.0,2,3.0,2,2969.1365535131713,5.0
13,17.9903575899808,,,2,2.0,2,2513.8937790955342,5.0
10,24.8075711175194,,,1,2.0,2,2428.241006530748,5.0
6,19.0188753810832,,,2,2.0,2,1681.9747958826742,5.0
52,22.8461741126877,1.0,2.0,2,3.0,2,1816.1783066348191,4.0
41,36.4797051569847,3.0,2.0,1,2.0,2,3227.9396289652873,4.0
41,24.0383026810555,2.0,1.0,2,2.0,2,1641.3413367793205,4.0
13,22.5376576258988,,,1,2.0,2,2529.627695682944,4.0
6,15.5808057937515,,,2,2.0,2,1236.365236946205,4.0
53,25.4746274467501,2.0,2.0,1,3.0,2,,4.0
47,20.8708366571704,2.0,1.0,2,2.0,2,2904.2670001190236,4.0
51,27.0504923261834,2.0,1.0,1,3.0,2,,4.0
46,28.038478765992,1.0,1.0,2,3.0,2,2442.772575656214,4.0
48,20.0627563017118,2.0,1.0,1,3.0,2,1737.648708464126,5.0
46,23.997056558874,2.0,2.0,2,3.0,2,1690.9169243845574,5.0
10,20.9684661962609,,,1,2.0,2,1912.5818089268903,5.0
45,26.2373192223785,2.0,2.0,1,4.0,2,2275.4722440349565,5.0
28,33.5428288962644,3.0,2.0,1,4.0,2,3185.341057996995,3.0
23,27.908220093562,2.0,1.0,2,3.0,2,,3.0
45,23.6347199035677,1.0,1.0,1,2.0,2,1922.2377299655311,4.0
38,22.526988303599,1.0,,2,2.0,2,1002.5508430216856,4.0
11,19.2865515605292,,,1,1.0,2,1852.130103725839,4.0
9,23.2094501302334,,,2,1.0,2,1450.5343456051796,4.0
41,25.8864913643149,2.0,2.0,1,3.0,2,,3.0
41,24.9878567136502,1.0,3.0,2,3.0,2,1562.525393277293,3.0
3,15.8205058961203,,,1,2.0,2,1529.3334883705193,3.0
45,24.850660485801,2.0,2.0,2,3.0,2,943.6607342343436,5.0
23,22.36817414149,2.0,1.0,1,2.0,1,,2.0
19,35.0406665344178,1.0,1.0,1,2.0,1,2699.219473684533,1.0
80,21.2262065034738,3.0,2.0,1,3.0,1,1687.6030577854128,1.0
73,26.7824834536837,3.0,2.0,2,3.0,1,1323.1025218848083,1.0
22,25.4450499138179,1.0,2.0,1,3.0,1,1027.2494146833765,1.0
80,23.8482148983564,3.0,2.0,1,3.0,1,2130.8676741987524,2.0
78,19.4622542431386,1.0,2.0,2,1.0,1,1477.5905972723244,2.0
24,20.5969284556128,1.0,1.0,1,2.0,1,,1.0
19,19.465002749844,1.0,1.0,1,1.0,1,,1.0
26,25.2713461132395,1.0,,1,2.0,1,748.9684210775,1.0
24,30.4649322345268,3.0,,1,3.0,1,1922.7066539715072,1.0
23,17.4857981200635,1.0,1.0,2,3.0,1,1272.2705516145322,1.0
22,23.8955736380425,2.0,1.0,1,3.0,1,2329.285420045828,1.0
23,25.5719057308492,3.0,1.0,1,3.0,1,1892.8559597695703,2.0
21,24.6473168314714,2.0,1.0,2,1.0,1,2900.209077108492,1.0
23,25.5800054480329,2.0,1.0,1,2.0,1,1841.8713628991045,1.0
26,29.9569091306015,1.0,1.0,1,4.0,1,2955.80003402356,2.0
26,20.6610280578009,2.0,1.0,1,3.0,1,2353.4436700506844,2.0
20,20.0145804541409,2.0,1.0,2,4.0,1,1634.2994150132067,1.0
23,25.3958357348746,2.0,,1,2.0,1,,2.0
23,32.9163828591112,2.0,2.0,1,2.0,1,,1.0
22,19.5608313912222,2.0,1.0,1,2.0,1,370.371,1.0
23,18.8205629389103,1.0,1.0,1,2.0,1,1764.4355462594672,1.0
24,19.6358165831789,2.0,1.0,1,1.0,1,4370.42908015454,1.0
60,25.4073109537269,2.0,3.0,1,4.0,1,3290.2695655207467,4.0
64,22.888700489452,1.0,2.0,2,3.0,1,1125.9856457615824,4.0
23,22.2725464890707,1.0,1.0,1,4.0,1,1499.2589999999998,1.0
21,21.5540725412388,1.0,1.0,1,2.0,1,,1.0
23,20.8100497676056,1.0,1.0,1,2.0,1,,1.0
25,24.5072668883284,1.0,1.0,1,9.0,1,,5.0
67,26.6482244034287,3.0,1.0,1,3.0,1,1692.4492958573142,3.0
60,,,,2,,1,1387.8057209194424,3.0
73,32.2345604139895,3.0,3.0,2,3.0,1,1915.3535017147271,2.0
76,25.8686256081599,3.0,3.0,1,4.0,1,2298.254136260175,2.0
66,24.0177678529553,3.0,2.0,1,3.0,1,2599.0677796940345,3.0
62,20.650744181254,2.0,1.0,2,4.0,1,1996.2208505395315,3.0
63,23.864000044459,2.0,1.0,1,9.0,1,2840.0850286999876,3.0
57,25.7191057730056,3.0,2.0,2,2.0,1,986.0318070240118,3.0
65,26.7857142857143,3.0,2.0,1,3.0,1,1689.5850758492732,2.0
64,24.331507430468,3.0,2.0,2,3.0,1,1581.102389266966,2.0
72,24.396498497139,3.0,2.0,1,3.0,1,4546.798925410161,2.0
80,26.8802728614718,3.0,1.0,2,4.0,1,1288.7538580501498,1.0
78,24.999584690854,2.0,1.0,1,3.0,1,1325.1384572470029,1.0
77,21.808623588896,3.0,3.0,2,3.0,1,1049.6036834475387,1.0
71,24.2707530447001,3.0,2.0,1,4.0,3,1137.4567090851735,3.0
66,,,,2,,3,1776.2872598291474,3.0
70,26.9629251706172,3.0,1.0,2,3.0,1,1547.670917528177,3.0
53,25.8477682188187,1.0,1.0,2,2.0,1,1850.80571002796,3.0
56,29.2387777176852,3.0,3.0,1,3.0,1,,3.0
80,21.0948384691361,3.0,2.0,1,2.0,1,1073.737176042113,4.0
71,26.0155127836828,3.0,3.0,2,5.0,1,1241.5082214988236,4.0
35,28.8396454595321,1.0,1.0,2,3.0,1,1340.2396979005268,4.0
14,20.443188029343,,,1,3.0,1,2847.049802067194,4.0
12,25.8197043440227,,,2,2.0,1,1800.6584134275552,4.0
6,15.5274710565109,,,1,2.0,1,1002.059879942068,4.0
70,24.3083900226757,3.0,1.0,1,3.0,1,1237.4385482279822,3.0
78,23.4800169278857,3.0,1.0,2,5.0,1,673.6082050761266,1.0
75,22.421875,2.0,2.0,1,3.0,1,1133.1508786623356,2.0
63,24.293186209395,3.0,,2,3.0,1,1376.9036732077452,2.0
78,26.5378239199267,3.0,2.0,1,3.0,1,2178.2792637409,2.0
79,28.5862655531853,3.0,2.0,2,3.0,1,836.4164322277123,2.0
77,23.1646152282686,3.0,2.0,1,3.0,1,2026.5527539331745,1.0
72,22.4888888888889,3.0,1.0,2,3.0,1,1127.546971418083,1.0
80,20.4816164206147,3.0,1.0,1,3.0,1,1835.92941438352,1.0
70,19.4494335467701,2.0,1.0,2,4.0,1,1262.8481715039452,1.0
80,24.1888816017901,3.0,2.0,1,3.0,1,921.6365191199176,1.0
56,26.9714285714286,3.0,3.0,1,3.0,1,,3.0
52,23.2900112057804,3.0,2.0,2,3.0,1,,3.0
16,23.5996035765402,,,1,3.0,1,,3.0
77,26.6245712155749,2.0,2.0,2,3.0,1,2542.4947831183613,1.0
60,27.578282102844,3.0,3.0,1,3.0,1,1280.0861482913945,5.0
53,22.5259720618219,2.0,2.0,2,3.0,1,950.250208326202,5.0
23,20.7351396765385,2.0,1.0,1,3.0,1,3454.413318162239,5.0
72,24.7421124281589,2.0,2.0,1,1.0,1,1455.9625669185973,3.0
73,21.9124086296892,1.0,1.0,2,3.0,1,2303.508626277194,3.0
80,20.5366830348654,3.0,1.0,2,3.0,2,1241.4198621004743,1.0
77,19.9933429163917,3.0,2.0,1,3.0,2,2075.819717852489,1.0
53,,,,1,,2,2115.125047742375,5.0
24,20.1846153846154,2.0,1.0,1,2.0,2,1566.170763919156,5.0
77,25.3533542487671,1.0,2.0,1,3.0,2,,1.0
73,23.4110530216533,3.0,3.0,2,2.0,2,1841.5899861496457,1.0
65,22.2295670791811,2.0,1.0,2,3.0,2,1325.5554830934589,2.0
64,21.8544571788615,3.0,2.0,1,5.0,2,2085.683855862834,2.0
78,25.5590380842842,2.0,2.0,2,3.0,2,,1.0
77,21.4883685043015,2.0,3.0,2,4.0,2,1043.6759600700927,1.0
80,21.4277634200886,3.0,,2,9.0,2,1408.5796886801395,
80,22.890625,3.0,,1,3.0,2,1107.1383385448555,1.0
59,23.4985783032848,1.0,2.0,1,9.0,2,2625.3538938870693,2.0
13,,,,1,,2,2046.0018124205671,2.0
44,28.8656329304894,2.0,1.0,1,2.0,2,960.0707216009394,1.0
43,21.9153209357712,3.0,2.0,2,3.0,2,511.7003939482936,1.0
78,24.5954174010575,3.0,2.0,2,5.0,2,,1.0
80,20.5986016185765,2.0,2.0,2,5.0,2,839.784104337477,1.0
57,28.2042369686115,2.0,2.0,1,2.0,2,2600.665691258231,4.0
39,20.7736572346556,2.0,1.0,1,4.0,2,2158.2983988420533,3.0
80,24.0992955097295,3.0,3.0,2,9.0,2,685.2198971097653,1.0
78,,,,1,,2,1512.8061828145912,1.0
74,26.0194574123096,1.0,2.0,2,4.0,2,1794.591630216972,1.0
51,21.4262575778611,2.0,2.0,2,3.0,2,1151.4929544121137,2.0
47,18.9195411992601,1.0,2.0,2,3.0,2,2454.347281059008,2.0
26,23.9003693415952,2.0,2.0,1,2.0,1,4795.966435707088,4.0
55,24.0885621223071,1.0,2.0,2,3.0,1,1064.5182553582565,5.0
54,24.271700972644,2.0,2.0,2,1.0,1,1250.513654425126,5.0
63,22.9676880056524,1.0,3.0,2,3.0,1,555.7541352608935,4.0
69,27.744107941029,2.0,3.0,1,3.0,1,1246.084002281541,4.0
46,23.5191430271771,2.0,1.0,1,2.0,1,2534.4043912800007,4.0
38,20.8654009448853,1.0,1.0,2,3.0,1,1817.0041884058176,4.0
8,,,,1,,1,2452.303368064535,4.0
6,,,,2,,1,1550.0937023860506,4.0
43,20.5630858337475,2.0,1.0,2,3.0,3,2599.1445102070525,2.0
14,,,,2,,3,3226.018362439345,2.0
69,22.0460006775273,3.0,2.0,1,2.0,3,2401.5778220117445,4.0
68,19.0043497557439,1.0,2.0,2,2.0,3,1552.476360128945,4.0
35,20.9248247545927,2.0,1.0,2,4.0,1,,2.0
35,19.5298269605597,1.0,,2,4.0,1,,1.0
59,27.3698142546443,3.0,3.0,2,3.0,3,1892.4536022507368,3.0
64,24.8726392403889,3.0,2.0,1,4.0,3,1366.6864678585505,3.0
40,29.0023823604264,1.0,1.0,1,4.0,1,875.4406528987311,3.0
38,24.1204069770486,1.0,1.0,1,3.0,1,3114.5645587288977,5.0
80,19.3098216212279,3.0,,1,4.0,3,2366.9864327731098,4.0
71,38.0636597449413,3.0,3.0,2,5.0,1,1756.1971021080367,1.0
80,21.8434843880742,2.0,,2,3.0,1,630.835682240407,1.0
80,23.3461472162857,3.0,2.0,1,9.0,1,1299.1266476974895,1.0
80,22.5054853945496,3.0,1.0,2,4.0,1,612.6630000000001,1.0
71,22.3986122629262,2.0,,1,9.0,1,2108.5913996239997,3.0
67,,,,2,,1,1346.676711625426,3.0
67,23.9339215990257,1.0,2.0,1,3.0,1,2200.187,1.0
63,20.8059650217858,2.0,1.0,1,2.0,1,2373.305665968559,4.0
61,26.0486632084375,2.0,2.0,2,3.0,1,1349.3957065181355,4.0
35,21.894438930435,1.0,2.0,2,3.0,1,1910.1443719959216,4.0
76,,,,1,,1,1974.0028979107092,1.0
73,25.1475426147847,3.0,3.0,2,3.0,1,1929.253226569428,1.0
49,25.659638934478,2.0,1.0,1,3.0,1,2943.2772529807717,1.0
56,29.2557102244878,3.0,2.0,2,4.0,1,1710.8800525596096,3.0
62,19.7102742478391,1.0,2.0,1,2.0,1,1866.6971801264465,3.0
62,24.8907518372535,3.0,3.0,1,4.0,1,2304.745515601788,2.0
56,34.5916569928427,3.0,2.0,2,4.0,1,1205.8273024658238,2.0
77,20.6432504523748,1.0,1.0,1,5.0,1,1123.6882887208528,1.0
74,25.8818292366161,3.0,2.0,2,4.0,1,1147.6694326099807,1.0
74,17.723512507113,2.0,1.0,1,3.0,1,1741.0795180304694,2.0
65,22.1478285750087,2.0,2.0,2,3.0,1,1614.6749971027302,2.0
68,23.0327235286874,3.0,3.0,1,3.0,1,1694.3657954908035,3.0
64,28.7933492598364,3.0,1.0,2,3.0,1,1589.235489842349,3.0
78,23.7940639218257,3.0,2.0,1,2.0,1,1571.913077452158,1.0
79,21.5129478323156,2.0,2.0,2,3.0,1,1281.5566589614868,1.0
80,28.7529473655253,1.0,1.0,1,4.0,1,1235.8700123657472,1.0
80,17.6750030544916,3.0,,2,5.0,1,1119.898343348758,1.0
70,26.663945855865,2.0,2.0,2,3.0,1,1121.7987248744057,1.0
80,17.3159118768508,1.0,3.0,1,4.0,1,823.8017521007896,1.0
80,18.9333109719856,3.0,2.0,2,4.0,1,1476.128871272185,1.0
80,23.40823056795,3.0,2.0,1,3.0,1,1235.6036347200254,1.0
77,26.3330681196495,2.0,2.0,2,4.0,1,1096.0260341856952,1.0
73,20.9213373072358,1.0,2.0,1,5.0,1,1425.7396344752683,1.0
67,30.5700805725286,2.0,3.0,2,3.0,1,1397.2337966754174,1.0
64,27.1592519106515,3.0,3.0,1,4.0,1,2688.195561507731,5.0
65,21.390147375569,3.0,2.0,2,2.0,1,939.7006291295407,5.0
38,28.2485785640476,3.0,1.0,1,2.0,1,3111.864787227681,5.0
62,22.1210330070965,3.0,1.0,1,4.0,1,2118.8592466827768,3.0
61,20.8178776363003,3.0,2.0,2,4.0,1,343.7696,3.0
39,23.50383632699,1.0,2.0,2,2.0,1,896.0284,3.0
11,30.3395248437737,,,1,2.0,1,2159.9443454153266,3.0
51,23.5441075965717,2.0,2.0,1,2.0,1,,2.0
64,24.919626008876,3.0,3.0,1,4.0,1,913.76473573433,2.0
59,,,,2,,1,640.3487323299568,2.0
75,25.6764228325075,3.0,3.0,2,3.0,1,692.0749535544203,1.0
58,24.4245215126661,2.0,2.0,1,2.0,2,1445.7626779418858,5.0
55,20.3733794467385,1.0,1.0,2,3.0,2,1446.2430673264448,5.0
28,,,,2,,2,1610.053888957367,5.0
23,,,,2,,2,2753.837388387982,5.0
71,19.9644983157265,3.0,3.0,2,3.0,2,1386.008846883313,5.0
66,24.5402920497566,3.0,3.0,1,2.0,2,1470.742495370277,2.0
61,25.0626173831181,3.0,2.0,2,4.0,2,854.4451483147757,2.0
32,20.4923563865832,1.0,,2,2.0,2,1683.7606221098192,4.0
3,16.5274681932515,,,2,2.0,2,1277.1553215195677,4.0
59,22.6498383187073,2.0,2.0,2,3.0,2,1528.817158063165,4.0
64,27.012589687868,3.0,,1,3.0,2,1981.4345438806376,5.0
59,,,,2,,2,1369.922506230483,5.0
65,27.7282314354054,2.0,2.0,1,3.0,2,2367.2757893552625,4.0
65,22.8331335080478,2.0,2.0,2,5.0,2,2308.589686085439,4.0
42,22.0581517992841,1.0,1.0,1,3.0,2,1578.9857462350187,1.0
39,,,,2,,2,1286.1617999871644,1.0
58,,,,1,,2,2356.5251977008943,5.0
56,20.2916849184468,2.0,1.0,2,3.0,2,1855.2503752686227,5.0
4,14.8250975665748,,,2,2.0,2,1143.631885141687,5.0
28,24.5785965261377,2.0,1.0,1,2.0,2,2748.9778930294938,5.0
28,17.8997037795528,1.0,1.0,2,2.0,2,2191.159287764049,5.0
80,22.5142206534597,3.0,2.0,2,3.0,2,2550.562222358056,2.0
50,,,,1,,2,1546.1919620076726,2.0
71,22.8528911564626,1.0,1.0,1,2.0,2,,2.0
66,23.8222222222222,3.0,2.0,2,3.0,2,,2.0
80,25.6854519497577,3.0,2.0,1,3.0,2,2643.9782565903124,4.0
76,28.4654378321923,3.0,3.0,2,3.0,2,1753.2092565903124,4.0
45,23.1753383405683,1.0,1.0,2,1.0,2,1808.5928737490776,4.0
10,14.0148664271692,,,2,1.0,2,1099.3171456588057,4.0
61,20.5688066136624,3.0,2.0,2,3.0,2,1829.3230187103416,5.0
57,19.775678866588,3.0,1.0,2,4.0,2,1108.4734946367012,4.0
60,,,,1,,2,2023.6365428601655,4.0
32,23.4132868833808,1.0,1.0,1,2.0,2,1487.929525402613,4.0
51,20.0808048875051,1.0,1.0,2,3.0,2,1945.7814445020751,1.0
22,23.3577090415206,1.0,1.0,2,1.0,2,2021.259279506849,1.0
17,23.4598752577373,,,1,1.0,2,,1.0
54,28.7754580915567,3.0,1.0,1,3.0,2,2033.1406755899188,1.0
34,21.0709954200737,2.0,2.0,2,3.0,2,1766.919550918231,4.0
38,22.6706093144477,1.0,1.0,1,2.0,2,2664.259149928984,4.0
5,15.37282808378,,,2,2.0,2,1352.0741717178664,4.0
2,15.027107071897,,,1,2.0,2,776.7168802620887,4.0
65,21.8110487737266,3.0,2.0,1,2.0,2,2567.2636245758213,1.0
66,20.2479136767988,2.0,2.0,2,3.0,2,1540.9614544414203,1.0
79,19.5963158926122,3.0,2.0,1,3.0,2,1171.5112368731864,4.0
75,19.546950217992,3.0,3.0,2,3.0,2,959.8762096291256,4.0
63,,,,1,,2,1787.0045402619455,5.0
58,22.8755742766502,1.0,1.0,2,2.0,2,1851.853415751553,5.0
37,27.7157721647665,2.0,2.0,1,4.0,2,639.9813520832159,3.0
37,,,,2,,2,1352.499463653516,3.0
52,23.0747024345642,2.0,3.0,1,4.0,2,1681.5739980389314,5.0
47,22.1351962354436,3.0,3.0,2,3.0,2,1001.6936644353908,5.0
77,26.7246928560655,3.0,3.0,1,4.0,2,1411.7689765463986,2.0
70,25.4849278418302,2.0,2.0,2,4.0,2,1260.150218274391,2.0
16,20.229190514788,,,1,1.0,2,2788.3851707761187,2.0
80,22.4904922712184,3.0,3.0,2,3.0,2,1406.9763642046637,1.0
65,22.1107254832923,2.0,3.0,1,3.0,2,1496.339825188713,2.0
62,29.6591507191331,3.0,3.0,2,4.0,2,2178.639620723968,2.0
49,25.3141299798916,1.0,3.0,2,3.0,2,1466.8825334841324,5.0
17,23.0792657779695,,,2,3.0,2,1127.734836907704,4.0
72,25.9961729586096,3.0,3.0,1,2.0,2,2601.5235809003466,2.0
66,,,,2,,2,1837.8603562836845,2.0
22,15.8698670898631,1.0,2.0,1,2.0,2,3258.964831817334,2.0
53,22.1623371757477,2.0,2.0,1,3.0,2,,4.0
47,30.4527666522942,3.0,2.0,2,3.0,2,2168.9665427406776,4.0
36,27.641064866722,2.0,1.0,1,3.0,2,,4.0
70,22.1545532892847,2.0,1.0,2,3.0,2,464.7491666666667,2.0
45,17.1462412549353,2.0,1.0,1,3.0,2,2514.4211135023693,2.0
38,23.9776316645956,2.0,2.0,1,2.0,2,1280.487156421524,4.0
28,25.4218715757177,1.0,1.0,1,3.0,2,980.5970283335032,3.0
33,18.6305921442981,2.0,1.0,2,1.0,2,2055.9316098836243,3.0
5,15.6156347863712,,,2,1.0,2,1556.7978012872843,3.0
2,14.8229637679753,,,2,1.0,2,1194.413542509062,3.0
45,25.982115297542,2.0,2.0,1,9.0,2,1853.2052374612008,2.0
42,33.2000083984211,2.0,1.0,2,9.0,2,1289.042534123445,2.0
19,34.9750212472171,1.0,,2,9.0,2,,2.0
17,22.9753860846017,,,2,2.0,2,,2.0
9,,,,1,,2,1425.286557317772,2.0
38,26.3835646711829,2.0,1.0,1,2.0,2,,3.0
38,24.3086112427879,1.0,,2,3.0,2,1252.6929442212063,3.0
41,,,,1,,2,1762.417406332684,3.0
33,24.6357777407921,1.0,1.0,2,3.0,2,1497.5629295826202,3.0
9,18.0881540576303,,,1,3.0,2,723.3069,3.0
47,32.5448714324786,1.0,2.0,2,3.0,2,1642.0433340525788,2.0
21,,2.0,3.0,2,3.0,2,580.4497368525499,2.0
21,34.6676056870879,2.0,3.0,2,3.0,2,2935.3715685317384,2.0
44,22.5795882443938,2.0,1.0,1,2.0,2,3972.5279842883497,3.0
69,38.9441508913416,3.0,3.0,2,3.0,2,216.42298023256296,3.0
54,22.7726418202609,1.0,2.0,1,3.0,2,,4.0
48,17.3562836436191,1.0,1.0,2,3.0,2,,4.0
44,28.6295257237462,3.0,2.0,2,3.0,2,2051.4373061570973,4.0
45,25.2385349338258,2.0,1.0,1,3.0,2,1749.3103452583166,4.0
13,20.9108612241124,,,1,1.0,2,2365.004868338685,4.0
9,23.6718135494682,,,1,3.0,2,1450.382585848412,4.0
47,22.8530340096244,2.0,2.0,1,2.0,2,1806.8561722910167,4.0
45,27.4712732344787,1.0,3.0,2,3.0,2,2314.295173136921,4.0
17,24.220582625141,,,2,3.0,2,2349.621772366909,4.0
40,20.8221938004389,2.0,2.0,2,3.0,2,1550.6719321800051,1.0
3,15.512499827255,,,1,2.0,2,2058.9081488521224,1.0
17,22.3691615557701,,,2,3.0,2,2626.0155320059484,1.0
72,21.1552942020151,3.0,2.0,1,5.0,2,785.0469761965859,4.0
60,28.3621711663688,3.0,3.0,2,3.0,2,2066.899258235958,4.0
53,21.141076207893,3.0,2.0,1,3.0,2,1628.0739276131603,5.0
51,26.4719718234068,2.0,2.0,2,1.0,2,2223.6475448971987,5.0
62,23.9562609302733,3.0,1.0,2,2.0,3,1490.7751913693835,4.0
43,25.9355201148528,2.0,3.0,1,2.0,3,2629.3791036873986,3.0
34,22.2242263392512,1.0,1.0,2,3.0,3,1529.5615038477963,3.0
5,15.332114030711,,,2,1.0,3,1214.9000751232802,3.0
80,29.5932615647944,3.0,2.0,2,3.0,1,1354.1021123048956,1.0
80,24.9978623119489,3.0,2.0,2,4.0,3,861.8090438249466,1.0
55,21.1087180638774,3.0,,1,3.0,3,6028.597769709838,2.0
80,24.6686435843539,2.0,2.0,2,3.0,1,1058.3566909833803,1.0
77,26.6397859178611,3.0,2.0,1,3.0,1,1183.064328983881,1.0
79,23.5161929291672,3.0,3.0,2,5.0,1,678.3550624139258,1.0
80,16.7657140048008,3.0,,1,4.0,1,,1.0
76,27.2525400565734,3.0,2.0,2,2.0,1,1350.705302078382,1.0
51,22.2668947462614,2.0,1.0,1,2.0,1,,4.0
75,26.1692216762854,3.0,2.0,2,3.0,1,789.3767975225928,4.0
80,25.0340430520611,3.0,2.0,1,3.0,1,2430.0003453315767,1.0
77,24.788173787633,3.0,2.0,2,5.0,1,569.2224521562966,1.0
55,25.6805018799552,3.0,2.0,2,3.0,1,1520.8130682040403,4.0
54,,,,1,,1,2899.1144845392687,4.0
55,20.5208814753508,2.0,2.0,1,3.0,1,2396.9934569859397,4.0
51,30.1378728372111,3.0,1.0,2,4.0,1,1762.8635496726952,4.0
75,22.7650952793703,3.0,2.0,1,9.0,1,,1.0
73,22.8253551285306,3.0,3.0,2,2.0,1,,1.0
49,21.6285944638538,2.0,1.0,2,2.0,1,599.3482050800343,2.0
22,28.1485641252685,3.0,2.0,1,3.0,1,,2.0
78,23.5930243412915,3.0,3.0,1,4.0,1,1891.4023584439587,2.0
69,33.3708448753463,3.0,2.0,2,3.0,1,1597.78739838908,2.0
66,32.4592473129255,3.0,1.0,2,4.0,1,2242.3024457300276,2.0
51,19.2096837857989,1.0,2.0,2,2.0,1,,3.0
26,26.0218110793282,1.0,1.0,2,4.0,1,1143.0272536917068,3.0
24,,,,2,,1,628.996136159007,3.0
77,20.5536983838188,2.0,3.0,2,3.0,3,1106.785378992451,1.0
77,22.8664896120804,3.0,1.0,1,2.0,3,1822.6076366655088,2.0
77,22.5587318562714,1.0,,2,3.0,3,1305.0128307193804,2.0
78,24.6745130071038,3.0,2.0,1,2.0,3,1898.5886862385823,3.0
66,,,,2,,3,2084.822728789926,3.0
67,20.4854251056832,2.0,2.0,2,3.0,3,1223.7903019020343,2.0
49,24.4107295395181,1.0,2.0,1,2.0,3,1983.3282218971929,4.0
48,29.0673461512964,2.0,2.0,2,4.0,3,2382.6463711895917,4.0
18,29.0268765823315,,,2,3.0,3,2731.2300999542995,4.0
41,22.9405114026063,2.0,1.0,2,3.0,1,866.454843045531,2.0
11,18.7345467219989,,,2,2.0,1,1859.124078126224,2.0
7,19.1294887046347,,,1,2.0,1,1323.139605747408,2.0
66,23.813834532996,3.0,1.0,1,1.0,3,1563.3623180489103,2.0
68,19.1232545383655,3.0,,2,2.0,3,1074.357555736361,2.0
25,21.3043171459913,1.0,1.0,2,3.0,3,991.715280597122,1.0
62,28.3443410328988,2.0,3.0,1,3.0,3,,4.0
60,26.1394316891499,1.0,2.0,2,3.0,3,1198.6685401313084,4.0
63,23.2578680613102,3.0,3.0,2,4.0,3,1627.7160333873353,2.0
69,22.6722346935818,2.0,1.0,1,3.0,3,1427.2745702359014,2.0
60,29.9187215818675,3.0,1.0,2,3.0,3,1534.3392334375887,2.0
69,21.673332588637,3.0,2.0,2,2.0,3,1994.1296891936297,3.0
44,,,,1,,3,1567.6142394121966,3.0
3,17.9526213134857,,,1,2.0,3,1576.588921376068,3.0
44,30.5098855359001,3.0,2.0,2,3.0,3,977.738816926716,3.0
12,21.9794235695627,,,1,3.0,3,,3.0
9,,,,1,,3,2819.789099312475,3.0
4,16.2685586675526,,,2,1.0,3,1554.287926430682,3.0
71,24.3399210314094,3.0,3.0,2,3.0,3,923.3847385567856,3.0
68,21.1969744436184,2.0,3.0,1,5.0,3,2035.2586239387515,4.0
66,23.6808590043328,3.0,1.0,2,3.0,3,511.66948217883623,4.0
71,26.5880919200411,3.0,2.0,1,2.0,3,1816.7924044545632,3.0
69,20.3556415299283,2.0,2.0,2,2.0,3,1451.7137764286615,3.0
58,25.8515431553867,3.0,3.0,1,3.0,1,1793.3473371744865,4.0
56,27.5061868635644,3.0,2.0,2,2.0,1,1616.325912926787,4.0
28,20.4311239569911,1.0,1.0,2,3.0,1,1235.161339002765,4.0
24,22.6798254255561,2.0,1.0,1,2.0,1,1738.63048987571,4.0
66,29.124740786125,2.0,2.0,1,3.0,1,1634.7120975541898,4.0
65,26.0655800428528,3.0,1.0,2,2.0,1,,4.0
78,25.8225333222665,3.0,1.0,2,3.0,3,1154.5365914970423,2.0
73,21.6156179247298,3.0,2.0,2,4.0,3,810.2617921028394,1.0
78,23.1937476475394,3.0,3.0,2,3.0,3,1150.0648656904775,2.0
45,28.4460217688261,2.0,2.0,2,3.0,3,1182.2008656904777,2.0
49,24.1159670588187,1.0,2.0,1,4.0,3,1795.64411076107,1.0
34,22.3001126114543,1.0,1.0,2,3.0,3,,1.0
11,20.4998093689275,,,1,2.0,3,,1.0
9,14.9587300316246,,,2,3.0,3,,1.0
69,24.2379603196364,2.0,2.0,2,3.0,2,923.7625695611714,1.0
37,25.4318418314256,2.0,2.0,2,2.0,2,,4.0
37,22.7362781809223,1.0,1.0,2,3.0,2,1309.2263199555318,4.0
1,17.4709337241779,,,1,1.0,2,1443.5866604692983,4.0
60,,,,1,,2,2206.723312433637,1.0
56,,,,2,,2,1529.729212779609,1.0
24,20.131078288437,1.0,2.0,2,3.0,2,3747.126796830913,1.0
22,21.1335809560589,1.0,2.0,2,3.0,2,796.0759524949219,1.0
47,28.6683859050129,2.0,1.0,1,3.0,2,,4.0
48,34.6029771975455,3.0,2.0,2,3.0,2,1050.6657150047615,4.0
18,28.2742430214027,,,1,3.0,2,1324.0496646212457,4.0
61,26.6931980877964,3.0,2.0,1,3.0,2,1442.6693523976342,4.0
58,21.689092804749,3.0,2.0,2,2.0,2,1718.402271655516,4.0
39,32.4821484434184,2.0,1.0,1,2.0,2,1796.392151103313,2.0
38,28.6212985740387,1.0,2.0,2,4.0,2,1054.894370109231,2.0
6,16.7653446004954,,,1,3.0,2,3379.925440125185,2.0
2,,,,1,1.0,2,2927.7840048295925,2.0
65,25.2125350792053,3.0,3.0,2,3.0,2,1924.9490076900895,4.0
69,22.3864408294774,1.0,1.0,1,3.0,2,2989.5534919530014,4.0
59,31.1658318596712,3.0,3.0,1,3.0,2,3104.201476984853,4.0
63,21.3555982667521,3.0,1.0,2,4.0,2,1516.39615767466,4.0
67,25.7639063855995,3.0,2.0,2,1.0,2,1131.1419926483236,3.0
44,27.8273257875279,3.0,2.0,1,9.0,2,1931.162991447996,2.0
44,23.2837320519533,1.0,1.0,2,3.0,2,1794.706789571602,2.0
15,23.5284238741171,,,2,2.0,2,2309.144642716072,2.0
13,25.9670399530539,,,2,2.0,2,2267.5288564303182,2.0
9,16.8321021852878,,,1,2.0,2,2281.9195656084717,2.0
58,29.0503409542943,3.0,2.0,1,3.0,2,2319.9033574883774,5.0
53,27.0571641001929,3.0,2.0,2,2.0,2,1524.2580782882176,5.0
50,25.8911190379424,2.0,1.0,2,3.0,2,1288.559367840768,3.0
58,23.9023966837808,2.0,3.0,1,3.0,2,3724.9979530418664,5.0
56,22.0209506546903,1.0,2.0,2,4.0,2,2222.8267570511384,5.0
47,26.963053732203,2.0,2.0,2,3.0,2,1745.354596626746,2.0
19,29.7899970100077,1.0,3.0,2,3.0,2,2050.3915220522663,2.0
13,27.8919653363955,,,1,3.0,2,2753.725454268264,2.0
42,22.9395410385545,1.0,1.0,1,2.0,2,1720.104856939699,4.0
40,17.8957890548422,1.0,1.0,2,3.0,2,2014.5327924398975,4.0
8,14.6830744574545,,,2,2.0,2,1062.567558859956,4.0
58,19.3456807962669,3.0,3.0,1,3.0,2,,3.0
44,25.9766709388183,3.0,3.0,1,3.0,2,1968.539887843036,4.0
44,,,,2,,2,1416.6689066185274,4.0
10,16.6010214845677,,,2,2.0,2,1648.6695380232904,4.0
8,14.82362512336,,,1,2.0,2,1655.4026783286215,4.0
46,,,,2,,2,2286.870157081258,1.0
16,,,,2,,2,1636.2880350098546,1.0
14,24.6097242582284,,,1,3.0,2,3219.1565984765152,1.0
13,,,,2,,2,871.742740753027,1.0
72,24.1267458381363,3.0,3.0,2,3.0,2,1114.5660887630245,1.0
67,26.4078695451244,3.0,,1,4.0,1,1731.8429787600148,1.0
58,27.1260613352888,2.0,2.0,2,3.0,1,1399.932298324653,2.0
76,25.199376253063,3.0,,1,2.0,1,,1.0
50,23.9335955175363,2.0,1.0,1,2.0,1,1694.2992737954607,5.0
46,27.0281666385562,2.0,2.0,2,3.0,1,982.0175474123444,5.0
77,26.0237182517757,1.0,,1,2.0,1,1646.0497997535792,3.0
63,24.7248661511005,3.0,3.0,1,1.0,1,1557.662443787581,4.0
59,24.1598552686381,1.0,3.0,2,3.0,1,1618.282929745125,4.0
33,24.2526014330896,1.0,,1,2.0,1,1823.6015333861944,4.0
65,32.9908568196814,3.0,3.0,1,2.0,1,1970.1268800337325,5.0
65,26.4191471193679,3.0,2.0,2,3.0,1,1285.93666745283,5.0
50,23.432631702277,1.0,2.0,1,3.0,1,2268.327172529982,3.0
51,17.7300000933158,1.0,1.0,2,3.0,1,1926.2281170208068,3.0
24,20.7979042792624,1.0,1.0,1,2.0,1,,3.0
22,19.2188792427144,1.0,2.0,1,3.0,1,,3.0
17,15.4157648726556,,,2,2.0,1,2234.214625826835,3.0
67,20.9110157243612,2.0,1.0,2,4.0,4,1393.953237547226,1.0
77,24.693094404337,3.0,2.0,2,4.0,4,1782.0734776142438,2.0
55,32.5936468043086,3.0,1.0,2,3.0,4,1345.3168973537236,2.0
67,25.1633825497008,2.0,1.0,1,1.0,1,1577.1791257363066,4.0
59,19.9686586481953,2.0,1.0,2,3.0,1,2316.251850429955,4.0
75,24.1463404979472,3.0,1.0,1,3.0,3,1837.032858824894,3.0
71,25.3265251276539,3.0,1.0,2,3.0,3,1093.8016446103309,3.0
66,20.8855472013367,3.0,3.0,2,3.0,3,,1.0
74,18.4325654057777,3.0,1.0,1,2.0,1,2086.2182486140687,1.0
71,26.4080571316588,3.0,2.0,2,3.0,1,777.6342487789757,1.0
77,21.5884784368135,3.0,2.0,2,3.0,1,1103.5889312115044,1.0
73,26.028266898326,3.0,,1,5.0,1,1941.86660701326,1.0
72,27.152976063296,3.0,,2,3.0,1,1114.14235748801,1.0
69,19.7432254801002,1.0,2.0,1,4.0,1,,1.0
55,31.6330991509091,3.0,,1,2.0,1,,3.0
64,23.9977208770044,3.0,2.0,2,3.0,1,1463.928975450794,3.0
53,24.8115253425525,2.0,2.0,2,3.0,4,1753.2563097210586,3.0
26,20.7400033184005,1.0,1.0,1,3.0,4,5485.971227522872,3.0
32,24.2889753877164,1.0,1.0,1,2.0,2,5175.386428518002,5.0
30,20.1073099384085,1.0,1.0,2,3.0,2,1367.8547159899588,5.0
31,24.7371787473069,1.0,1.0,1,3.0,2,3382.197145641051,4.0
30,21.1230903406139,1.0,1.0,2,2.0,2,1405.0081082093363,4.0
2,17.1268997685953,,,2,2.0,2,1289.6263125576784,4.0
31,25.7503389340321,2.0,1.0,1,3.0,2,3055.0033135852864,4.0
30,21.5425960763236,1.0,1.0,2,2.0,2,1735.117260350513,4.0
1,19.11444510294,,,2,2.0,2,1292.0569621797392,4.0
41,25.9530316494252,1.0,2.0,2,3.0,2,1825.5969966859052,4.0
42,27.3478556073739,1.0,1.0,1,2.0,2,2325.6100468583345,4.0
10,25.4406279345577,,,2,3.0,2,2336.2458911776052,4.0
35,20.6431920126825,1.0,2.0,1,3.0,2,,4.0
35,17.5460223537147,1.0,1.0,2,3.0,2,,4.0
4,15.600535456034,,,2,1.0,2,,4.0
61,30.8628383014571,3.0,2.0,1,3.0,2,2211.4238708466037,1.0
56,26.9254437869822,2.0,2.0,2,4.0,2,1605.8845389236096,1.0
31,22.7327142774411,1.0,1.0,1,1.0,2,1908.4992086659424,5.0
32,22.210368108847,1.0,1.0,2,3.0,2,1258.6962103674953,5.0
37,22.031602597824,1.0,2.0,1,3.0,2,2959.21098020251,4.0
29,19.4278850318657,1.0,1.0,2,2.0,2,808.438885243156,4.0
7,14.9548683437483,,,2,2.0,2,1286.4366976981028,4.0
5,16.9901397479705,,,2,1.0,2,1586.589759433953,4.0
33,,,,1,,2,1532.3883257132495,5.0
33,27.4341710247826,1.0,,2,4.0,2,1057.3004908674857,5.0
46,26.2411650430148,1.0,1.0,1,2.0,2,2425.232696414426,5.0
40,20.1166473471399,1.0,1.0,2,3.0,2,1249.441531528553,5.0
12,19.818968547531,,,2,2.0,2,1654.246936944246,5.0
11,20.2658114494235,,,1,1.0,2,2305.4463189172925,5.0
47,20.6601177834562,1.0,1.0,2,3.0,2,1226.7109980625803,5.0
50,24.1368255149189,2.0,1.0,1,2.0,2,1659.0961554266726,5.0
20,20.5085496748598,1.0,1.0,1,1.0,2,3775.2327725222976,5.0
31,20.1017345490159,1.0,2.0,1,1.0,2,2235.3152238513803,5.0
32,20.1006648093029,1.0,1.0,2,2.0,2,526.242,5.0
1,16.7412318020437,,,2,1.0,2,802.860334536261,5.0
39,23.3787958628144,1.0,1.0,1,1.0,2,2787.7414023344927,4.0
37,21.0835629017447,1.0,1.0,2,3.0,2,1740.748110971337,4.0
42,22.4755568177208,1.0,1.0,2,3.0,2,1273.478051221379,4.0
48,22.3479616841167,1.0,1.0,1,2.0,2,2415.717094548781,4.0
11,17.6663005869085,,,1,2.0,2,1887.8070875776937,4.0
2,16.079587429007,,,1,2.0,2,1025.6428876377597,4.0
34,28.0181500626338,1.0,1.0,1,2.0,2,1500.8481455783178,4.0
35,27.6866237297059,1.0,,2,3.0,2,1160.0118305176843,4.0
44,29.1868194705868,3.0,,1,4.0,2,2112.148961676579,4.0
40,27.4449136362615,1.0,,2,4.0,2,2600.7237495795885,4.0
9,16.2149956886297,,,1,2.0,2,2051.26717251584,4.0
5,16.9477067369954,,,1,2.0,2,1735.046123789516,4.0
33,31.5729245335151,1.0,2.0,1,3.0,2,2036.8323999618249,4.0
37,,,,2,,2,1532.3134503717886,4.0
3,,,,1,,2,1897.0284529844869,4.0
38,25.0717934192641,1.0,1.0,1,3.0,2,3162.786575134303,5.0
34,23.1760468454075,1.0,2.0,2,2.0,2,,5.0
1,15.7519446551088,,,2,2.0,2,,5.0
52,19.7701029402807,3.0,3.0,1,4.0,2,2063.289221338231,4.0
15,19.3302329155833,,,2,3.0,2,1098.600738169694,4.0
39,20.9104873327161,1.0,1.0,1,2.0,2,2912.8414433505386,5.0
37,19.8753481137704,1.0,1.0,2,2.0,2,1169.4938854263326,5.0
7,14.9244574694255,,,2,2.0,2,1528.637017252281,5.0
4,14.3798933468599,,,1,3.0,2,1643.7899923740524,5.0
74,32.356843161632,2.0,3.0,2,4.0,2,1131.9239883308078,3.0
44,27.8468187971952,1.0,1.0,1,3.0,2,3143.337749690634,3.0
41,23.9218673456754,1.0,2.0,1,3.0,2,2120.552561617271,4.0
37,22.9821658393087,1.0,1.0,2,3.0,2,862.4250779982686,4.0
6,14.6881812748836,,,2,2.0,2,1727.505178015918,4.0
4,15.6850812934516,,,2,2.0,2,1288.1895561212812,4.0
37,21.0591344950214,1.0,1.0,1,4.0,1,2615.2245049999997,3.0
35,21.3391379247721,2.0,1.0,1,4.0,1,3991.0669130967344,4.0
28,27.1845715905693,1.0,1.0,2,3.0,1,1544.119488379087,3.0
25,19.8993171761641,1.0,2.0,2,3.0,1,2019.9671388770812,3.0
27,22.4593012291821,1.0,1.0,2,3.0,1,1612.5422895175243,4.0
24,20.9718481536512,1.0,2.0,1,1.0,1,,2.0
58,22.1136870554559,3.0,,2,3.0,1,985.394001299098,1.0
25,25.6856181858238,1.0,1.0,1,2.0,1,833.6348274261725,2.0
64,23.790490994012,1.0,3.0,2,4.0,1,865.2460194652228,5.0
68,24.1649394132653,1.0,3.0,1,2.0,1,2709.284448279944,5.0
80,19.7943178243587,3.0,,2,9.0,1,,1.0
39,24.8081850925698,1.0,,1,3.0,1,2369.9634554784225,3.0
30,29.2878572785771,1.0,,1,4.0,1,2820.5613174224345,5.0
70,21.8508875739645,2.0,,1,4.0,1,,1.0
72,19.7551020408163,2.0,1.0,1,3.0,1,1136.9643642848005,2.0
70,22.7206128073854,3.0,1.0,2,3.0,1,64.93700000000001,2.0
57,28.3463463470548,1.0,3.0,1,3.0,1,1634.650903412317,1.0
55,,,,2,,1,1534.9953283639918,1.0
64,26.6411157637094,2.0,2.0,1,2.0,1,1594.1309722000074,4.0
73,25.0327293595806,3.0,3.0,1,3.0,1,2048.099230478468,1.0
68,26.7330072524878,3.0,2.0,2,3.0,1,1197.726800634164,1.0
80,24.8014128010469,2.0,3.0,2,3.0,1,792.4112874417784,2.0
59,23.9223957481929,2.0,1.0,1,2.0,1,1210.2927478172862,2.0
71,24.624433106576,3.0,2.0,1,3.0,1,,2.0
75,19.3760674240737,3.0,3.0,1,3.0,1,1692.2270059228854,1.0
72,24.5924043637063,2.0,1.0,1,3.0,1,,2.0
80,23.1273978988132,3.0,2.0,1,3.0,1,1833.8359098225576,1.0
80,23.6756409499055,3.0,3.0,2,3.0,1,1824.699509486671,1.0
52,23.4409675525732,2.0,3.0,1,2.0,1,3018.8814226829363,3.0
52,19.4466662495498,2.0,1.0,2,3.0,1,959.111796458352,3.0
25,25.1676973749666,1.0,3.0,1,4.0,1,5245.999029652205,3.0
80,19.7059511972616,3.0,,2,3.0,1,1027.0061622115595,1.0
62,22.302480175186,3.0,,1,3.0,1,1665.3244453293798,1.0
71,18.6798847606776,1.0,3.0,1,2.0,1,1171.578979299363,1.0
55,18.5866812854048,1.0,1.0,1,3.0,1,2594.5388574583208,3.0
52,22.819869283711,1.0,2.0,2,2.0,1,2511.145666221092,3.0
69,23.8539828456519,2.0,1.0,1,3.0,1,2281.149188047912,2.0
58,28.8384384341618,3.0,1.0,2,3.0,1,1590.3752338903107,2.0
80,19.8621287386946,3.0,,2,9.0,1,725.5508065122684,1.0
80,19.7980755316459,3.0,1.0,1,3.0,1,1535.5211955583322,1.0
79,26.4812714172223,3.0,2.0,2,4.0,1,1781.8587375059103,1.0
71,24.7155904502484,3.0,2.0,1,2.0,1,1912.4303793495792,2.0
62,26.9334660716648,3.0,1.0,2,5.0,1,1476.1267745958608,2.0
66,21.6184321295682,3.0,2.0,1,2.0,1,1403.4430340744611,2.0
60,23.8751950482036,3.0,3.0,2,2.0,1,943.8467114599129,2.0
53,25.634837243785,2.0,2.0,1,2.0,1,1780.1402529131346,2.0
17,22.6935219948004,,,1,2.0,1,,2.0
69,21.2690453319647,3.0,2.0,1,2.0,1,1485.8487914673792,1.0
70,23.2258064516129,3.0,3.0,2,3.0,1,1697.0735653112474,1.0
50,24.1800103305785,2.0,,1,9.0,1,,1.0
80,18.1456597688793,3.0,,2,4.0,1,1286.668485658137,1.0
69,24.5322394825982,2.0,3.0,1,3.0,1,,1.0
62,26.0385219176428,2.0,3.0,2,3.0,1,,1.0
45,23.727409261898,3.0,1.0,1,3.0,2,,5.0
42,21.7397697445689,2.0,1.0,2,2.0,2,2394.0639862142807,5.0
15,18.6489455446937,,,2,3.0,2,,5.0
12,18.2324505444779,,,1,2.0,2,2101.9389986549304,5.0
54,23.2304376448521,2.0,2.0,1,1.0,2,2355.102646618083,5.0
50,23.7241659635432,2.0,2.0,2,3.0,2,1653.5818674468535,5.0
49,,,,2,,2,1571.8001370741576,
22,24.0078862722831,1.0,1.0,1,4.0,2,2015.431172506345,
18,26.3218481166191,,,1,3.0,2,1519.331860223377,
51,24.812497460869,3.0,1.0,2,3.0,2,874.4392566753302,2.0
54,30.8859669312268,2.0,3.0,1,3.0,2,1093.2278931953672,4.0
52,21.7216145517158,3.0,1.0,2,3.0,2,,4.0
26,23.141498292317,2.0,2.0,1,3.0,2,1616.8026245986966,4.0
23,26.7998351369226,2.0,2.0,2,3.0,2,,4.0
80,22.2136811479204,3.0,3.0,1,4.0,2,2218.0371410721928,1.0
80,24.3232286833926,3.0,1.0,2,3.0,2,1161.924966913935,1.0
52,29.5982076493449,1.0,2.0,1,9.0,2,3981.628317469651,5.0
52,,,,2,,2,1430.9973642453576,5.0
37,23.6346786457835,2.0,1.0,1,3.0,2,2098.5865581185094,2.0
36,18.9257525028967,1.0,1.0,2,2.0,2,2407.10620805412,2.0
6,15.2185710139094,,,2,1.0,2,1778.3127906325935,2.0
4,17.6823281573203,,,2,1.0,2,1553.782887103596,2.0
45,23.9704324715463,3.0,1.0,1,3.0,2,2731.040852270364,5.0
39,24.9522803471027,1.0,2.0,2,3.0,2,4281.2220841082,5.0
12,28.8502458837101,,,1,3.0,2,1610.9469117581195,5.0
10,25.1000070965864,,,2,4.0,2,2460.388725933446,5.0
48,25.026913722296,1.0,2.0,1,4.0,2,3220.062806392739,5.0
47,26.0750713311881,2.0,1.0,2,3.0,2,2189.8630150369095,5.0
60,25.9901755753869,3.0,2.0,1,3.0,2,2008.5270574978776,1.0
43,27.1290514588621,3.0,3.0,1,4.0,2,2406.929027969328,5.0
37,17.8015554246128,1.0,1.0,2,3.0,2,1082.632266678475,5.0
7,19.1447163533249,,,2,2.0,2,1156.9648791257885,5.0
4,16.5843422956118,,,2,2.0,2,1281.1297938045811,5.0
49,24.8029857156396,2.0,2.0,1,2.0,2,2024.604666448805,5.0
48,22.959179851653,2.0,1.0,2,3.0,2,2996.3477735577635,5.0
19,20.1282363444526,1.0,1.0,2,2.0,2,1449.0417437123972,5.0
14,24.9046518528297,,,1,3.0,2,5544.299060780652,5.0
43,18.836332369055,1.0,1.0,2,4.0,2,1408.828733210921,4.0
15,24.8725325355926,,,1,3.0,2,2479.2834409360794,4.0
12,21.2164306630567,,,2,3.0,2,1670.9711919423955,4.0
37,25.5506279886635,3.0,1.0,1,3.0,2,1910.85698734171,4.0
40,28.3036621626708,1.0,2.0,2,2.0,2,1156.914209341826,4.0
5,16.1598347888054,,,1,1.0,2,1521.12997055944,4.0
4,16.8251297598451,,,2,1.0,2,1463.3633490018915,4.0
35,19.3874474115489,1.0,1.0,2,3.0,2,1641.7521171638257,4.0
46,,,,1,,2,2520.558935753708,4.0
9,17.1405675346628,,,2,1.0,2,1612.6156642795097,4.0
7,15.3200647401013,,,2,3.0,2,1579.642866357278,4.0
2,16.3539591836735,,,2,1.0,2,1036.7250820145143,4.0
47,25.0545120721445,1.0,1.0,2,1.0,2,3089.736792265323,3.0
18,24.1227692312512,,,2,2.0,2,768.2835471270289,3.0
15,22.1519367550942,,,2,3.0,2,2001.9546143425896,3.0
13,22.8074236461922,,,1,2.0,2,3609.174649538437,3.0
44,22.8422701613659,1.0,2.0,2,3.0,2,1205.0780000000002,3.0
11,24.4564480251736,,,1,4.0,2,2997.3847535047953,3.0
9,19.6791089122594,,,1,2.0,2,2473.8902304528365,3.0
39,17.0350881096476,1.0,,2,3.0,2,1242.458,2.0
11,14.4755800331255,,,2,1.0,2,3086.3389916799915,2.0
8,15.6717604707311,,,2,2.0,2,1911.4619512909785,2.0
6,15.5298630027239,,,1,1.0,2,1291.377779552056,2.0
59,17.6328901255384,1.0,1.0,2,3.0,2,1523.0761527340678,2.0
45,23.5125872864542,1.0,1.0,2,3.0,2,1810.5177132539152,5.0
39,25.2252398083961,1.0,1.0,1,3.0,2,1554.03129555668,4.0
38,19.8202691219858,1.0,1.0,2,2.0,2,1975.3633082765512,4.0
11,23.8564248877565,,,1,1.0,2,1998.583914429368,4.0
7,15.6539847892516,,,1,1.0,2,2420.6180705828706,4.0
50,20.924219257763,1.0,2.0,2,3.0,2,4139.880263240896,3.0
50,20.0185289612551,1.0,1.0,1,2.0,2,1358.7419352717195,5.0
45,,,,2,,2,902.3711342443976,5.0
18,18.29313768119,,,1,2.0,2,5358.350791997963,5.0
54,19.120410892191,2.0,2.0,2,3.0,2,3131.920157222745,1.0
24,20.6475730951255,2.0,1.0,1,3.0,2,3678.345321368274,1.0
42,24.4990548204159,1.0,2.0,1,3.0,2,2152.714136065139,4.0
38,18.5765629895042,1.0,1.0,2,9.0,2,867.0811423040434,4.0
7,14.7819562467293,,,1,,2,1944.715391501914,4.0
6,15.5598132949501,,,1,,2,1844.317907954482,4.0
72,23.2790059531901,3.0,2.0,2,3.0,2,1055.9430579977352,1.0
49,24.6642561983471,1.0,2.0,1,3.0,2,1625.223079124529,4.0
49,25.5426900627883,1.0,1.0,2,3.0,2,1229.3853184122745,4.0
21,25.4989113197156,1.0,2.0,1,2.0,2,,4.0
41,29.9787699465776,2.0,2.0,1,3.0,2,3736.893636210704,4.0
40,20.125668085064,1.0,1.0,2,2.0,2,1602.823583659008,4.0
15,19.9283818929326,,,2,3.0,2,1624.750602457802,4.0
12,20.6451423002204,,,1,3.0,2,2631.22967446002,4.0
4,15.8684626754475,,,2,2.0,2,1584.6551221460566,4.0
51,24.8701999116968,1.0,2.0,1,3.0,2,1961.488726289068,2.0
46,,,,2,,2,2358.66001339849,2.0
19,27.4781614651987,1.0,1.0,2,2.0,2,2714.120938924619,2.0
51,,,,1,,2,2141.469869599372,4.0
47,24.0892680559571,2.0,1.0,2,3.0,2,1812.0095200454932,4.0
19,23.432468711447,1.0,2.0,1,3.0,2,1568.508611600303,4.0
18,,,,1,,2,1950.1105289938896,4.0
80,28.3569398986988,1.0,3.0,2,9.0,2,2507.287618794785,4.0
49,24.1322314049587,1.0,1.0,2,3.0,2,2067.962692108383,1.0
17,17.9885882508988,,,1,2.0,2,1387.0070833333332,1.0
67,23.512889193921,3.0,1.0,1,2.0,2,2722.340712284413,5.0
69,21.1088538359059,3.0,2.0,2,3.0,2,1486.903316182377,5.0
49,26.7552305879472,2.0,1.0,2,3.0,2,,5.0
64,19.0515122610991,1.0,2.0,2,3.0,2,1368.6430304710643,3.0
64,24.7550460276341,3.0,1.0,1,3.0,2,1829.8023320984369,3.0
28,22.0471692726643,1.0,1.0,2,2.0,2,1329.516063603909,3.0
72,22.6153583055902,2.0,2.0,1,2.0,3,1319.3428173940222,2.0
64,22.4920352137498,1.0,2.0,2,3.0,3,1634.3783913973714,2.0
33,23.1796422272613,1.0,1.0,2,9.0,1,2254.046402460645,2.0
27,20.608746100248,1.0,2.0,2,4.0,1,2295.781752201503,4.0
32,24.689331259002,1.0,1.0,1,2.0,1,2486.2984503849957,5.0
32,23.2293902285065,1.0,1.0,2,3.0,1,2325.5436672363944,5.0
44,27.8392174274126,1.0,2.0,1,3.0,3,1945.6787531816076,5.0
40,21.750626929835,1.0,1.0,2,4.0,3,1457.9714324925262,5.0
13,21.002904657027,,,1,3.0,3,2017.6103393147937,5.0
37,27.6975682118217,2.0,2.0,1,3.0,1,987.6972051505948,4.0
56,22.6202011427044,1.0,1.0,1,3.0,3,2449.112767893739,5.0
53,21.6992782612567,1.0,3.0,2,3.0,3,1373.9005760659786,5.0
29,20.7846639532233,1.0,1.0,1,2.0,3,,5.0
27,24.5505295082303,1.0,1.0,1,2.0,3,2192.6844255331384,5.0
45,24.5786420963475,1.0,1.0,2,3.0,1,1999.8481802733745,5.0
34,22.8989789281688,2.0,,2,3.0,1,,2.0
47,22.5499287804585,1.0,1.0,2,3.0,1,1919.8014814609553,4.0
15,18.5834541669253,,,2,1.0,1,1741.2632239620746,4.0
33,34.8577536735687,3.0,3.0,1,4.0,1,,4.0
36,18.8657125594063,1.0,1.0,2,3.0,1,1915.565631144889,4.0
76,18.0723909773263,2.0,1.0,1,2.0,1,1427.47706228697,2.0
35,25.8696566779925,3.0,1.0,1,3.0,1,2950.4636164463464,2.0
30,20.8584326587433,1.0,1.0,2,1.0,1,1745.8982790438504,2.0
4,16.4297448478993,,,1,1.0,1,1637.0291259561666,2.0
33,26.4221580546695,3.0,2.0,1,3.0,1,,2.0
29,21.6426835384437,1.0,1.0,2,3.0,1,824.6831383243222,2.0
10,18.0588708407995,,,1,3.0,1,2451.1911432247252,2.0
8,23.6026653380925,,,1,2.0,1,2927.794023572613,2.0
71,22.9004724889499,3.0,3.0,1,3.0,2,771.9464047235452,5.0
62,19.8955502002243,1.0,1.0,2,2.0,2,1096.015950089434,5.0
47,21.658382749079,2.0,2.0,2,4.0,2,2149.6411007872,2.0
80,33.4963719430261,3.0,,2,5.0,2,974.920721492774,1.0
58,22.4779981367991,2.0,1.0,1,3.0,2,2324.357701763659,1.0
45,22.2221931308223,1.0,2.0,1,3.0,2,1439.394596183201,2.0
31,32.8847742599134,3.0,2.0,2,4.0,2,1343.932281638926,2.0
10,23.5974170046121,,,2,2.0,2,1723.0994953723443,2.0
8,18.5576845850745,,,1,2.0,2,1579.0846744353255,2.0
45,45.9347376601294,3.0,2.0,1,4.0,2,2483.2787957081855,2.0
18,27.170631566236,,,2,3.0,2,1685.0782137717088,2.0
16,23.4721724148611,,,2,3.0,2,2675.8433910949666,2.0
13,18.5322156476003,,,2,2.0,2,1898.9181600041416,2.0
11,19.5399959291675,,,1,2.0,2,3437.1572375117407,2.0
9,16.8443266400971,,,2,2.0,2,2208.904051739717,2.0
6,18.4327063550036,,,2,2.0,2,1429.270575739732,2.0
47,26.7363694335211,1.0,1.0,2,3.0,2,1952.254719539778,2.0
59,26.4479879850569,1.0,1.0,1,4.0,2,,3.0
58,23.7617908186362,1.0,,2,4.0,2,,3.0
24,15.6768050178908,1.0,1.0,2,3.0,2,,3.0
37,26.4956861710953,1.0,1.0,1,9.0,2,3332.216368592259,1.0
34,31.999608103565,1.0,1.0,2,3.0,2,,1.0
8,34.4750561200378,,,1,4.0,2,2294.6753192294077,1.0
7,22.1055507097739,,,2,2.0,2,,1.0
5,20.2717017491417,,,2,2.0,2,,1.0
39,28.407062090855,3.0,1.0,1,4.0,2,2448.7623057505743,3.0
34,21.9417826683658,1.0,1.0,2,2.0,2,2135.5141857026615,3.0
5,15.8285549016649,,,2,1.0,2,940.5946938606372,3.0
1,16.912637647235,,,1,1.0,2,909.0103852710188,3.0
52,20.3665202450573,2.0,2.0,1,2.0,2,1327.1519549067273,2.0
80,30.7098340052657,3.0,2.0,2,4.0,2,1126.5797731538205,2.0
80,25.5677255177191,3.0,2.0,1,3.0,2,1422.632399096893,1.0
48,28.8411425804536,2.0,1.0,1,2.0,2,2871.3128915885786,4.0
46,24.5116166863315,1.0,,2,3.0,2,1986.2322847634769,4.0
14,21.1758211777246,,,1,3.0,2,2040.327396369742,4.0
36,24.7550460276341,1.0,2.0,2,2.0,2,1849.2441520195605,5.0
13,,,,1,,2,3566.68925630841,5.0
12,21.6725882760502,,,2,3.0,2,836.7209342799598,5.0
7,16.8539716297269,,,1,1.0,2,1383.310476727131,5.0
45,20.5896490946964,2.0,2.0,2,3.0,2,,1.0
66,19.0986981947811,1.0,,2,4.0,2,1839.694141082431,1.0
52,23.9017055309879,1.0,2.0,1,3.0,2,,2.0
11,27.4390036062691,,,1,3.0,2,1343.738488465519,2.0
10,17.6338082668841,,,2,2.0,2,2834.930245548444,2.0
1,15.4203125,,,2,2.0,2,772.1816460635804,2.0
34,24.4354936168913,1.0,3.0,2,2.0,2,1952.1627549608727,2.0
54,31.3236738917614,2.0,,2,3.0,2,1188.6221305162485,2.0
20,24.5395132921289,1.0,1.0,1,3.0,2,1650.644515614469,2.0
71,20.3007788329507,1.0,1.0,1,3.0,1,2148.247712140287,2.0
80,21.2992198295329,3.0,,1,5.0,1,1879.0327112322057,2.0
80,19.5092830502226,2.0,,2,2.0,1,1377.8331325124911,2.0
61,29.1622705807347,2.0,2.0,1,2.0,1,3506.3571643249743,5.0
56,24.3087656494275,1.0,2.0,2,2.0,1,1827.170211024269,5.0
72,16.8592670823553,3.0,,1,2.0,1,1083.110859269838,2.0
69,19.5184089414859,3.0,1.0,2,4.0,1,1244.4807496235014,2.0
51,22.2615865771483,1.0,2.0,1,3.0,1,,3.0
59,27.3762475054203,3.0,2.0,2,2.0,1,848.3590093398955,2.0
64,21.655161078238,2.0,3.0,2,3.0,1,2917.3104092157796,2.0
35,,,,2,,1,1985.757557098735,2.0
9,21.3785839495422,,,1,1.0,1,2166.4987228106024,2.0
7,15.5036638805671,,,1,1.0,1,1677.4423825617057,2.0
80,28.735907050301,3.0,3.0,1,3.0,1,1295.257595951629,2.0
76,17.7551150691053,3.0,1.0,2,3.0,1,846.7760367750144,2.0
71,24.2357683391232,3.0,2.0,2,4.0,1,1325.6605181147957,1.0
71,22.798046538351,3.0,3.0,2,3.0,1,1108.5806244581556,1.0
78,20.6985908829427,3.0,2.0,2,5.0,1,1095.8316151752513,1.0
64,27.3771968265669,2.0,2.0,1,3.0,1,3623.478924644341,5.0
80,21.8274465086435,3.0,,2,2.0,1,1496.6040354529882,1.0
73,23.6518344844623,3.0,2.0,2,5.0,1,1824.2768167393212,2.0
80,26.1489355910664,3.0,2.0,2,5.0,1,1698.2079972060635,1.0
80,,,,1,,1,1887.2046774340304,1.0
77,22.5154810014371,3.0,2.0,2,5.0,1,1038.6770887170155,1.0
80,20.3463923920295,2.0,,2,3.0,1,1034.0361890160118,1.0
78,24.2647826386313,1.0,1.0,2,9.0,1,627.2348756724354,1.0
76,23.3322591631833,3.0,,2,2.0,1,,1.0
80,18.3600385739063,3.0,1.0,2,9.0,1,892.1037607581939,1.0
80,15.7045745182061,3.0,,2,3.0,1,1005.719941963364,1.0
49,22.4680197302324,3.0,2.0,2,3.0,1,,2.0
73,26.1141616355086,3.0,,2,3.0,1,1419.9234219741725,2.0
80,22.1266050298879,2.0,2.0,1,3.0,1,2602.454691692599,1.0
77,23.142256631719,1.0,2.0,2,1.0,1,2188.7223521512497,1.0
80,21.9346032734282,3.0,2.0,2,3.0,1,1169.8575467312803,1.0
50,27.5665598702479,1.0,2.0,2,3.0,1,809.79987616691,1.0
35,24.6869821932834,1.0,1.0,2,3.0,2,,4.0
59,23.6907361428676,2.0,2.0,2,4.0,2,,4.0
37,23.7640184470214,1.0,1.0,2,3.0,2,2513.614129657217,4.0
38,28.1631129812528,2.0,2.0,1,3.0,2,3226.60377623153,4.0
9,16.231322217622,,,1,2.0,2,1960.88557490286,4.0
6,15.8536894522408,,,1,2.0,2,1493.1003894558712,4.0
42,22.7401273704811,1.0,1.0,1,2.0,2,3885.2587222364873,4.0
41,25.2524350136923,1.0,1.0,2,3.0,2,1784.6887804910514,4.0
11,13.1456478023556,,,2,2.0,2,2004.260272405971,4.0
8,15.0524776906436,,,1,2.0,2,2011.2766867518417,4.0
71,24.7139542365214,2.0,1.0,1,3.0,2,1687.6756137572495,2.0
64,22.0750163583787,2.0,2.0,2,3.0,2,1714.5333202629315,2.0
34,22.8739769550966,1.0,1.0,1,3.0,2,2118.5151383701887,3.0
32,22.9161507817557,1.0,1.0,2,4.0,2,1098.1945728158792,3.0
11,18.4353534261652,,,2,2.0,2,1344.997038541035,3.0
7,17.3551038062284,,,1,2.0,2,2221.5535795137644,3.0
54,24.4035398895496,2.0,1.0,1,3.0,2,3015.6208174735207,3.0
55,22.0417732120333,1.0,2.0,2,2.0,2,1136.524236487187,3.0
24,24.4322190652352,1.0,1.0,1,2.0,2,,3.0
22,21.5186667873811,1.0,1.0,2,1.0,2,2083.9546634107382,3.0
58,21.6135995577405,1.0,3.0,2,9.0,2,385.9812181394926,2.0
37,27.791100572407,2.0,3.0,1,4.0,2,2955.372525605657,4.0
36,23.0689048251035,1.0,2.0,2,3.0,2,2137.8612950037377,4.0
6,16.2513007284079,,,2,3.0,2,1232.232270279581,4.0
2,15.233979069716,,,2,3.0,2,1106.8834473440063,4.0
42,34.3185559435182,1.0,,2,4.0,2,1865.4952491909264,5.0
74,30.670116985186,3.0,2.0,2,9.0,2,1558.4722627436306,5.0
9,17.4805528849155,,,1,1.0,2,2500.378953222395,5.0
6,17.2481200169327,,,2,1.0,2,1548.8891989882902,5.0
52,27.2493063812921,1.0,2.0,1,3.0,2,1770.0233410650098,5.0
59,28.2309282813381,1.0,2.0,1,3.0,2,2783.1980554716383,5.0
56,24.2627140916126,3.0,3.0,2,3.0,2,1311.4176016228384,5.0
32,26.0274514457498,1.0,1.0,2,4.0,2,1525.3585055388294,5.0
29,23.7312328114088,1.0,1.0,1,3.0,2,1416.458127628953,5.0
32,,,,2,,2,1214.4744043546648,5.0
1,,,,1,,2,1341.8363511348432,5.0
56,21.7324102542855,1.0,1.0,2,3.0,2,,2.0
25,25.3533542487671,2.0,2.0,1,2.0,2,,2.0
45,23.1272529456424,1.0,1.0,1,3.0,2,1664.89962868243,3.0
44,20.6987829513678,1.0,1.0,2,3.0,2,927.6680658581856,3.0
7,14.1971419014057,,,2,3.0,2,1377.704192064305,3.0
16,18.9386056191467,,,2,3.0,2,1272.0368136194566,3.0
40,24.9035812672176,1.0,2.0,2,3.0,2,1876.2280315016976,2.0
13,18.6943627738231,,,1,3.0,2,2846.4341180842052,2.0
9,16.97634697997,,,2,3.0,2,2100.982366258004,2.0
58,25.5645271013394,3.0,1.0,1,2.0,2,,3.0
54,30.159625137144,2.0,2.0,2,3.0,2,1451.013792468569,3.0
27,22.0328337723156,2.0,1.0,1,3.0,2,2249.8090238872187,3.0
70,27.3238884173664,3.0,3.0,2,3.0,2,705.069959526233,3.0
47,22.872226457115,1.0,1.0,2,4.0,2,2198.325085332059,5.0
52,20.7270282029983,1.0,1.0,1,3.0,2,1288.0642442774556,5.0
21,20.8801402116644,1.0,1.0,1,4.0,2,2535.868675484569,5.0
79,24.5023326148157,3.0,1.0,1,3.0,2,2051.555455197103,1.0
71,21.0928739440057,2.0,1.0,2,3.0,2,2417.633385651935,1.0
50,25.4612641585733,1.0,2.0,1,2.0,2,1419.5449974065698,4.0
48,21.2992198295329,1.0,1.0,2,3.0,2,1853.136485581172,4.0
20,21.3868077456681,1.0,1.0,2,2.0,2,1568.9817225259246,4.0
17,21.887292225733,,,1,1.0,2,3605.5166503096343,4.0
19,25.0405713341214,1.0,1.0,1,2.0,1,,1.0
70,21.0515662944724,2.0,,2,2.0,1,2182.0207259229674,1.0
70,24.1130680472192,3.0,2.0,1,4.0,1,1831.6026202033,2.0
36,23.3331311570548,3.0,,1,3.0,1,1736.0257705121703,2.0
63,24.4192810629144,1.0,2.0,1,3.0,1,1368.4788597926115,4.0
80,26.3999127655056,3.0,1.0,2,3.0,1,2041.252674181173,1.0
59,24.9386026004221,1.0,1.0,1,3.0,1,1485.7510495462866,5.0
59,26.7916825714281,1.0,2.0,2,3.0,1,1671.5999910359783,5.0
42,22.5492191584552,2.0,2.0,1,3.0,1,2317.529680632098,3.0
41,31.5372358756495,1.0,,2,2.0,1,1170.787658987872,3.0
6,14.9429059535457,,,1,1.0,1,1242.8175847296022,3.0
4,14.7913973693781,,,1,1.0,1,278.1922136392067,3.0
80,22.0487557121634,2.0,1.0,2,4.0,1,,1.0
73,21.9993016912728,3.0,2.0,1,3.0,1,1323.5820371419702,1.0
64,26.4144540473883,2.0,3.0,2,3.0,1,1090.2448796841072,1.0
72,25.1017777227793,2.0,1.0,1,3.0,1,821.2554213535609,2.0
70,20.599365234375,2.0,2.0,2,3.0,1,1638.3343291221663,2.0
63,,,,1,,1,2184.021672227183,3.0
61,22.7199986603954,3.0,2.0,2,3.0,1,1745.9483404921368,3.0
17,17.3368713392992,,,2,2.0,1,2190.1587369487056,3.0
69,27.178762641285,3.0,2.0,1,3.0,1,,4.0
68,22.9528053187299,2.0,1.0,2,3.0,1,1228.3201490729546,4.0
65,24.8115091948944,3.0,3.0,1,3.0,1,,1.0
64,25.8015381947763,3.0,2.0,1,3.0,1,2351.9929903927828,2.0
62,22.7044798957827,3.0,2.0,2,3.0,1,1540.6249257374882,2.0
64,24.9034001865376,2.0,2.0,2,2.0,1,1151.1997736191977,2.0
76,25.610600667088,3.0,2.0,2,4.0,1,1287.9105086350714,1.0
64,20.4878246337504,1.0,1.0,2,3.0,1,1404.7361140386706,4.0
80,25.2822517864912,3.0,2.0,1,3.0,1,2077.2620056680425,2.0
76,23.4876176215851,3.0,2.0,2,4.0,1,1983.11102971786,2.0
77,29.2296121274097,3.0,2.0,2,2.0,1,1666.941725296609,4.0
44,22.2965141328047,1.0,1.0,1,9.0,1,1471.608116899475,4.0
64,30.8651806218706,3.0,2.0,2,2.0,1,2966.053564139505,3.0
10,25.3670609366407,,,1,2.0,1,784.3769702898127,3.0
6,15.44277947165,,,1,2.0,1,1016.1712471251648,3.0
80,21.2950138504155,3.0,2.0,1,3.0,1,1092.8643695302703,1.0
71,22.9999202890849,2.0,,1,3.0,1,1726.407937569187,3.0
69,26.6998932004272,3.0,,2,5.0,1,1733.355256338071,3.0
72,23.1472551213302,3.0,,2,4.0,1,1106.0111082350786,2.0
67,22.9815788178356,1.0,2.0,1,3.0,1,1386.4525912712363,2.0
73,24.2038266380276,3.0,1.0,2,9.0,1,673.8169998018142,2.0
71,27.5016536775027,3.0,3.0,1,3.0,4,1869.952931218446,2.0
72,28.1098825924502,2.0,3.0,1,5.0,1,2398.6469932816926,2.0
75,21.9119299398874,3.0,3.0,1,3.0,1,1475.958118318191,2.0
63,20.4967747055289,3.0,3.0,2,4.0,1,1097.9251177435342,2.0
58,22.3074525647385,2.0,3.0,2,4.0,1,1688.9985881098844,4.0
80,28.6399214341079,3.0,,2,4.0,1,1058.8445748293295,4.0
80,19.4045131422134,3.0,1.0,1,1.0,1,2027.5579205206532,2.0
74,,,,2,,1,1124.9783238163648,2.0
65,20.076361733898,3.0,3.0,1,3.0,1,,1.0
58,27.5068652551199,3.0,1.0,2,2.0,1,620.4154852757105,1.0
18,23.7310721880961,,,1,1.0,1,3006.392239110123,1.0
58,23.9569745401738,2.0,2.0,1,3.0,4,2147.2621514191214,5.0
54,21.640625,1.0,1.0,2,3.0,4,2224.594224979597,5.0
60,20.0250234570465,2.0,1.0,2,2.0,1,1919.44147707387,5.0
53,18.775456056915,2.0,2.0,1,4.0,1,2714.7455977539685,
70,26.8788909288842,3.0,3.0,1,1.0,1,,4.0
40,25.6491424582593,1.0,,1,1.0,1,,
65,29.1154836543667,2.0,2.0,1,3.0,1,1408.543923090152,4.0
80,23.6457737874799,3.0,2.0,2,3.0,1,857.1403853260617,4.0
77,22.2074074336748,3.0,1.0,2,3.0,1,1315.5354602343953,2.0
57,34.2346943267969,3.0,2.0,1,2.0,1,1914.242370583832,5.0
56,27.6813317479191,3.0,2.0,2,3.0,1,1858.5116318953649,5.0
80,17.4553636231674,3.0,3.0,1,4.0,1,1388.3561100929392,3.0
47,,,,1,,1,4158.097095249309,3.0
43,19.6845948285596,1.0,2.0,2,3.0,1,1042.606190710551,3.0
21,,,,2,,1,1116.9785741904775,3.0
20,,,,2,,1,1586.5307876045167,3.0
16,18.2850300334728,,,2,3.0,1,2023.0244133785548,3.0
44,22.2137698542966,2.0,2.0,2,2.0,3,,5.0
8,15.5539164902482,,,1,3.0,3,,5.0
15,19.1907625626093,,,2,3.0,3,,5.0
29,27.5216733177377,2.0,1.0,1,4.0,3,1275.172355878976,5.0
61,23.9036924620364,3.0,3.0,1,3.0,3,1326.656932489072,5.0
60,26.1652945536126,3.0,3.0,2,3.0,3,1692.3826512339406,5.0
35,21.4358069470313,2.0,,2,3.0,3,1351.5034113255344,5.0
7,15.3678027457141,,,2,1.0,3,1437.2262042283628,5.0
47,25.0768602440637,3.0,,1,9.0,3,4662.10591925768,4.0
47,27.6491073980131,1.0,2.0,2,2.0,3,1366.3342360631746,4.0
9,17.764896885776,,,1,1.0,3,1624.835732826633,4.0
7,21.3284524720436,,,1,1.0,3,1348.5304781804364,4.0
67,27.3528319949983,2.0,2.0,2,2.0,3,890.889652324603,4.0
73,22.4014256881829,2.0,2.0,1,3.0,3,1740.0818250337752,4.0
62,24.0101261817175,2.0,3.0,2,3.0,3,678.028208937171,4.0
62,21.2610692826453,1.0,1.0,1,1.0,1,2787.2896318388175,3.0
59,30.1679362880886,3.0,2.0,2,4.0,1,,3.0
65,22.8820426898335,2.0,2.0,1,2.0,1,3034.5638603499324,4.0
68,26.5840995809095,1.0,2.0,1,2.0,1,2665.42367972631,3.0
63,23.8907748065257,1.0,1.0,2,2.0,1,1493.8125713529478,3.0
21,24.5160414379012,2.0,1.0,1,2.0,1,2921.2382749676262,1.0
49,26.1226125251779,2.0,2.0,1,2.0,1,2008.6736910027175,4.0
50,22.5513973605778,1.0,1.0,2,4.0,1,1408.047097350223,4.0
22,18.9790313467687,1.0,1.0,2,3.0,1,1412.791273767148,4.0
17,26.6582952382073,,,1,2.0,1,,4.0
68,21.095290906987,1.0,2.0,1,3.0,1,2988.8912686254703,1.0
79,24.65483234714,3.0,2.0,2,9.0,1,1714.1451806103462,1.0
24,27.1796345415084,2.0,1.0,1,3.0,1,4003.2973717882737,1.0
24,21.2279259528856,1.0,1.0,1,1.0,1,3685.739848935246,1.0
28,19.2596875160201,1.0,1.0,2,3.0,1,1459.3875221299336,3.0
21,22.2836078750196,1.0,1.0,1,3.0,1,2011.3513177074385,3.0
23,20.7236390710209,1.0,1.0,2,3.0,1,1717.0447738190285,1.0
22,19.6224612423849,1.0,1.0,1,2.0,1,1501.328508218409,1.0
28,23.8572923535081,1.0,1.0,1,3.0,1,1678.7270118006072,3.0
53,20.9522089309612,1.0,1.0,1,1.0,1,,5.0
50,20.3319701389199,1.0,1.0,2,3.0,1,,5.0
57,21.3207100591716,1.0,1.0,2,4.0,1,1320.6611435713176,2.0
69,21.6868105200341,2.0,,1,3.0,1,1905.0202687540152,3.0
63,20.1862926855236,1.0,1.0,2,3.0,1,1006.3919960259128,3.0
66,20.1055000522604,1.0,2.0,1,1.0,4,2049.8508733690373,3.0
63,30.5537411723443,3.0,2.0,2,3.0,4,1121.2105690182898,3.0
67,25.3384136261555,1.0,2.0,2,1.0,1,1089.601305863104,1.0
72,26.6122122341009,2.0,2.0,2,3.0,3,1538.3388256230949,2.0
31,26.3325531539681,2.0,2.0,1,2.0,3,2555.2115173589873,2.0
49,25.7523950772851,2.0,3.0,1,4.0,3,2685.176329023694,5.0
47,23.243014657869,1.0,1.0,2,4.0,3,1752.958392733866,5.0
17,30.4106876588449,,,2,3.0,3,1945.5373555050096,5.0
63,23.6839093183509,3.0,1.0,2,3.0,3,1111.0582966789154,1.0
48,24.6535562831502,1.0,3.0,1,3.0,1,3563.4062533053484,3.0
46,27.2999878144425,3.0,3.0,2,3.0,1,1957.091598939567,3.0
10,24.3462395243673,,,1,1.0,1,1783.3145284257284,3.0
19,24.332110842716,1.0,1.0,2,3.0,1,,3.0
41,23.2285085798878,1.0,1.0,1,2.0,1,3683.738052464984,2.0
38,20.6125707649877,1.0,1.0,2,2.0,1,3795.3385885173902,2.0
17,17.0192324976317,,,2,3.0,1,1551.8676623261265,2.0
14,18.5822749008461,,,1,3.0,1,2441.6611635517156,2.0
6,16.0512717620053,,,1,1.0,1,2174.410912929543,2.0
5,14.6371560596513,,,1,1.0,1,2188.021614669896,2.0
75,22.2051575289079,1.0,3.0,2,1.0,1,1133.3706497286526,1.0
41,29.6967123817062,1.0,3.0,1,4.0,3,2156.924079341478,5.0
35,23.8238804671715,1.0,1.0,2,3.0,3,,5.0
7,19.7984387345986,,,2,2.0,3,,5.0
6,18.8678692062301,,,1,2.0,3,,5.0
2,18.4736186919468,,,1,3.0,3,,5.0
63,22.5685966100102,3.0,2.0,1,3.0,1,2451.018349348941,3.0
54,22.0873150187367,3.0,3.0,2,3.0,1,1444.7099957691564,3.0
80,23.9591634973317,2.0,3.0,1,3.0,3,1809.4787726142663,1.0
72,27.8874795098391,3.0,2.0,2,4.0,3,887.1682100935636,1.0
76,27.8325370042434,3.0,3.0,1,3.0,3,1687.5103133727655,1.0
76,23.6633972750688,2.0,2.0,2,3.0,3,1306.1212268084466,1.0
54,24.4341708200239,1.0,2.0,1,2.0,3,1633.255374017338,5.0
49,26.4815201676987,1.0,2.0,2,4.0,3,1009.9322718654914,5.0
47,28.4865070851627,2.0,1.0,1,3.0,3,2341.9360664897567,4.0
40,24.9873705138164,1.0,1.0,2,3.0,3,1556.4995475515652,4.0
14,19.7590922458583,,,2,2.0,3,764.2831939524492,4.0
12,29.7374881554073,,,2,4.0,3,2474.830968686676,4.0
7,17.7997665982823,,,1,1.0,3,2229.152964692561,4.0
69,,,,2,,3,1203.5224999999998,4.0
49,28.4604958302452,3.0,,2,3.0,3,1221.6844476185895,3.0
23,30.8126872554309,1.0,1.0,1,3.0,3,2506.187799921886,3.0
73,22.6885913187102,3.0,2.0,1,2.0,3,1745.3022449828384,2.0
69,22.7850890371172,2.0,2.0,2,3.0,3,1315.9227870964137,2.0
34,23.0893240737814,1.0,2.0,1,4.0,3,1368.4953847491304,2.0
30,27.3667646431926,1.0,2.0,2,3.0,3,2809.4682712201575,2.0
1,16.5591693736745,,,1,1.0,3,745.9682665419109,2.0
63,24.0670632774473,1.0,2.0,1,3.0,3,,3.0
61,24.0334264114057,2.0,2.0,2,3.0,1,1226.5806166572745,2.0
52,30.6169961868236,2.0,3.0,1,4.0,2,2590.6528209857665,2.0
38,23.6823797445692,1.0,1.0,2,3.0,2,997.0994248286278,2.0
13,23.9871975575548,,,2,2.0,2,2096.2909345929093,2.0
79,25.8361417647655,3.0,,2,4.0,2,1085.0358295842532,1.0
69,35.595638771798,3.0,3.0,2,3.0,2,2154.481548588748,2.0
68,23.5949359987361,3.0,1.0,2,5.0,2,1782.0369792533263,1.0
80,26.5110858683025,3.0,2.0,2,4.0,2,1044.7854211531692,1.0
54,19.8573538190844,1.0,2.0,2,3.0,2,1129.9613067136804,1.0
13,16.0903970028422,,,2,3.0,2,1618.1201898117893,1.0
67,28.170039655031,3.0,3.0,1,3.0,2,1558.3559651550163,3.0
64,23.7863331984448,2.0,2.0,2,1.0,2,1907.9064030999025,3.0
73,23.1438433057229,3.0,3.0,2,4.0,2,981.4544970671597,1.0
80,28.097958355868,3.0,1.0,2,5.0,2,836.7749113282148,1.0
80,23.0522682445759,3.0,2.0,2,2.0,2,1069.038312380242,1.0
79,23.6764022294917,3.0,3.0,1,5.0,2,1104.1355790426187,1.0
74,26.0421126872518,3.0,3.0,2,5.0,2,1165.921604265956,1.0
61,24.0153573531957,2.0,2.0,1,3.0,2,1750.8455082994174,3.0
45,22.0788510461395,1.0,1.0,2,4.0,2,1385.690682544,1.0
28,27.1691668769043,1.0,1.0,2,9.0,2,2584.134539042078,2.0
26,,,,2,,2,1778.6380873451396,2.0
75,21.3730814091155,1.0,2.0,1,1.0,2,4060.6730590792745,1.0
52,16.5187635650774,1.0,2.0,2,4.0,2,,1.0
69,32.3823321000958,3.0,3.0,2,3.0,2,549.2948460490462,1.0
53,26.5334118332331,1.0,2.0,2,4.0,2,2480.393,1.0
67,27.7196703293161,3.0,,1,3.0,2,,1.0
63,31.7427091084386,3.0,,2,4.0,2,,1.0
68,28.473080227988,3.0,1.0,2,4.0,2,1575.9882513863215,1.0
54,26.340881084129,1.0,2.0,2,2.0,2,1523.7922128100872,1.0
38,28.5358613425261,1.0,1.0,1,3.0,2,3982.096423641321,2.0
14,,,,2,,2,1370.6173005240194,2.0
60,24.6778221560898,3.0,2.0,1,3.0,2,2208.110970801252,3.0
57,23.5013646486608,2.0,3.0,2,4.0,2,1294.0772096409537,3.0
21,21.0786011080332,1.0,1.0,2,3.0,2,1762.6379805854174,3.0
62,24.1103990229469,1.0,1.0,1,2.0,2,1611.7373514879048,3.0
21,17.7068794325299,1.0,1.0,2,3.0,2,1609.679728463705,3.0
17,17.1172245346283,,,2,3.0,2,1023.4037127296368,3.0
15,17.7595350477431,,,2,3.0,2,1532.4038308434297,3.0
10,14.6127045714773,,,1,3.0,2,1273.0389494542767,3.0
51,22.1305998167552,1.0,2.0,2,4.0,2,1258.2719933067742,3.0
56,27.8042402584527,1.0,1.0,2,9.0,2,1047.995879131389,3.0
26,24.1525564465237,,1.0,1,9.0,2,2051.9631358200827,3.0
29,,,,1,,2,6854.385577746019,3.0
57,21.25,2.0,1.0,1,3.0,2,1247.9143110597788,2.0
17,,,,2,,2,1361.0788108840557,2.0
16,,,,1,,2,1656.4335768095748,2.0
46,26.3712658687095,1.0,2.0,2,3.0,2,1224.170886619194,4.0
14,21.7769961317978,,,1,2.0,2,,4.0
12,16.9836956521739,,,2,2.0,2,1823.1622243354068,4.0
77,25.4457515901984,3.0,3.0,1,2.0,2,2014.6941177179508,1.0
72,21.5466732881078,3.0,1.0,2,5.0,2,605.5522498691946,1.0
50,22.1919564172408,2.0,2.0,2,3.0,2,,1.0
72,27.272047820701,3.0,3.0,2,5.0,2,1645.776131180162,1.0
59,24.7831093104446,3.0,1.0,1,3.0,2,,3.0
55,27.0663979526762,3.0,2.0,2,3.0,2,,3.0
25,29.8906360958724,2.0,2.0,1,3.0,2,,3.0
61,24.8399168064192,1.0,3.0,1,3.0,2,1390.7203754099137,4.0
57,27.4045276463569,1.0,2.0,2,4.0,2,1214.8084076306973,4.0
27,22.1659339486224,1.0,1.0,2,9.0,2,2000.0500607462689,1.0
50,,,,1,,2,2335.729732656757,1.0
33,20.9169709024927,1.0,1.0,2,4.0,2,1110.8490588197194,1.0
9,18.1054678512911,,,2,4.0,2,1443.49490706842,1.0
7,15.3053776537628,,,2,3.0,2,1037.1877243116712,1.0
70,30.2587386870802,3.0,2.0,2,3.0,1,1172.4751138384845,1.0
69,21.6510121682661,3.0,1.0,1,3.0,1,,3.0
63,21.1484558470746,3.0,1.0,2,3.0,1,461.56830029408366,3.0
5,17.2452453578533,,,1,1.0,1,1521.0018114574464,3.0
4,16.3338498959751,,,1,1.0,1,1172.6933268041223,3.0
32,,,,2,,1,781.8715701760418,3.0
66,23.6103243966122,1.0,1.0,1,3.0,1,2761.836721992187,2.0
58,25.7648287341942,2.0,2.0,2,4.0,1,1413.6843394264383,2.0
77,26.3739492151246,3.0,2.0,2,3.0,1,1998.9015160605716,1.0
71,33.0129701238191,3.0,3.0,1,1.0,1,2898.0853926040527,1.0
69,21.5069506554164,3.0,2.0,2,5.0,1,1451.664664970343,1.0
78,29.6977531907664,3.0,3.0,1,5.0,1,1026.0611738706568,1.0
77,23.4394931341504,3.0,3.0,2,3.0,1,918.7930230594824,1.0
51,25.7858856205025,2.0,2.0,1,2.0,1,3006.732769892576,4.0
49,27.3210683120918,2.0,1.0,2,3.0,1,2170.6811465542673,4.0
80,32.161933945987,3.0,3.0,2,4.0,1,845.4595039865941,4.0
73,26.09375,1.0,1.0,1,4.0,1,1288.1003125485686,1.0
55,20.5267890888712,1.0,1.0,1,4.0,4,1636.4100075357248,3.0
53,34.8571542838815,2.0,2.0,2,3.0,4,3290.351674441825,3.0
71,27.8310288612486,3.0,3.0,2,3.0,1,776.4834363057324,1.0
72,25.9648137180905,3.0,,2,3.0,1,1117.3087645317376,1.0
77,23.621439012094,3.0,2.0,1,4.0,1,3067.35493212299,1.0
68,24.0590204023789,3.0,1.0,2,3.0,1,1405.4543206311691,2.0
72,26.089563131165,3.0,3.0,1,2.0,1,1055.825149605221,2.0
58,26.3464697438888,3.0,3.0,2,3.0,1,,1.0
74,25.0995015956112,3.0,3.0,1,3.0,1,1331.0167629677358,2.0
74,29.2286739510326,3.0,2.0,2,3.0,1,1301.1695572283322,2.0
79,21.7502780533427,3.0,3.0,1,2.0,1,2576.5453348342435,1.0
77,22.5682275208273,3.0,,2,3.0,1,569.4368585482476,1.0
80,24.1900598775129,3.0,,2,3.0,1,1131.185108593787,1.0
74,20.6705940795418,3.0,2.0,2,4.0,1,1233.0384118340312,1.0
78,23.1272529456424,3.0,1.0,1,3.0,1,2045.2994757900965,2.0
77,26.1615343398027,2.0,3.0,1,4.0,1,2350.5790706750213,1.0
59,22.1714050539025,3.0,1.0,1,3.0,1,4054.214250197545,3.0
53,22.4744730239236,1.0,2.0,2,3.0,1,1462.4831390942245,3.0
29,20.7054484807244,2.0,1.0,2,3.0,1,1573.2966049146853,3.0
73,21.3102473760947,3.0,2.0,2,4.0,1,1127.0579512905456,1.0
61,22.9923110077467,2.0,3.0,2,5.0,1,,1.0
80,24.7360577342999,3.0,1.0,1,3.0,1,1642.498036245228,1.0
77,19.4279762858516,3.0,2.0,2,3.0,1,1240.632689572978,1.0
78,23.3780693142616,1.0,1.0,1,3.0,1,1583.7799876121044,1.0
75,,,,2,,1,1040.230254858414,1.0
61,25.5152505820556,2.0,3.0,1,4.0,1,763.641557135207,2.0
57,23.0354746309316,1.0,1.0,2,3.0,1,1008.547514031057,2.0
58,26.2061815601443,3.0,2.0,2,3.0,1,1915.013681477098,1.0
80,26.0453912454364,3.0,2.0,1,4.0,1,1181.2122462228945,1.0
80,18.7917491463546,2.0,2.0,1,2.0,1,1916.6819856922448,1.0
77,15.4817290179824,3.0,2.0,2,3.0,1,1098.2730338281715,1.0
58,20.6317905149101,2.0,2.0,1,9.0,1,,4.0
54,23.0659267405497,3.0,2.0,2,3.0,1,,4.0
80,23.4647264902795,2.0,2.0,1,4.0,1,677.9484197642867,4.0
79,24.9583453030738,3.0,1.0,2,3.0,1,1085.929484283564,4.0
56,27.0446654658418,1.0,1.0,1,3.0,1,1619.545973259765,4.0
54,26.7042541640372,2.0,3.0,1,3.0,1,1923.5415936646957,3.0
54,26.7646567983803,2.0,2.0,2,3.0,1,1170.0132011221915,3.0
64,29.3023564891465,3.0,3.0,1,3.0,1,2045.5617049683449,3.0
64,23.7012300385219,2.0,3.0,2,3.0,1,922.8796753894756,3.0
58,30.542301442228,3.0,3.0,1,3.0,1,1751.1288491859782,4.0
56,26.0985223208211,2.0,2.0,2,3.0,1,751.6879576944626,4.0
80,25.4349714793649,1.0,,2,5.0,1,1218.8223934514783,4.0
39,22.5606245289278,2.0,2.0,1,9.0,1,2447.250160352132,2.0
33,36.14716326391,2.0,3.0,2,3.0,1,1973.992982300352,2.0
12,20.4108026939207,,,2,1.0,1,2795.045646938055,2.0
11,18.9305567440411,,,1,1.0,1,876.3761328228366,2.0
1,20.6630099767468,,,2,2.0,1,778.1258000000003,2.0
71,26.5704894083272,2.0,2.0,2,2.0,1,1178.7765000058,2.0
56,25.4906655326894,2.0,2.0,2,3.0,1,1344.5862616589975,4.0
80,25.0623502371754,3.0,2.0,1,3.0,1,953.5454164480628,1.0
80,25.4395809951365,3.0,3.0,2,3.0,1,1348.9872817164935,1.0
80,17.5790328155188,2.0,,1,9.0,1,792.4039408638628,1.0
49,25.893049462073,3.0,3.0,2,2.0,1,1232.7108427777682,1.0
52,20.1214123390287,1.0,1.0,1,3.0,1,2160.2983972994,1.0
80,27.7195061152873,3.0,3.0,2,2.0,1,744.4137212728969,1.0
15,19.6074129732516,,,1,2.0,1,1838.4274163748464,1.0
80,24.301255552522,1.0,2.0,1,2.0,1,921.0773534163654,1.0
77,23.7146341585283,3.0,3.0,2,3.0,1,1169.140883470386,1.0
57,22.5191505578439,1.0,2.0,1,3.0,1,1777.2157607370189,1.0
80,24.732576234267,3.0,,2,3.0,1,,
69,26.9966961810159,3.0,3.0,2,3.0,1,1585.8770357240485,1.0
71,27.998056264927,3.0,2.0,2,3.0,1,546.2503728143183,1.0
70,23.3503041700989,3.0,3.0,1,2.0,1,1084.5188791829996,1.0
63,23.1961904079603,1.0,2.0,2,3.0,1,1057.8499595957344,1.0
64,27.242845837562,1.0,3.0,1,3.0,1,,4.0
60,25.3957884636977,1.0,1.0,2,3.0,1,,4.0
72,23.9341507833933,1.0,3.0,2,2.0,1,1953.4132999999997,1.0
75,24.2961840966006,3.0,3.0,2,4.0,1,1353.1693202040017,1.0
80,23.289272866342,3.0,2.0,1,3.0,1,1451.3170342384162,5.0
77,26.6409178467305,2.0,1.0,2,4.0,1,1287.2649361914278,5.0
53,27.563681638139,2.0,3.0,1,3.0,1,,5.0
40,,,,1,,2,3433.7942377483055,5.0
38,21.7546192526633,2.0,2.0,2,3.0,2,1100.0743766655971,5.0
10,18.168256167084,,,1,2.0,2,2425.355670802892,5.0
11,17.2836762732161,,,1,2.0,2,2115.0662236360045,5.0
50,,,,2,,2,872.9603334258629,1.0
24,20.5962216903694,1.0,1.0,2,1.0,2,2179.0429778331136,1.0
18,21.2671029149316,,,2,1.0,2,985.5750705714286,1.0
55,,,,1,,2,2296.429347072738,4.0
52,17.4855482690802,2.0,1.0,2,4.0,2,2810.523997546779,4.0
62,26.2443759648173,1.0,3.0,2,5.0,2,,1.0
60,21.58480112188,2.0,1.0,1,2.0,2,2055.3983186368314,1.0
46,21.8752802007083,3.0,1.0,1,3.0,2,2379.0242375398875,3.0
74,22.2200437865569,3.0,2.0,2,2.0,2,1280.2332498024864,3.0
54,,,,2,,2,1180.3804367115565,1.0
18,19.0799243813326,,,1,3.0,2,1400.453874566885,1.0
19,20.3596437482524,1.0,1.0,2,2.0,2,1109.1179829955731,1.0
63,,,,1,,2,1877.0904187862448,3.0
59,22.7894655804709,3.0,3.0,2,4.0,2,686.6360942000001,3.0
31,22.2981542414328,1.0,1.0,1,3.0,2,1878.2072644426216,3.0
25,28.8056483195078,2.0,1.0,1,4.0,2,2239.5804429812583,3.0
44,25.8886928656522,2.0,2.0,1,3.0,2,2573.381182215061,4.0
41,22.265625,1.0,1.0,2,2.0,2,2567.518954203812,4.0
10,20.2476234969226,,,1,2.0,2,2118.3039012795753,4.0
8,20.9074484278413,,,2,1.0,2,1861.8952704785272,4.0
41,27.5468885894479,1.0,1.0,2,5.0,2,2799.9243378968154,3.0
12,19.6902483804771,,,2,2.0,2,3115.6989185521843,3.0
10,16.9733989984137,,,2,3.0,2,1540.481850194436,3.0
3,16.8941485864563,,,2,1.0,2,1683.6961937567391,3.0
47,22.2203518222372,2.0,1.0,2,3.0,2,1370.6611094648538,4.0
62,25.4993239845886,2.0,1.0,1,2.0,2,965.9337583020156,3.0
59,23.99903561479,1.0,2.0,2,3.0,2,1272.64964088975,3.0
56,23.8234705393314,3.0,3.0,2,3.0,2,,4.0
29,22.9000288010611,1.0,1.0,1,2.0,2,,4.0
61,22.7536435130494,1.0,2.0,2,3.0,2,993.5966129967982,1.0
62,18.4025935388494,2.0,3.0,1,3.0,2,1575.7698358967898,1.0
43,28.2480079340652,3.0,2.0,2,2.0,2,,3.0
43,26.268161149915,1.0,2.0,1,4.0,2,,3.0
16,30.5503990040067,,,2,2.0,2,,3.0
13,23.3348808896701,,,1,2.0,2,,3.0
66,21.3538242608954,1.0,3.0,2,4.0,2,597.6750906700851,2.0
40,24.2018165999273,1.0,1.0,1,3.0,2,,2.0
8,15.4060359227057,,,2,1.0,2,,2.0
44,24.4260789715335,2.0,1.0,1,2.0,2,2453.383136476561,3.0
46,20.5736469472733,2.0,1.0,2,3.0,2,2213.553301076573,3.0
9,14.2195061863119,,,2,3.0,2,2858.744505543658,3.0
7,15.0945973635681,,,2,3.0,2,1837.1692284337175,3.0
53,23.167292442415,1.0,1.0,1,2.0,2,,4.0
48,24.1417044661381,2.0,,2,3.0,2,,4.0
19,21.1199427121554,1.0,1.0,2,3.0,1,2232.0698236494827,1.0
22,22.3536029146982,1.0,1.0,1,2.0,1,,3.0
24,18.6054843798092,1.0,1.0,1,3.0,1,2237.8936691787653,1.0
80,24.9995967806971,3.0,2.0,2,5.0,1,1098.941725030928,1.0
64,19.4569353164995,1.0,1.0,1,3.0,1,1556.6768606560447,2.0
63,22.8585740452686,3.0,3.0,2,4.0,1,1360.4805703295797,2.0
69,20.9146602724332,3.0,1.0,1,4.0,1,1356.6044468031407,2.0
42,17.9855075813609,3.0,1.0,1,5.0,1,2502.425416873355,2.0
80,25.7048640947114,3.0,,2,9.0,1,599.9696557327803,1.0
80,19.8742574896694,2.0,,2,3.0,1,1557.7335,
80,22.9060864283051,3.0,3.0,2,3.0,1,2212.1446666369693,1.0
65,29.9369530696173,3.0,,1,4.0,1,1027.336,1.0
23,28.1771085623271,2.0,1.0,1,2.0,1,6314.1753921948075,1.0
22,22.4568047337278,1.0,1.0,2,3.0,3,,1.0
22,23.9293860774687,1.0,1.0,2,2.0,3,,1.0
22,19.1182173164155,1.0,1.0,2,3.0,3,,2.0
22,23.4093685699588,3.0,1.0,1,3.0,3,,1.0
22,27.0200631391903,2.0,1.0,1,3.0,3,2311.6591336372194,1.0
22,26.1512591370529,1.0,1.0,1,2.0,3,1993.4182652656625,1.0
54,34.0866052266128,3.0,3.0,1,9.0,3,1687.2355117388138,3.0
23,24.8940863415147,2.0,,1,3.0,1,5776.579689988752,3.0
19,20.7377764786194,1.0,1.0,2,2.0,1,1465.3722438589057,2.0
22,25.6377818810192,1.0,2.0,1,3.0,1,5340.908232237742,2.0
64,22.05017555465,3.0,3.0,1,3.0,2,2025.7824500246445,3.0
62,22.2484007875586,2.0,1.0,2,4.0,2,1521.145463147943,3.0
57,24.8727311956991,1.0,3.0,1,2.0,2,1260.504399075712,4.0
52,22.9749664765272,1.0,2.0,2,3.0,2,1447.7816835858582,4.0
27,25.6102440976391,1.0,1.0,1,1.0,2,2353.207417191293,4.0
60,32.0370684106407,3.0,3.0,1,4.0,2,2485.12630408091,5.0
57,27.9171874702587,3.0,2.0,2,3.0,2,1396.578485456262,5.0
47,22.0588149019028,2.0,1.0,1,3.0,2,1970.2844614419012,4.0
46,23.7278875720333,2.0,1.0,2,3.0,2,1615.411937457092,4.0
21,19.2061380847459,1.0,1.0,2,1.0,2,,4.0
17,17.9016017802454,,,2,2.0,2,1716.459322911884,4.0
73,,,,1,,2,2985.768118670792,1.0
70,22.7769679300292,2.0,1.0,2,4.0,2,1026.241810485098,1.0
45,22.8373084173928,3.0,2.0,1,2.0,2,2803.815189340499,4.0
43,26.6447736099457,3.0,2.0,2,3.0,2,1866.339717158428,4.0
13,20.4528853177502,,,1,1.0,2,2495.7735718616213,4.0
63,23.3940385980174,3.0,3.0,1,2.0,2,,5.0
60,23.1229949956408,3.0,2.0,2,4.0,2,1688.3828007443274,5.0
26,21.6449850429771,1.0,1.0,2,3.0,2,2487.264876293425,5.0
66,22.5490152230079,3.0,1.0,1,3.0,2,1008.2845392572348,1.0
60,28.620047965449,3.0,3.0,2,3.0,2,824.5834450337733,1.0
33,29.0660157674719,2.0,2.0,2,3.0,2,2800.231121538875,5.0
34,24.6244682492451,1.0,1.0,1,2.0,2,1089.1856410968414,5.0
44,23.6123443368498,1.0,1.0,1,9.0,2,1888.08970139237,4.0
46,21.4613168891233,1.0,2.0,2,3.0,2,2203.2621828352235,4.0
17,24.0282049048542,,,2,3.0,2,,4.0
53,19.5714799663203,1.0,2.0,2,3.0,2,2340.6925581723985,5.0
66,22.8262447379881,3.0,1.0,1,3.0,2,1752.2166161964467,5.0
62,24.2666046334153,2.0,2.0,2,3.0,2,1334.9152513656404,5.0
36,19.5703125,1.0,1.0,2,3.0,2,1466.3925913372116,5.0
52,22.7811041096458,3.0,1.0,2,4.0,2,1795.038091910753,3.0
27,20.0446187128177,2.0,2.0,1,3.0,2,3019.29436992098,3.0
73,24.0569347455645,3.0,3.0,1,9.0,2,2455.1128818014186,3.0
65,26.2874116762782,2.0,1.0,2,3.0,2,2067.0542632918796,3.0
49,29.1676477905091,2.0,2.0,1,3.0,2,2632.0034683258973,5.0
40,24.4619710434778,3.0,2.0,2,3.0,2,2072.15917873433,5.0
15,23.43256211369,,,1,2.0,2,1537.7940516902245,5.0
10,,,,1,,2,1623.538268379138,5.0
56,21.370075514006,3.0,1.0,2,3.0,2,,4.0
30,24.4804130513329,1.0,1.0,1,3.0,2,,4.0
48,19.3341933483917,1.0,1.0,2,3.0,2,1865.018329733885,5.0
65,23.5862767733309,3.0,2.0,1,2.0,2,2678.799176481069,3.0
63,32.987631293163,2.0,2.0,2,2.0,2,1084.2881547884574,3.0
60,22.0707198234342,2.0,2.0,1,3.0,2,1390.347813136451,5.0
55,21.5136606113033,1.0,1.0,2,2.0,2,1433.5761724454917,5.0
29,22.7632883882827,2.0,,1,3.0,2,1607.185263546668,5.0
54,25.7393505486416,2.0,2.0,2,3.0,2,1618.4732772687344,1.0
25,34.3678695528376,1.0,1.0,1,3.0,2,1236.4485317435588,1.0
42,23.8362710861816,2.0,2.0,1,2.0,2,,3.0
42,23.9753095713049,1.0,1.0,2,3.0,2,1002.2303954339797,3.0
7,15.1858375155174,,,2,3.0,2,1591.421891739554,3.0
6,14.8095883208253,,,1,3.0,2,1095.626208496527,3.0
61,22.7520988733186,2.0,,1,3.0,2,,3.0
38,25.1651134257446,1.0,,1,3.0,2,,3.0
35,28.8145949078091,1.0,,2,3.0,2,619.7714988518384,3.0
6,15.99232,,,1,1.0,2,1320.554633478126,3.0
80,24.7304796874738,3.0,1.0,1,3.0,1,3097.6725483158766,4.0
74,31.6290578990627,3.0,3.0,2,3.0,1,1145.100037497935,4.0
70,23.1381184561973,2.0,1.0,1,3.0,1,3099.0408887945855,2.0
68,24.1931581748681,3.0,2.0,2,2.0,1,1436.191573583505,2.0
75,34.0490306040699,3.0,3.0,2,3.0,1,1460.7828732093703,2.0
80,18.7629312874652,3.0,,2,5.0,1,,1.0
72,18.0324211778703,1.0,2.0,1,3.0,1,2126.0934025310953,2.0
67,22.3654740528777,3.0,2.0,2,9.0,1,1218.9131548883738,2.0
79,22.8613519826036,1.0,1.0,2,9.0,1,878.9775623647206,1.0
49,22.7351385322948,2.0,,1,9.0,1,2762.808530140175,3.0
52,24.248267155649,3.0,2.0,1,1.0,4,1986.4958926383324,5.0
49,20.6470319334571,1.0,2.0,2,2.0,4,1046.688920560677,5.0
59,26.7768423943288,3.0,1.0,2,4.0,1,1314.8935258423974,3.0
57,25.5754387310988,2.0,1.0,1,2.0,1,1925.9509777903404,3.0
52,20.0228746173659,1.0,1.0,2,2.0,1,3751.666978097072,2.0
79,24.4767501092172,3.0,2.0,2,4.0,1,1026.8913853316228,1.0
69,29.1222887902681,3.0,2.0,2,3.0,1,2119.296898169328,1.0
6,20.7524858908895,,,2,2.0,1,1742.8757525743265,1.0
78,23.768094574138,3.0,3.0,1,3.0,1,2084.4925007659067,2.0
73,26.3341003270902,1.0,,2,9.0,1,1292.54675689355,2.0
75,23.4315217138075,3.0,3.0,2,2.0,1,1781.0471272520513,2.0
60,24.1716087923023,2.0,1.0,1,3.0,3,1787.644186897484,4.0
79,24.4991073199762,2.0,2.0,2,3.0,1,,1.0
74,20.5446007804134,2.0,1.0,1,2.0,3,2234.1210341193114,5.0
69,22.4618047014285,2.0,1.0,2,2.0,3,1213.288864657868,5.0
67,23.6960015835172,3.0,2.0,1,3.0,3,2383.9500783229696,2.0
64,24.5241467726761,3.0,3.0,2,3.0,3,1066.9136326926268,2.0
80,23.5900476816943,3.0,2.0,2,3.0,1,1180.57385053371,1.0
55,20.2161920230248,1.0,,1,3.0,1,1859.483932974937,1.0
71,20.9094173860297,3.0,2.0,1,2.0,1,2850.7207184401927,2.0
62,23.3275183577427,1.0,2.0,2,3.0,1,1760.1349025811685,2.0
80,26.3973174718939,3.0,2.0,2,3.0,1,1654.7919718103262,1.0
80,24.4020061728395,3.0,2.0,2,5.0,1,880.2996931339034,1.0
80,21.4671492428316,3.0,2.0,2,9.0,1,1303.7461725044934,1.0
80,19.010650887574,3.0,2.0,1,4.0,1,2171.462691928688,1.0
61,25.9742208537623,1.0,2.0,1,2.0,1,3733.632373678041,1.0
57,26.5447620362067,3.0,3.0,2,3.0,1,2548.632830557953,1.0
45,23.1417115248254,3.0,2.0,1,2.0,1,,1.0
79,24.9023823040885,3.0,1.0,1,3.0,1,1551.5604521777773,1.0
76,29.8954292460786,3.0,2.0,2,9.0,1,2189.7251713330647,1.0
80,24.3706056425774,3.0,,1,9.0,1,2004.8852499806096,2.0
80,21.7610804190753,1.0,1.0,1,3.0,1,1934.5687426163863,1.0
76,20.1432246502486,3.0,,2,3.0,1,1847.759704963608,1.0
80,24.9942152563659,3.0,,2,9.0,1,789.4721713249471,1.0
76,26.6049552294376,3.0,2.0,1,4.0,1,1930.0458874287224,2.0
69,24.1156683607084,3.0,3.0,2,5.0,1,1422.1460906128484,2.0
80,25.3453566678187,1.0,,1,9.0,1,1222.8759833281583,1.0
80,25.6993441551446,3.0,,2,9.0,1,921.6648892824932,1.0
80,26.2841708999156,3.0,2.0,1,9.0,1,1845.6069844208807,2.0
64,21.7686903135638,3.0,2.0,1,3.0,1,4360.882626274288,1.0
62,35.6468054270169,3.0,3.0,2,5.0,1,1264.406076024256,1.0
80,23.3621452601658,1.0,,1,9.0,1,1980.1766305943383,1.0
79,21.4034447206042,3.0,1.0,2,3.0,1,1431.504642746164,1.0
75,20.6661941427485,3.0,2.0,1,3.0,1,2111.2113661203166,3.0
75,24.9861125282001,3.0,3.0,2,4.0,1,1561.9745792950548,3.0
80,23.3412567437307,3.0,2.0,2,3.0,1,1279.5918912764355,1.0
39,30.6256533036442,1.0,1.0,2,2.0,1,2228.721966213104,2.0
8,16.1255799843269,,,2,1.0,1,2399.8949264368985,2.0
6,15.9000104835234,,,1,2.0,1,2451.1239832326096,2.0
1,15.6906973913749,,,2,2.0,1,1539.2103707972688,2.0
73,23.0801324444523,3.0,1.0,2,3.0,1,1783.0087421329197,2.0
64,22.4536000161361,3.0,1.0,1,3.0,1,2993.1175674840024,1.0
60,30.3029856725422,3.0,,1,2.0,1,4980.660065480976,1.0
75,22.1749029215976,1.0,3.0,1,2.0,2,1499.88413048653,2.0
69,24.2627140916126,2.0,2.0,2,3.0,2,966.5149331682846,2.0
48,,,,1,,2,2402.4774992313523,5.0
44,21.5164159458233,1.0,1.0,2,3.0,2,2681.03207066485,5.0
15,21.0296675543676,,,2,3.0,2,663.8495,5.0
13,21.8812323615518,,,1,3.0,2,3232.793698672784,5.0
13,22.4338429004466,,,1,3.0,2,3075.7152700582847,5.0
45,23.7132643952486,2.0,1.0,1,3.0,2,2064.7149707058975,4.0
45,22.9396605581008,1.0,1.0,2,9.0,2,1288.6710120726088,4.0
13,15.952838311224,,,2,3.0,2,1800.6238188710818,4.0
8,15.0198183577292,,,2,2.0,2,2205.082303385758,4.0
57,26.8457146173003,3.0,1.0,1,2.0,2,2398.6583541404366,5.0
53,23.3155417814509,1.0,1.0,2,4.0,2,1875.288462526211,5.0
51,27.7267179487868,3.0,2.0,1,2.0,2,,4.0
47,20.0406243342899,1.0,1.0,2,3.0,2,1619.0702510999704,4.0
27,,,,2,,2,2545.924853300236,4.0
36,17.776930536833,1.0,1.0,2,2.0,2,2799.176602694453,4.0
38,28.9371930036954,2.0,2.0,1,2.0,2,,4.0
9,20.651323938054,,,1,2.0,2,4032.654429456587,4.0
5,16.285865501554,,,1,2.0,2,2276.442345776168,4.0
3,13.8439909297052,,,2,2.0,2,2064.310994659571,4.0
51,22.5027521587553,1.0,1.0,1,3.0,2,1982.666136632665,5.0
45,17.844793127296,1.0,2.0,2,3.0,2,1091.9211375170505,5.0
21,21.2591206466778,1.0,,1,3.0,2,3035.7883493647923,5.0
45,31.0913907706683,2.0,2.0,1,3.0,2,,4.0
41,18.9102107066384,1.0,1.0,2,3.0,2,2041.5771354981991,4.0
10,14.6705817743764,,,2,2.0,2,1166.790446385009,4.0
7,14.3533602191744,,,1,3.0,2,1638.3167703167098,4.0
35,25.0319746852213,1.0,2.0,1,2.0,2,1318.271932441134,5.0
34,,,,2,,2,851.6657142857146,5.0
7,17.3604413409976,,,1,1.0,2,1744.2355269694851,5.0
5,14.2340004098081,,,1,3.0,2,1534.2838571337934,5.0
3,15.9574023193279,,,1,2.0,2,1579.5445825055635,5.0
36,22.6461538461538,1.0,1.0,2,3.0,2,530.9272921433819,5.0
42,26.8640317780367,2.0,,1,3.0,2,,5.0
2,14.5263790971967,,,2,2.0,2,1062.481627885625,5.0
47,23.6202841940824,1.0,2.0,1,3.0,2,2550.914358118115,5.0
49,27.1663186253322,3.0,1.0,2,3.0,2,1994.7326700225424,5.0
18,18.3393205821116,,,1,2.0,2,2825.14790212955,5.0
43,27.1279534042137,1.0,1.0,1,3.0,2,1612.5932523791869,4.0
43,21.5631049200703,1.0,2.0,2,2.0,2,1261.777543588736,4.0
16,18.6862176829418,,,1,3.0,2,1509.4494684262602,4.0
13,17.9533288083758,,,2,2.0,2,1608.0571513901602,4.0
52,26.0660237047486,2.0,1.0,1,3.0,2,1855.5810919305368,5.0
51,28.5080758863732,3.0,2.0,2,4.0,2,1644.7435755575368,5.0
24,26.2114400149597,1.0,1.0,2,3.0,2,1404.4589934049927,5.0
44,27.607161316884,1.0,1.0,1,3.0,2,1794.1128211769037,4.0
43,17.3825186183071,1.0,1.0,2,2.0,2,1392.5970451247592,4.0
8,15.8017918635679,,,2,2.0,2,1413.1595300260922,4.0
4,15.0018279287005,,,1,2.0,2,1432.8091932280854,4.0
39,25.7280373254934,2.0,1.0,1,2.0,2,2063.8853533920396,5.0
36,20.0522770751408,1.0,1.0,2,9.0,2,955.5198959695758,5.0
7,18.7337939551124,,,1,2.0,2,1824.5542187301412,5.0
2,16.453585689344,,,1,3.0,2,1307.7898130943267,5.0
51,21.0325440144458,1.0,1.0,2,3.0,2,1452.2647224640466,5.0
50,28.8683216946774,3.0,1.0,1,2.0,2,2208.2779614542173,5.0
80,21.5971473384962,3.0,2.0,1,9.0,2,1709.1017066270986,5.0
80,25.479934865086,3.0,3.0,2,3.0,2,1636.6729803339983,5.0
33,19.7874188415725,1.0,2.0,2,9.0,2,,4.0
3,15.2690023261326,,,1,1.0,2,,4.0
38,23.250046500093,2.0,1.0,1,2.0,2,2540.8825651566212,4.0
41,19.7446762070549,1.0,1.0,2,3.0,2,1387.8556560242591,4.0
9,13.8744363510232,,,1,1.0,2,1692.5024610338442,4.0
5,17.3791041591694,,,1,2.0,2,1914.0476771094177,4.0
48,23.1086387201886,3.0,2.0,1,2.0,2,3174.353622771034,2.0
45,24.5836046006944,1.0,1.0,2,3.0,2,1225.7454183426903,2.0
20,20.2043937272641,3.0,1.0,1,4.0,2,2061.5614783639476,2.0
17,20.4470769605258,,,2,2.0,2,1919.5089384059563,2.0
75,22.2370074402985,3.0,3.0,2,2.0,1,1510.8535319562384,2.0
69,21.8107589164982,1.0,1.0,1,9.0,1,2779.7068715393502,5.0
66,20.3944031079003,3.0,2.0,2,9.0,1,2138.870233842222,5.0
37,18.8911825669212,1.0,1.0,2,9.0,1,1500.1806265169353,5.0
3,15.2988029518771,,,2,3.0,1,946.0047678738348,5.0
67,21.0964955078895,3.0,1.0,1,9.0,1,2532.9113052744833,2.0
66,19.0896909043627,2.0,2.0,2,9.0,1,751.2039358005561,2.0
65,22.0800173451689,1.0,2.0,2,2.0,1,,5.0
75,21.0776933580757,3.0,2.0,1,9.0,1,,1.0
71,29.3069933488686,2.0,3.0,2,3.0,1,1208.4200894351277,1.0
76,21.8522372528616,3.0,3.0,2,3.0,1,1028.764170191007,3.0
74,21.4566208659045,2.0,3.0,2,9.0,1,,2.0
57,32.6497547746304,2.0,1.0,1,9.0,1,4206.288877521234,2.0
25,43.8233719477658,2.0,1.0,1,3.0,1,,2.0
54,36.1217020885993,2.0,2.0,2,3.0,1,1955.0564744464111,2.0
79,19.4628169832541,3.0,3.0,2,9.0,1,1007.66665666728,1.0
79,24.1683477710534,1.0,2.0,1,9.0,1,1475.7113381479369,3.0
72,,3.0,2.0,2,9.0,1,821.1507805701316,3.0
15,31.5622551347698,,,1,1.0,1,2290.0688187929895,3.0
60,25.2374940087462,2.0,2.0,1,3.0,1,2302.90482901632,2.0
60,18.5702064100502,2.0,1.0,2,9.0,1,1138.0904205256882,2.0
66,18.8822245499519,2.0,1.0,1,9.0,1,2360.478215112863,2.0
59,26.2649360443106,3.0,1.0,2,3.0,1,1301.0694978834215,2.0
53,26.0613845321796,2.0,2.0,1,9.0,1,2769.562718224536,4.0
49,26.3276666165187,1.0,2.0,2,9.0,1,1462.406512719475,4.0
24,21.1637163485908,1.0,1.0,2,9.0,1,1009.3034428395492,4.0
80,20.6820085104712,1.0,,1,9.0,1,1253.9317524405828,1.0
61,23.047418918305,3.0,2.0,2,9.0,1,1982.30075160562,2.0
52,23.6298771097306,3.0,2.0,1,9.0,1,1083.385862435726,3.0
72,29.0258311952765,3.0,3.0,2,3.0,1,1841.748807598244,3.0
77,26.2233082233017,3.0,2.0,1,9.0,1,1804.5358875500035,1.0
76,24.8056598829592,3.0,3.0,2,3.0,2,,3.0
48,26.7946015855566,3.0,3.0,1,3.0,2,,3.0
45,22.1463390941604,2.0,1.0,1,3.0,2,1702.8742138763623,3.0
44,21.4097403917289,1.0,2.0,2,2.0,2,2790.434994268207,3.0
13,19.9293228139382,,,2,2.0,2,3018.5924409905297,3.0
48,23.4449881009528,3.0,2.0,1,3.0,2,1413.7891009856123,2.0
80,24.04666897079,3.0,3.0,2,3.0,2,882.0647007987526,2.0
18,21.6465344189604,,,1,1.0,2,1467.9874612209246,2.0
43,24.614190728697,3.0,1.0,1,9.0,2,3916.309182467444,2.0
12,17.5669162266703,,,1,2.0,2,2780.350356861296,2.0
10,23.1430263431903,,,1,2.0,2,3158.997581238411,2.0
9,20.8557287467527,,,1,2.0,2,1767.336169881827,2.0
56,,,,1,,2,1834.8940968686943,2.0
55,22.5222637173226,1.0,3.0,2,4.0,2,1460.9675682227246,2.0
28,,,,1,,2,2512.090715062479,2.0
61,26.0427640407892,2.0,2.0,1,3.0,2,2485.58521570215,3.0
57,20.6608012947436,1.0,1.0,2,4.0,2,1359.3856900705966,3.0
50,21.3946108881623,2.0,1.0,2,4.0,2,2328.794585075483,3.0
23,19.6197984895774,1.0,1.0,2,4.0,2,1985.531486168058,3.0
21,21.2066027582908,2.0,1.0,1,2.0,2,5435.845603618792,3.0
58,23.466750523285,2.0,2.0,1,3.0,2,1909.0967975016056,3.0
24,21.2132953671665,1.0,1.0,2,3.0,2,1697.272665638171,3.0
22,19.9320648788712,1.0,1.0,1,2.0,2,1964.8790000000004,3.0
58,23.6178278951057,3.0,3.0,2,2.0,2,934.3815783286498,3.0
73,22.9575151405424,3.0,2.0,2,3.0,2,1655.7934623978072,2.0
41,25.2808988764045,3.0,1.0,1,3.0,2,1832.9313638008136,3.0
40,32.5121948345744,3.0,3.0,2,2.0,2,922.5948686252832,3.0
10,19.4288596963644,,,1,2.0,2,2223.3477584698103,3.0
7,14.7268849725877,,,2,2.0,2,1760.224314222438,3.0
23,26.8592879304333,1.0,1.0,2,5.0,2,792.3361578500185,3.0
66,31.3136284070294,3.0,3.0,2,3.0,2,1734.8708082005403,3.0
68,22.3637234587783,3.0,3.0,1,3.0,2,1568.959357938367,3.0
43,,,,2,,2,1704.8614630037391,3.0
43,20.5727452271231,1.0,2.0,1,3.0,2,2205.6965716251498,2.0
41,22.442250675805,2.0,1.0,2,3.0,2,678.2091186185501,2.0
9,14.720204673043,,,1,3.0,2,1939.1680782672756,2.0
5,13.9947994512807,,,1,3.0,2,2148.9105792315804,2.0
36,29.1688157111684,2.0,,1,3.0,2,,3.0
35,21.1010615201264,1.0,,2,9.0,2,1148.7266960511613,3.0
8,17.4999887820585,,,1,2.0,2,1555.4446625451594,3.0
6,22.8429064848294,,,2,1.0,2,1413.6750404618551,3.0
4,19.6568442179619,,,2,1.0,2,1462.3388200356549,3.0
3,19.7069313999609,,,1,1.0,2,1296.866281860463,3.0
45,34.1076742687668,3.0,3.0,1,3.0,2,,2.0
49,20.3361948380715,2.0,1.0,2,4.0,2,1715.7672,1.0
13,16.9559238888063,,,1,4.0,2,3083.2815657226024,1.0
11,18.2471341512524,,,2,3.0,2,3162.526323784881,1.0
35,23.6323964544931,1.0,2.0,2,4.0,2,637.9445971616641,2.0
13,20.6533041701029,,,1,1.0,2,3113.437798362739,2.0
52,20.9680998952957,2.0,2.0,1,3.0,2,1553.0492111572366,4.0
46,25.8225795327038,1.0,2.0,2,2.0,2,2148.3633559158934,4.0
62,20.9329271567898,1.0,1.0,1,2.0,2,2913.291045869234,3.0
59,21.2719318682307,3.0,2.0,2,2.0,2,1954.417682999309,3.0
41,18.7447959889589,1.0,2.0,1,2.0,2,2119.6653158536474,3.0
38,29.140625,1.0,2.0,2,2.0,2,1858.702439121615,3.0
12,18.4983802276444,,,1,2.0,2,2056.6505235698805,3.0
9,22.0786841742652,,,1,2.0,2,2048.9911202568287,3.0
69,27.3741104534156,3.0,1.0,2,3.0,4,1557.612604597159,1.0
66,24.8375128290008,1.0,3.0,1,3.0,4,1865.8796346225477,2.0
66,24.9755247554015,3.0,2.0,2,3.0,4,1405.0859874195498,2.0
71,26.2025111233681,3.0,3.0,2,3.0,1,2587.9724405862453,3.0
25,18.5011287243239,1.0,1.0,2,4.0,1,1525.999109697823,3.0
62,24.9412023042732,3.0,2.0,2,4.0,1,1823.9677136380255,3.0
69,25.5121171251123,3.0,2.0,1,4.0,1,1458.8767784953386,4.0
64,26.8358626429423,2.0,1.0,2,3.0,1,2301.9302002415925,4.0
37,21.4152792842998,2.0,1.0,2,3.0,1,1339.980854922496,4.0
3,,,,2,,1,1311.5584637888348,4.0
61,25.6969216541155,3.0,1.0,1,3.0,1,1658.2381420831543,5.0
57,20.7767962009607,2.0,2.0,2,3.0,1,2270.0811769207403,5.0
60,,,,1,,1,2146.654261403298,5.0
58,23.5010363728134,1.0,,2,3.0,1,2417.445519062934,5.0
52,20.0198985658473,2.0,,1,9.0,1,,2.0
53,30.7346957287139,1.0,,2,4.0,1,,2.0
75,22.648994464466,1.0,2.0,1,3.0,1,3494.9404907730855,1.0
71,24.4696397077349,3.0,3.0,2,4.0,1,1756.500972070731,1.0
59,22.7143006907477,3.0,3.0,1,3.0,1,2047.7684254965511,5.0
56,24.6033917699517,1.0,1.0,2,2.0,1,1775.443712425042,5.0
41,,,,1,,3,1711.6597315466977,3.0
38,22.1838621561289,1.0,2.0,2,3.0,3,2850.3716511276125,3.0
12,20.0088653352168,,,2,3.0,3,1211.5223191707194,3.0
10,25.4736758830742,,,2,2.0,3,1511.4413436428906,3.0
58,28.7172180599772,3.0,2.0,2,4.0,3,,2.0
80,24.7686589046061,3.0,2.0,2,3.0,1,4106.553491343879,1.0
80,23.9935484766127,3.0,2.0,1,9.0,1,1422.8600355862216,1.0
80,32.4234880219436,3.0,3.0,2,4.0,1,889.1170870877395,1.0
48,29.2874205578717,1.0,1.0,2,3.0,3,1464.1452750829442,
48,25.3929494808553,2.0,2.0,1,3.0,3,2070.468673129702,
51,25.4545454545455,3.0,2.0,1,3.0,3,,4.0
80,25.1935843058589,3.0,,1,4.0,1,1564.0779587706131,1.0
55,20.7432429439755,1.0,2.0,2,9.0,1,,2.0
73,25.8393093239327,3.0,2.0,1,3.0,1,1621.7857168966202,2.0
72,27.362688672851,3.0,2.0,2,3.0,1,1655.3525857947552,2.0
74,19.5778360961496,1.0,1.0,2,3.0,1,265.2658239086711,1.0
80,28.8581314878893,3.0,2.0,1,3.0,1,1172.0783934716128,1.0
80,26.1381172839506,3.0,3.0,2,3.0,1,729.0544097357009,1.0
63,18.6451755508874,1.0,2.0,2,4.0,1,1113.094166456866,1.0
69,22.1797052154195,3.0,2.0,1,4.0,1,1248.9517817674298,2.0
53,27.8074209134377,2.0,1.0,1,2.0,1,3381.696031962498,3.0
51,26.220773782306,1.0,2.0,2,2.0,1,2953.285830930552,3.0
19,27.8805118707088,1.0,2.0,2,3.0,1,1651.730277413262,3.0
17,26.3579554558564,,,2,3.0,1,1083.5567740295646,3.0
62,29.1215297574668,3.0,2.0,2,5.0,1,1114.4812543945611,2.0
59,26.5598564369865,2.0,1.0,2,3.0,1,,2.0
63,,,,1,,1,1134.7777808865817,2.0
68,20.2843539128823,3.0,2.0,2,3.0,1,2494.520944376821,1.0
62,24.451968126945,3.0,2.0,1,2.0,1,1834.8922869562311,4.0
60,23.2872393135444,2.0,3.0,2,5.0,1,1137.5350413037013,4.0
64,25.6312075038742,3.0,3.0,1,3.0,1,2038.4173935728352,3.0
62,25.2987036651395,2.0,3.0,2,2.0,1,3496.5276165644686,3.0
74,19.911128567443,1.0,2.0,1,3.0,1,839.9506160714286,1.0
56,19.6673125677389,3.0,2.0,1,3.0,3,943.0782469695474,1.0
63,23.8504819580896,2.0,1.0,1,3.0,3,1843.88472214177,1.0
75,26.1841532931938,1.0,2.0,1,3.0,1,1226.700170044716,3.0
69,27.0204885791661,3.0,2.0,2,2.0,1,754.2188761069488,3.0
47,29.1367191642395,3.0,1.0,1,3.0,1,2963.7787625292,3.0
46,20.7642013359943,1.0,1.0,2,3.0,1,1480.6587024369564,3.0
18,30.5610756519696,,,1,4.0,1,942.0942966002344,3.0
19,23.1772268135905,1.0,1.0,2,3.0,1,,3.0
13,25.5565392794881,,,2,3.0,1,2821.7929999999997,3.0
65,22.551568526255,1.0,,2,1.0,1,,2.0
64,24.6209305782667,3.0,2.0,1,3.0,2,1314.160352371375,3.0
61,26.8935054026473,1.0,2.0,2,3.0,2,1802.7422921419584,3.0
58,26.5251901879231,2.0,2.0,1,3.0,2,2441.0223214716184,5.0
54,21.4360861080584,3.0,1.0,2,2.0,2,2194.0005514843656,5.0
63,24.7888607839468,3.0,1.0,2,2.0,2,1255.8918163088128,4.0
66,22.581813790605,2.0,2.0,1,2.0,2,1875.9559269007711,4.0
49,27.1766171504294,1.0,2.0,1,3.0,2,1715.5611706774057,4.0
47,26.1655091655549,1.0,1.0,2,3.0,2,,4.0
20,26.6414199844715,1.0,2.0,1,3.0,2,5182.59747489226,4.0
18,20.402622778652,,,1,1.0,2,,4.0
72,25.6015565746397,3.0,3.0,1,3.0,2,,1.0
37,24.303677663602,1.0,1.0,1,3.0,2,1173.8947303060131,3.0
36,19.9699241949006,1.0,1.0,2,2.0,2,1465.4349834181862,3.0
4,16.1119257228633,,,2,1.0,2,850.0383404163554,3.0
55,26.489604020075,2.0,2.0,2,3.0,2,1383.4055,1.0
80,21.6549408850491,3.0,3.0,2,4.0,2,1252.188182141606,1.0
70,23.2484563872791,3.0,2.0,2,4.0,2,,3.0
38,20.7663648379149,1.0,2.0,1,2.0,2,,3.0
27,17.4360204056269,1.0,1.0,2,2.0,2,,3.0
2,15.8260274169376,,,2,2.0,2,,3.0
72,25.9929377113331,2.0,2.0,1,2.0,2,1750.7197798466575,5.0
69,23.2519863351268,3.0,2.0,2,3.0,2,1665.4862894931791,5.0
64,22.1981023073422,1.0,1.0,1,3.0,2,2989.0488637177114,5.0
59,26.2796923158678,1.0,2.0,2,4.0,2,1979.7684889554157,5.0
61,20.7979024943311,2.0,2.0,1,3.0,2,2825.4142984421337,5.0
59,22.442250675805,3.0,2.0,2,9.0,2,1914.0347773025985,5.0
55,21.7931826962129,1.0,1.0,1,2.0,2,1783.6012199152578,5.0
51,26.7737509340617,3.0,2.0,2,3.0,2,1695.339714552,5.0
58,,,,1,,2,1925.2859593408964,4.0
60,20.8348955954434,3.0,1.0,2,2.0,2,1814.5408902740865,4.0
53,25.636538074737,3.0,1.0,2,3.0,2,1685.341450089505,4.0
58,23.1236831869864,3.0,3.0,1,3.0,2,1842.5259132830013,4.0
24,23.7242531477254,2.0,1.0,2,3.0,2,948.4192205826744,4.0
77,20.6519734862822,3.0,3.0,1,5.0,2,2901.6966956614892,2.0
72,17.1318092151584,3.0,2.0,2,4.0,2,1623.3919771297708,2.0
45,23.8859760948538,1.0,1.0,2,2.0,2,1397.5606055481894,4.0
49,23.4808220299361,1.0,1.0,1,2.0,2,1442.320282463977,4.0
17,19.770597965942,,,1,2.0,2,1460.815954352426,4.0
52,22.3130331283476,2.0,2.0,1,3.0,2,1551.4729624518168,5.0
51,19.758696404536,3.0,3.0,2,4.0,2,997.7276486413676,5.0
21,15.9249193137421,1.0,1.0,2,3.0,2,1333.797608397351,5.0
64,24.6598639455782,3.0,2.0,1,2.0,2,2344.7187615962107,3.0
64,26.0056075667707,3.0,3.0,2,3.0,2,1806.4175209068217,3.0
71,29.511871173405,3.0,3.0,1,3.0,2,,4.0
68,22.8369910946714,3.0,2.0,2,2.0,2,,4.0
80,22.6901071602556,3.0,1.0,2,3.0,2,1131.348030173932,1.0
55,28.3579725133159,3.0,,1,3.0,2,,5.0
51,33.1532824120759,2.0,2.0,2,3.0,2,,5.0
71,24.5842921664721,3.0,2.0,1,2.0,2,1348.1557139451347,3.0
64,21.944940474349,2.0,1.0,2,3.0,2,2006.516636819391,3.0
40,26.4029491091511,2.0,2.0,1,3.0,2,2699.85882842701,4.0
40,22.1657502152672,1.0,1.0,2,3.0,2,1324.607898757177,4.0
4,15.6326293872411,,,2,4.0,2,1235.2209616408925,4.0
2,16.6675640222414,,,1,3.0,2,1082.66592192917,4.0
74,26.1492767119205,3.0,3.0,2,3.0,2,1294.137291909136,3.0
70,28.2144092739401,3.0,2.0,2,4.0,2,929.9638220030396,1.0
75,28.6598333348546,2.0,2.0,1,4.0,2,1879.308371091211,1.0
34,24.2288435278877,1.0,1.0,2,3.0,2,1585.7796339046236,4.0
42,20.8883132402066,1.0,2.0,1,2.0,2,2933.7761144014353,4.0
72,26.1901990455128,1.0,3.0,2,2.0,2,1120.8408985662747,1.0
80,25.4444680485893,3.0,3.0,2,9.0,2,1094.9099626040347,3.0
47,23.4668243637264,1.0,1.0,2,3.0,2,1010.8541815550714,3.0
66,27.3922571219869,3.0,2.0,1,4.0,2,1729.139741242227,4.0
39,19.9611978372738,2.0,1.0,2,2.0,2,545.8898467100639,3.0
7,15.9621893738945,,,2,2.0,2,1284.5049114141875,3.0
4,14.8237098141815,,,1,3.0,2,979.7805171647832,3.0
69,21.1805704143741,3.0,,1,9.0,2,,2.0
37,24.3026452600866,1.0,2.0,1,3.0,2,2196.57523612911,5.0
38,19.9816345270891,1.0,1.0,2,3.0,2,1665.8493446920054,5.0
39,24.8008855817112,1.0,2.0,2,3.0,2,628.1368299411607,3.0
45,31.2495951613367,3.0,2.0,1,4.0,2,1897.2356394287815,3.0
12,22.8458318062415,,,2,3.0,2,1309.1284550097998,3.0
9,20.035877716782,,,1,1.0,2,1775.9477510062443,3.0
73,24.3077806996221,3.0,2.0,2,3.0,2,1647.1062448279818,1.0
80,22.3294755467808,3.0,,1,9.0,2,2272.069910929266,2.0
77,19.2017479553915,3.0,2.0,2,2.0,2,1620.217823451297,2.0
56,20.981664394217,1.0,2.0,1,2.0,2,,4.0
80,21.8848113905999,3.0,2.0,2,9.0,2,,4.0
79,27.6507520432225,3.0,3.0,1,4.0,2,1312.2526958537928,1.0
76,24.0563673706037,3.0,1.0,2,3.0,2,285.57456779725453,1.0
74,21.916173817993,3.0,,2,5.0,2,1607.292274839689,1.0
66,20.5936695400225,2.0,3.0,1,3.0,2,3942.7011780679654,
62,23.6245264672121,1.0,,2,3.0,2,2454.2626669333954,
80,23.745149272793,3.0,1.0,2,3.0,2,705.1605276114292,1.0
30,23.4401303555371,1.0,2.0,2,3.0,2,2202.178609941361,3.0
33,,,,1,,2,1789.6235727070746,3.0
80,27.2781977563682,3.0,3.0,2,3.0,2,1153.9206909052784,1.0
73,20.976115614156,3.0,2.0,1,2.0,2,1510.7691006884206,2.0
63,25.8449101246313,1.0,2.0,2,3.0,2,809.5272866180686,2.0
60,22.5377415304841,1.0,2.0,2,2.0,2,1236.4642109740057,2.0
32,26.6007329178209,1.0,1.0,1,3.0,1,4586.1700120064725,3.0
52,25.5014557263235,2.0,2.0,2,3.0,1,957.6980138549056,2.0
14,17.6654382310527,,,2,3.0,1,,2.0
80,24.0059914953774,3.0,1.0,2,5.0,1,1592.1020169916926,2.0
50,23.5565590795584,3.0,2.0,1,4.0,1,1023.912208586344,3.0
44,27.4264209065613,1.0,2.0,2,9.0,1,766.6194468150828,3.0
17,20.5190352413538,,,1,3.0,1,1106.5636303288325,3.0
48,18.203125,1.0,2.0,2,3.0,1,,1.0
24,27.4894440534835,2.0,1.0,2,3.0,1,1509.813771652452,1.0
63,18.8279085872576,3.0,3.0,2,4.0,1,1625.3786466787988,2.0
75,25.9570283224082,3.0,3.0,1,5.0,3,1053.9609752334077,2.0
73,29.1428314039908,3.0,2.0,2,2.0,3,1438.5622569186455,2.0
57,28.7524978507598,2.0,2.0,1,4.0,3,2301.3438228449604,4.0
14,,,,2,,3,925.1351762326232,4.0
73,24.6601788552762,3.0,2.0,1,9.0,3,1417.324083797027,4.0
63,25.2515669791958,1.0,2.0,2,3.0,3,1696.2626957635848,4.0
67,18.7543252595156,3.0,2.0,1,2.0,3,,4.0
63,18.2795974101466,2.0,3.0,2,9.0,3,1194.6476138473136,4.0
36,22.2107689935029,3.0,1.0,1,3.0,3,1793.607308317977,4.0
71,22.03893996755,1.0,1.0,1,3.0,1,1815.5316248157103,2.0
66,26.5298791711392,3.0,2.0,2,4.0,1,1175.143267455565,2.0
70,26.0807862143073,3.0,2.0,2,4.0,1,1513.361325898306,3.0
72,22.0148354172998,1.0,2.0,1,3.0,1,1279.5470672193826,3.0
57,23.4263840812079,2.0,3.0,1,3.0,1,,2.0
54,24.2752115411291,2.0,2.0,2,3.0,1,906.9430086845964,3.0
79,20.0188974684899,3.0,3.0,2,9.0,1,828.7020305875783,1.0
72,20.2053120417142,1.0,,1,5.0,1,2217.1640351975775,4.0
69,25.5558747486354,1.0,1.0,2,3.0,1,1798.9958487853055,4.0
40,23.6527042813077,3.0,,1,2.0,1,,1.0
40,23.5630517202354,1.0,1.0,2,2.0,1,934.4571256263876,1.0
8,17.5736993133838,,,2,1.0,1,1620.9404429767374,1.0
6,14.8396559529199,,,1,4.0,1,1504.1087617202743,1.0
80,20.6277340342485,2.0,2.0,2,3.0,1,697.9719550327845,2.0
56,24.7427918597384,2.0,2.0,2,4.0,1,1674.1724367307656,2.0
49,29.7309350379069,2.0,,1,3.0,1,1856.4793234427368,2.0
80,18.8087684958827,2.0,2.0,2,3.0,1,835.056203311767,1.0
80,19.7049529583345,2.0,1.0,2,9.0,1,1268.031746568062,1.0
55,20.9532432257647,3.0,3.0,1,4.0,1,1586.5781776755182,1.0
75,21.3484814732309,3.0,2.0,1,5.0,1,1209.7938236155037,3.0
65,24.9916058728366,3.0,2.0,2,9.0,1,2050.0343546375907,3.0
25,25.7734700734321,2.0,1.0,1,2.0,1,2253.3031820940546,3.0
77,19.6502080596856,3.0,2.0,2,3.0,1,1636.2146398483492,1.0
80,26.6144340086563,1.0,2.0,2,3.0,1,1319.5732746065148,1.0
80,20.1611438452205,3.0,1.0,2,9.0,1,1560.368513051656,1.0
69,23.0234801891519,3.0,3.0,2,5.0,1,998.38963880097,1.0
72,22.7482957630357,3.0,2.0,1,3.0,1,2170.2814341959443,4.0
72,19.954062363726,3.0,2.0,2,3.0,1,1573.5192270832035,4.0
69,22.6540246040189,3.0,1.0,1,3.0,1,2457.9525346126206,2.0
68,27.6475554681986,3.0,3.0,2,4.0,1,2392.297798860658,2.0
78,21.3052150559924,2.0,3.0,1,9.0,1,1095.8596577726837,1.0
76,26.6595001343725,3.0,1.0,2,3.0,1,1256.3514033397466,1.0
80,22.758485824554,3.0,,2,9.0,1,1106.7224809923978,1.0
80,19.5148845992983,3.0,2.0,2,9.0,1,672.1303158877203,
45,23.7848332161927,2.0,2.0,1,3.0,1,2761.494707287884,3.0
30,23.2309642941859,1.0,1.0,2,3.0,1,2397.5265305286066,3.0
8,15.4553670236739,,,2,3.0,1,1450.408779841176,3.0
5,13.2657874050135,,,2,1.0,1,1231.4419505119229,3.0
80,24.2102332186989,3.0,3.0,2,3.0,1,781.2183011925234,1.0
70,25.6750434922445,1.0,1.0,1,9.0,1,3727.5013195004585,1.0
80,23.4715701721858,3.0,2.0,1,9.0,1,1512.713847048018,1.0
69,24.1956235870288,3.0,1.0,2,9.0,1,1444.068144286275,1.0
80,22.4921277552856,2.0,1.0,2,3.0,1,1706.6331941333729,1.0
80,23.7308839948804,3.0,2.0,1,3.0,1,579.1223463133074,1.0
63,24.9083245190695,1.0,1.0,1,2.0,1,2045.2568332878536,4.0
64,24.6799163776351,2.0,2.0,2,3.0,1,2426.492303919043,4.0
76,29.2122164666384,2.0,2.0,2,3.0,1,1533.3977133307387,1.0
39,19.3855523132755,1.0,1.0,1,9.0,2,1993.5670283434513,4.0
43,30.9007232084155,1.0,2.0,2,3.0,2,3092.338666693361,4.0
7,20.2690610034048,,,1,2.0,2,1657.9667809060531,4.0
56,18.8898078992046,3.0,2.0,2,4.0,2,727.4107810125566,1.0
15,18.4368382778262,,,1,2.0,2,2689.367381480019,1.0
42,19.3791821985112,1.0,1.0,2,2.0,2,2118.5303496958063,2.0
8,17.1579454389814,,,1,2.0,2,603.9978099273924,2.0
5,17.1200493694447,,,2,1.0,2,533.5561659616154,2.0
65,25.2240371917339,3.0,2.0,1,3.0,2,2016.2563556458529,1.0
60,24.1564101861243,1.0,2.0,2,3.0,2,1909.8497978506691,1.0
43,23.3114990949749,1.0,1.0,1,3.0,2,2409.267304907629,2.0
37,20.7939508506616,1.0,1.0,2,2.0,2,3155.660580104387,2.0
6,15.2427656521726,,,2,1.0,2,1179.7593180853924,2.0
4,15.4319032214785,,,1,1.0,2,1318.5827383993462,2.0
54,32.8260749096417,3.0,3.0,2,3.0,2,1455.7582849355765,5.0
24,40.003707130869,3.0,3.0,2,3.0,2,2940.6012459537205,5.0
21,31.9988840159762,1.0,2.0,1,2.0,2,3012.942570495223,5.0
61,19.4910425448485,1.0,2.0,2,3.0,2,1102.51475,5.0
62,20.5253558117079,3.0,2.0,1,3.0,2,1835.326314628245,5.0
26,26.7308576205497,3.0,1.0,1,2.0,2,3589.350582630462,5.0
52,16.212373606086,1.0,1.0,2,3.0,2,1537.9029902460654,5.0
51,23.7552184194709,1.0,1.0,1,1.0,2,2174.8802733860457,5.0
52,21.86701088561,3.0,1.0,2,3.0,2,708.2680061074449,5.0
19,19.5591836734694,1.0,1.0,1,9.0,2,,5.0
44,24.3039014403203,1.0,2.0,1,3.0,2,,3.0
14,20.1513141381907,,,1,2.0,2,,3.0
11,19.5634807779744,,,1,2.0,2,,3.0
47,27.5409331266325,1.0,1.0,1,3.0,2,2799.394291465462,3.0
43,23.5863435451913,1.0,2.0,2,2.0,2,1791.9233055955472,3.0
16,24.1237396439511,,,1,2.0,2,,3.0
13,21.9532455203512,,,1,3.0,2,2297.940235742594,3.0
55,24.0957781978576,2.0,1.0,1,3.0,2,1614.0561870414722,3.0
55,24.8897546194843,2.0,1.0,1,3.0,2,3425.775913461946,3.0
52,24.1068279163517,1.0,2.0,2,3.0,2,2135.816847590537,3.0
74,21.4407467097387,3.0,2.0,2,2.0,2,1883.9630243989227,1.0
59,21.5350485620756,3.0,1.0,2,3.0,2,975.8324708296518,3.0
43,27.704456941208,1.0,1.0,1,3.0,2,3680.4413917689694,3.0
37,29.6875,1.0,2.0,2,3.0,2,2205.8213913417785,3.0
2,16.1144666771086,,,2,2.0,2,1341.2995658128093,3.0
1,16.824422537734,,,1,2.0,2,1069.627910316258,3.0
37,22.0039381407236,1.0,1.0,1,3.0,3,2028.4774096844308,5.0
64,27.1922725686582,2.0,,2,3.0,3,902.5922225855294,5.0
75,23.5171597633136,3.0,3.0,2,5.0,3,2362.6839141456235,1.0
35,18.6717020195727,1.0,1.0,2,3.0,3,1326.807013919955,2.0
65,24.4472789115646,2.0,,1,3.0,3,,2.0
59,23.4738022752764,3.0,2.0,2,9.0,3,,2.0
66,25.5844331336426,2.0,2.0,2,3.0,3,,2.0
64,28.1516607471876,3.0,2.0,2,4.0,3,1900.4505771623585,2.0
65,24.9427836081126,3.0,3.0,1,2.0,3,1561.6420249109508,3.0
67,23.544536271809,3.0,,2,3.0,3,1427.424296938957,3.0
70,23.1611030849621,3.0,2.0,2,4.0,3,2081.656391505217,2.0
63,26.9240497034275,3.0,2.0,2,3.0,3,1547.571,4.0
65,,,,1,,3,2073.2833176604204,4.0
36,28.5493346867833,1.0,2.0,1,3.0,3,1578.055474339987,4.0
69,22.562768263014,3.0,2.0,1,3.0,3,1600.0445521885138,2.0
67,19.770599401422,1.0,1.0,2,3.0,3,1687.308973638654,2.0
73,22.8437458819713,1.0,,1,9.0,3,,2.0
67,23.009495982469,2.0,2.0,2,9.0,3,1617.8945564651654,2.0
75,25.0779592552698,3.0,2.0,2,2.0,3,727.7424774002648,3.0
80,24.659113355555,3.0,,2,5.0,3,,2.0
46,28.4751774696679,3.0,3.0,1,3.0,1,2200.9365092714575,2.0
24,35.4035376863788,2.0,2.0,2,9.0,1,1841.7996536597936,2.0
65,32.5943349691756,3.0,,2,3.0,1,4440.501607120225,2.0
60,29.3601868625654,3.0,3.0,1,3.0,1,3269.376329951832,3.0
66,13.9775055805971,1.0,2.0,1,4.0,1,823.2428894289186,1.0
49,23.9965227680215,2.0,3.0,2,2.0,1,3446.0970903276643,4.0
15,19.9594396890558,,,2,2.0,1,4709.377505637082,4.0
64,22.9658100815689,3.0,2.0,1,4.0,3,1022.8406602457336,5.0
63,19.3836511910136,3.0,2.0,2,3.0,1,,2.0
31,21.5005165289256,1.0,1.0,1,2.0,3,,4.0
33,28.6876262089489,2.0,1.0,2,4.0,3,,4.0
41,,,,1,,1,3729.8055300017777,3.0
74,23.3452366300341,3.0,,2,3.0,1,1280.389629744889,3.0
51,23.0545624644993,3.0,2.0,1,5.0,1,4184.090775186967,2.0
65,23.5566570781119,3.0,1.0,2,2.0,1,1103.1099422117068,2.0
73,21.4433500428174,3.0,2.0,2,3.0,1,639.8400056965121,2.0
20,21.4534068485937,2.0,1.0,2,9.0,1,,2.0
59,25.1734358250179,2.0,1.0,1,4.0,3,4785.342044889757,3.0
24,20.2014125392099,1.0,1.0,2,1.0,3,,5.0
53,21.6727155443286,1.0,1.0,2,3.0,3,1502.3531927338363,5.0
47,21.6561912575812,1.0,1.0,2,2.0,1,1873.6971623350944,2.0
80,24.5590418512584,3.0,2.0,1,1.0,3,1464.513213960762,1.0
56,35.797713438602,3.0,2.0,1,4.0,1,1714.4762542894946,2.0
23,37.0501681690493,1.0,1.0,1,3.0,1,586.0203284197705,2.0
58,28.3352896254091,2.0,3.0,2,2.0,3,454.8841791374862,1.0
49,25.2292833998851,3.0,2.0,1,3.0,3,1604.6248186188575,2.0
42,21.2653844706237,2.0,2.0,2,3.0,3,1106.787665255766,2.0
14,21.9921875,,,1,1.0,3,1116.1011914192904,2.0
7,13.568,,,2,3.0,3,1190.9568022940466,2.0
64,20.2721586503072,1.0,2.0,1,4.0,3,2115.65173881414,2.0
64,22.6056311839041,3.0,2.0,2,4.0,3,1499.6324080516697,2.0
72,22.3843723068084,3.0,2.0,2,3.0,3,1049.0837852382426,1.0
38,20.4931134941414,1.0,1.0,2,3.0,3,671.315874715262,3.0
40,23.4437277272896,1.0,2.0,1,3.0,3,2474.773660462585,3.0
69,19.7898344682852,2.0,2.0,2,4.0,2,2667.2358324487295,4.0
31,23.5960567973054,3.0,,1,9.0,2,2652.3625401343775,3.0
30,15.7316296616686,1.0,1.0,2,2.0,2,1720.2720913816984,3.0
3,14.9354903139744,,,1,2.0,2,1479.9440342666485,3.0
36,19.1396214351141,2.0,1.0,1,2.0,2,1800.74196244588,5.0
35,27.3299866382053,1.0,1.0,2,3.0,2,1844.5311167157165,5.0
1,18.2766161152592,,,1,1.0,2,,5.0
69,25.2458744457912,3.0,2.0,1,2.0,2,1798.618273323942,5.0
59,24.7957058163756,2.0,2.0,2,3.0,2,2122.9477118027485,5.0
44,21.4857553541034,2.0,1.0,1,2.0,2,,5.0
21,15.8177583336519,2.0,2.0,1,9.0,2,,5.0
44,20.9798816568047,1.0,1.0,1,3.0,2,1533.8940145991046,3.0
43,,,,2,,2,2116.8089007550966,3.0
3,,,,1,,2,936.6963349690908,3.0
56,20.7547054210372,3.0,2.0,2,3.0,2,677.2453108620537,2.0
31,25.4183523976764,2.0,1.0,1,4.0,2,3274.27999424026,2.0
24,19.875201895724,1.0,2.0,2,2.0,2,1827.738997903336,2.0
38,22.4046746399177,1.0,2.0,1,3.0,2,1933.239190798778,3.0
38,23.5155056666126,1.0,2.0,2,1.0,2,1002.140970868714,3.0
3,15.0593946183108,,,2,1.0,2,722.7875367239527,3.0
30,,,,1,,2,3177.635022560885,5.0
29,22.4097635875981,1.0,1.0,2,2.0,2,3093.6024328142116,5.0
1,17.3627053361902,,,2,2.0,2,1465.4336536924657,5.0
68,25.7805232142467,2.0,2.0,2,9.0,2,536.9073184976236,2.0
36,22.3921582158733,1.0,1.0,1,3.0,2,2171.1072954242086,4.0
38,20.5779379191377,1.0,1.0,2,3.0,2,1600.2612904000978,4.0
7,15.3145945898642,,,1,2.0,2,1639.7856180075355,4.0
34,20.6820085104712,1.0,2.0,2,3.0,2,1892.7874218728225,1.0
2,,,,1,2.0,2,1036.7655810947267,1.0
7,,,,1,,2,1436.7776918302447,1.0
37,26.6207028631619,3.0,1.0,1,2.0,2,2659.8431759475843,3.0
37,16.0402359054979,2.0,2.0,2,3.0,2,1480.6831918676985,3.0
5,12.237964371159,,,2,2.0,2,1264.918756405655,3.0
3,13.5326253996446,,,1,3.0,2,642.2101976100846,3.0
37,25.5102040816327,2.0,1.0,1,3.0,2,1386.3996080980523,3.0
36,24.8724489795918,1.0,2.0,2,3.0,2,1557.6010409463145,3.0
4,15.9413679007639,,,1,2.0,2,1988.035211029076,3.0
71,24.2041408501006,3.0,2.0,2,1.0,2,1537.1560968541987,4.0
46,25.2264254600482,1.0,1.0,1,2.0,2,2379.3702450327123,5.0
46,20.3922075304064,1.0,1.0,2,2.0,2,2413.160352588202,5.0
57,27.4971903182479,1.0,3.0,2,4.0,2,1255.442257005993,5.0
34,23.7443687704607,2.0,1.0,1,9.0,2,3934.945881030459,4.0
35,28.4137907124588,2.0,2.0,1,3.0,2,2789.426361927302,5.0
61,22.2982012784302,3.0,2.0,1,3.0,2,5119.327269989076,5.0
61,21.2501254215212,2.0,2.0,2,3.0,2,,5.0
57,18.5148536441964,1.0,2.0,2,4.0,2,905.9646519719288,2.0
56,28.5041504622335,3.0,2.0,1,3.0,2,1990.64430083568,2.0
53,25.0758255371866,3.0,1.0,2,2.0,2,1764.9106288510368,2.0
16,26.8592879304333,,,2,3.0,2,2114.655124104871,2.0
14,17.6097458517118,,,1,2.0,2,2525.1664831804915,2.0
28,25.6074825186151,1.0,1.0,1,2.0,2,,4.0
52,23.6332097667497,3.0,1.0,1,3.0,2,2401.459491806994,4.0
53,28.0621118812647,3.0,1.0,2,4.0,2,406.733803950015,4.0
70,23.8088392786551,2.0,3.0,2,3.0,2,1679.4065982213278,3.0
37,,,,1,,2,1724.4529330638914,3.0
26,32.1760637124688,3.0,1.0,2,4.0,2,2428.3269999428344,5.0
53,18.3223275735452,3.0,2.0,2,3.0,2,805.5076187912936,5.0
52,20.001278770282,2.0,2.0,2,3.0,2,2294.340251997772,3.0
17,30.3738554595467,,,2,3.0,2,1329.6183942320697,3.0
49,26.7513943603876,3.0,2.0,1,9.0,2,4130.106536169011,2.0
13,29.1254918735003,,,1,3.0,2,2926.1150937832685,2.0
53,24.9844201261182,2.0,1.0,1,2.0,2,,2.0
50,20.885202076953,2.0,1.0,2,3.0,2,,2.0
22,22.6880200702777,2.0,1.0,1,3.0,2,1675.868029201149,2.0
46,22.3541590711315,1.0,2.0,1,3.0,2,4282.204208666634,5.0
45,19.3729325017045,1.0,1.0,2,3.0,2,1467.42561714789,5.0
40,20.8584326587433,1.0,1.0,2,2.0,2,,4.0
13,20.7331601490117,,,2,2.0,2,,4.0
9,16.9898430286242,,,2,2.0,2,,4.0
73,23.5274286538048,3.0,3.0,1,2.0,2,1670.192278968997,2.0
69,23.1185275347443,2.0,3.0,2,4.0,2,1043.8772680216416,2.0
47,25.1477075610422,3.0,2.0,1,2.0,2,2587.6871267526917,5.0
47,19.406450129017,1.0,2.0,2,3.0,2,1524.2304623299394,5.0
40,27.4600463514081,1.0,,2,9.0,2,1941.9461994491337,2.0
46,18.5685517326433,2.0,1.0,1,9.0,2,3462.345998521122,2.0
9,15.9661110799715,,,1,3.0,2,3875.969810625059,2.0
47,20.0872359963269,1.0,1.0,2,3.0,2,1589.5325227994535,4.0
56,,,,1,,2,3529.6417720723553,5.0
52,24.7364097257209,2.0,2.0,2,3.0,2,1368.072516014757,5.0
49,22.0915763466845,3.0,2.0,2,3.0,2,1082.0602019500268,3.0
46,20.3070027353288,1.0,1.0,2,2.0,2,1946.8649846705953,3.0
18,23.3763466879892,,,1,1.0,2,2091.49445474771,3.0
11,16.5110660564047,,,1,3.0,2,1547.0775955055974,3.0
60,21.3592420939934,1.0,3.0,1,3.0,2,3806.0014618796063,3.0
48,23.8666666666667,1.0,2.0,2,4.0,2,1803.3266403378052,3.0
21,,,,1,,2,1159.205635464911,3.0
52,25.4697070471736,1.0,3.0,2,4.0,2,,4.0
70,26.658239143367,3.0,2.0,1,3.0,1,1487.63485861073,1.0
67,28.3128033090103,3.0,2.0,2,2.0,1,563.6112270431558,1.0
80,20.3970132944819,3.0,2.0,1,4.0,1,,1.0
76,21.4528433956184,3.0,2.0,2,3.0,1,1393.143112198525,1.0
72,23.2528799215846,3.0,2.0,2,4.0,1,551.4623916990535,1.0
77,21.2640644359893,3.0,2.0,1,4.0,1,1365.2358465333475,1.0
72,19.8641548122517,2.0,3.0,2,4.0,1,,1.0
77,25.6573780946651,3.0,,2,9.0,1,1122.8514199799815,1.0
80,21.1524709247619,3.0,3.0,1,3.0,1,2033.2694078965303,1.0
64,24.058769513315,3.0,,1,3.0,1,6588.83101423876,1.0
80,21.1909217284042,3.0,,1,9.0,1,821.6376425841273,1.0
79,26.1429089467781,1.0,,2,2.0,1,833.3917843647582,1.0
76,22.9444191226426,2.0,3.0,1,3.0,1,1195.258558190315,1.0
76,19.7453879645393,3.0,3.0,2,2.0,1,1044.3460788906448,1.0
80,20.0306568492771,3.0,,1,5.0,1,1330.5993940559126,1.0
80,18.5185185185185,3.0,3.0,2,5.0,1,1400.5488880808537,1.0
80,24.7383842815812,2.0,3.0,2,9.0,1,1364.5836039402805,1.0
50,26.4843231284514,2.0,1.0,1,2.0,1,3833.235219136711,3.0
80,,3.0,1.0,2,9.0,1,775.9773675953286,3.0
70,24.2724430682729,3.0,3.0,1,3.0,1,1390.4667925534518,2.0
67,25.4753362765067,3.0,2.0,2,2.0,1,921.7172276342702,2.0
78,27.2344416488561,3.0,3.0,1,3.0,1,1450.9769130010018,1.0
72,19.9844868912623,1.0,3.0,2,3.0,1,1504.3983704029051,1.0
77,25.2390612331174,3.0,3.0,1,3.0,1,1533.245822233347,3.0
77,22.5754526965913,2.0,2.0,2,4.0,1,1319.144800124207,3.0
56,19.1121782405683,1.0,2.0,2,1.0,1,1143.2097995240156,3.0
56,27.5044590287111,3.0,2.0,1,1.0,1,2161.3386827366776,3.0
80,20.8579867063219,3.0,,2,9.0,1,,1.0
63,20.7985195045224,3.0,1.0,1,3.0,1,2443.4128485351735,4.0
58,22.8761302803848,1.0,2.0,2,2.0,1,1543.3957844356155,4.0
56,22.8825671548281,2.0,3.0,1,1.0,1,2472.2093040878835,4.0
80,23.3001531044318,1.0,2.0,1,5.0,1,,2.0
80,24.7957171034094,2.0,,2,9.0,1,,2.0
53,27.2402727010559,2.0,2.0,1,4.0,1,3668.993622513099,2.0
80,21.9263107295558,1.0,2.0,2,3.0,1,,2.0
58,20.7332973779819,2.0,,1,3.0,1,,3.0
58,22.987194287095,2.0,2.0,2,3.0,1,2567.2499004115357,3.0
62,27.3179336477745,3.0,2.0,1,9.0,1,,1.0
60,26.8300374348958,3.0,2.0,2,3.0,1,706.8578782614376,1.0
80,24.3131534159981,3.0,,2,3.0,1,,1.0
76,24.6041832871765,1.0,1.0,1,3.0,2,1063.3404177194104,1.0
62,22.3976036826444,2.0,2.0,1,4.0,2,1200.3530230959473,1.0
59,26.9067228254147,3.0,3.0,2,3.0,2,968.9967782595772,1.0
37,20.1911585419781,1.0,1.0,1,3.0,2,2551.8389963438344,1.0
25,19.9430910889413,1.0,1.0,2,9.0,2,2231.154993390733,1.0
56,21.6561912575812,1.0,1.0,2,2.0,2,2010.201883386916,4.0
32,27.9615818417035,3.0,1.0,1,3.0,2,3056.3846864093543,4.0
23,25.3452133260523,2.0,1.0,1,4.0,2,1935.275520807966,1.0
80,20.7642271649621,1.0,1.0,2,3.0,2,1199.1112671299604,1.0
55,23.7634728559148,1.0,3.0,1,3.0,2,2011.885357644903,2.0
80,21.2200686904991,3.0,,2,9.0,2,1155.358926092852,1.0
66,27.6286273714,3.0,,1,2.0,2,1810.4021832958356,3.0
63,20.9342351629131,1.0,1.0,2,4.0,2,1352.708745797102,2.0
37,30.1610782380013,2.0,1.0,2,3.0,2,968.3223642291345,2.0
56,20.6015578592845,1.0,2.0,1,3.0,2,1940.5320990996336,1.0
73,24.6770559205555,3.0,2.0,2,5.0,2,1331.5447500855823,1.0
53,29.2463501269284,2.0,,1,1.0,2,2728.2341875754673,3.0
60,29.3071302595112,3.0,1.0,2,3.0,2,1706.3975167051155,3.0
80,24.933989452139,3.0,1.0,2,3.0,2,1435.2500110636645,1.0
49,22.170660164219,3.0,1.0,1,2.0,2,2734.460434314977,2.0
68,25.1296544490414,3.0,2.0,2,4.0,2,,2.0
69,22.2358668479453,2.0,1.0,2,3.0,2,831.9161647232226,1.0
56,21.1476909007773,3.0,2.0,2,3.0,2,1098.9342693178617,3.0
59,24.0401854477045,2.0,1.0,1,3.0,2,1766.2221957355048,3.0
54,21.431850336176,2.0,2.0,1,3.0,1,2404.3758970685167,5.0
49,20.3006777011285,1.0,1.0,2,4.0,1,1698.8284566733555,5.0
19,17.6461902286736,1.0,1.0,2,3.0,1,,5.0
67,22.8130668840564,3.0,3.0,2,4.0,4,1327.800539520156,4.0
38,27.8824188556006,2.0,2.0,1,3.0,4,1291.5421688018018,4.0
35,25.3382693478744,2.0,2.0,2,2.0,4,646.1076216981132,4.0
11,22.0472919843432,,,2,2.0,4,2316.223665162302,4.0
6,15.0953311451648,,,1,2.0,4,871.8997878141718,4.0
55,28.1366984663688,3.0,2.0,1,2.0,1,1880.533517151834,5.0
52,18.8847613710108,1.0,1.0,2,3.0,1,1694.4182858274214,5.0
63,25.292289115341,1.0,3.0,1,4.0,1,2525.862059096161,2.0
61,25.0691893684318,1.0,2.0,2,3.0,1,1452.542770887345,2.0
79,28.4440352374247,1.0,3.0,1,3.0,1,2321.6788849045743,1.0
71,,,,2,,1,951.8992419270102,1.0
56,23.4836285560923,1.0,2.0,1,3.0,1,2573.1196351466538,2.0
65,21.7045615177433,3.0,1.0,1,9.0,1,,2.0
63,22.7023699599877,2.0,2.0,2,2.0,1,1175.2881317636848,2.0
74,28.6340906463175,3.0,2.0,2,3.0,1,1140.1000285069751,1.0
56,,,,1,,1,2980.0846093347964,5.0
54,21.8438357775625,3.0,2.0,2,2.0,1,823.8252611376943,5.0
32,33.082328338093,2.0,2.0,2,2.0,1,2741.418034541807,5.0
57,23.7388724035608,1.0,1.0,1,2.0,1,3732.151205698201,2.0
55,25.442412598541,2.0,2.0,1,3.0,1,2422.7781650944844,5.0
26,29.7033622241687,3.0,,1,9.0,1,,5.0
24,21.7942065260523,2.0,1.0,1,3.0,1,4968.364,5.0
40,33.1632653061225,1.0,2.0,1,4.0,1,2464.244456581755,4.0
35,25.7879128368546,1.0,1.0,2,3.0,1,2233.210133533025,4.0
3,15.8921670279951,,,2,1.0,1,1473.064684613213,4.0
3,16.229676162322,,,1,2.0,1,1572.9521203967756,4.0
69,24.0903471549333,3.0,2.0,1,3.0,1,1545.8300984330351,1.0
67,27.0954471737669,3.0,1.0,2,3.0,1,1537.726639895492,1.0
80,26.5269028546922,3.0,,2,9.0,1,,2.0
63,27.6771336553945,3.0,3.0,2,5.0,1,,2.0
12,22.9872339367053,,,2,3.0,1,,2.0
78,17.0679754065104,2.0,1.0,2,4.0,1,869.0548164121966,1.0
78,24.889498909833,3.0,3.0,1,3.0,1,1351.0110034279833,2.0
76,25.1865817744815,2.0,1.0,2,5.0,1,1588.6238758697837,2.0
58,20.9635654898868,3.0,2.0,2,3.0,1,2094.2223429662195,2.0
69,23.7102411852353,2.0,2.0,1,3.0,1,1996.1200818959944,2.0
62,,,,2,,1,1586.773544306643,2.0
71,22.7608847687114,3.0,2.0,1,3.0,2,,3.0
66,24.9677887199011,2.0,1.0,2,3.0,2,1364.1891144043525,3.0
67,24.3484224965706,3.0,2.0,1,3.0,2,1849.6850074169429,2.0
64,23.4380293011988,2.0,,2,5.0,2,1604.219709717865,2.0
64,21.7130107434086,1.0,2.0,2,3.0,2,2404.1596498386025,1.0
41,20.7098221438872,2.0,2.0,2,3.0,2,1679.5256757152115,5.0
44,24.8337651595481,3.0,2.0,1,3.0,2,2891.686681436408,5.0
8,16.441658526698,,,1,4.0,2,1739.1623041621065,5.0
16,16.4954284098407,,,1,1.0,2,5596.961003318379,5.0
67,20.8622279065518,1.0,2.0,1,3.0,2,1742.5795862378118,3.0
60,22.2039125878562,3.0,2.0,2,4.0,2,1251.133146847228,3.0
35,18.9022142059949,1.0,1.0,1,3.0,2,5915.16400742899,3.0
65,23.3278106508876,3.0,2.0,1,2.0,2,3610.8312425521694,5.0
59,,,,1,,2,1815.0240588361792,4.0
58,26.9540823021624,2.0,2.0,2,1.0,2,1303.817890005691,4.0
32,19.1887125220459,1.0,1.0,2,2.0,2,1797.1853973402583,4.0
18,21.5650826446281,,,1,3.0,2,3907.490760418375,4.0
50,25.4527526896777,3.0,3.0,2,4.0,2,1661.8616217577628,5.0
53,23.5229609502352,1.0,2.0,1,3.0,2,1837.5087978378212,5.0
23,24.8113663559666,2.0,1.0,1,2.0,2,2518.2050308594685,5.0
63,24.8417625045111,2.0,2.0,2,4.0,2,935.4314009506832,3.0
64,20.1274786504959,3.0,3.0,1,3.0,2,2974.8568832949536,3.0
65,26.1094835069444,3.0,2.0,2,9.0,2,1986.4757565690836,3.0
7,20.4424242519301,,,1,2.0,2,1434.52925136612,3.0
40,33.6127364590103,3.0,1.0,1,4.0,2,1434.4379058203492,3.0
36,27.8233475896315,1.0,1.0,2,2.0,2,1913.882663366302,3.0
6,22.7985006247397,,,2,1.0,2,1216.4921782283443,3.0
2,16.7734268899955,,,1,1.0,2,1076.2011034858424,3.0
50,25.3425298835867,2.0,2.0,1,9.0,2,4848.909877328663,2.0
51,23.1576770751587,2.0,1.0,2,3.0,2,1550.7591679055668,2.0
57,22.5873029646088,1.0,2.0,1,3.0,2,4614.216668306485,2.0
53,24.8740394950815,1.0,1.0,2,3.0,2,1333.9314643076434,4.0
20,20.0143837549074,1.0,1.0,1,3.0,2,4502.828730071336,4.0
22,22.6631238303988,1.0,1.0,2,2.0,2,2057.503843509408,4.0
32,22.3116044794366,2.0,2.0,1,9.0,2,3366.9290140913463,3.0
33,26.5310063081459,1.0,1.0,2,2.0,2,1051.8260076428785,3.0
6,18.8341605674715,,,1,2.0,2,1459.9758115242726,3.0
3,18.1516402282756,,,1,3.0,2,1524.8699390780876,3.0
53,,,,1,,2,669.5779509530712,2.0
51,19.5806396007558,1.0,,2,9.0,2,34.991689840508954,2.0
27,,,,1,,2,1969.980498278248,2.0
49,28.936535277283,3.0,1.0,2,1.0,2,536.9739176187278,4.0
21,19.3901605745528,1.0,1.0,2,3.0,2,2692.4845019602117,4.0
70,22.2439685347586,1.0,3.0,1,3.0,2,1819.546313909387,1.0
63,29.0586072582838,3.0,2.0,2,4.0,2,1291.0196842948649,1.0
59,21.6864055683484,3.0,1.0,1,3.0,2,2904.102489737169,4.0
56,22.8634400016469,1.0,2.0,2,3.0,2,642.2075623197932,4.0
36,34.6764083629806,2.0,2.0,2,3.0,2,982.4462727021188,3.0
13,26.198304455824,,,1,1.0,2,3222.24091989058,3.0
11,24.8133127516931,,,2,1.0,2,2600.812803021558,3.0
41,21.6488823594286,2.0,2.0,1,3.0,2,2748.4154065904054,5.0
38,22.4744730239236,1.0,1.0,2,3.0,2,1461.638305723893,5.0
1,19.1351431643278,,,2,2.0,2,750.3069545454546,5.0
32,28.9273356401384,2.0,2.0,1,3.0,2,2055.184838736362,4.0
30,19.7865604575163,1.0,1.0,2,2.0,2,1721.913780227323,4.0
1,18.7344182825485,,,2,1.0,2,965.2870351072038,4.0
45,21.6836734693878,2.0,2.0,1,3.0,3,1199.9609026770347,4.0
45,22.6306482326214,2.0,2.0,2,2.0,3,913.7433665221484,4.0
66,24.8598233946219,3.0,3.0,1,2.0,3,2640.3499299059376,2.0
63,26.9764542643349,2.0,1.0,2,3.0,3,1328.1563133781815,2.0
50,25.8174053070083,1.0,2.0,1,3.0,3,1775.5524211085922,3.0
48,19.3337664781838,1.0,2.0,2,2.0,3,1147.5587290394983,3.0
71,25.1967877081074,1.0,3.0,2,9.0,3,578.4122190608209,4.0
77,25.2624891945257,3.0,,1,3.0,3,1239.7017989029869,4.0
75,27.3009665703909,3.0,2.0,2,4.0,3,849.0987275207306,2.0
66,26.9480744290845,3.0,2.0,2,4.0,3,2092.7988539132525,2.0
65,24.1337039162129,2.0,2.0,2,3.0,3,1294.967412397703,4.0
57,24.0697289433526,3.0,2.0,1,2.0,3,1526.865190280413,5.0
25,23.3185399358602,1.0,1.0,2,3.0,3,1983.8852740732968,5.0
55,22.8511966701353,2.0,2.0,2,3.0,3,1133.2337379740693,5.0
61,24.5987654320988,1.0,2.0,1,3.0,3,2625.9184141814253,5.0
59,20.7614398339085,1.0,2.0,2,3.0,3,1133.3863014176209,5.0
61,24.0836088915901,2.0,2.0,1,3.0,3,1868.6091132644085,3.0
59,25.4251074238708,3.0,1.0,2,5.0,3,1120.1805414894995,3.0
39,23.1067427734196,1.0,1.0,1,2.0,3,1657.068366839029,3.0
37,20.2473974131864,2.0,1.0,2,2.0,3,798.2730936414439,3.0
6,18.3703285795263,,,1,1.0,3,2496.3659655669576,3.0
3,16.1518410916163,,,2,1.0,3,1172.372467933405,3.0
67,35.5368446277413,3.0,3.0,1,4.0,3,1077.6748949970731,1.0
67,20.5867850098619,3.0,3.0,2,3.0,3,971.9199177065595,1.0
58,27.578282102844,2.0,2.0,1,2.0,3,,5.0
55,23.6420395421436,2.0,2.0,2,3.0,3,1912.2852464349976,5.0
31,,,,2,,3,1112.3499922507551,5.0
29,32.3610023682812,2.0,1.0,1,3.0,3,1846.126387403353,5.0
77,19.2041522491349,3.0,2.0,1,3.0,3,1389.4995066227489,2.0
52,26.1864550222195,2.0,,1,3.0,3,1748.832686751285,3.0
51,21.7135270045908,1.0,2.0,2,2.0,3,1681.0869081394196,3.0
34,26.5103643184826,1.0,1.0,1,3.0,3,2714.168712716688,5.0
35,27.9682319979881,3.0,1.0,1,9.0,3,1889.6780349491949,3.0
35,21.2021585561062,1.0,1.0,2,2.0,3,1086.402424253502,3.0
10,16.0764833608397,,,2,1.0,3,1396.8646040283909,3.0
7,15.8265670928238,,,1,1.0,3,1636.4123837091377,3.0
56,25.1882434225616,1.0,1.0,2,5.0,2,2528.3830528032736,1.0
80,23.8244116794165,3.0,2.0,2,5.0,2,515.1302239912044,1.0
45,27.139269584118,3.0,2.0,1,3.0,2,,2.0
18,18.9887666300968,,,1,2.0,2,1672.834531463404,2.0
15,23.398019470868,,,1,2.0,2,,2.0
53,23.9416618955448,3.0,2.0,2,4.0,2,2152.71258555236,4.0
79,25.7718162525621,3.0,3.0,2,4.0,2,1051.2564013736298,1.0
59,25.4405132899125,2.0,2.0,2,3.0,2,3367.3735526945743,3.0
72,25.7771126171272,3.0,,2,9.0,2,,2.0
73,26.7789610610788,3.0,2.0,1,2.0,2,1523.6354078812635,2.0
60,29.1063209731314,3.0,2.0,1,3.0,2,,2.0
55,24.9303152633603,1.0,2.0,2,2.0,2,32.61320917448,2.0
17,16.714153788754,,,1,3.0,2,2129.6683810136415,2.0
67,20.3061687728118,3.0,2.0,2,3.0,2,,2.0
49,21.0818399381913,1.0,1.0,2,2.0,2,741.8773322343746,3.0
50,25.0284094702571,3.0,2.0,1,2.0,2,2193.115253324463,3.0
18,18.2123898118352,,,1,1.0,2,3218.147126175785,3.0
22,20.7684703578127,1.0,1.0,2,3.0,2,642.6114454853623,3.0
65,23.7624117502884,3.0,3.0,1,3.0,2,2253.4002813146603,4.0
52,24.4482768204427,3.0,1.0,2,3.0,2,1515.8472045392905,2.0
29,19.6138789987115,1.0,1.0,2,4.0,2,833.5174946983581,2.0
6,15.5791210657866,,,1,2.0,2,2179.5071347858666,2.0
3,14.75260469751,,,1,1.0,2,1181.6588732670302,2.0
42,22.7314191813387,2.0,1.0,2,3.0,2,,
50,26.0755199547573,1.0,1.0,2,4.0,2,450.30646381522587,2.0
54,29.2385404148339,1.0,,1,2.0,2,693.0955451077696,2.0
55,26.7971551672242,1.0,2.0,1,2.0,2,1894.7501994365468,3.0
51,18.4725602165305,3.0,1.0,2,3.0,2,2483.327680930499,4.0
30,26.8282610939954,2.0,2.0,1,3.0,2,2382.068351790203,4.0
53,32.3605470463258,3.0,3.0,1,4.0,2,1493.0755524540173,3.0
63,24.04603172587,2.0,2.0,2,3.0,2,2157.6351089395635,2.0
40,25.7822952281849,3.0,1.0,1,4.0,2,1536.301265861027,2.0
78,25.4960398384489,3.0,,2,3.0,3,532.7227521987983,1.0
36,18.3443241963278,1.0,1.0,2,3.0,3,1495.972101653174,4.0
8,22.0026897670187,,,1,2.0,3,2839.9076005543807,4.0
4,14.5156426088475,,,2,1.0,3,1752.3196113332522,4.0
76,18.8396338628576,3.0,3.0,1,3.0,3,1627.384470169067,1.0
44,22.8696383620953,1.0,1.0,2,3.0,3,1744.637757396673,2.0
17,24.3861108104875,,,1,2.0,3,3760.175024265925,2.0
48,,,,1,,3,1700.7895562395784,2.0
70,25.1923927813237,1.0,1.0,2,4.0,3,1904.184533972422,2.0
50,28.4837048469714,2.0,2.0,1,2.0,1,1977.0268201361375,5.0
51,23.493183362489,2.0,2.0,2,3.0,1,1989.3085764522343,5.0
22,26.8604371093827,1.0,2.0,2,3.0,1,1204.281389619868,5.0
75,27.2999878144425,1.0,2.0,1,1.0,1,1557.8392483971686,2.0
80,34.5710609551928,3.0,3.0,2,3.0,1,1416.1753320339703,2.0
64,26.7245078385339,3.0,3.0,1,3.0,1,,4.0
28,32.0361609678064,2.0,2.0,1,4.0,1,,4.0
76,25.6036446175431,3.0,3.0,1,3.0,1,1086.5177410602091,2.0
57,19.5092211553117,2.0,2.0,1,4.0,1,1448.7622925775156,2.0
63,29.6485457063712,3.0,2.0,2,4.0,1,1428.9360049261084,3.0
65,31.6750315948126,3.0,,2,9.0,1,3424.6607361206957,3.0
67,,,,1,,1,1434.6588629491985,3.0
30,,,,2,,1,1669.6150010283864,3.0
27,,,,1,,1,1236.375999733487,3.0
67,23.5893461775867,3.0,1.0,2,3.0,1,1757.330024914202,1.0
11,,,,1,,1,1468.2889075900064,1.0
55,22.2330304362764,2.0,2.0,2,3.0,3,1824.0848899545024,5.0
58,24.8622917783064,3.0,1.0,1,4.0,3,2174.715216439741,5.0
47,21.8554734784532,1.0,2.0,1,3.0,1,1853.4195537089047,4.0
58,23.5190145100055,3.0,1.0,1,2.0,2,2571.1659049358504,5.0
56,22.2321404601466,3.0,2.0,2,3.0,2,1645.968733574197,5.0
29,32.2977540467045,3.0,1.0,1,4.0,2,1275.2188375325804,5.0
26,34.1604706022873,2.0,3.0,1,4.0,2,1747.6804240423846,5.0
55,26.1558010713416,3.0,3.0,1,3.0,2,2734.291439873307,5.0
54,21.7971999097891,1.0,2.0,2,3.0,2,4093.5182015373593,5.0
22,23.8921583421357,1.0,1.0,2,3.0,2,5663.820734689371,5.0
62,20.9732835002986,2.0,2.0,2,2.0,2,1586.9347987981992,4.0
58,25.1359392633631,3.0,2.0,1,3.0,2,2089.6211525846466,5.0
55,25.3186963381239,1.0,2.0,2,1.0,2,1722.5485290240983,5.0
30,23.7899301397714,2.0,1.0,1,3.0,2,1413.6525922693904,5.0
44,20.5179695269701,1.0,1.0,1,3.0,2,2251.076272685794,2.0
44,18.9088215752268,1.0,2.0,2,3.0,2,2196.0207953243116,2.0
15,16.8972854358719,,,2,3.0,2,,2.0
20,16.5655769815515,1.0,1.0,1,4.0,2,1802.5355103100571,2.0
18,16.8911771052159,,,2,3.0,2,2476.0860911350637,2.0
42,27.9609798933392,3.0,2.0,1,4.0,2,3494.647232295917,5.0
40,20.5016845484712,1.0,1.0,2,2.0,2,525.8545137901343,5.0
16,19.1442624098579,,,2,3.0,2,776.885127567045,5.0
10,19.7989278119093,,,1,1.0,2,1632.5652675201964,5.0
54,27.0465072979728,2.0,3.0,1,3.0,2,2429.7671659162456,5.0
52,19.5786670843449,1.0,2.0,2,3.0,2,2292.007000697356,5.0
31,22.4841910022471,1.0,1.0,1,3.0,2,2501.077765307538,5.0
29,22.5921942182247,1.0,1.0,2,3.0,2,496.2603941583418,5.0
4,15.5051395343513,,,2,1.0,2,1164.5857097099797,5.0
1,17.167147983426,,,2,2.0,2,406.943241406176,5.0
43,25.3684807256236,2.0,3.0,1,3.0,2,2400.0953351600574,4.0
44,22.5142206534597,1.0,1.0,2,3.0,2,1219.0354187998742,4.0
12,23.7141483736581,,,2,2.0,2,4683.110608164607,4.0
10,21.1148541989009,,,1,2.0,2,2209.147185732737,4.0
36,23.3762991167567,2.0,2.0,1,2.0,2,1819.5531511650536,4.0
33,20.259451687743,1.0,2.0,2,2.0,2,1523.7240988127971,4.0
3,15.3597579064823,,,2,2.0,2,1100.159350001729,4.0
51,21.8743679453655,1.0,1.0,2,3.0,2,3396.4449999999997,4.0
14,22.3396650326797,,,1,3.0,2,4580.53599996,4.0
51,,,,1,,2,2411.110453629994,4.0
59,24.0558603139941,2.0,2.0,1,3.0,2,2267.212497504147,5.0
56,20.8971771811118,1.0,2.0,2,3.0,2,2476.2456149154955,5.0
25,20.7585134100998,1.0,1.0,1,2.0,2,3344.5971092594723,5.0
43,28.4854635119016,2.0,2.0,1,2.0,2,2864.863005062754,5.0
39,27.5075123753105,1.0,2.0,2,2.0,2,1959.2057958607609,5.0
7,23.1410108070444,,,2,1.0,2,1691.1454312361248,5.0
58,23.6194717099796,2.0,1.0,1,1.0,2,3405.735255683466,5.0
53,21.7739041112844,1.0,1.0,2,3.0,2,1238.9042306197266,5.0
61,23.0147843316568,1.0,2.0,1,3.0,2,1872.9100633320468,3.0
39,26.3587562821404,1.0,1.0,1,3.0,2,2537.3441611108306,4.0
37,39.7529355058313,1.0,,2,1.0,2,810.0746191247437,4.0
7,19.4692053853301,,,2,1.0,2,965.9958801278952,4.0
6,17.2040690746212,,,2,2.0,2,885.1090596974069,4.0
68,23.1126626513902,1.0,2.0,2,2.0,2,1125.0956072855035,4.0
61,23.0804435653565,2.0,1.0,1,2.0,2,1852.482060969847,4.0
59,20.3731879389151,1.0,1.0,2,2.0,2,2008.993026806124,4.0
52,27.6618766589085,3.0,1.0,1,3.0,2,1632.7458314023995,4.0
55,23.4709422754424,3.0,1.0,2,3.0,2,1408.720074056367,4.0
9,19.7109458549485,,,2,2.0,2,1836.2442704810549,4.0
63,21.5210120692162,1.0,2.0,2,3.0,2,2214.4970849111683,3.0
75,22.9185702768073,3.0,3.0,2,5.0,1,795.9166963988791,1.0
53,21.9557347763655,2.0,2.0,2,9.0,1,2339.9484882816264,4.0
79,27.2945506787049,3.0,2.0,2,3.0,1,1178.0664231395713,1.0
80,19.1181165499781,3.0,1.0,2,9.0,1,,1.0
47,21.9100435087752,2.0,1.0,1,3.0,1,,1.0
71,23.9037118087703,1.0,2.0,1,3.0,1,1440.7794177919675,2.0
69,22.1631107824417,2.0,3.0,2,5.0,1,1701.1467131659908,2.0
80,22.1263777898144,3.0,2.0,2,4.0,1,1008.5886581807712,1.0
63,25.3859936557682,3.0,3.0,1,3.0,1,,4.0
64,27.2454707936626,1.0,2.0,2,3.0,1,1692.4179297751282,4.0
31,27.9590294167554,1.0,2.0,1,2.0,1,2526.18086305872,4.0
37,20.2568988334477,1.0,1.0,1,9.0,1,,4.0
38,,,,2,,1,2053.4392518243035,4.0
6,17.7197660684209,,,1,3.0,1,1614.8809566918942,4.0
4,15.9852430555556,,,2,1.0,1,986.4221648670062,4.0
66,20.8142026323844,1.0,1.0,2,9.0,1,1590.763016929496,4.0
60,24.9957684329031,3.0,,1,3.0,1,2830.98171145221,1.0
59,27.4744662785325,3.0,2.0,2,9.0,1,1754.6938564875493,1.0
78,,3.0,2.0,2,5.0,1,1821.0333076988056,3.0
65,33.5099309642372,2.0,2.0,2,3.0,1,,3.0
76,21.4595795788453,1.0,2.0,1,4.0,1,1325.5124999999996,2.0
75,22.7987653591682,3.0,1.0,2,3.0,1,1273.0576335641836,2.0
78,20.9487534626039,3.0,2.0,2,2.0,1,1256.4035029201243,1.0
80,18.5184441472569,1.0,1.0,2,4.0,1,,1.0
80,22.4371320534715,2.0,2.0,1,3.0,1,1190.9844832785382,2.0
78,23.6203573616146,3.0,2.0,2,5.0,1,1240.2615177220434,2.0
64,21.5814709768018,1.0,1.0,1,3.0,1,3435.0571751763537,2.0
61,24.0926063467591,2.0,2.0,2,3.0,1,2716.806093677196,2.0
70,28.5242556847164,3.0,2.0,2,3.0,1,1575.697058350665,3.0
73,21.7191438277604,3.0,3.0,1,3.0,1,1176.5284849522288,1.0
70,24.9507813965517,3.0,2.0,2,3.0,1,1642.1649439031632,1.0
71,22.0178169459397,3.0,3.0,1,3.0,1,1786.6925902870637,2.0
69,25.7833798743943,1.0,1.0,2,3.0,1,1704.3574319282889,2.0
58,25.5248089459063,3.0,2.0,1,1.0,1,2280.622516532171,3.0
55,23.2435459518329,2.0,1.0,2,2.0,1,1502.5817766685984,3.0
77,26.9418433458307,3.0,3.0,2,3.0,1,2107.63347428484,1.0
32,24.5975115636989,1.0,1.0,1,1.0,1,1530.321377287618,5.0
55,27.9440138933748,2.0,2.0,2,3.0,1,,3.0
28,31.9346735575135,2.0,,1,3.0,1,1268.7541680357103,2.0
27,31.1971795799836,1.0,1.0,2,4.0,1,2224.823978031289,3.0
52,24.0519306196085,1.0,2.0,2,2.0,1,2032.8488497682597,3.0
24,24.625382040258,2.0,1.0,1,1.0,1,2475.791522390945,1.0
37,27.2683525017528,1.0,3.0,1,3.0,1,2277.3488023339655,4.0
34,26.1988394884434,1.0,1.0,1,2.0,1,2451.702624609382,5.0
45,21.1005095584966,1.0,2.0,1,3.0,1,1914.8745874018668,4.0
26,29.3018411677421,2.0,1.0,1,4.0,2,2614.3079407050363,4.0
26,19.393416199313,1.0,1.0,2,4.0,2,1596.4260763680325,4.0
79,24.3614134169773,2.0,2.0,1,2.0,2,1411.1276681168497,1.0
33,25.0275454580058,1.0,1.0,1,2.0,2,1925.5405503666027,5.0
32,20.1423575788652,1.0,1.0,2,3.0,2,1464.2389831349203,5.0
49,21.1201419273537,1.0,2.0,2,3.0,2,451.8712813660902,5.0
21,19.734491090144,1.0,1.0,1,3.0,2,,5.0
29,27.6853563866021,1.0,2.0,1,3.0,2,2127.0868751072367,5.0
27,17.422748191979,1.0,1.0,2,3.0,2,653.1613341433779,5.0
37,22.5045398517617,2.0,1.0,1,2.0,2,,5.0
31,20.1902051135925,2.0,1.0,1,3.0,2,2261.7430322079595,4.0
31,21.0042864303049,1.0,2.0,2,3.0,2,1546.207333333333,4.0
48,18.6125777981839,3.0,,2,9.0,2,1431.239231167501,1.0
72,19.4861586478171,3.0,2.0,2,3.0,2,474.1762273842592,1.0
18,16.571551223454,,,2,3.0,2,1771.676338094542,1.0
32,19.6475044448453,1.0,1.0,2,2.0,2,1413.3529112699855,2.0
4,17.0688055467168,,,2,1.0,2,990.6912729603308,2.0
2,16.0121462941683,,,2,1.0,2,1121.6949302851715,2.0
80,20.922617826217,3.0,3.0,1,4.0,2,1511.1720353457392,2.0
80,23.4448842155009,2.0,2.0,2,3.0,2,1189.3213396916026,2.0
34,20.2176747983758,1.0,2.0,1,3.0,2,2410.9004247905877,5.0
33,19.4678704814937,1.0,1.0,2,3.0,2,2307.918963253921,5.0
3,15.2036553883965,,,2,2.0,2,1457.0136720599944,5.0
68,26.032700096528,3.0,3.0,2,3.0,2,2315.269808535109,1.0
9,17.1309308532853,,,2,1.0,2,,1.0
6,21.7398207286979,,,1,1.0,2,,1.0
75,19.9471207125606,3.0,2.0,1,3.0,2,1534.5457408755583,4.0
71,18.694006205647,3.0,3.0,2,3.0,2,1941.576247872724,4.0
42,31.0770922016406,3.0,2.0,1,3.0,2,2260.211842750043,3.0
39,24.6255162563587,1.0,1.0,2,4.0,2,1247.7132180979077,3.0
6,16.0205160068102,,,2,1.0,2,1708.5239448561033,3.0
3,16.1552874303983,,,2,1.0,2,1254.4191607324428,3.0
34,27.9278019825854,1.0,2.0,1,2.0,2,,5.0
29,19.1162937507502,1.0,1.0,2,2.0,2,766.1870593634675,5.0
2,15.5263308098235,,,2,1.0,2,686.8741408280704,5.0
57,21.4046902126736,3.0,3.0,2,3.0,2,1431.2701913055384,5.0
44,15.5133111821614,1.0,2.0,2,3.0,2,1772.5464720238376,5.0
7,14.2948626314983,,,2,2.0,2,1530.820622897339,5.0
7,15.0052639924087,,,2,2.0,2,1661.3639523854129,5.0
44,31.1335934228218,1.0,2.0,1,2.0,2,,2.0
31,20.1166473471399,1.0,1.0,2,3.0,2,1974.8772140261012,2.0
6,15.9099472235286,,,1,2.0,2,2013.35619356724,2.0
3,16.0212352022114,,,1,2.0,2,1833.1747385844149,2.0
29,21.6711817661463,2.0,1.0,1,3.0,2,2092.519160862411,5.0
28,23.528134878129,1.0,1.0,2,2.0,2,1231.402803918767,5.0
48,23.5915114026223,1.0,3.0,1,3.0,2,2005.755043942124,5.0
50,21.3330522923257,3.0,2.0,2,3.0,2,681.2048419134788,5.0
43,22.9594262520707,2.0,3.0,1,3.0,2,,5.0
40,24.9056641180008,1.0,1.0,2,3.0,2,1220.1538824090046,5.0
14,22.2913381816994,,,1,2.0,2,3322.4196324804466,5.0
11,15.7173188538213,,,1,2.0,2,1453.9816174310972,5.0
56,22.5546244811653,3.0,2.0,1,1.0,2,2501.2871725363552,5.0
54,18.1061394380853,1.0,1.0,2,2.0,2,,5.0
26,24.0072045986593,1.0,1.0,1,3.0,2,1611.5554855257817,5.0
18,19.3207527398014,,,2,2.0,2,1842.836985304451,5.0
62,27.3528224519224,3.0,3.0,1,4.0,2,2235.036957502578,5.0
60,24.9347943216962,2.0,2.0,2,3.0,2,1196.9749734866389,5.0
42,28.9197530864198,3.0,2.0,1,3.0,1,,4.0
70,22.6523192075699,3.0,2.0,1,3.0,1,960.4164265218768,4.0
80,23.7050181406884,3.0,2.0,2,4.0,1,1550.9078440297806,1.0
55,23.7406390127623,2.0,2.0,1,2.0,1,,3.0
55,23.4663792759476,1.0,2.0,2,2.0,1,1154.314360015602,3.0
27,23.3422233288165,1.0,,1,3.0,1,3447.603020526809,3.0
59,24.2504040467007,2.0,,1,3.0,1,2280.0043501082923,4.0
55,21.499026473956,3.0,,2,3.0,1,1488.7839613535173,4.0
56,26.8643791938523,1.0,3.0,1,3.0,1,,3.0
56,26.7078153356431,2.0,3.0,2,3.0,1,2986.9639104179137,3.0
53,21.8129617310318,1.0,2.0,1,3.0,1,2365.201076434063,4.0
43,28.5839082231729,2.0,2.0,1,2.0,1,4058.918242760415,4.0
33,28.0209816660733,1.0,1.0,2,3.0,1,3934.610540122483,4.0
7,21.3679923393605,,,2,2.0,1,936.1174204121188,4.0
49,28.0354036033238,1.0,1.0,2,2.0,1,1913.973766064019,5.0
24,,,,1,,1,2669.861054337779,5.0
50,22.2875168286475,1.0,1.0,2,3.0,4,1814.242853127472,2.0
51,27.6226308401248,2.0,2.0,1,3.0,4,3526.390986809763,2.0
9,16.0854291955729,,,1,2.0,4,2313.5639914478365,2.0
80,20.1151940348469,3.0,1.0,1,3.0,1,,4.0
48,31.3909707206277,3.0,1.0,1,3.0,1,,4.0
62,23.2005565482079,2.0,2.0,1,3.0,1,3219.4989014931703,5.0
60,26.2212965451342,1.0,2.0,2,2.0,1,1606.6166908659968,5.0
72,22.3494935394606,3.0,2.0,1,3.0,1,1421.514590114902,1.0
71,22.590467971933,3.0,1.0,2,3.0,1,1510.183206001689,1.0
72,21.0033228434495,1.0,2.0,1,2.0,1,,2.0
67,24.403136400307,2.0,1.0,2,3.0,1,2863.9266060247414,2.0
69,,,,1,,1,2148.288122882168,1.0
60,23.3531510107015,3.0,3.0,2,3.0,1,1532.2140998910568,1.0
59,26.2123733017587,3.0,2.0,2,3.0,1,2029.0705336982685,4.0
24,,,,2,,1,1934.8033044319268,4.0
78,17.4494692453105,2.0,3.0,1,4.0,1,1514.4752472855232,2.0
40,26.7214928826518,2.0,1.0,1,2.0,2,4397.407707781916,3.0
43,18.7756536843085,1.0,1.0,2,1.0,2,2078.3716217998053,3.0
11,17.6213462423548,,,2,2.0,2,1851.9581994967243,3.0
7,18.4757326114184,,,2,2.0,2,1655.7580173142242,3.0
3,17.6780010459844,,,1,1.0,2,1350.9872374680958,3.0
66,,,,2,,2,2652.98238978327,3.0
54,24.7439040252257,3.0,2.0,1,3.0,2,2651.207052244683,5.0
36,25.0427842897808,1.0,1.0,1,4.0,2,2650.282448538486,4.0
29,24.3496357960458,1.0,1.0,2,4.0,2,2388.220689425929,4.0
2,16.7899306915185,,,1,2.0,2,1334.8844288665284,4.0
38,27.6493236284207,2.0,1.0,1,2.0,2,,5.0
36,21.1969744436184,1.0,1.0,2,3.0,2,672.9293333333334,5.0
12,25.1572327044025,,,2,2.0,2,181.2164888888889,5.0
11,17.4592544648926,,,1,2.0,2,,5.0
6,16.9004348729393,,,2,2.0,2,1426.0816047897165,5.0
35,28.1479277666172,2.0,1.0,2,3.0,2,2006.6830518774268,2.0
8,16.8970714303017,,,1,2.0,2,1409.5156020990012,2.0
4,19.163711270148,,,2,2.0,2,1087.779738985322,2.0
39,23.3973444639631,1.0,2.0,1,2.0,2,2277.655102384209,3.0
38,18.1276395566069,1.0,1.0,2,3.0,2,1976.7076667575657,3.0
11,16.818761680021,,,1,2.0,2,1206.1574515219866,3.0
9,12.344188168364,,,2,2.0,2,1317.948575368768,3.0
39,21.4112520685206,1.0,1.0,2,3.0,2,474.773871658761,3.0
10,19.8297917256992,,,1,2.0,2,1727.882655839423,3.0
8,14.8259908340492,,,2,2.0,2,1468.669480762764,3.0
3,15.8996705282177,,,1,1.0,2,1683.6304509449042,3.0
53,24.788739338531,2.0,1.0,1,2.0,2,3930.682897137767,5.0
55,21.6125406209929,2.0,1.0,2,2.0,2,2255.7062970217794,5.0
80,27.9857560262966,3.0,2.0,2,3.0,2,1921.9308559960864,5.0
26,26.532137658134,2.0,1.0,2,2.0,2,2280.8034907688234,5.0
22,23.3556451905513,1.0,1.0,1,2.0,2,,5.0
39,26.6757468295559,2.0,2.0,1,3.0,2,,4.0
40,23.9888889232078,1.0,1.0,2,2.0,2,1644.1005525778153,4.0
9,20.7861674077084,,,1,2.0,2,1458.418164612291,4.0
3,15.2208224063357,,,1,1.0,2,1343.2488345656857,4.0
41,22.7358379374921,3.0,2.0,1,9.0,2,,2.0
38,24.735085516405,2.0,1.0,2,9.0,2,1441.7353618506777,2.0
10,16.4973838104032,,,2,2.0,2,1311.70654872902,2.0
8,15.7554467118443,,,2,1.0,2,2156.265311764934,2.0
6,17.2842806321076,,,1,2.0,2,2137.6227762008066,2.0
38,22.3121294664317,1.0,2.0,2,3.0,2,1921.2548484252789,5.0
45,23.6030814818185,1.0,2.0,1,3.0,2,3947.4739137843007,5.0
11,15.1757657185523,,,1,1.0,2,1953.3072819301867,5.0
38,21.216252525152,1.0,2.0,2,3.0,2,1130.287680481048,3.0
10,,,,2,,2,1438.912974337213,3.0
8,15.2139799709506,,,1,2.0,2,1618.2422130814025,3.0
6,15.030181891469,,,2,2.0,2,1214.8286600975432,3.0
53,22.4344159311435,1.0,2.0,2,4.0,2,2263.5684090409313,3.0
24,18.9436548647138,1.0,1.0,2,4.0,2,1828.036331560197,3.0
26,20.9371868412178,1.0,1.0,2,2.0,2,2151.0687483777783,4.0
51,24.9445073481991,2.0,1.0,2,3.0,2,2266.070656990041,4.0
55,24.3706056425774,2.0,2.0,1,2.0,2,,5.0
53,23.7645369513446,2.0,1.0,2,2.0,2,1336.84119941017,5.0
26,19.4096903377206,1.0,1.0,2,1.0,2,991.0150706477864,5.0
62,18.6813799401134,2.0,1.0,1,3.0,2,,4.0
48,20.5354088229927,2.0,1.0,2,2.0,2,1299.4209431556174,5.0
47,22.4007791575359,2.0,1.0,1,2.0,2,1556.9102033367176,2.0
43,15.3751479289941,1.0,1.0,2,4.0,2,1565.3536690341082,2.0
16,14.8449704142012,,,2,4.0,2,1235.9691954840698,2.0
8,14.528,,,1,2.0,2,1097.0950743287167,2.0
